query_case_id,thread_root_id,query_text,expected_intent,retrieved_intent_1,similarity_1,retrieved_case_1,retrieved_problem_1,failure_mode,explanation
CASE_003090,1338062,#IphoneXPreOrder #iPhoneX @AppleSupport still no confirmation email in regards to my ‘reserved’ iPhone because of ‘couldn’t reach carrier’ @,CONNECTIVITY_WIFI_BLUETOOTH,HOW_TO_SETTINGS_CONFIGURATION,0.7779,CASE_004888,@AppleSupport Got 2 confirm emails and numbers after ordering my #iPhoneX but only ordered 1. How do I check? @AppleSupp,1. Ultra-short or Vague Customer Query,Query lacks diagnostic specificity or symptom keywords; vector sits near generic dense region.
CASE_002624,1089888,"So @AppleSupport, I thought login screens were a solved problem https://t.co/jsrq8i1aQA @AppleSupport Restart resolves it, but as a develope",ACCOUNT_APPLEID_ICLOUD,OS_UPDATE_SYSTEM_PERFORMANCE,0.6146,CASE_004544,So @AppleSupport  needs to fix that glitch pronto. I️ use I️ a lot and I️ need this corrected. Please and thank you 💁🏻 #,5. Lexical Overlap with Distinct Root Cause,"Retrieved case shares lexical keywords (e.g. store, account, music) but addresses a distinct support action."
CASE_006433,2425840,"@AppleSupport Trying to install the free SAMs app but iTunes won’t let me. This is crazy, and my card is good. https://t.co/q58j2A0Ktf @Appl",CONNECTIVITY_WIFI_BLUETOOTH,APP_STORE_PURCHASES_BILLING,0.6579,CASE_003243,"@AppleSupport hey Apple, why does my card keep getting declined on iTunes when I clearly have enough money etc to use it",2. Multi-Issue Compound Query,Customer described multiple simultaneous issues; single-vector embedding blends symptoms.
CASE_004304,1704008,Photos in #macOS High Sierra is SO buggy — I can't imagine it was in a hand of a single QA. And I even waited till 10.13.1. @AppleSupport yo,BATTERY_CHARGING_POWER,GENERAL_DEVICE_INQUIRY,0.8044,CASE_007691,"Caution, don’t upgrade to Apple OS X High Sierra.  Nothing but problems thereafter.  Should have waited @115858 @AppleSu",2. Multi-Issue Compound Query,Customer described multiple simultaneous issues; single-vector embedding blends symptoms.
CASE_005253,2123181,I got to a decent tech support guy called James who grasped the hearing difficulties &amp; solved the iCloud problem painlessly and professi,ACCOUNT_APPLEID_ICLOUD,AUDIO_SOUND_SPEAKER,0.5421,CASE_005935,@AppleSupport having an issue with volume of earpiece while on calls and lagging when finding contacts ever since i upda,1. Ultra-short or Vague Customer Query,Query lacks diagnostic specificity or symptom keywords; vector sits near generic dense region.
CASE_003256,1403970,@AppleSupport Why the hell do you STILL require people to give you a card number to get FREE god damn apps?,GENERAL_DEVICE_INQUIRY,APP_STORE_PURCHASES_BILLING,0.7309,CASE_002247,Does anyone know why I now HAVE to add a credit card to update FREE #apps from the #AppStore? #Apple @AppleSupport Makes,1. Ultra-short or Vague Customer Query,Query lacks diagnostic specificity or symptom keywords; vector sits near generic dense region.
CASE_000137,61082,Gotta wait til Friday! Meet me at the Apple Store at 8 a.m. — we’ll let you open the doors! #iPhone https://t.co/r9hFywLn3z @116333 Please s,OS_UPDATE_SYSTEM_PERFORMANCE,APP_CRASH_AND_DOWNLOAD,0.661,CASE_001190,"I understand y'all came out with the new phone and all but you don't have to bully me into buying it , it's on my Christ",1. Ultra-short or Vague Customer Query,Query lacks diagnostic specificity or symptom keywords; vector sits near generic dense region.
CASE_001375,557862,@AppleSupport Why My Phone Be Dying So Fast Tho ?,BATTERY_CHARGING_POWER,GENERAL_DEVICE_INQUIRY,0.834,CASE_004453,"@AppleSupport,
Why does our iPhone dies so quickly? Thank you.",1. Ultra-short or Vague Customer Query,Query lacks diagnostic specificity or symptom keywords; vector sits near generic dense region.
CASE_004341,1709218,"@115858 this new update is so bad, it might be time to switch over to a Galaxy. @115858 11.1 and 6S. Everything is slow. Messenger locks up.",DISPLAY_TOUCH_SCREEN,OS_UPDATE_SYSTEM_PERFORMANCE,0.7061,CASE_001659,@115858 This update has made the phone slower than ever!! https://t.co/rXx6iO1hCW,2. Multi-Issue Compound Query,Customer described multiple simultaneous issues; single-vector embedding blends symptoms.
CASE_005427,2179630,My phone just deleted my entire camera roll.........  I’m devasted 😭😭😭😭😭 Update - my pictures randomly are downloading back to my phone from,DISPLAY_TOUCH_SCREEN,GENERAL_DEVICE_INQUIRY,0.7552,CASE_002392,My phone has just deleted ALL my photos??? WHAT THE FUCK @AppleSupport @AppleSupport They are slowly coming back which i,3. Post-Update Symptom Ambiguity,"Customer framed specific hardware symptom around OS update, pulling general OS update cases."
CASE_007543,2805178,I’m getting very tired of this $1000 Iphone acting up ever since the iOS 11 update and 3 more updates and it’s still giving me fits @AppleSu,DISPLAY_TOUCH_SCREEN,APP_STORE_PURCHASES_BILLING,0.7295,CASE_001361,Thanks @AppleSupport for the wonderful new iOS that bugs my iPhone 6 out and now it’s completely useless. Now it keeps s,1. Ultra-short or Vague Customer Query,Query lacks diagnostic specificity or symptom keywords; vector sits near generic dense region.
CASE_006508,2446389,any1 else having issues with OS X High Sierra and not seeing or able to access flash drive? But multiple instances in Finder https://t.co/a3,OS_UPDATE_SYSTEM_PERFORMANCE,GENERAL_DEVICE_INQUIRY,0.6102,CASE_006550,"@AppleSupport @27417 I’ve done all steps to fix getting past this stage, even used a bootable flash... #PLEASEHELP https",1. Ultra-short or Vague Customer Query,Query lacks diagnostic specificity or symptom keywords; vector sits near generic dense region.
CASE_001260,546572,"@AppleSupport Hi, since yesterday night my 6s is canceling every minute. Restart and backup doesn't solute this problem. Have you an idea? h",OS_UPDATE_SYSTEM_PERFORMANCE,GENERAL_DEVICE_INQUIRY,0.7148,CASE_001484,Hi @AppleSupport my old iPhone 6s is shutting down and bugging me out every 20 seconds 😞 please help https://t.co/Fxaxn1,1. Ultra-short or Vague Customer Query,Query lacks diagnostic specificity or symptom keywords; vector sits near generic dense region.
CASE_003182,1371889,@AppleSupport I completed the new iOS update and all of my pictures have been removed and I cannot find them! Can you help? @AppleSupport th,OS_UPDATE_SYSTEM_PERFORMANCE,GENERAL_DEVICE_INQUIRY,0.7744,CASE_006738,That’s my apps all updated but lost all my pictures thank you @115858 since this new iOS up date I lost everything!!!! @,1. Ultra-short or Vague Customer Query,Query lacks diagnostic specificity or symptom keywords; vector sits near generic dense region.
CASE_006022,2309065,Has anyone else noticed since updating your #iOS that your alarm is sooo quiet?? I’m afraid I’m going to sleep through it even though my vol,AUDIO_SOUND_SPEAKER,OS_UPDATE_SYSTEM_PERFORMANCE,0.7479,CASE_004701,So this new iPhone update puts your alarms on silent when you’re phone is on silent...@115858 are you trying to fuck up ,1. Ultra-short or Vague Customer Query,Query lacks diagnostic specificity or symptom keywords; vector sits near generic dense region.
CASE_001270,546697,@AppleSupport #iphone6 keeps rebooting and shows the loading screen. Happens every 2 mins! #Help!! @AppleSupport I’m on 11.1.2,DISPLAY_TOUCH_SCREEN,OS_UPDATE_SYSTEM_PERFORMANCE,0.8026,CASE_001206,@AppleSupport my iPhone 6 keeps on restarting. Started doing it this morning. I’m in the UK @AppleSupport All sorted tha,1. Ultra-short or Vague Customer Query,Query lacks diagnostic specificity or symptom keywords; vector sits near generic dense region.
CASE_000792,359308,@AppleSupport my (photo) apps shut themselves all-the-time on my ipad pro. Frustrating!! Can't do my work. What's going on? #ios11 @AppleSup,ACCOUNT_APPLEID_ICLOUD,APP_CRASH_AND_DOWNLOAD,0.7244,CASE_005137,"How sweet. 
iOS has a new update that fixes everything but the fact that my apps keep crashing or are unusable since the",2. Multi-Issue Compound Query,Customer described multiple simultaneous issues; single-vector embedding blends symptoms.
CASE_002957,1247330,@AppleSupport What’s the best way to clean a leather case for iPhone ?,GENERAL_DEVICE_INQUIRY,APP_CRASH_AND_DOWNLOAD,0.4466,CASE_001476,Iphone just froze during app cleaning (whatever that is). Can't even reboot it. Anyone with the same problem ? @AppleSup,4. Low-Confidence / Atypical Customer Phrasing,Customer used non-standard phrasing or colloquialisms with low semantic alignment to historical index.
CASE_003749,1583042,"@AppleSupport - Can Apple Gift Card, issued after recycling iPad, be used online at Apple against price for new iPod? TYVM! @AppleSupport Do",GENERAL_DEVICE_INQUIRY,APP_STORE_PURCHASES_BILLING,0.6314,CASE_000331,@AppleSupport hi i recently bought an itunes giftcard in pakistan for my ipad pro and it was a US one. How do i redeem i,2. Multi-Issue Compound Query,Customer described multiple simultaneous issues; single-vector embedding blends symptoms.
CASE_006042,2312418,"@AppleSupport, your last 2 updates have made my phone useless. Get your 💩 together and fix it",GENERAL_DEVICE_INQUIRY,OS_UPDATE_SYSTEM_PERFORMANCE,0.8051,CASE_004109,I️ didn’t even update my phone and my I’s are messing up.....what the hell @115858 @AppleSupport Thanks,2. Multi-Issue Compound Query,Customer described multiple simultaneous issues; single-vector embedding blends symptoms.
CASE_000868,389697,"@AppleSupport how do I delete podcasts easily, now that edit button is gone? @AppleSupport Thanks",HOW_TO_SETTINGS_CONFIGURATION,GENERAL_DEVICE_INQUIRY,0.6314,CASE_004350,"I updated @118721 this morning and now my podcasts are gone, so thanks, @115858, for the reminder of why I switched to A",5. Lexical Overlap with Distinct Root Cause,"Retrieved case shares lexical keywords (e.g. store, account, music) but addresses a distinct support action."
CASE_003927,1623854,"@115858 !!!!! Fix this I️ nonsense!!! 
COME. ON. @497393 @497395 @115858 I know how to fix it @497394 @497393 @115858 If I have to change al",HOW_TO_SETTINGS_CONFIGURATION,GENERAL_DEVICE_INQUIRY,0.7545,CASE_003946,@115858 hey we need a fix on this stuff with the I becoming a question mark box asap 😩 @AppleSupport Thanks I'll let you,2. Multi-Issue Compound Query,Customer described multiple simultaneous issues; single-vector embedding blends symptoms.
CASE_002749,1153433,@AppleSupport why is there noticeable latency in Notes 📝? Also it freezes and locks up upon first use after periods of unuse. @AppleSupport ,KEYBOARD_TYPING_AUTOCORRECT,OS_UPDATE_SYSTEM_PERFORMANCE,0.641,CASE_006977,@AppleSupport yall needa fix all the lagging in iOS 11. during phone calls when you double tap to change apps all that s,1. Ultra-short or Vague Customer Query,Query lacks diagnostic specificity or symptom keywords; vector sits near generic dense region.
CASE_005646,2269972,Hey @115858 if I get what seems to be an iPhone message that “New Carrier Settings are Available” and select “update”. ... is this a valid i,CONNECTIVITY_WIFI_BLUETOOTH,OS_UPDATE_SYSTEM_PERFORMANCE,0.6306,CASE_001760,"@AppleSupport hello, I keep getting this message when trying to update my phone, what can I do? https://t.co/c2JFGFLDrM ",2. Multi-Issue Compound Query,Customer described multiple simultaneous issues; single-vector embedding blends symptoms.
CASE_007604,2837154,"Estimadas personas de @115858  y @AppleSupport, su iOS 11 provoca que los iPhone 6 se conviertan en una Olivetti Lettera 25 de 1982. Por su ",OS_UPDATE_SYSTEM_PERFORMANCE,GENERAL_DEVICE_INQUIRY,0.6523,CASE_002912,"Tá, e aí @AppleSupport vamo arrumar essa nova atualização do IOS aí né jovem!? A bateria tá igual miojo: 3 minutos e já ",2. Multi-Issue Compound Query,Customer described multiple simultaneous issues; single-vector embedding blends symptoms.
CASE_007873,2964181,"@AppleSupport iMessage its not working on my iPhone 7, neither push notifications of Whatsapp and Facebook. Is the service down? @AppleSuppo",CONNECTIVITY_WIFI_BLUETOOTH,OS_UPDATE_SYSTEM_PERFORMANCE,0.8089,CASE_003987,@AppleSupport imessage not working on ios 11 @AppleSupport  https://t.co/ykOy62HlUB,1. Ultra-short or Vague Customer Query,Query lacks diagnostic specificity or symptom keywords; vector sits near generic dense region.
CASE_002650,1104710,"So new #iphone8Plus phone won’t update to iOS 11.03... On Wi-Fi, won’t get pass verification stage. #fail @115858 @AppleSupport @AppleSuppor",CONNECTIVITY_WIFI_BLUETOOTH,APP_STORE_PURCHASES_BILLING,0.6824,CASE_005178,"@AppleSupport I can't update my new iPhone X to 11.0.1, settings on the phone failes to verify, and iTunes is reporting ",2. Multi-Issue Compound Query,Customer described multiple simultaneous issues; single-vector embedding blends symptoms.
CASE_005470,2199260,Hey .@115858 fix the I️ that becomes an A. @AppleSupport @643239 What about fixing I.t ????? @AppleSupport @643239 Do I️ really need to back,APP_STORE_PURCHASES_BILLING,OS_UPDATE_SYSTEM_PERFORMANCE,0.7238,CASE_005902,"Your update ruined my phone

@115858 
@AppleSupport @115858 @AppleSupport Your update is the BUG",1. Ultra-short or Vague Customer Query,Query lacks diagnostic specificity or symptom keywords; vector sits near generic dense region.
CASE_002707,1143581,"New iOS has pretty much slowed my phone down, made everything clunky &amp; doesn’t work. Good job @AppleSupport @115858 #iOS11 #Apple #Apple",DISPLAY_TOUCH_SCREEN,APP_CRASH_AND_DOWNLOAD,0.6926,CASE_007619,So sick of apples bullshit. Took almost 5 min to open up a podcast now. Everything lags. Apps crash more. Everything lag,2. Multi-Issue Compound Query,Customer described multiple simultaneous issues; single-vector embedding blends symptoms.
CASE_001312,553508,"Could you kindly remind me how to turn off several “apps” that load in Messages on iOS? Can’t 3d press to delete, can’t drag out of the gutt",HOW_TO_SETTINGS_CONFIGURATION,OS_UPDATE_SYSTEM_PERFORMANCE,0.596,CASE_002964,@AppleSupport how do I delete apps if this is what shows when I press and hold an app https://t.co/R47Tz6nsA7 @AppleSupp,2. Multi-Issue Compound Query,Customer described multiple simultaneous issues; single-vector embedding blends symptoms.
CASE_001300,552031,"@AppleSupport 
Please help me my phone makes restart with itself every minute 😭😭 @AppleSupport Okay thanks for this reply and being here",OS_UPDATE_SYSTEM_PERFORMANCE,GENERAL_DEVICE_INQUIRY,0.9231,CASE_001364,WHY DOES MY PHONE KEEP RESTARTING?!?! @AppleSupport @AppleSupport Thanks!,1. Ultra-short or Vague Customer Query,Query lacks diagnostic specificity or symptom keywords; vector sits near generic dense region.
CASE_002555,1060585,@AppleSupport any suggestions as to why my monitors won't recognise thunderbolt display port cables anymore? 2013 MacBook Pro. @AppleSupport,BATTERY_CHARGING_POWER,DISPLAY_TOUCH_SCREEN,0.5666,CASE_002282,"@AppleSupport Blue Screen of Death on #MacBookPro, thanks #HighSierra https://t.co/t3iowRhkYk @337299 @AppleSupport I ha",1. Ultra-short or Vague Customer Query,Query lacks diagnostic specificity or symptom keywords; vector sits near generic dense region.
CASE_007348,2747322,F*cking #Apple lying to me about #Bluetooth being off. No wonder my battery is draining like nobody’s business. If I switch Bluetooth off I ,BATTERY_CHARGING_POWER,CONNECTIVITY_WIFI_BLUETOOTH,0.711,CASE_001922,@AppleSupport Anyone else noticed that if you turn off Bluetooth via control centre it comes back on? I have to go in to,1. Ultra-short or Vague Customer Query,Query lacks diagnostic specificity or symptom keywords; vector sits near generic dense region.
CASE_006797,2547271,@115858 well you’ve outdone yourselves on shocking service for a faulty 3 month old iPhone that I’m stuck with yet you have my money. @1647 ,APP_CRASH_AND_DOWNLOAD,APP_STORE_PURCHASES_BILLING,0.7942,CASE_005986,@115858 fix this I️ shit! I️ pay too much money for these phones to be this annoyed! #apple @AppleSupport Thank you,3. Post-Update Symptom Ambiguity,"Customer framed specific hardware symptom around OS update, pulling general OS update cases."
CASE_002321,937386,I’m assuming someone has told @115858 that the latest iOS update is terrible @342218 @115858 My phone and iPad have turned into very expensi,KEYBOARD_TYPING_AUTOCORRECT,BATTERY_CHARGING_POWER,0.7538,CASE_004769,@115858 @797 I though the iOS update today would fix the battery drain but it actually made it worse &amp; everything is,1. Ultra-short or Vague Customer Query,Query lacks diagnostic specificity or symptom keywords; vector sits near generic dense region.
CASE_005346,2143942,"LOOK @115858 YALL ARE ABOUT TO PISS ME OFF WITH MY I️’s GLITCHING. FIX IT. @AppleSupport So basically, every time I respond to my boss, I ha",GENERAL_DEVICE_INQUIRY,KEYBOARD_TYPING_AUTOCORRECT,0.7226,CASE_007742,@115858 y’all gonna have to do some shit about this i problem tho. I’m fucking tired of looking like I’m stuttering @App,3. Post-Update Symptom Ambiguity,"Customer framed specific hardware symptom around OS update, pulling general OS update cases."
CASE_002014,809473,@AppleSupport whenever I take screenshots on my iPhone 7 it takes a screenshot but goes grey? And my phone keeps freezing 😭 @AppleSupport It,APP_CRASH_AND_DOWNLOAD,GENERAL_DEVICE_INQUIRY,0.7783,CASE_003440,Is anyone else having issues screenshotting with the new IOS? Every time I screenshot something it just shows up black? ,2. Multi-Issue Compound Query,Customer described multiple simultaneous issues; single-vector embedding blends symptoms.
CASE_005319,2138289,"@115858 @AppleSupport how do I️ fix this, that’s an i btw thx a loyal user @AppleSupport Thanks v much #greatCX",HOW_TO_SETTINGS_CONFIGURATION,GENERAL_DEVICE_INQUIRY,0.8938,CASE_004028,@115858 @AppleSupport PLEASE FIX THIS I️ THING @AppleSupport Thank you !!!,3. Post-Update Symptom Ambiguity,"Customer framed specific hardware symptom around OS update, pulling general OS update cases."
CASE_000482,235863,Hi @AppleSupport. Another day another painful bug. IOS messages app just showing phone numbers not names! @AppleSupport Have restated severa,OS_UPDATE_SYSTEM_PERFORMANCE,DISPLAY_TOUCH_SCREEN,0.7106,CASE_005214,"@115858 my contacts won’t show up in my messages anymore, it’s only their numbers. I️ try to edit them and it’s just a b",2. Multi-Issue Compound Query,Customer described multiple simultaneous issues; single-vector embedding blends symptoms.
CASE_007670,2863567,I wanted to say the #iPhoneX is awesome but I can’t. It sucks; no one can hear me &amp; it does not play voicemails. Stores won’t take it ba,AUDIO_SOUND_SPEAKER,GENERAL_DEVICE_INQUIRY,0.7358,CASE_003532,Trust me y'all don't won't the #iphonex what the hell is this @AppleSupport ??? https://t.co/DITREaPPpP,3. Post-Update Symptom Ambiguity,"Customer framed specific hardware symptom around OS update, pulling general OS update cases."
CASE_005097,2052375,@AppleSupport will there be a new patch soon for the latest update to IPhone?Phone barely works now.Calls no notify no ring- no VM.,OS_UPDATE_SYSTEM_PERFORMANCE,CONNECTIVITY_WIFI_BLUETOOTH,0.6932,CASE_006760,Is anyone else’s iPhone not sending or receiving calls right now? @AppleSupport Related to iOS update? @AppleSupport No ,3. Post-Update Symptom Ambiguity,"Customer framed specific hardware symptom around OS update, pulling general OS update cases."
CASE_007833,2949575,"@AppleSupport hello, I've received an email which I think is spam, do you have a department that deals with phishing emails? I can't see any",APP_STORE_PURCHASES_BILLING,GENERAL_DEVICE_INQUIRY,0.8159,CASE_002130,"@AppleSupport 
I received this suspicious e-mail. Is this an phishing email? https://t.co/rsAdOn7LwS @AppleSupport Thank",1. Ultra-short or Vague Customer Query,Query lacks diagnostic specificity or symptom keywords; vector sits near generic dense region.
CASE_006836,2555482,"Restarted iPhone as was lagging, now I only have 14 photos and videos.... 🧐 @AppleSupport there is a big bug with iso11 where are my 10k + p",GENERAL_DEVICE_INQUIRY,OS_UPDATE_SYSTEM_PERFORMANCE,0.6926,CASE_004087,Ive just lost all my photos after updating to the new iOS 11. This is annoying. @115948 @AppleSupport @AppleSupport More,2. Multi-Issue Compound Query,Customer described multiple simultaneous issues; single-vector embedding blends symptoms.
CASE_006913,2583078,@applesupport hey is this the right guys? Well anyways my sisters iPhone says that her storage is low even though it has like 10 GB of stora,DISPLAY_TOUCH_SCREEN,GENERAL_DEVICE_INQUIRY,0.7092,CASE_004904,"@AppleSupport hey, my iPhone constantly fills up my storage. I have newest software. Is there any solution?? @AppleSuppo",2. Multi-Issue Compound Query,Customer described multiple simultaneous issues; single-vector embedding blends symptoms.
CASE_006359,2408460,"By the way in running on an old mbp retina 13-inch, late 2012. @AppleSupport @115858 @AppleSupport Thanks! I solved the problem. There were ",CONNECTIVITY_WIFI_BLUETOOTH,GENERAL_DEVICE_INQUIRY,0.5207,CASE_004394,"@AppleSupport OK so my Mighty Mouse is causing the cursor to jump about, pages go back and other weird &amp; not wonderf",3. Post-Update Symptom Ambiguity,"Customer framed specific hardware symptom around OS update, pulling general OS update cases."
CASE_000099,42644,@AppleSupport Hello I have iPhone 5s which since 11.0.3 update is constantly saying storage full even though its not! Please help! Thank you,ACCOUNT_APPLEID_ICLOUD,GENERAL_DEVICE_INQUIRY,0.7428,CASE_000793,@AppleSupport is the phone 8 saying storage is full when it’s not a known issue? Any fix? @AppleSupport Talked to suppor,1. Ultra-short or Vague Customer Query,Query lacks diagnostic specificity or symptom keywords; vector sits near generic dense region.
CASE_006210,2363134,"@applesupport 11.1.1 battery

trying to install 11.1.1 update on my iPhone and iPad.  the program starts verifying and then a dialog box pop",BATTERY_CHARGING_POWER,OS_UPDATE_SYSTEM_PERFORMANCE,0.8305,CASE_004526,@AppleSupport getting 'unable to verify update. 11.1 failed verification because you are no longer connected to internet,2. Multi-Issue Compound Query,Customer described multiple simultaneous issues; single-vector embedding blends symptoms.
CASE_003378,1455381,Anyone else’s iPhone running like a heap of shit since software upgrade? @AppleSupport @AppleSupport I would like to say thanks to Apple sup,GENERAL_DEVICE_INQUIRY,OS_UPDATE_SYSTEM_PERFORMANCE,0.7707,CASE_003973,"Slow, unstable ... thanks @115858 @AppleSupport, my iPhone 5S is just miserable now with #iOS11. @AppleSupport Hi! The l",3. Post-Update Symptom Ambiguity,"Customer framed specific hardware symptom around OS update, pulling general OS update cases."
CASE_003734,1581415,@115858 i updated my phone and now nothing worksssssss @AppleSupport it’s fine! everything’s fine now 🙂 thank you!,GENERAL_DEVICE_INQUIRY,OS_UPDATE_SYSTEM_PERFORMANCE,0.8602,CASE_004109,I️ didn’t even update my phone and my I’s are messing up.....what the hell @115858 @AppleSupport Thanks,2. Multi-Issue Compound Query,Customer described multiple simultaneous issues; single-vector embedding blends symptoms.
CASE_006304,2397971,I’d like to apologize to the iPhone users! There seems to be this weird error when I’m typing that I️ thought only I could see. Hopefully it,KEYBOARD_TYPING_AUTOCORRECT,GENERAL_DEVICE_INQUIRY,0.7713,CASE_003393,"@AppleSupport hey nearly every time I️ type I️ on my iPhone, it comes up as symbols. Please fix this @AppleSupport Just ",3. Post-Update Symptom Ambiguity,"Customer framed specific hardware symptom around OS update, pulling general OS update cases."
CASE_005893,2297644,Why is this “ I️n “ still even a thing??? Shouldn’t @115858 have fixed I️t yet @AppleSupport @4150 bless you,KEYBOARD_TYPING_AUTOCORRECT,GENERAL_DEVICE_INQUIRY,0.74,CASE_005366,Why is this I️ still not fixed @115858 @AppleSupport Thanks homie,1. Ultra-short or Vague Customer Query,Query lacks diagnostic specificity or symptom keywords; vector sits near generic dense region.
CASE_007783,2921478,Has anyone had a fix for Game Center yet? Or is it being PR managed into DMs? Not working on cellular or wifi. Stop blaming users and escala,CONNECTIVITY_WIFI_BLUETOOTH,ACCOUNT_APPLEID_ICLOUD,0.7828,CASE_007779,@AppleSupport Is game center down?  It's not recognizing my login! @AppleSupport @807894  https://t.co/hMTXufLbxB @Apple,1. Ultra-short or Vague Customer Query,Query lacks diagnostic specificity or symptom keywords; vector sits near generic dense region.
CASE_002653,1107356,Hey @AppleSupport wtf happened to the ‘dash’ key since iOS 11 upgrade? I NEED IT BACK!!!,KEYBOARD_TYPING_AUTOCORRECT,OS_UPDATE_SYSTEM_PERFORMANCE,0.6484,CASE_000397,"@AppleSupport your iOS 11.0.2 update deleted allllllll of my @115948 😡😡 help me!!! @AppleSupport It is now, all fixed! T",3. Post-Update Symptom Ambiguity,"Customer framed specific hardware symptom around OS update, pulling general OS update cases."
CASE_006175,2353677,@115858 needs to fix this “I️” issue! 😩🙄 @AppleSupport Awesome!! I️ will update my phone! Thanks!,OS_UPDATE_SYSTEM_PERFORMANCE,GENERAL_DEVICE_INQUIRY,0.8761,CASE_003796,@115858 @AppleSupport Can you fix the software issue with the “I️” problem on everyone’s phone!? 🤔,3. Post-Update Symptom Ambiguity,"Customer framed specific hardware symptom around OS update, pulling general OS update cases."
CASE_001504,588074,Has @115858 resolved the issues with the iPhone 8 yet? 🤔,GENERAL_DEVICE_INQUIRY,OS_UPDATE_SYSTEM_PERFORMANCE,0.7903,CASE_004980,@115858 what’s really good with the glitches and lags with the new update after the iPhone 8 came out @AppleSupport Than,3. Post-Update Symptom Ambiguity,"Customer framed specific hardware symptom around OS update, pulling general OS update cases."
CASE_006316,2402079,my phone has been so laggy today @115858 fix this,GENERAL_DEVICE_INQUIRY,OS_UPDATE_SYSTEM_PERFORMANCE,0.8864,CASE_006699,This update made my phone LAGGY as fuck @115858,3. Post-Update Symptom Ambiguity,"Customer framed specific hardware symptom around OS update, pulling general OS update cases."
CASE_007220,2707651,.@AppleSupport $78 or $79 accidental purchase..please assist. @AppleSupport Thanks,APP_STORE_PURCHASES_BILLING,GENERAL_DEVICE_INQUIRY,0.6547,CASE_003982,@AppleSupport can you tell me why I had to pay £29.95 for this in your store??!! https://t.co/LRVoA2y6K7 @AppleSupport A,5. Lexical Overlap with Distinct Root Cause,"Retrieved case shares lexical keywords (e.g. store, account, music) but addresses a distinct support action."
CASE_004890,1928274,"@AppleSupport my iPhone alarm doesn’t work unless phone is unlocked. What’s the deal? @AppleSupport Thanks, but it looks like the problem so",GENERAL_DEVICE_INQUIRY,AUDIO_SOUND_SPEAKER,0.7321,CASE_002101,@AppleSupport experiencing issues with iPhone alarms not consistently working after latest update. May not go off or may,5. Lexical Overlap with Distinct Root Cause,"Retrieved case shares lexical keywords (e.g. store, account, music) but addresses a distinct support action."
CASE_000024,13218,"@118721 @AppleSupport my iPhone is not syncing and stuck on 'Copying diagnostic information'? 6s, latest version iOS and iTunes. @118720 @11",APP_STORE_PURCHASES_BILLING,OS_UPDATE_SYSTEM_PERFORMANCE,0.6329,CASE_005861,This I️ shit is God awful. Apparently @AppleSupport isn’t going to do shit about it🤔🤔🤔🤔🤔🤔🤔🤔🤔 @AppleSupport Yes @90061 &a,2. Multi-Issue Compound Query,Customer described multiple simultaneous issues; single-vector embedding blends symptoms.
CASE_005384,2150002,Hey @AppleSupport tell IOS 11 to stop changing my brightness on its own and bring back night shift @AppleSupport Hey can you guys fix this b,KEYBOARD_TYPING_AUTOCORRECT,DISPLAY_TOUCH_SCREEN,0.7525,CASE_000161,@AppleSupport ever since iOS 11 update my brightness has been absolutely screwed. Any suggestions?? @AppleSupport Whenev,2. Multi-Issue Compound Query,Customer described multiple simultaneous issues; single-vector embedding blends symptoms.
CASE_001231,543668,Issue started BEFORE latest update download.Trying to download now amid restarts every 2/3 mins. @AppleSupport when are you going to respond,OS_UPDATE_SYSTEM_PERFORMANCE,GENERAL_DEVICE_INQUIRY,0.8216,CASE_000026,"it’s been doing this for two days... cmon @AppleSupport https://t.co/SVOOZiTXli @AppleSupport Before I got your reply, I",3. Post-Update Symptom Ambiguity,"Customer framed specific hardware symptom around OS update, pulling general OS update cases."
CASE_000597,271278,@AppleSupport How do I quit the High Sierra installer when it won't boot up so I can quit. https://t.co/oRioUTDkqP @AppleSupport I got it wo,HOW_TO_SETTINGS_CONFIGURATION,GENERAL_DEVICE_INQUIRY,0.7248,CASE_005578,@AppleSupport Hello. My attempt to install MacOS High Sierra failed and now my computer freezes when starting-up. I sent,5. Lexical Overlap with Distinct Root Cause,"Retrieved case shares lexical keywords (e.g. store, account, music) but addresses a distinct support action."
CASE_002674,1128263,"And @AppleSupport UKmail service is terrible can’t find my parcel and no phone number to call, their online form doesn’t work,give me a clue",CONNECTIVITY_WIFI_BLUETOOTH,GENERAL_DEVICE_INQUIRY,0.6452,CASE_004591,"@AppleSupport I need help with my email app @AppleSupport I may have resolved my issue; updating my phone now, brb. Than",2. Multi-Issue Compound Query,Customer described multiple simultaneous issues; single-vector embedding blends symptoms.
CASE_006403,2417443,"@115858 #Apple I️ may be late to the party, but what is up with the crazy question mark in a box autocorrect thingy that replaces the letter",KEYBOARD_TYPING_AUTOCORRECT,OS_UPDATE_SYSTEM_PERFORMANCE,0.8345,CASE_004481,@AppleSupport my phone keeps auto correcting the letter “I️” to a stupid question mark in a box. It’s annoying and happe,1. Ultra-short or Vague Customer Query,Query lacks diagnostic specificity or symptom keywords; vector sits near generic dense region.
CASE_001489,586989,"Ever since the last update, my iphones music constantly pauses without me clicking it @AppleSupport",APP_STORE_PURCHASES_BILLING,CONNECTIVITY_WIFI_BLUETOOTH,0.8306,CASE_004936,@AppleSupport the music on my iPhone keeps pausing whilst I’m driving in my car it’s via Bluetooth. It’s only happened s,3. Post-Update Symptom Ambiguity,"Customer framed specific hardware symptom around OS update, pulling general OS update cases."
CASE_001628,622688,@AppleSupport when ever I try to download an app it won’t go past the loading circle even after I have done Touch ID @AppleSupport It is,DISPLAY_TOUCH_SCREEN,GENERAL_DEVICE_INQUIRY,0.7575,CASE_003731,"@AppleSupport I have problems to download apps, stay just loading e never ends, when do you fix it??? @AppleSupport It w",5. Lexical Overlap with Distinct Root Cause,"Retrieved case shares lexical keywords (e.g. store, account, music) but addresses a distinct support action."
CASE_000360,177846,@AppleSupport My iPhone won't backup to iCloud whenever I plug in. I've been trying all week and nothing will work. When I go to settings an,DISPLAY_TOUCH_SCREEN,GENERAL_DEVICE_INQUIRY,0.6853,CASE_004273,My iPhone is still backing up like 3 days later. I left it at the house today but still. Help @AppleSupport @AppleSuppor,2. Multi-Issue Compound Query,Customer described multiple simultaneous issues; single-vector embedding blends symptoms.
CASE_001469,584693,@115858 @AppleSupport my phone is freezing after this new update. When I go through suspended apps and select one it stops. Have to press ho,ACCOUNT_APPLEID_ICLOUD,OS_UPDATE_SYSTEM_PERFORMANCE,0.8017,CASE_005813,Damnit @115858 why can’t you fix this. Update an app and it freezes when done like this. ALL THE TIME. Solution? Reboot ,2. Multi-Issue Compound Query,Customer described multiple simultaneous issues; single-vector embedding blends symptoms.
CASE_006677,2500948,"@AppleSupport ""Could not activate iphone"" ""activation server cannot be reached"". Any issue? @AppleSupport I used Itunes to do it. It worked.",APP_STORE_PURCHASES_BILLING,GENERAL_DEVICE_INQUIRY,0.8455,CASE_002441,"@AppleSupport my iPhone X keeps getting a ""Could Not Activate iPhone"" error. Is the activation server down? @AppleSuppor",2. Multi-Issue Compound Query,Customer described multiple simultaneous issues; single-vector embedding blends symptoms.
CASE_004236,1689422,@115858 why can’t i connect my phone to my car since the update? @AppleSupport 7 plus. I plug my charger cord to my car @AppleSupport it rea,BATTERY_CHARGING_POWER,APP_STORE_PURCHASES_BILLING,0.7306,CASE_006828,@AppleSupport why doesn’t my music work with a aux cord in the car anymore?! I seriously hate this new software @AppleSu,1. Ultra-short or Vague Customer Query,Query lacks diagnostic specificity or symptom keywords; vector sits near generic dense region.
CASE_002201,875159,@AppleSupport Trying to buy stickers and all it does is clock... https://t.co/TWLhyZijIu @AppleSupport It finally went through. Thanks,GENERAL_DEVICE_INQUIRY,DISPLAY_TOUCH_SCREEN,0.6595,CASE_000520,@AppleSupport is this a bug or somehow I managed to hide it? I don’t see clock on my home screen.. https://t.co/8RYVaxfQ,2. Multi-Issue Compound Query,Customer described multiple simultaneous issues; single-vector embedding blends symptoms.
CASE_004077,1646733,You’ve been complaining about this for 30 minutes now. Come on https://t.co/dfCHdkA5rA @503153 I’m hoping @115858 will hear my complaints to,AUDIO_SOUND_SPEAKER,GENERAL_DEVICE_INQUIRY,0.5759,CASE_006826,It’s been one week and @115858 still can’t fix their I bug 🤦🏻‍♀️🙄,2. Multi-Issue Compound Query,Customer described multiple simultaneous issues; single-vector embedding blends symptoms.
CASE_001227,543052,"@AppleSupport hey guys, the native music app crashes continually. I wouldn’t  restore my iphone. Any suggestion? @AppleSupport Thank you for",APP_CRASH_AND_DOWNLOAD,APP_STORE_PURCHASES_BILLING,0.818,CASE_000364,@AppleSupport my Apple Music just quit playing. I try to go back in the app and it crashes @AppleSupport sorry! I did re,1. Ultra-short or Vague Customer Query,Query lacks diagnostic specificity or symptom keywords; vector sits near generic dense region.
CASE_002357,949649,"Not at all happy with @115858 iOS 11.0.3. Updated yesterday, already had phone lock up twice, and WiFi connections are #fubar. Should have s",BATTERY_CHARGING_POWER,CONNECTIVITY_WIFI_BLUETOOTH,0.7831,CASE_000677,"@AppleSupport @115858 IOS 11.0.2 is still full of issues. For example, using the swipe up options menu to turn off wifi ",1. Ultra-short or Vague Customer Query,Query lacks diagnostic specificity or symptom keywords; vector sits near generic dense region.
CASE_002538,1046622,"@AppleSupport Can @115858 implement a shortcut ""low power mode"" to the quick access icons 🙏 https://t.co/7c5hxjSKJd @AppleSupport 6; 10.3.2.",HOW_TO_SETTINGS_CONFIGURATION,BATTERY_CHARGING_POWER,0.4974,CASE_005614,@115858 should put the option of low battery mode on the control panel you pull up. I hate having to go to settings to f,3. Post-Update Symptom Ambiguity,"Customer framed specific hardware symptom around OS update, pulling general OS update cases."
CASE_005689,2278494,Yo why tf y’all ain’t fix this I️t shit yet @115858,KEYBOARD_TYPING_AUTOCORRECT,GENERAL_DEVICE_INQUIRY,0.7847,CASE_005838,@115858 y’all need to fix this shit .. I️ can’t deal 🤦🏽‍♂️,1. Ultra-short or Vague Customer Query,Query lacks diagnostic specificity or symptom keywords; vector sits near generic dense region.
CASE_006347,2405024,@AppleSupport Gmail via exchange stopped syncing. So deleted to add via Google in Add Account. Logged in but window closes immediately wo fi,APP_CRASH_AND_DOWNLOAD,GENERAL_DEVICE_INQUIRY,0.5861,CASE_004591,"@AppleSupport I need help with my email app @AppleSupport I may have resolved my issue; updating my phone now, brb. Than",2. Multi-Issue Compound Query,Customer described multiple simultaneous issues; single-vector embedding blends symptoms.
CASE_001475,585845,"Having These Problems too. What to do? https://t.co/KclpS2RqTm @AppleSupport @AppleSupport It is on 4.1, powering off resulted in bootloop. ",GENERAL_DEVICE_INQUIRY,OS_UPDATE_SYSTEM_PERFORMANCE,0.6667,CASE_007168,Well shit. Thank you apple @AppleSupport https://t.co/o1BKRKnDhc @AppleSupport Update. Now reinstalling after crashing @,2. Multi-Issue Compound Query,Customer described multiple simultaneous issues; single-vector embedding blends symptoms.
CASE_001021,463072,@AppleSupport will Apple Pencil work with iPad a1822? @AppleSupport Thank you!,GENERAL_DEVICE_INQUIRY,APP_STORE_PURCHASES_BILLING,0.6022,CASE_003341,When your @115858 pencil is fully charged but still does this... why?? https://t.co/L6X2cOfT9P @AppleSupport Thanks for ,5. Lexical Overlap with Distinct Root Cause,"Retrieved case shares lexical keywords (e.g. store, account, music) but addresses a distinct support action."
CASE_004586,1768179,Damn you @115858 and your stupid update... why does my “I” I️ look like this?!?! @AppleSupport @4150 haha thanks!,OS_UPDATE_SYSTEM_PERFORMANCE,GENERAL_DEVICE_INQUIRY,0.8048,CASE_004259,@115858 .....soo when y’all gonna fix this “I️” thing ???? @AppleSupport Thanks !,1. Ultra-short or Vague Customer Query,Query lacks diagnostic specificity or symptom keywords; vector sits near generic dense region.
CASE_000385,188419,Since the latest iOS update my phone keeps turning WiFi back on after I’ve disabled it. Anyone @AppleSupport seen this before? @160214 @Appl,CONNECTIVITY_WIFI_BLUETOOTH,DISPLAY_TOUCH_SCREEN,0.7762,CASE_000876,Why have I no longer got the option to turn off auto-brightness @AppleSupport #ios11 #update doing my head in! @AppleSup,1. Ultra-short or Vague Customer Query,Query lacks diagnostic specificity or symptom keywords; vector sits near generic dense region.
CASE_007631,2847495,@AppleSupport awful service from Apple. Multiple promises to get a call back. Did it happen? No! @AppleSupport Have done. Thanks,CONNECTIVITY_WIFI_BLUETOOTH,GENERAL_DEVICE_INQUIRY,0.7375,CASE_000315,"Spent an hour waiting on hold with @AppleSupport this morning, only to have them disconnect the call before I could talk",5. Lexical Overlap with Distinct Root Cause,"Retrieved case shares lexical keywords (e.g. store, account, music) but addresses a distinct support action."
CASE_004120,1656620,"@AppleSupport what is going on with my letter I’s turning into I️ and how do I️ fix It @AppleSupport Thanks Apple! I️ did that, sometimes It",KEYBOARD_TYPING_AUTOCORRECT,GENERAL_DEVICE_INQUIRY,0.8997,CASE_004001,@AppleSupport can you please fix this problem with the letter “I️” and the fact that it turns into I️ @AppleSupport Than,2. Multi-Issue Compound Query,Customer described multiple simultaneous issues; single-vector embedding blends symptoms.
CASE_007522,2799435,@115858 @6990 why isn’t FaceTime working right now? I need to see @107462 face 😭😭😭 @AppleSupport I’m in Australia and I’m calling the U.S. t,DISPLAY_TOUCH_SCREEN,CONNECTIVITY_WIFI_BLUETOOTH,0.7291,CASE_007371,"@AppleSupport why does your facetime never work?? disconnect the whole time, not impressed @AppleSupport ios11.1.1 , bot",1. Ultra-short or Vague Customer Query,Query lacks diagnostic specificity or symptom keywords; vector sits near generic dense region.
CASE_007624,2841998,@AppleSupport I'm trying to recover my mom's iphone account can I speed up the process by going in store? The current recovery date is Dec 4,GENERAL_DEVICE_INQUIRY,ACCOUNT_APPLEID_ICLOUD,0.6322,CASE_004254,@AppleSupport My mom has tried to reset her Apple ID password for the past 2 months. She doesn't have access to her cred,1. Ultra-short or Vague Customer Query,Query lacks diagnostic specificity or symptom keywords; vector sits near generic dense region.
CASE_002794,1170317,@AppleSupport @124423 Any ideas on how to resolve this? Icon not showing since updates to iOS 11 / Watch OS 4 https://t.co/1Tbih8HZfL @Apple,OS_UPDATE_SYSTEM_PERFORMANCE,KEYBOARD_TYPING_AUTOCORRECT,0.8155,CASE_002161,"@115858 the notification icons doesn't show on my watch. I've restored my iPhone and watch, but the problem still happen",1. Ultra-short or Vague Customer Query,Query lacks diagnostic specificity or symptom keywords; vector sits near generic dense region.
CASE_000193,94884,"@AppleSupport any idea what’s going on here? Running latest version of iOS on iPhone 7 Plus. https://t.co/LV3658NDOJ @AppleSupport Hi, thank",GENERAL_DEVICE_INQUIRY,OS_UPDATE_SYSTEM_PERFORMANCE,0.8819,CASE_000705,"@AppleSupport Hi, have a weird issue with iPhone 7 running iOS 11.0.2. Can I DM you with the details? @AppleSupport Than",2. Multi-Issue Compound Query,Customer described multiple simultaneous issues; single-vector embedding blends symptoms.
CASE_006714,2517067,"One problem after another with my iPhone X from @115858. @AppleSupport What isn’t going on? Drops WiFi when I lock it, screen freezes up, an",CONNECTIVITY_WIFI_BLUETOOTH,GENERAL_DEVICE_INQUIRY,0.6628,CASE_006786,"@115858 
Ya need to fix your fkn iPhone X 
I’m experiencing all sort of issues with the phone 
First I was getting... ht",2. Multi-Issue Compound Query,Customer described multiple simultaneous issues; single-vector embedding blends symptoms.
CASE_001895,755771,Is anyone else having problems with their @118721 radio? Or am I just technically challenged today?😆 @AppleSupport #iTunes #Apple @AppleSupp,APP_STORE_PURCHASES_BILLING,DISPLAY_TOUCH_SCREEN,0.6796,CASE_001967,When @115948’s radio doesn’t work on your Mac anymore. 🙃 @AppleSupport @AppleSupport @268472 OS X 10.11.6 with 12.7.0.16,3. Post-Update Symptom Ambiguity,"Customer framed specific hardware symptom around OS update, pulling general OS update cases."
CASE_000666,302662,"@AppleSupport hi, are you able to make the app animation the same like ios10 I’m getting headaches from changing apps &amp; Dots for connect",CONNECTIVITY_WIFI_BLUETOOTH,GENERAL_DEVICE_INQUIRY,0.5784,CASE_004536,@AppleSupport @115858 your new iOS is making me dizzy!!! 📱 https://t.co/VKOCsg4otp @AppleSupport Ahhhhh much better. Thx,1. Ultra-short or Vague Customer Query,Query lacks diagnostic specificity or symptom keywords; vector sits near generic dense region.
CASE_005942,2301165,@AppleSupport the #iOS11 is completely non functioning on my iPhone 5S and you have destroyed your product that I thought it would be worth ,APP_STORE_PURCHASES_BILLING,OS_UPDATE_SYSTEM_PERFORMANCE,0.7542,CASE_004666,@AppleSupport @115858 what’s up with this? #AppleSecurity #virus #iphone #iOS11 https://t.co/JNtFX2Ixme @AppleSupport Ok,1. Ultra-short or Vague Customer Query,Query lacks diagnostic specificity or symptom keywords; vector sits near generic dense region.
CASE_007563,2815623,@115858 my iPhone is frozen. Can’t hard reset. Screen isn’t registering my touch. FIGURE YOUR UPDATES OUT @AppleSupport Thank you. No I️t st,KEYBOARD_TYPING_AUTOCORRECT,DISPLAY_TOUCH_SCREEN,0.8131,CASE_002969,my iPhone is literally frozen I can't do anything with it anymore. I can't turn it off &amp; my touch screen doesn't wor,1. Ultra-short or Vague Customer Query,Query lacks diagnostic specificity or symptom keywords; vector sits near generic dense region.
CASE_005390,2151167,Anyone else having issues playing videos on their @115858 iPhone? None stored locally will play @AppleSupport New X and most recent iOS @App,ACCOUNT_APPLEID_ICLOUD,OS_UPDATE_SYSTEM_PERFORMANCE,0.7068,CASE_007685,@AppleSupport I’ve been having trouble playing videos they play but then it goes back and plays the last couple seconds ,2. Multi-Issue Compound Query,Customer described multiple simultaneous issues; single-vector embedding blends symptoms.
CASE_000805,361701,I really hate the new #applenews as I don’t get news only on topics I like but other stuff I don’t want @AppleSupport @115858 @AppleSupport ,OS_UPDATE_SYSTEM_PERFORMANCE,HOW_TO_SETTINGS_CONFIGURATION,0.6265,CASE_000776,"@AppleSupport How do I get Buzzfeed off my Apple News app? @AppleSupport Actually, it’s the Apple News widget, to be mor",1. Ultra-short or Vague Customer Query,Query lacks diagnostic specificity or symptom keywords; vector sits near generic dense region.
CASE_005624,2261528,"@AppleSupport why i can’t set double-tap (Siri access) in assitive touch with 0,10 second timeout? It’s change to multitasking. https://t.co",DISPLAY_TOUCH_SCREEN,AUDIO_SOUND_SPEAKER,0.7177,CASE_000200,"@AppleSupport Why is the double tap summoning Siri? https://t.co/WFwj018uim @AppleSupport I have not. 

I was having Air",1. Ultra-short or Vague Customer Query,Query lacks diagnostic specificity or symptom keywords; vector sits near generic dense region.
CASE_004620,1771540,Can you fix my phone @115858 @AppleSupport iOS update is killing me trying to say the letter I️ @AppleSupport @532506 Your stupid DM’s don’t,KEYBOARD_TYPING_AUTOCORRECT,OS_UPDATE_SYSTEM_PERFORMANCE,0.8213,CASE_005902,"Your update ruined my phone

@115858 
@AppleSupport @115858 @AppleSupport Your update is the BUG",3. Post-Update Symptom Ambiguity,"Customer framed specific hardware symptom around OS update, pulling general OS update cases."
CASE_003496,1519218,"My notification screen in iOS 11 keeps crashing (displaying only background) 😡🤬😡

Halp, @AppleSupport! @AppleSupport Thanks. Happening since",DISPLAY_TOUCH_SCREEN,KEYBOARD_TYPING_AUTOCORRECT,0.7551,CASE_005010,"@AppleSupport I am having some issues on notifications page, it looks weird after I upgraded to iOS 11.1 #iOS111 https:/",2. Multi-Issue Compound Query,Customer described multiple simultaneous issues; single-vector embedding blends symptoms.
CASE_004466,1747389,@AppleSupport how can i make my phone stop this uppercase I️ into symbols bs? @AppleSupport THANK YOU,HOW_TO_SETTINGS_CONFIGURATION,KEYBOARD_TYPING_AUTOCORRECT,0.7382,CASE_005337,Why is my phone turning the letter I️ into weird symbols what the heck @AppleSupport @AppleSupport Thanks I hope this wo,5. Lexical Overlap with Distinct Root Cause,"Retrieved case shares lexical keywords (e.g. store, account, music) but addresses a distinct support action."
CASE_000267,143544,"@AppleSupport I am unable to pair devices with apple configurator, it's taking life time  ""looking for devices"", once ii found, tried to pai",GENERAL_DEVICE_INQUIRY,CONNECTIVITY_WIFI_BLUETOOTH,0.6693,CASE_001873,@AppleSupport hey guys can you help me? My iPhone cannot detect WiFi which needs authentification before connecting @App,1. Ultra-short or Vague Customer Query,Query lacks diagnostic specificity or symptom keywords; vector sits near generic dense region.
CASE_000264,143497,Just connected to a Bluetooth speaker and my phone thinks I’m driving. Why? What types of devices are @115858 looking for when they invoke S,AUDIO_SOUND_SPEAKER,GENERAL_DEVICE_INQUIRY,0.6307,CASE_004556,.@AppleSupport I’m standing at my desk right now... why does my iPhone think I’m driving? https://t.co/vkpbfonEAQ,1. Ultra-short or Vague Customer Query,Query lacks diagnostic specificity or symptom keywords; vector sits near generic dense region.
CASE_000614,284443,@AppleSupport Do you guys know if the in-app purchase service is down? I haven’t been able to buy anything in-app for a few days now. @Apple,CONNECTIVITY_WIFI_BLUETOOTH,APP_STORE_PURCHASES_BILLING,0.7266,CASE_003931,@AppleSupport I feel like I have been conned by the Apple store as I paid a lot of money for this app and can no longer,2. Multi-Issue Compound Query,Customer described multiple simultaneous issues; single-vector embedding blends symptoms.
CASE_005857,2294873,Am I the only one that finds @115858 safari tracks my location even though my phone location is always switched off along with my internet l,APP_STORE_PURCHASES_BILLING,GENERAL_DEVICE_INQUIRY,0.6554,CASE_007766,"|@AppleSupport, Am guessing my cellphone is still being tracked improperly. Am walking in Toronto, Ontario, at the momen",2. Multi-Issue Compound Query,Customer described multiple simultaneous issues; single-vector embedding blends symptoms.
CASE_000162,90262,"Dear @AppleSupport, we noticed a *HUGE* security issue at MacOS High Sierra. Anyone can login as ""root"" with empty password after clicking o",KEYBOARD_TYPING_AUTOCORRECT,DISPLAY_TOUCH_SCREEN,0.6384,CASE_007531,@AppleSupport I upgraded iMac to Sierra and now no admin passwords are accepted for login to the OS. Can you help? It's ,1. Ultra-short or Vague Customer Query,Query lacks diagnostic specificity or symptom keywords; vector sits near generic dense region.
CASE_003874,1614453,This letter “I️” glitch is pissing me tf off now @AppleSupport @AppleSupport Thanks!,OS_UPDATE_SYSTEM_PERFORMANCE,KEYBOARD_TYPING_AUTOCORRECT,0.857,CASE_004307,@AppleSupport @115858 when will you fix the bug with letter I️? Get a glitch with a A? @AppleSupport Thanks this worked ,5. Lexical Overlap with Distinct Root Cause,"Retrieved case shares lexical keywords (e.g. store, account, music) but addresses a distinct support action."
CASE_001938,770510,@AppleSupport Hi. Just upgraded to iPhone 8 but got this message and apps won’t install. My old phone was 128 gb but only used 28gb space? h,APP_STORE_PURCHASES_BILLING,OS_UPDATE_SYSTEM_PERFORMANCE,0.6833,CASE_001988,"@AppleSupport Hi I was finally able to make enough space and download ios 11, but can't get it to install. Please help. ",2. Multi-Issue Compound Query,Customer described multiple simultaneous issues; single-vector embedding blends symptoms.
CASE_006573,2476290,"Just wanna thank @115858  for screwing up my IPhone 7 Plus that I️ got in June, with all these updates. 🙃 @AppleSupport My phone froze last ",DISPLAY_TOUCH_SCREEN,APP_CRASH_AND_DOWNLOAD,0.802,CASE_007765,.@AppleSupport My iPhone 7 is no longer usable after the latest updates. It keeps on crashing and rebooting. Thank you @,2. Multi-Issue Compound Query,Customer described multiple simultaneous issues; single-vector embedding blends symptoms.
CASE_005593,2246977,@AppleSupport hi! I'm having a few issues with my memory - I wonder if you could help me? @AppleSupport Thanks! iPhone 6s Plus - I have very,GENERAL_DEVICE_INQUIRY,APP_CRASH_AND_DOWNLOAD,0.6553,CASE_007406,@AppleSupport My iphone 7 just lost all 11.000 of my photos &amp; videos. It froze so I had to restart it (press vol but,1. Ultra-short or Vague Customer Query,Query lacks diagnostic specificity or symptom keywords; vector sits near generic dense region.
CASE_000359,177835,@AppleSupport both my mom and I were transferred to an Apple care rep from Verizon. After being on hold for ~10 minutes the line went dead. ,OS_UPDATE_SYSTEM_PERFORMANCE,GENERAL_DEVICE_INQUIRY,0.696,CASE_006726,My phone is failing to receive incoming calls and to make calls. Someone help. 😭 @AppleSupport @AppleSupport I am using ,2. Multi-Issue Compound Query,Customer described multiple simultaneous issues; single-vector embedding blends symptoms.
CASE_004900,1934096,So my iphone 8 screen has just gone off for no reason whatsoever the sound still works when I get notifications im so annoyed @AppleSupport ,AUDIO_SOUND_SPEAKER,DISPLAY_TOUCH_SCREEN,0.685,CASE_000603,Can someone help me with an iPhone 8 issue please?? The screen light won't turn off #iphone8 #issue #techincalsupport #a,1. Ultra-short or Vague Customer Query,Query lacks diagnostic specificity or symptom keywords; vector sits near generic dense region.
CASE_000038,23137,come on @115858 you guys removed the option to leave a group conversation! ugh!! 🤦🏽‍♀️ please bring that option back ASAP  @AppleSupport  #i,GENERAL_DEVICE_INQUIRY,CONNECTIVITY_WIFI_BLUETOOTH,0.6882,CASE_000613,"@AppleSupport ever since I got iOS 11 on my iPhone 6 there is one group chat I can’t send any texts in, I can only see w",2. Multi-Issue Compound Query,Customer described multiple simultaneous issues; single-vector embedding blends symptoms.
CASE_000411,195973,"Ok, @AppleSupport, please explain this. Playback came from iPhone speakers. https://t.co/67JPCOWSZ7 @AppleSupport Thx. They’re 🎧 and I have ",GENERAL_DEVICE_INQUIRY,AUDIO_SOUND_SPEAKER,0.6931,CASE_006190,".@AppleSupport When I downloaded new iOS, speaker phone on my iPhone 6 doesn't work (just normal speaker), but it does o",2. Multi-Issue Compound Query,Customer described multiple simultaneous issues; single-vector embedding blends symptoms.
CASE_002838,1184383,@AppleSupport how can i copy os x sieraa to usb @AppleSupport thank you very much 🌹🌹,HOW_TO_SETTINGS_CONFIGURATION,GENERAL_DEVICE_INQUIRY,0.5316,CASE_005589,"@AppleSupport https://t.co/qKQIauN87h @AppleSupport It works. Thank you, @AppleSupport. I.",5. Lexical Overlap with Distinct Root Cause,"Retrieved case shares lexical keywords (e.g. store, account, music) but addresses a distinct support action."
CASE_006241,2369533,@AppleSupport how do I fix the i problem?,HOW_TO_SETTINGS_CONFIGURATION,GENERAL_DEVICE_INQUIRY,0.8953,CASE_004001,@AppleSupport can you please fix this problem with the letter “I️” and the fact that it turns into I️ @AppleSupport Than,5. Lexical Overlap with Distinct Root Cause,"Retrieved case shares lexical keywords (e.g. store, account, music) but addresses a distinct support action."
CASE_007063,2639716,So @AppleSupport my phone just reset all my email accounts and numbers in my phone book Fam.. @AppleSupport Well I guess two of the 3 accoun,OS_UPDATE_SYSTEM_PERFORMANCE,ACCOUNT_APPLEID_ICLOUD,0.7208,CASE_005247,@AppleSupport why do my contacts not all go back on to my new phone missing loads glad I noticed ! having to re type the,2. Multi-Issue Compound Query,Customer described multiple simultaneous issues; single-vector embedding blends symptoms.
CASE_002505,1021549,Atualizei meu IOS de novo e tá travando. @AppleSupport ki ki tá contesenu? @AppleSupport Thank you! I just updated my IOS and it’s still not,DISPLAY_TOUCH_SCREEN,OS_UPDATE_SYSTEM_PERFORMANCE,0.7017,CASE_000606,@AppleSupport my 7plus keeps freezing since I updated to iOS11. I have to keep restarting it. This is not good. @AppleSu,1. Ultra-short or Vague Customer Query,Query lacks diagnostic specificity or symptom keywords; vector sits near generic dense region.
CASE_006125,2343757,"@AppleSupport I can’t reset my iPhone 6 to factory settings @AppleSupport Did it through iTunes. Thx @AppleSupport I solved it, and yes , th",APP_STORE_PURCHASES_BILLING,OS_UPDATE_SYSTEM_PERFORMANCE,0.6817,CASE_001588,@AppleSupport Could you help me restore my iPhone5 to factory settings please? You've helped me before but I forgot how ,2. Multi-Issue Compound Query,Customer described multiple simultaneous issues; single-vector embedding blends symptoms.
CASE_004083,1648335,Proof that my “I” changes to that. :| @AppleSupport https://t.co/7K9ikR9DkU @503562 @AppleSupport No flava you’re not the only one. When i t,KEYBOARD_TYPING_AUTOCORRECT,OS_UPDATE_SYSTEM_PERFORMANCE,0.763,CASE_003743,@AppleSupport is there a reason my “i” generates a weird character when capitalized and singled out? installed newest os,1. Ultra-short or Vague Customer Query,Query lacks diagnostic specificity or symptom keywords; vector sits near generic dense region.
CASE_002574,1066825,My phone calls are being randomly cut off and I get this notification.. is it just me or.. ? @AppleSupport https://t.co/VvslxspBL4 @AppleSup,KEYBOARD_TYPING_AUTOCORRECT,CONNECTIVITY_WIFI_BLUETOOTH,0.6657,CASE_005852,@AppleSupport @118101 Constantly getting this message since updating to iOS 11.1.1 Help! https://t.co/R1aQcwryVO @AppleS,2. Multi-Issue Compound Query,Customer described multiple simultaneous issues; single-vector embedding blends symptoms.
CASE_007780,2919971,@AppleSupport Gamecenter is not working to change accounts.  Fix this please. https://t.co/rB8BGR50oq @808170 @AppleSupport I am having the ,CONNECTIVITY_WIFI_BLUETOOTH,ACCOUNT_APPLEID_ICLOUD,0.6478,CASE_007779,@AppleSupport Is game center down?  It's not recognizing my login! @AppleSupport @807894  https://t.co/hMTXufLbxB @Apple,1. Ultra-short or Vague Customer Query,Query lacks diagnostic specificity or symptom keywords; vector sits near generic dense region.
CASE_001409,565888,@AppleSupport This appears whenever I’m using my phone and closes all my apps it just happend and Won’t stop from happening https://t.co/dkV,APP_CRASH_AND_DOWNLOAD,DISPLAY_TOUCH_SCREEN,0.7562,CASE_001137,@AppleSupport Every 2 minutes this happening on my phone screen and restart everything. I did some research and so many ,1. Ultra-short or Vague Customer Query,Query lacks diagnostic specificity or symptom keywords; vector sits near generic dense region.
CASE_003248,1399395,@115858 can you please fix the App Store. I can’t update any apps or download new ones. #ios @AppleSupport Thank you! iPhone 7 using iOS 11.,DISPLAY_TOUCH_SCREEN,APP_STORE_PURCHASES_BILLING,0.8599,CASE_002697,@AppleSupport my App Store isn’t working and won’t download new apps or updates. Constant circle as below... can you hel,2. Multi-Issue Compound Query,Customer described multiple simultaneous issues; single-vector embedding blends symptoms.
CASE_004699,1795211,@AppleSupport Hi 🍎 Since 11. 0.2 (15A421) my iphone needs at least 2 charges within 24h. How can you help me please ? Thx. @AppleSupport Ok ,HOW_TO_SETTINGS_CONFIGURATION,APP_STORE_PURCHASES_BILLING,0.6735,CASE_002633,@AppleSupport Ipad w IOS 11.0.3 in need of way too frequent recharging. Any help ..? @AppleSupport Grt. Less than 24 hrs,1. Ultra-short or Vague Customer Query,Query lacks diagnostic specificity or symptom keywords; vector sits near generic dense region.
CASE_006617,2485805,Stupid apple you update my phone while I’m sleeping and this shits lagging now hella slower I can tell when I type it won’t read what I’m ty,KEYBOARD_TYPING_AUTOCORRECT,OS_UPDATE_SYSTEM_PERFORMANCE,0.6824,CASE_006243,@AppleSupport what’s up with this lag? My phone is like 6 seconds behind my finger tap.,2. Multi-Issue Compound Query,Customer described multiple simultaneous issues; single-vector embedding blends symptoms.
CASE_000927,417288,"Hey @115858, my MacBook won’t turn on even though I’ve been charging it for a while. Any quick advice? @AppleSupport @AppleSupport Finally g",BATTERY_CHARGING_POWER,GENERAL_DEVICE_INQUIRY,0.7176,CASE_005133,My MacBook won’t turn on someone kill me pls. @115858 @AppleSupport Thank you!!,3. Post-Update Symptom Ambiguity,"Customer framed specific hardware symptom around OS update, pulling general OS update cases."
CASE_003521,1528763,Cracked iPhone X already @115858 @116333 help w brother out :( https://t.co/kGih8u2qEc @AppleSupport Thank you!! I replied! @AppleSupport I ,DISPLAY_TOUCH_SCREEN,GENERAL_DEVICE_INQUIRY,0.6644,CASE_005920,"@115858 my son has activation locked his phone, I’m sick of being on to support and getting no way to fix this,any advic",1. Ultra-short or Vague Customer Query,Query lacks diagnostic specificity or symptom keywords; vector sits near generic dense region.
CASE_001932,769007,@115858 what is up with this software? It has a lot of glitches that need to be fixed. I would like to use my phone properly. Thanks! @Apple,GENERAL_DEVICE_INQUIRY,CONNECTIVITY_WIFI_BLUETOOTH,0.7473,CASE_003860,@115858 FIX THIS I ISSUE!!!! My god it’s annoying! I️ pay $1000 for a phone and $300 for service and it has bugs?! FIX I,3. Post-Update Symptom Ambiguity,"Customer framed specific hardware symptom around OS update, pulling general OS update cases."
CASE_000454,216136,@AppleSupport Safari doesn’t work after updating MacBook Air to latest HighSierra. Tabs don’t load. @AppleSupport Yes. I also tried resettin,GENERAL_DEVICE_INQUIRY,OS_UPDATE_SYSTEM_PERFORMANCE,0.593,CASE_001095,@AppleSupport Your update now doesn’t permit Safari to open .pdfs. Just black.  Need to move to Chrome to open. Help &am,2. Multi-Issue Compound Query,Customer described multiple simultaneous issues; single-vector embedding blends symptoms.
CASE_007689,2876452,@AppleSupport I would like to report a spam email I just received regarding my apple account. Let me know where can I Foward the email. #App,HOW_TO_SETTINGS_CONFIGURATION,GENERAL_DEVICE_INQUIRY,0.8032,CASE_007644,"@AppleSupport I’m guessing that an email pertaining to be from Apple but from this address is spam, right? @109240.com @",5. Lexical Overlap with Distinct Root Cause,"Retrieved case shares lexical keywords (e.g. store, account, music) but addresses a distinct support action."
CASE_006114,2341864,"Hi @AppleSupport, How can I buy apple care for my iPhone X I’ve already ordered? Many thanks @AppleSupport Thanks guys fixed it!",HOW_TO_SETTINGS_CONFIGURATION,GENERAL_DEVICE_INQUIRY,0.6827,CASE_006916,@AppleSupport Hi I bought an iPhone 8+ last week &amp; it’s still brand new in the box (opened) ready for my daughters b,5. Lexical Overlap with Distinct Root Cause,"Retrieved case shares lexical keywords (e.g. store, account, music) but addresses a distinct support action."
CASE_004497,1754077,@115858 say my nigga wassup with all these squares and question marks and shit?? I️ Pay good money all my shit should work y’all trippin! @A,APP_STORE_PURCHASES_BILLING,GENERAL_DEVICE_INQUIRY,0.6517,CASE_004585,Alright @115858 can you fix this fucking I️ bullshit @AppleSupport Thanks homies,2. Multi-Issue Compound Query,Customer described multiple simultaneous issues; single-vector embedding blends symptoms.
CASE_006131,2343834,"@AppleSupport I’m having trouble with sms messages failing... 

is this a carrier problem with @122326 or with my iPhone? 

It seems if reci",CONNECTIVITY_WIFI_BLUETOOTH,OS_UPDATE_SYSTEM_PERFORMANCE,0.7311,CASE_001826,@AppleSupport please fix your shit i have been dealing with problems for the entire week... @122609 here i come baby 😂 @,3. Post-Update Symptom Ambiguity,"Customer framed specific hardware symptom around OS update, pulling general OS update cases."
CASE_000311,152894,"@AppleSupport Iphone 5S on IOS 10 keeps crashing everytime I enter the messages app. i tried resetting all settings, deleted all texts and s",CONNECTIVITY_WIFI_BLUETOOTH,APP_CRASH_AND_DOWNLOAD,0.7429,CASE_005280,Anyone else having issues with the messages app crashing when opening it? @115858 #apple #iphone #helpmeLord @AppleSuppo,1. Ultra-short or Vague Customer Query,Query lacks diagnostic specificity or symptom keywords; vector sits near generic dense region.
CASE_007128,2684324,Ok @AppleSupport why is the weird question mark box thing happening if you try to type just a capital letter eye @AppleSupport 7+ and it’s t,ACCOUNT_APPLEID_ICLOUD,OS_UPDATE_SYSTEM_PERFORMANCE,0.7022,CASE_000787,@AppleSupport FIX YALL DAMN MESSAGING GLITCH @AppleSupport The main issue that I️ and many other people have been having,1. Ultra-short or Vague Customer Query,Query lacks diagnostic specificity or symptom keywords; vector sits near generic dense region.
CASE_000291,148222,"@AppleSupport hi there , i lost my password , how can i reset to my Email? The password you entered to unlock your iPhone backup was incorre",DISPLAY_TOUCH_SCREEN,ACCOUNT_APPLEID_ICLOUD,0.7937,CASE_002816,@AppleSupport forgot iPhone backup password. What do I do now?,2. Multi-Issue Compound Query,Customer described multiple simultaneous issues; single-vector embedding blends symptoms.
CASE_007473,2783283,"@116333 My MacBook Pro 15"" Retina (Mid 2014) started crashing on macOS High Sierra but working perfectly on Win 10 Apple Service Centre unab",APP_CRASH_AND_DOWNLOAD,KEYBOARD_TYPING_AUTOCORRECT,0.5773,CASE_006942,Since updating my Mac computer operating system to High Sierra ... I’ve had all kinds of problems.  Suggestions? @115858,1. Ultra-short or Vague Customer Query,Query lacks diagnostic specificity or symptom keywords; vector sits near generic dense region.
CASE_001038,481761,"@116333 @115858 Mac shuts down when put in Sleep, High Sierra bricked Mac, AirPods DO NOT connect automatically, Mac Messages not deleted vi",AUDIO_SOUND_SPEAKER,GENERAL_DEVICE_INQUIRY,0.6066,CASE_006925,@AppleSupport and your support center has hung up on me three times now tonight. What the heck is going on at Apple? I'm,2. Multi-Issue Compound Query,Customer described multiple simultaneous issues; single-vector embedding blends symptoms.
CASE_004331,1707788,@AppleSupport so are you guys going to address these question mark boxes or no @AppleSupport iPhone X. When ever I️ go to use the letter I️ ,KEYBOARD_TYPING_AUTOCORRECT,OS_UPDATE_SYSTEM_PERFORMANCE,0.7934,CASE_004000,@AppleSupport My phone shows the “ I “ as a question mark with a box. @AppleSupport I’ll just update to 11.2 beta but th,5. Lexical Overlap with Distinct Root Cause,"Retrieved case shares lexical keywords (e.g. store, account, music) but addresses a distinct support action."
CASE_002820,1180116,okay what the fuck is up with iphone needing to “load” your camera roll/photos.. there should be no loading??? it never used to happen befor,DISPLAY_TOUCH_SCREEN,APP_STORE_PURCHASES_BILLING,0.6749,CASE_000363,@AppleSupport I just got a new iPhone but my pictures aren’t downloading from my old one...what do I do?? @AppleSupport ,2. Multi-Issue Compound Query,Customer described multiple simultaneous issues; single-vector embedding blends symptoms.
CASE_006334,2403786,"@115858 new update on #iOS11 and difficulty attaching pics on watsapp 😣 @AppleSupport Thank you 🍎 , lemme attach a screen grab and show it t",DISPLAY_TOUCH_SCREEN,BATTERY_CHARGING_POWER,0.6278,CASE_000862,Anyone else experiencing issues with the latest @115858 #iOS 11.0.2 update? @4305 appears to be the most impacted from m,1. Ultra-short or Vague Customer Query,Query lacks diagnostic specificity or symptom keywords; vector sits near generic dense region.
CASE_001617,620093,This is the second time this month i restore my iPhone7 to its factory settings because of your software problem. A big company like yours s,ACCOUNT_APPLEID_ICLOUD,APP_CRASH_AND_DOWNLOAD,0.6833,CASE_007765,.@AppleSupport My iPhone 7 is no longer usable after the latest updates. It keeps on crashing and rebooting. Thank you @,2. Multi-Issue Compound Query,Customer described multiple simultaneous issues; single-vector embedding blends symptoms.
CASE_003206,1386579,@AppleSupport why does my phone always act up every time Apple releases a new phone? Why? @AppleSupport I have an iPhone 6. My apps keep for,HOW_TO_SETTINGS_CONFIGURATION,APP_CRASH_AND_DOWNLOAD,0.6281,CASE_007619,So sick of apples bullshit. Took almost 5 min to open up a podcast now. Everything lags. Apps crash more. Everything lag,1. Ultra-short or Vague Customer Query,Query lacks diagnostic specificity or symptom keywords; vector sits near generic dense region.
CASE_005795,2286464,"My phone won’t lock or turn off @115858 wtf? @AppleSupport Nothing, IPhone SE @AppleSupport The power button clicks...it’s just unresponsive",DISPLAY_TOUCH_SCREEN,OS_UPDATE_SYSTEM_PERFORMANCE,0.735,CASE_002196,"@AppleSupport the locking button doesnt lock my phone&amp; if i put my finger on it without pressing, my phone locks&amp",3. Post-Update Symptom Ambiguity,"Customer framed specific hardware symptom around OS update, pulling general OS update cases."
CASE_000909,407938,"@AppleSupport Hi, how can I check on my iPhone when the last backup was? I cannot seem to find out with the iOS 11 update.. Please assist @A",APP_STORE_PURCHASES_BILLING,ACCOUNT_APPLEID_ICLOUD,0.6347,CASE_000248,"@AppleSupport I upgraded to iPhone8 from 6s, and am wondering if I could find out how many old (6s) backups I still have",3. Post-Update Symptom Ambiguity,"Customer framed specific hardware symptom around OS update, pulling general OS update cases."
CASE_002268,907072,"Apple notes has become unusable on my phone. Notes haven't synced since September, I tried turning off and on iCloud and now NONE sync. I'm ",CONNECTIVITY_WIFI_BLUETOOTH,ACCOUNT_APPLEID_ICLOUD,0.7548,CASE_007576,@115858 @AppleSupport After upgrading my iPhone to 11.1.2 my notes are https://t.co/es90GCKOzN can i recover them back ?,2. Multi-Issue Compound Query,Customer described multiple simultaneous issues; single-vector embedding blends symptoms.
CASE_000823,367493,@AppleSupport can I watch the “files” on iCloud like movies I have on my desktop of my MacBook Pro from new Apple TV 4K lke I can on iPhone?,ACCOUNT_APPLEID_ICLOUD,APP_STORE_PURCHASES_BILLING,0.5963,CASE_002455,@AppleSupport Can I Get a home video I made in iMovie from my iPhone to my Moms iMac without using the cloud? Via iTunes,2. Multi-Issue Compound Query,Customer described multiple simultaneous issues; single-vector embedding blends symptoms.
CASE_006423,2422506,@AppleSupport @115858 Got this email. I haven't logged in in months. Reported to phishing email for Apple just in case. Scammer? See screen ,DISPLAY_TOUCH_SCREEN,GENERAL_DEVICE_INQUIRY,0.8534,CASE_003469,@AppleSupport this is a scam/phishing right? https://t.co/OzgkDe9Ova @AppleSupport Thanks for confirming!,3. Post-Update Symptom Ambiguity,"Customer framed specific hardware symptom around OS update, pulling general OS update cases."
CASE_003177,1368862,@AppleSupport please advise. Can I get my voicemail to be visible as it was before the update? How do I get voicemail notifications? https:/,KEYBOARD_TYPING_AUTOCORRECT,GENERAL_DEVICE_INQUIRY,0.732,CASE_006196,"I don’t like that now I have to call my voicemail to listen to my messages, I liked when I was able to just see my messa",3. Post-Update Symptom Ambiguity,"Customer framed specific hardware symptom around OS update, pulling general OS update cases."
CASE_006684,2505090,"iPhone 6 randomly restarts, camera roll frequently won’t open, screen orientation issues when in messages app. #ios11 @AppleSupport @AppleSu",DISPLAY_TOUCH_SCREEN,APP_STORE_PURCHASES_BILLING,0.7117,CASE_001361,Thanks @AppleSupport for the wonderful new iOS that bugs my iPhone 6 out and now it’s completely useless. Now it keeps s,2. Multi-Issue Compound Query,Customer described multiple simultaneous issues; single-vector embedding blends symptoms.
CASE_001747,671317,I’m so confused as to how I have so many phone numbers added to my phone from my iCloud when I’ve never typed or called or added them &amp; ,ACCOUNT_APPLEID_ICLOUD,GENERAL_DEVICE_INQUIRY,0.5623,CASE_002924,"Idk what the hell is goin on, but some random number keeps texting me to stop calling them but I have never made any cal",1. Ultra-short or Vague Customer Query,Query lacks diagnostic specificity or symptom keywords; vector sits near generic dense region.
CASE_003051,1326030,@116333 I had the worst shoppingexperience ever at the applestore in Munich buying an iphone 8+. Losing trust in Applebrand. #switching @App,AUDIO_SOUND_SPEAKER,HOW_TO_SETTINGS_CONFIGURATION,0.658,CASE_003943,Hey @AppleSupport who/how do I contact u regarding an iPhone case that I bought from ur online store that I’m not happy ,2. Multi-Issue Compound Query,Customer described multiple simultaneous issues; single-vector embedding blends symptoms.
CASE_007666,2861082,@115858 #MacbookPro has been doing this on cycle none stop. Not sure what is happening. Any help? Purple ish screen @AppleSupport https://t.,DISPLAY_TOUCH_SCREEN,GENERAL_DEVICE_INQUIRY,0.6432,CASE_002415,"My #MACbookpro keeps turning off by itself anyone else facing this issue? 

@AppleSupport @AppleSupport I fixed it :)",1. Ultra-short or Vague Customer Query,Query lacks diagnostic specificity or symptom keywords; vector sits near generic dense region.
CASE_000672,303545,@SpotifyCares @AppleSupport iPhone is showing wrong song when phone is locked and playing music on Spotify. Phone or Spotify issue? @AppleSu,APP_STORE_PURCHASES_BILLING,DISPLAY_TOUCH_SCREEN,0.8185,CASE_002833,I updated my phone and now Spotify doesn’t show up on my lock screen and my music randomly starts playing by itself wtf ,2. Multi-Issue Compound Query,Customer described multiple simultaneous issues; single-vector embedding blends symptoms.
CASE_000912,407985,@AppleSupport https://t.co/eLY8qq0jUZ appears to be broken. Enter username &amp; password just redirects back to the login screen. Can’t log,DISPLAY_TOUCH_SCREEN,GENERAL_DEVICE_INQUIRY,0.7243,CASE_002019,"Anyone else having trouble signing in to Apple’s bug reporter right now?

cc @AppleSupport @AppleSupport I give up on th",1. Ultra-short or Vague Customer Query,Query lacks diagnostic specificity or symptom keywords; vector sits near generic dense region.
CASE_001736,666210,@115858 please fix the bug when sharing locations. Can’t share location with my family anymore. Tells me it’s unable to connect to server #p,CONNECTIVITY_WIFI_BLUETOOTH,GENERAL_DEVICE_INQUIRY,0.6819,CASE_002114,@AppleSupport Home sharing now doesn’t work at all. Well done Apple. @AppleSupport Just fix it. It’s not worked properly,2. Multi-Issue Compound Query,Customer described multiple simultaneous issues; single-vector embedding blends symptoms.
CASE_002002,806486,❤️new #iPhone updates @115858 but now you’ve shut off my CALLER ID permanently again ?!? What’s up .... 🐞 need some #debugging please!!,GENERAL_DEVICE_INQUIRY,OS_UPDATE_SYSTEM_PERFORMANCE,0.7267,CASE_002604,My iPhone will no longer receive or make calls. Thanks @115858 for the wonderful iOS 11 update.,3. Post-Update Symptom Ambiguity,"Customer framed specific hardware symptom around OS update, pulling general OS update cases."
CASE_005006,2006948,"Hey @115858 you need to fix you new update, every time ℹ️ type the letter ℹ️ it comes out like this.... I️ @AppleSupport Thanks. It worked f",OS_UPDATE_SYSTEM_PERFORMANCE,KEYBOARD_TYPING_AUTOCORRECT,0.8274,CASE_006051,I️ can’t believe @115858 still haven’t fixed the issue with the the letter I🙄 @AppleSupport Thank you so much. I apologi,3. Post-Update Symptom Ambiguity,"Customer framed specific hardware symptom around OS update, pulling general OS update cases."
CASE_004852,1905729,"@AppleSupport In Swift 3 or 4 for macOS, is it possible to reveal hidden text field text? NSSecureTextEntryCell and .echosBullets won't work",HOW_TO_SETTINGS_CONFIGURATION,KEYBOARD_TYPING_AUTOCORRECT,0.4879,CASE_004314,"@AppleSupport
Predictive text is horrible in iOS 11 - worse than ever. But what the heck is this recommendation?!? iOS 1",2. Multi-Issue Compound Query,Customer described multiple simultaneous issues; single-vector embedding blends symptoms.
CASE_001929,768183,"Daughter just spent an hour making this apple clips video for homework and gets this every time we try and export, any ideas? @AppleSupport ",GENERAL_DEVICE_INQUIRY,ACCOUNT_APPLEID_ICLOUD,0.5678,CASE_003012,"@AppleSupport hi, I can’t sync videos from Photos to the iPhone, it copies de album but not the videos, can you help me ",2. Multi-Issue Compound Query,Customer described multiple simultaneous issues; single-vector embedding blends symptoms.
CASE_003275,1407778,"How is it possible blue circle stay at zero?! 😳 #Apple #AppleWatch @AppleSupport https://t.co/xUHkg5l0b9 @AppleSupport Yes, everything is ok",HOW_TO_SETTINGS_CONFIGURATION,GENERAL_DEVICE_INQUIRY,0.5883,CASE_002545,"@AppleSupport can you pls explain?

World has gone mad with circles. 😡 What’s with blue pulses? So annoying. https://t.c",5. Lexical Overlap with Distinct Root Cause,"Retrieved case shares lexical keywords (e.g. store, account, music) but addresses a distinct support action."
CASE_007346,2747277,@AppleSupport When are we going to get this fixed? Happens WAYYY too often.... #iPhone7Plus https://t.co/J0Mja6kkdA @AppleSupport iPhone 7 P,GENERAL_DEVICE_INQUIRY,OS_UPDATE_SYSTEM_PERFORMANCE,0.8805,CASE_003132,@AppleSupport Never had this many bugs in my iPhone 7 Plus until I upgraded it to iOS 11. @AppleSupport It seems better ,2. Multi-Issue Compound Query,Customer described multiple simultaneous issues; single-vector embedding blends symptoms.
CASE_001876,747632,@115858 @AppleSupport there are many bugs in your latest ios please resolve it asap. U can not use cancel button showing at right. https://t,GENERAL_DEVICE_INQUIRY,OS_UPDATE_SYSTEM_PERFORMANCE,0.6221,CASE_000397,"@AppleSupport your iOS 11.0.2 update deleted allllllll of my @115948 😡😡 help me!!! @AppleSupport It is now, all fixed! T",3. Post-Update Symptom Ambiguity,"Customer framed specific hardware symptom around OS update, pulling general OS update cases."
CASE_003148,1360108,@AppleSupport is there a way to default off Live Photo’s that I’m just missing? #11.0.3 @AppleSupport Thx! I saw that setting but was just d,GENERAL_DEVICE_INQUIRY,HOW_TO_SETTINGS_CONFIGURATION,0.7884,CASE_006832,@AppleSupport how do I keep Live Photo turned off permanently? @AppleSupport Thanks!,3. Post-Update Symptom Ambiguity,"Customer framed specific hardware symptom around OS update, pulling general OS update cases."
CASE_006891,2573940,@AppleSupport Hey. All of a sudden my playlists wont sync. This is a big problem for me. Please help. https://t.co/i0fW2kbbLN @AppleSupport ,HOW_TO_SETTINGS_CONFIGURATION,APP_STORE_PURCHASES_BILLING,0.8013,CASE_002322,@AppleSupport my playlists have disappeared off my iPod and won’t resync from iTunes?? @AppleSupport I sorted it but tha,1. Ultra-short or Vague Customer Query,Query lacks diagnostic specificity or symptom keywords; vector sits near generic dense region.
CASE_004370,1713686,Good use of real estate dear @115858 : placing the timer instead of low power mode in control center. Coz we’re all timing shit nonstop💁🏼 @A,DISPLAY_TOUCH_SCREEN,HOW_TO_SETTINGS_CONFIGURATION,0.4803,CASE_004610,@115858 I wanna be able to turn on/off nighttime mode from the control center. Make it happen. Snap snap. @AppleSupport ,3. Post-Update Symptom Ambiguity,"Customer framed specific hardware symptom around OS update, pulling general OS update cases."
CASE_001681,642039,"Voice control and Siri keep activating its driving me fuckin mad someone on twitter pls help me!!! 

@AppleSupport @AppleSupport 6s and upda",AUDIO_SOUND_SPEAKER,OS_UPDATE_SYSTEM_PERFORMANCE,0.7119,CASE_001606,"@115858 please fix my beloved siri!! It won’t listen to me anymore!!!!! @AppleSupport iPhone 7 Plus, iOS 11.1.2, my prob",1. Ultra-short or Vague Customer Query,Query lacks diagnostic specificity or symptom keywords; vector sits near generic dense region.
CASE_004193,1679207,Okay listen @115858 y’all need to send another fucking update out &amp; fix this shit! Got us looking like androids when they couldn’t see e,KEYBOARD_TYPING_AUTOCORRECT,GENERAL_DEVICE_INQUIRY,0.8248,CASE_003674,Updated my phone and still can’t see the emojis... @AppleSupport Why?,3. Post-Update Symptom Ambiguity,"Customer framed specific hardware symptom around OS update, pulling general OS update cases."
CASE_000791,358905,@115858 #Maps #navigation is still not working in the #UAE even on #iOS11. @200998 navigation works on a cheap &amp; old @122609 5 device. 🤔,OS_UPDATE_SYSTEM_PERFORMANCE,GENERAL_DEVICE_INQUIRY,0.6222,CASE_002193,"@AppleSupport I am not able to use the @115858 Maps , this is the issue I am facing as shown below ! What the hell@is ha",1. Ultra-short or Vague Customer Query,Query lacks diagnostic specificity or symptom keywords; vector sits near generic dense region.
CASE_006522,2448369,"Decided to update my iPhone software. A day later, never felt like a bigger idiot in my life.
Great work @AppleSupport https://t.co/tJmJhtcp",BATTERY_CHARGING_POWER,OS_UPDATE_SYSTEM_PERFORMANCE,0.6912,CASE_001284,@AppleSupport why does my iPhone keep shutting off and restarting every minute after new software update? Advise please?,1. Ultra-short or Vague Customer Query,Query lacks diagnostic specificity or symptom keywords; vector sits near generic dense region.
CASE_007827,2948319,@AppleSupport How do I permanently switch off the ‘Live Photo’ and permanently keep on HDR? They both keep resetting after I have used my ca,DISPLAY_TOUCH_SCREEN,HOW_TO_SETTINGS_CONFIGURATION,0.7885,CASE_006832,@AppleSupport how do I keep Live Photo turned off permanently? @AppleSupport Thanks!,1. Ultra-short or Vague Customer Query,Query lacks diagnostic specificity or symptom keywords; vector sits near generic dense region.
CASE_004807,1872293,"@AppleSupport my songs aren’t downloading, it just keeps spinning https://t.co/rRmt4q48Ud @AppleSupport Fixed, why didn’t I try that lol tha",APP_CRASH_AND_DOWNLOAD,CONNECTIVITY_WIFI_BLUETOOTH,0.7991,CASE_000008,@AppleSupport I can’t download songs. Progress icon keeps spinning. On both data + WiFi. Stream works though. Can’t add ,1. Ultra-short or Vague Customer Query,Query lacks diagnostic specificity or symptom keywords; vector sits near generic dense region.
CASE_004563,1764488,@AppleSupport what’s up with my Game Center? It keeps loading. Won’t finish. Not WiFi or data. @AppleSupport That did it! Thank you! 😘,CONNECTIVITY_WIFI_BLUETOOTH,ACCOUNT_APPLEID_ICLOUD,0.7144,CASE_007779,@AppleSupport Is game center down?  It's not recognizing my login! @AppleSupport @807894  https://t.co/hMTXufLbxB @Apple,5. Lexical Overlap with Distinct Root Cause,"Retrieved case shares lexical keywords (e.g. store, account, music) but addresses a distinct support action."
CASE_007261,2728196,Ever since that new iPhone came out and I updated my ios my phone has been tweakin. Explain @115858 @AppleSupport My screen literally freeze,DISPLAY_TOUCH_SCREEN,CONNECTIVITY_WIFI_BLUETOOTH,0.8051,CASE_002530,@AppleSupport @115858 Since the new iOS update my phone keeps freezing - do you know why? @AppleSupport It seems to be m,2. Multi-Issue Compound Query,Customer described multiple simultaneous issues; single-vector embedding blends symptoms.
CASE_002206,876361,"@AppleSupport hello everyone , now i am facing the worst experince using iphone 6 after the ios 11 software update , thats really horrible @",DISPLAY_TOUCH_SCREEN,OS_UPDATE_SYSTEM_PERFORMANCE,0.8048,CASE_000424,@AppleSupport @115858 @116333 ios update sucks its too slow on iphone 6s plus @AppleSupport Issue started when I updated,1. Ultra-short or Vague Customer Query,Query lacks diagnostic specificity or symptom keywords; vector sits near generic dense region.
CASE_006537,2452595,@AppleSupport Hello ! I have another problem : I've bought music like 2 or 3 years ago on my iTunes account but I can't find it anymore :( @,ACCOUNT_APPLEID_ICLOUD,APP_STORE_PURCHASES_BILLING,0.7752,CASE_006024,@118721 @AppleSupport my entire music library has disappeared from my iTunes. How do you fix it?? @AppleSupport iTunes. ,5. Lexical Overlap with Distinct Root Cause,"Retrieved case shares lexical keywords (e.g. store, account, music) but addresses a distinct support action."
CASE_007514,2795472,"Alright @115858 fix the auto correct to I.T instead of it, please and thank you",KEYBOARD_TYPING_AUTOCORRECT,GENERAL_DEVICE_INQUIRY,0.8114,CASE_004133,It’d be cool if @115858 could fix this ridiculous auto correcting I️ problem. @AppleSupport Thank you!,2. Multi-Issue Compound Query,Customer described multiple simultaneous issues; single-vector embedding blends symptoms.
CASE_003382,1456585,@AppleSupport I asked the watch to start a dance workout. Clicked ‘+’ at the end to start another and it’s saved the dance workout as other ,OS_UPDATE_SYSTEM_PERFORMANCE,APP_STORE_PURCHASES_BILLING,0.5764,CASE_000617,@AppleSupport can’t seem to change my music playing on my phone via workout on the #AppleWatch anymore?! Where’s this go,2. Multi-Issue Compound Query,Customer described multiple simultaneous issues; single-vector embedding blends symptoms.
CASE_003071,1332620,"@AppleSupport Twitter does not work on Apple Watch #WatchOs4 #iOS11 @AppleSupport Yes, the twitter app does not open. @AppleSupport @430879 ",OS_UPDATE_SYSTEM_PERFORMANCE,GENERAL_DEVICE_INQUIRY,0.7651,CASE_002366,@AppleSupport My Twitter app for iPhone doesn't work. Could you give support? Please @AppleSupport the problem has alrea,2. Multi-Issue Compound Query,Customer described multiple simultaneous issues; single-vector embedding blends symptoms.
CASE_001754,679301,@AppleSupport why many song in @115948 its in grey and I can’t listen?,GENERAL_DEVICE_INQUIRY,CONNECTIVITY_WIFI_BLUETOOTH,0.699,CASE_000244,@AppleSupport I keep getting this error message for about half the songs I try to play on @115948 what do I do? Thanks! ,1. Ultra-short or Vague Customer Query,Query lacks diagnostic specificity or symptom keywords; vector sits near generic dense region.
CASE_005765,2284467,"@AppleSupport pls fix your issues....#applebug #Apple #YouCanDoBetter @AppleSupport Hey, I’m trying the newest update. Thank you",OS_UPDATE_SYSTEM_PERFORMANCE,GENERAL_DEVICE_INQUIRY,0.903,CASE_003901,@AppleSupport y’all gonna fix this?? https://t.co/n6moA1qMGx @AppleSupport It worked. Thank you.,3. Post-Update Symptom Ambiguity,"Customer framed specific hardware symptom around OS update, pulling general OS update cases."
CASE_006993,2618299,@115858 fix or replace you damned Apple TV remote. This thing has to be the WORST remote control I’ve ever used. @AppleSupport There’s nothi,APP_STORE_PURCHASES_BILLING,OS_UPDATE_SYSTEM_PERFORMANCE,0.6105,CASE_002417,srsly wishing I could uninstall iOS 11. @115858 please fix everything about it ty @115858 I’ve been trying to connect th,3. Post-Update Symptom Ambiguity,"Customer framed specific hardware symptom around OS update, pulling general OS update cases."
CASE_003794,1589950,"@AppleSupport hey Apple, how do I uninstall an iMessage application?",HOW_TO_SETTINGS_CONFIGURATION,OS_UPDATE_SYSTEM_PERFORMANCE,0.6239,CASE_003987,@AppleSupport imessage not working on ios 11 @AppleSupport  https://t.co/ykOy62HlUB,5. Lexical Overlap with Distinct Root Cause,"Retrieved case shares lexical keywords (e.g. store, account, music) but addresses a distinct support action."
CASE_003920,1622132,@AppleSupport Can someone tell me how I have read-only privileges when I'm administrator of computer? All was good till I got High Sierra. h,GENERAL_DEVICE_INQUIRY,KEYBOARD_TYPING_AUTOCORRECT,0.4679,CASE_000344,"I have just bought a 'WD Elements' hard disk. I'm a Macintosh user so I formatted the disk. Now, I get the following not",4. Low-Confidence / Atypical Customer Phrasing,Customer used non-standard phrasing or colloquialisms with low semantic alignment to historical index.
CASE_003824,1594948,Sooo why can’t I see emojis is it because I still have a 6plus? Is there another iOS update?@115858 @AppleSupport @AppleSupport I am using 1,OS_UPDATE_SYSTEM_PERFORMANCE,GENERAL_DEVICE_INQUIRY,0.8465,CASE_003674,Updated my phone and still can’t see the emojis... @AppleSupport Why?,1. Ultra-short or Vague Customer Query,Query lacks diagnostic specificity or symptom keywords; vector sits near generic dense region.
CASE_002011,808248,First time i hot frustrated with new #macOSHighSierra its so annoying everything got stop working it make so difficult to use 😒😒@115858 @App,BATTERY_CHARGING_POWER,GENERAL_DEVICE_INQUIRY,0.6188,CASE_006279,@AppleSupport @115858 @115858  why is my Mac not working now that I updated it. FIX IT 🤬,1. Ultra-short or Vague Customer Query,Query lacks diagnostic specificity or symptom keywords; vector sits near generic dense region.
CASE_003292,1414574,Hey @115858 - love the new emojis but my phone is acting super slow and delayed since I updated. Help!! @AppleSupport Updated all of my apps,OS_UPDATE_SYSTEM_PERFORMANCE,GENERAL_DEVICE_INQUIRY,0.7907,CASE_003674,Updated my phone and still can’t see the emojis... @AppleSupport Why?,1. Ultra-short or Vague Customer Query,Query lacks diagnostic specificity or symptom keywords; vector sits near generic dense region.
CASE_000546,249325,So my phone glitched and apple this is a idea u should do in the next update make that black glitched screen into the home screen so I can d,DISPLAY_TOUCH_SCREEN,GENERAL_DEVICE_INQUIRY,0.7509,CASE_004395,This is the worst my phone has ever glitched since the new phone releases and I need some answers @115858 @AppleSupport ,2. Multi-Issue Compound Query,Customer described multiple simultaneous issues; single-vector embedding blends symptoms.
CASE_007729,2896167,@applesupport @115858 iPhone 6s becomes unresponsive when I try to enter an address in location on a calendar event https://t.co/BxyGScu6xU ,DISPLAY_TOUCH_SCREEN,OS_UPDATE_SYSTEM_PERFORMANCE,0.6779,CASE_003255,@AppleSupport is anyone else having problems with iPhone 6 after the last update? Phone keeps freezing on apps etc. havi,3. Post-Update Symptom Ambiguity,"Customer framed specific hardware symptom around OS update, pulling general OS update cases."
CASE_006817,2552497,"@AppleSupport hello, with the recent app updates, names of couple apps have been wrongly changed(see facebook as Bayer, Tunein as Gmail etc.",GENERAL_DEVICE_INQUIRY,OS_UPDATE_SYSTEM_PERFORMANCE,0.5788,CASE_004034,@AppleSupport I’m trying to update my apps and it keeps saying my bank details are incorrect when they clearly aren’t. A,3. Post-Update Symptom Ambiguity,"Customer framed specific hardware symptom around OS update, pulling general OS update cases."
CASE_002353,947794,"@AppleSupport the new iOS update makes my wifi turn on when i turned it off so its burning my battery, help? @AppleSupport This is literally",BATTERY_CHARGING_POWER,CONNECTIVITY_WIFI_BLUETOOTH,0.7808,CASE_001845,"@AppleSupport Hi, after updating to iOS 11 the WiFi on my iPhone 7 keeps turning itself on, even after I turn it off aga",1. Ultra-short or Vague Customer Query,Query lacks diagnostic specificity or symptom keywords; vector sits near generic dense region.
CASE_005239,2119458,"If @115858 does not fix this weird iOS bug soon, I️ am going to freak. @AppleSupport Thanks",GENERAL_DEVICE_INQUIRY,OS_UPDATE_SYSTEM_PERFORMANCE,0.8771,CASE_006459,"Hmm. Something is wrong, @115858 🤔#apple #iOS #bug https://t.co/LSly3aE5DN @AppleSupport Thanks. Yes, a restart helped.",3. Post-Update Symptom Ambiguity,"Customer framed specific hardware symptom around OS update, pulling general OS update cases."
CASE_006863,2564168,"@AppleSupport Please fix sign in issue with @118721. Had to log in four times, to get it to work! @AppleSupport It was a few minutes ago. I ",DISPLAY_TOUCH_SCREEN,ACCOUNT_APPLEID_ICLOUD,0.786,CASE_005590,@AppleSupport what is this can't log in https://t.co/TPsDdJEL35 @AppleSupport thanks for the reply - sends me back to th,3. Post-Update Symptom Ambiguity,"Customer framed specific hardware symptom around OS update, pulling general OS update cases."
CASE_007614,2838641,My Apple Watch tripping. How’d i do an intense 60 min spin class and it says I burned 27 calories and worked out for 3 min?!?! I need answer,OS_UPDATE_SYSTEM_PERFORMANCE,GENERAL_DEVICE_INQUIRY,0.6167,CASE_005993,@AppleSupport I did the workout yesterday with my Apple Watch and didn’t get the Veteran’s Day Acheivement. Any recommen,2. Multi-Issue Compound Query,Customer described multiple simultaneous issues; single-vector embedding blends symptoms.
CASE_005184,2109780,@AppleSupport ya’ll need to have this software figured out these glitches are about to have this iPhone thrown out the window!,GENERAL_DEVICE_INQUIRY,KEYBOARD_TYPING_AUTOCORRECT,0.8008,CASE_005574,Wtf I️s  going on with  I️os @115858 @AppleSupport? iPhone is all wonky! Fix the glitches please? @AppleSupport 11.1 and,5. Lexical Overlap with Distinct Root Cause,"Retrieved case shares lexical keywords (e.g. store, account, music) but addresses a distinct support action."
CASE_000974,449530,my phone has so kindly decided to crash i currently have to use my laptop for all until i restore it to factory settings. I am pissed off no,CONNECTIVITY_WIFI_BLUETOOTH,APP_CRASH_AND_DOWNLOAD,0.6459,CASE_004708,@AppleSupport my phone crashes due to the update and I have to pay $30 to get it fixed???? Nice @AppleSupport Thanks for,2. Multi-Issue Compound Query,Customer described multiple simultaneous issues; single-vector embedding blends symptoms.
CASE_005567,2237233,@156470 I recently got an iphone 8+ and touch id doesn’t work. Are you having this problem? @115858 FIX THIS! @AppleSupport When I am chargi,BATTERY_CHARGING_POWER,DISPLAY_TOUCH_SCREEN,0.6934,CASE_002948,@115858 what was the point of creating fingerprint ID on iPhone if it never works?! #Frustrating @AppleSupport I haven’t,2. Multi-Issue Compound Query,Customer described multiple simultaneous issues; single-vector embedding blends symptoms.
CASE_006488,2442829,My phone is tripping @AppleSupport https://t.co/lTUMCbKcDn @AppleSupport It eventually went back after I left the message and went back to i,GENERAL_DEVICE_INQUIRY,OS_UPDATE_SYSTEM_PERFORMANCE,0.8038,CASE_005817,"@115858 can you fix my I️ please? @AppleSupport The phone is already updated, and I didn’t have the issue until after th",2. Multi-Issue Compound Query,Customer described multiple simultaneous issues; single-vector embedding blends symptoms.
CASE_005246,2121653,macOS High Sierra could not be installed on your computer. OSInstall.mpkg appears to be missing or damaged. Excellent @AppleSupport and now ,DISPLAY_TOUCH_SCREEN,GENERAL_DEVICE_INQUIRY,0.6924,CASE_006550,"@AppleSupport @27417 I’ve done all steps to fix getting past this stage, even used a bootable flash... #PLEASEHELP https",1. Ultra-short or Vague Customer Query,Query lacks diagnostic specificity or symptom keywords; vector sits near generic dense region.
CASE_003812,1592824,"@AppleSupport #iOS11
So I have the 5s and I updated my phone but I can’t see the new emojis when people text me. Why?",OS_UPDATE_SYSTEM_PERFORMANCE,GENERAL_DEVICE_INQUIRY,0.8641,CASE_003674,Updated my phone and still can’t see the emojis... @AppleSupport Why?,1. Ultra-short or Vague Customer Query,Query lacks diagnostic specificity or symptom keywords; vector sits near generic dense region.
CASE_003134,1353877,"@AppleSupport just entered in a calendar date but by doing so it has deleted my whole years calendars dates, how can I retrieve these? @Appl",HOW_TO_SETTINGS_CONFIGURATION,ACCOUNT_APPLEID_ICLOUD,0.6744,CASE_002426,@applesupport Hey out there. Why does Calendars (not in iCloud) delete history? I need that info and now it’s all gone. ,5. Lexical Overlap with Distinct Root Cause,"Retrieved case shares lexical keywords (e.g. store, account, music) but addresses a distinct support action."
CASE_004753,1836640,@AppleSupport I have a spinning wheel running nonstop since upgrading to ios11. Apps are closed and I shut off all background app refresh?! ,APP_CRASH_AND_DOWNLOAD,BATTERY_CHARGING_POWER,0.7039,CASE_001147,@AppleSupport big bug in iOS 11.1.2 crashing every two minutes iPhone extremely hot too @AppleSupport Hard reset didn’t ,2. Multi-Issue Compound Query,Customer described multiple simultaneous issues; single-vector embedding blends symptoms.
CASE_003141,1357325,Dear @AppleSupport @115858 hmmm are you gonna fix the AppStore or what? #AppStore #Apple 🤷‍♀️ @AppleSupport Thank you. When I open the AppSt,DISPLAY_TOUCH_SCREEN,APP_STORE_PURCHASES_BILLING,0.8264,CASE_006594,"@AppleSupport my app store isn’t working, i cant download or update anything, what do i do? @AppleSupport Now it’s worki",3. Post-Update Symptom Ambiguity,"Customer framed specific hardware symptom around OS update, pulling general OS update cases."
CASE_002997,1276326,"@116333  system say my membership already expired , but I am sure my membership is still alive , I can’t listen to any music right now😭 http",ACCOUNT_APPLEID_ICLOUD,APP_STORE_PURCHASES_BILLING,0.7579,CASE_003004,@AppleSupport I cant download anymore music and says my membership expired even though I still have a month left. It was,1. Ultra-short or Vague Customer Query,Query lacks diagnostic specificity or symptom keywords; vector sits near generic dense region.
CASE_005734,2281162,"So many bugs with my iPhoneX: Photos, iCloud, hours with @AppleSupport. Blech. @AppleSupport Thanks! I’ve been in touch with a few senior ad",ACCOUNT_APPLEID_ICLOUD,GENERAL_DEVICE_INQUIRY,0.7315,CASE_003820,Looks like I got a faulty one... @AppleSupport #iPhoneX https://t.co/NaExEn2IOm,2. Multi-Issue Compound Query,Customer described multiple simultaneous issues; single-vector embedding blends symptoms.
CASE_005794,2286446,As much as I love @115858 . I fucking hate #iTunes. It literally ruined my day and almost gave me a heart attack today. @AppleSupport I acci,APP_STORE_PURCHASES_BILLING,HOW_TO_SETTINGS_CONFIGURATION,0.6272,CASE_006086,@AppleSupport I accidentally restored a very old back up to my new iPhone how do I get back my current stuff back??,2. Multi-Issue Compound Query,Customer described multiple simultaneous issues; single-vector embedding blends symptoms.
CASE_003799,1591463,"WHY is my iphone and ipad autocorrecting ""I"" to ""A [?]""
?!?!!?!?!?!?!?!?!
@AppleSupport #iPhone #iPad #autocorrectfail @AppleSupport thanks.",GENERAL_DEVICE_INQUIRY,KEYBOARD_TYPING_AUTOCORRECT,0.7889,CASE_003669,Why does an “I️” autocorrect to this suddenly on my iPhone? #help @AppleSupport https://t.co/y5DgkCLj3p,1. Ultra-short or Vague Customer Query,Query lacks diagnostic specificity or symptom keywords; vector sits near generic dense region.
CASE_000422,206662,@AppleSupport VM is full and can't delete them help please. @AppleSupport iOS 10.3.3. When I delete them they come right back @AppleSupport ,OS_UPDATE_SYSTEM_PERFORMANCE,ACCOUNT_APPLEID_ICLOUD,0.6661,CASE_006808,@AppleSupport why is my phone showing device storage full when I deleted everything @AppleSupport 9.3.2 @AppleSupport 0,1. Ultra-short or Vague Customer Query,Query lacks diagnostic specificity or symptom keywords; vector sits near generic dense region.
CASE_005203,2112781,help @AppleSupport https://t.co/hN5Pfvb4bl @AppleSupport i soft reset my phone and it is working now,OS_UPDATE_SYSTEM_PERFORMANCE,GENERAL_DEVICE_INQUIRY,0.8429,CASE_003007,"@AppleSupport having so many problems with my phone, Not sure what to do 😕 https://t.co/4SwbJzp1cK @AppleSupport Trying ",1. Ultra-short or Vague Customer Query,Query lacks diagnostic specificity or symptom keywords; vector sits near generic dense region.
CASE_004810,1875701,@AppleSupport can import audio from Memos to a Photos moments movie ? @AppleSupport Thanks,AUDIO_SOUND_SPEAKER,OS_UPDATE_SYSTEM_PERFORMANCE,0.4821,CASE_001474,"Help please??! @126 @AppleSupport https://t.co/0oINfU56xK @AppleSupport iOS 11.1.2 
Photos app",4. Low-Confidence / Atypical Customer Phrasing,Customer used non-standard phrasing or colloquialisms with low semantic alignment to historical index.
CASE_007160,2690862,Why is it so hard to watch movies that I download from the Apple store? I’ve paid for it and yet phone can never seem to download it. Now it,DISPLAY_TOUCH_SCREEN,APP_STORE_PURCHASES_BILLING,0.7631,CASE_000340,hi @AppleSupport i have a fully upgraded iphone SE.  why can’t i download or use the video app to watch even SD videos (,1. Ultra-short or Vague Customer Query,Query lacks diagnostic specificity or symptom keywords; vector sits near generic dense region.
CASE_003114,1344584,@AppleSupport How do I update my shipping address for my iPhone X order? @AppleSupport Gee thanks. I was already on the phone with them for ,AUDIO_SOUND_SPEAKER,CONNECTIVITY_WIFI_BLUETOOTH,0.7724,CASE_003173,"@AppleSupport 800 number still not taking calls, chat service can’t help. When can I change the shipping address for my ",2. Multi-Issue Compound Query,Customer described multiple simultaneous issues; single-vector embedding blends symptoms.
CASE_001436,570157,Okay @115858 I get that the new IPhone X is out now but my 6s should not be glitching this fucking bad. It took me 3 times to open up twitte,GENERAL_DEVICE_INQUIRY,KEYBOARD_TYPING_AUTOCORRECT,0.7107,CASE_007872,"@115858 @AppleSupport  FIX THIS SHIT right Fucking now pretty please dang 
I
I️m
I.T @AppleSupport Iphone 6s and sorry i",3. Post-Update Symptom Ambiguity,"Customer framed specific hardware symptom around OS update, pulling general OS update cases."
CASE_002166,865900,"@AppleSupport I have a problem with a print product I ordered through Photos for Mac OS, what’s the best point of contact? @AppleSupport I’m",GENERAL_DEVICE_INQUIRY,OS_UPDATE_SYSTEM_PERFORMANCE,0.5768,CASE_004855,"@AppleSupport my printer is printing tiny images in the corner of the page since I changed to ISO11
Please help 
Despera",5. Lexical Overlap with Distinct Root Cause,"Retrieved case shares lexical keywords (e.g. store, account, music) but addresses a distinct support action."
CASE_002047,820691,"@AppleSupport I have an i7+ and os11 is the buggiest software ever!  Jurkey, battery sucking, mess!  Stop move to  palace and kill bugs. @Ap",BATTERY_CHARGING_POWER,KEYBOARD_TYPING_AUTOCORRECT,0.6988,CASE_004633,"@AppleSupport iOS 11 horrible.  Screens lock up, keyboard types in slow mo, apps freeze, can’t type letter “I️”. Apple u",2. Multi-Issue Compound Query,Customer described multiple simultaneous issues; single-vector embedding blends symptoms.
CASE_006902,2577051,Plus This Is My 3rd iPhone In 3 Months I’m Seriously Fed Up With @115858 x @AppleSupport @AppleSupport MY PHONE WONT CHARGE. IT FREEZES. GLI,CONNECTIVITY_WIFI_BLUETOOTH,GENERAL_DEVICE_INQUIRY,0.7431,CASE_000292,"I just want to say... Iphone is a racket... I'm very disappointed in @115858, this glitchy SE is the worst 📱➡️🗑 @AppleSu",2. Multi-Issue Compound Query,Customer described multiple simultaneous issues; single-vector embedding blends symptoms.
CASE_000370,184406,@115858 Videos in my photos are not playing ..I am using iPhone SE .. please help me playing my videos ! Thanks.,GENERAL_DEVICE_INQUIRY,OS_UPDATE_SYSTEM_PERFORMANCE,0.6508,CASE_007685,@AppleSupport I’ve been having trouble playing videos they play but then it goes back and plays the last couple seconds ,1. Ultra-short or Vague Customer Query,Query lacks diagnostic specificity or symptom keywords; vector sits near generic dense region.
CASE_006227,2367742,@115858 😡 damn you - your stupid update wiped out my AppleMusic playlists...frustrated!!,OS_UPDATE_SYSTEM_PERFORMANCE,APP_STORE_PURCHASES_BILLING,0.7805,CASE_003405,I lost all my music with this update @115948 @AppleSupport,3. Post-Update Symptom Ambiguity,"Customer framed specific hardware symptom around OS update, pulling general OS update cases."
CASE_002348,945656,"Help! @AppleSupport iMovie keeps crashing! On forums I read people face same issues… can’t edit, export, whatever… re-install did not work. ",APP_STORE_PURCHASES_BILLING,APP_CRASH_AND_DOWNLOAD,0.7548,CASE_006998,Anyone facing iMovie crashes with Mac OS Sierra update? Please help me with any fix? Cc: @115858 @AppleSupport @AppleSup,1. Ultra-short or Vague Customer Query,Query lacks diagnostic specificity or symptom keywords; vector sits near generic dense region.
CASE_003473,1507359,@AppleSupport 2/2 My name is there but not the apps I've purchased. We were able to share apps in iOS 10. @AppleSupport Thanks!,GENERAL_DEVICE_INQUIRY,OS_UPDATE_SYSTEM_PERFORMANCE,0.6482,CASE_005633,@118936 need iOS 11 update to this app. How to contact the developer? #SriLanka #Sinhala @AppleSupport https://t.co/mxqJ,3. Post-Update Symptom Ambiguity,"Customer framed specific hardware symptom around OS update, pulling general OS update cases."
CASE_002162,864406,@AppleSupport y’all updatesbe messing up a sista’s phone 😤😩😫 @AppleSupport I went to the apple store and they fixed the issue,GENERAL_DEVICE_INQUIRY,OS_UPDATE_SYSTEM_PERFORMANCE,0.7929,CASE_002228,Dear @115858 @AppleSupport please fix this shit update bug! I have to turn my phone off &amp; on to get it back normal. ,2. Multi-Issue Compound Query,Customer described multiple simultaneous issues; single-vector embedding blends symptoms.
CASE_007546,2805993,Hey @AppleSupport the new version of iTunes has erased all the special ring tones from my iPhone and there's no way to get them back! Please,APP_STORE_PURCHASES_BILLING,HOW_TO_SETTINGS_CONFIGURATION,0.7636,CASE_002119,@AppleSupport Why aren’t my ring tones under downloaded? How do I get them back? @AppleSupport thx,2. Multi-Issue Compound Query,Customer described multiple simultaneous issues; single-vector embedding blends symptoms.
CASE_005421,2178041,@AppleSupport Hi! Apparently Numbers will export .csv with commas or semicolons as separators depending on your language settings. Why can’t,HOW_TO_SETTINGS_CONFIGURATION,OS_UPDATE_SYSTEM_PERFORMANCE,0.4445,CASE_006377,"@AppleSupport why are all my saved numbers doing this? https://t.co/evKeoCAZRw @AppleSupport No changes at all, it just ",1. Ultra-short or Vague Customer Query,Query lacks diagnostic specificity or symptom keywords; vector sits near generic dense region.
CASE_002167,865932,"@AppleSupport how to get rid of familyshare setting_it’s upsetting me every time when I try to update any app from my one iPhone, and it ask",ACCOUNT_APPLEID_ICLOUD,APP_STORE_PURCHASES_BILLING,0.5882,CASE_002821,@AppleSupport : How do I upgrade my Apple Music subscription to Family sharing? @AppleSupport Thanks... That worked.,1. Ultra-short or Vague Customer Query,Query lacks diagnostic specificity or symptom keywords; vector sits near generic dense region.
CASE_000379,187425,"@AppleSupport My phone came back from Apple service centre and now, I can’t find any of my Apple Music songs or playlist even after log in. ",ACCOUNT_APPLEID_ICLOUD,APP_STORE_PURCHASES_BILLING,0.7372,CASE_006121,"@AppleSupport can you guys just fix the music app,this is very embarrassing considering how much we pay for your service",2. Multi-Issue Compound Query,Customer described multiple simultaneous issues; single-vector embedding blends symptoms.
CASE_007495,2787848,"@AppleSupport so, iPhone X and Watch 3 - my Nike and Nokia Health apps won’t sign in - I use both daily, please help I’ve tried everything. ",ACCOUNT_APPLEID_ICLOUD,APP_STORE_PURCHASES_BILLING,0.6736,CASE_004621,Anyone else having issues with Apples App Store? I’ve tried signing out and in but still not updating any apps they just,1. Ultra-short or Vague Customer Query,Query lacks diagnostic specificity or symptom keywords; vector sits near generic dense region.
CASE_001767,686911,MY IPHONE JUST GAVE ME A DAMN HEART ATTACK BY DELETING EVERYTHING IN MY CAMERA ROLL! Now it’s trying to restore everything. Omg fuck @115858,DISPLAY_TOUCH_SCREEN,GENERAL_DEVICE_INQUIRY,0.7186,CASE_003782,Is @115858 having a bad day because my photos hav been deleted off my #iphone ???? @AppleSupport Thank you for your resp,3. Post-Update Symptom Ambiguity,"Customer framed specific hardware symptom around OS update, pulling general OS update cases."
CASE_002241,889528,"@AppleSupport i have an iphone 8 plus and my reachability has stopped working. should i restart the phone? @AppleSupport thanks, it helped! ",OS_UPDATE_SYSTEM_PERFORMANCE,GENERAL_DEVICE_INQUIRY,0.6685,CASE_004767,"why does my phone always do this dumb shit https://t.co/FFlBuwY7yO @AppleSupport what the fuck is up apple, step the fuc",1. Ultra-short or Vague Customer Query,Query lacks diagnostic specificity or symptom keywords; vector sits near generic dense region.
CASE_001079,489687,"@123765 @115858 Well, so I write this nice tweet about our favorite Japanese restaurant. I decide to geo-locate. Twitter wants permission to",KEYBOARD_TYPING_AUTOCORRECT,GENERAL_DEVICE_INQUIRY,0.5986,CASE_002366,@AppleSupport My Twitter app for iPhone doesn't work. Could you give support? Please @AppleSupport the problem has alrea,3. Post-Update Symptom Ambiguity,"Customer framed specific hardware symptom around OS update, pulling general OS update cases."
CASE_000623,286211,Getting distorted outgoing Voice msg quality w the last update to #iPhone &amp; #WhatsApp @4305 @AppleSupport Bluetooth is off but sounds on,CONNECTIVITY_WIFI_BLUETOOTH,AUDIO_SOUND_SPEAKER,0.6837,CASE_000471,"@AppleSupport ever since updating my iOS, nobody can hear my voice on calls. What’s the fix?? Work phone, urgent.",2. Multi-Issue Compound Query,Customer described multiple simultaneous issues; single-vector embedding blends symptoms.
CASE_005833,2292783,"Clemens finds Marcus McCoy for a 36-yard touchdown. The two-point attempt is good, but I️t didn’t look like I️t. Refs are horrible today. 31",KEYBOARD_TYPING_AUTOCORRECT,OS_UPDATE_SYSTEM_PERFORMANCE,0.4637,CASE_004272,Can someone explain to me why @115858 still hasn’t fixed this glitch? @AppleSupport Thanks!,3. Post-Update Symptom Ambiguity,"Customer framed specific hardware symptom around OS update, pulling general OS update cases."
CASE_006272,2373260,"@115858  @AppleSupport why haven’t you done anything about this “I️ “ @AppleSupport Great! I’m on the public beta, see there’s an update rea",OS_UPDATE_SYSTEM_PERFORMANCE,GENERAL_DEVICE_INQUIRY,0.87,CASE_004263,@115858 please fix my I’s @AppleSupport That worked! Thank you😱😇,1. Ultra-short or Vague Customer Query,Query lacks diagnostic specificity or symptom keywords; vector sits near generic dense region.
CASE_002048,821146,@AppleSupport Is there to set up a Genius Bar appointment through the Apple Store app? Or is it through the website? @AppleSupport I didn't ,GENERAL_DEVICE_INQUIRY,ACCOUNT_APPLEID_ICLOUD,0.5887,CASE_006920,@AppleSupport I reaaaaalllly need to make an appointment tomorrow in Germantown. I don't have my apple id handy. Anyway ,5. Lexical Overlap with Distinct Root Cause,"Retrieved case shares lexical keywords (e.g. store, account, music) but addresses a distinct support action."
CASE_006609,2485686,@115858 would I be asked to verify my bank details and personal details suddenly? Is this legitimately @AppleSupport how do I know it’s not ,HOW_TO_SETTINGS_CONFIGURATION,GENERAL_DEVICE_INQUIRY,0.7485,CASE_002721,this is a scam right? @AppleSupport https://t.co/ghBmFQ362b @AppleSupport Last time I entered my details to verify my ac,2. Multi-Issue Compound Query,Customer described multiple simultaneous issues; single-vector embedding blends symptoms.
CASE_007791,2923663,"@116333 @AppleSupport It seems like Game Center issues are not being escalated. More users reporting issues, no statement about what has hap",GENERAL_DEVICE_INQUIRY,ACCOUNT_APPLEID_ICLOUD,0.7521,CASE_007779,@AppleSupport Is game center down?  It's not recognizing my login! @AppleSupport @807894  https://t.co/hMTXufLbxB @Apple,3. Post-Update Symptom Ambiguity,"Customer framed specific hardware symptom around OS update, pulling general OS update cases."
CASE_004588,1768832,Let's try this again. @AppleSupport my iPod is stuck on this screen. It won't update or restore through iTunes. Please help https://t.co/IRV,DISPLAY_TOUCH_SCREEN,BATTERY_CHARGING_POWER,0.653,CASE_001547,@AppleSupport My ipod 5th gen can charge but it always gets stuck on the apple logo and the recovery steps have not work,1. Ultra-short or Vague Customer Query,Query lacks diagnostic specificity or symptom keywords; vector sits near generic dense region.
CASE_005455,2193310,I wonder what these random ? marks mean. I can’t see the emoji but i definitely dont trust @AppleSupport &amp; @115858 to do another awful u,OS_UPDATE_SYSTEM_PERFORMANCE,GENERAL_DEVICE_INQUIRY,0.791,CASE_007565,@115858 @applesupport what is going on? What’s that emoji for? https://t.co/Nil9VJzZzG @AppleSupport Thanks!,3. Post-Update Symptom Ambiguity,"Customer framed specific hardware symptom around OS update, pulling general OS update cases."
CASE_003724,1579729,@115858 you guys need to fix texts. I’m tired of typing “i” and getting this I️ @AppleSupport That worked!! Thank you so much!!!,KEYBOARD_TYPING_AUTOCORRECT,OS_UPDATE_SYSTEM_PERFORMANCE,0.8534,CASE_005302,"@115858 needs to fix these stupid ass bugs, I’ve had enough🤬 @AppleSupport OR instead of me having to program my phone t",2. Multi-Issue Compound Query,Customer described multiple simultaneous issues; single-vector embedding blends symptoms.
CASE_002510,1023839,@AppleSupport any way to disable the unified media keys on High Sierra? Thanks @AppleSupport Okay thanks you,GENERAL_DEVICE_INQUIRY,APP_STORE_PURCHASES_BILLING,0.5759,CASE_006323,"@applesupport With HighSierra the f7 f8 f9 keys don't work to control iTunes if I'm on a page watching other media, it c",5. Lexical Overlap with Distinct Root Cause,"Retrieved case shares lexical keywords (e.g. store, account, music) but addresses a distinct support action."
CASE_007714,2892105,"Is this a bug, @115858? Or have @118936 buttons learned how to dance? @AppleSupport https://t.co/N8OHkRrJKQ @AppleSupport Hey! It’s on iOS 1",APP_STORE_PURCHASES_BILLING,OS_UPDATE_SYSTEM_PERFORMANCE,0.6741,CASE_000070,new iOS 11.1 bug? @AppleSupport https://t.co/EPcqhcyxPd @123693 @AppleSupport it's been happening to me for a while and ,2. Multi-Issue Compound Query,Customer described multiple simultaneous issues; single-vector embedding blends symptoms.
CASE_001217,542386,@AppleSupport what’s happening to iPhone resetting back to lock screens??? 🤬,GENERAL_DEVICE_INQUIRY,OS_UPDATE_SYSTEM_PERFORMANCE,0.7396,CASE_000069,@AppleSupport WHY will my phone not stop locking itself when I’m in the middle of doing things??? @AppleSupport iPhone 8,5. Lexical Overlap with Distinct Root Cause,"Retrieved case shares lexical keywords (e.g. store, account, music) but addresses a distinct support action."
CASE_006853,2562299,hey uh @115858 can u pls make it so that I don't have to see gd notifications for ppl reacting to things in the group chat 😩I have never onc,KEYBOARD_TYPING_AUTOCORRECT,GENERAL_DEVICE_INQUIRY,0.5604,CASE_005575,I sent a text to my friend and everyone else got it?????????? TELL ME IM NOT THE ONLY ONE AHATS UP @115858 @AppleSupport,3. Post-Update Symptom Ambiguity,"Customer framed specific hardware symptom around OS update, pulling general OS update cases."
CASE_000531,245969,Anyone having issues sending iMessages over Cellular Data after going to 11.0.2 @AppleSupport @AppleSupport @174420 Mine or my bf’s won’t wo,CONNECTIVITY_WIFI_BLUETOOTH,OS_UPDATE_SYSTEM_PERFORMANCE,0.7591,CASE_001826,@AppleSupport please fix your shit i have been dealing with problems for the entire week... @122609 here i come baby 😂 @,1. Ultra-short or Vague Customer Query,Query lacks diagnostic specificity or symptom keywords; vector sits near generic dense region.
CASE_002844,1187745,Hi i'm having a hard time with my account how do i solve this? @AppleSupport @115858 https://t.co/xEajRoSzXu @AppleSupport Solved. Thank you,HOW_TO_SETTINGS_CONFIGURATION,ACCOUNT_APPLEID_ICLOUD,0.6904,CASE_002893,"@115858 Please I forgot my security question and answer,tried resetting it but this is what I got in return...can you he",3. Post-Update Symptom Ambiguity,"Customer framed specific hardware symptom around OS update, pulling general OS update cases."
CASE_003208,1386589,@AppleSupport why since the latest iOS update does my phone continuously #freeze #crash #havetoreset 😡😡,OS_UPDATE_SYSTEM_PERFORMANCE,CONNECTIVITY_WIFI_BLUETOOTH,0.7944,CASE_002530,@AppleSupport @115858 Since the new iOS update my phone keeps freezing - do you know why? @AppleSupport It seems to be m,1. Ultra-short or Vague Customer Query,Query lacks diagnostic specificity or symptom keywords; vector sits near generic dense region.
CASE_003317,1434178,Does anyone want to tell me why I just got a call from my own number? It’s not October anymore @AppleSupport stop tryna be spooky @AppleSupp,OS_UPDATE_SYSTEM_PERFORMANCE,GENERAL_DEVICE_INQUIRY,0.7348,CASE_000315,"Spent an hour waiting on hold with @AppleSupport this morning, only to have them disconnect the call before I could talk",1. Ultra-short or Vague Customer Query,Query lacks diagnostic specificity or symptom keywords; vector sits near generic dense region.
CASE_007665,2860047,"@AppleSupport @115948 ☹️☹️ https://t.co/byLnUWjYaI @AppleSupport No, I didn’t restart it and everything else seems to be working fine.
I’ll ",OS_UPDATE_SYSTEM_PERFORMANCE,GENERAL_DEVICE_INQUIRY,0.8784,CASE_003901,@AppleSupport y’all gonna fix this?? https://t.co/n6moA1qMGx @AppleSupport It worked. Thank you.,2. Multi-Issue Compound Query,Customer described multiple simultaneous issues; single-vector embedding blends symptoms.
CASE_003814,1593238,@115858 what are your service hours? I have an issue with billing. @AppleSupport It's iTunes. @AppleSupport What's the reply time? I sent an,CONNECTIVITY_WIFI_BLUETOOTH,APP_STORE_PURCHASES_BILLING,0.6965,CASE_006820,"@115858 are happy to take your money, but can't sort out software issues because you are having software issues at @Appl",3. Post-Update Symptom Ambiguity,"Customer framed specific hardware symptom around OS update, pulling general OS update cases."
CASE_001884,751766,@AppleSupport can I get rid of the new update? It has seriously messed up my phone. It freezes every few minutes and I cant hear phone calls,AUDIO_SOUND_SPEAKER,OS_UPDATE_SYSTEM_PERFORMANCE,0.8328,CASE_002946,@AppleSupport please can I undo the new update? My iPhone is constantly freezing and all of my apps are slow #iphoneprob,2. Multi-Issue Compound Query,Customer described multiple simultaneous issues; single-vector embedding blends symptoms.
CASE_006083,2321415,I’ve grown so much in the past 8 months and it feels SO DAMN GOOD to be a better version of myself  than I️ was just a year ago 🖤 Lol thanks,OS_UPDATE_SYSTEM_PERFORMANCE,GENERAL_DEVICE_INQUIRY,0.5032,CASE_007871,@115858 fix ur glitches ur ruining my tweets. Every time “I” is autocorrected to “A ⍰” I️ want to scream,2. Multi-Issue Compound Query,Customer described multiple simultaneous issues; single-vector embedding blends symptoms.
CASE_000931,428377,"@115858 @AppleSupport when i search contact on imessage, there some trouble. Like stuck on keyboard and going so heavy to choice anycontact ",KEYBOARD_TYPING_AUTOCORRECT,OS_UPDATE_SYSTEM_PERFORMANCE,0.717,CASE_000396,"Hey @AppleSupport you’re new iOS 11 is HORRIBLE. Even the new update is awful. My iMessages has lots of delays, freezes ",2. Multi-Issue Compound Query,Customer described multiple simultaneous issues; single-vector embedding blends symptoms.
CASE_002486,1014394,"@AppleSupport after update to ios 11, i don’t get notif for new posts, and receive the notif only after opening WhatsApp, plese fix it ASAP!",BATTERY_CHARGING_POWER,KEYBOARD_TYPING_AUTOCORRECT,0.7414,CASE_001912,"Since updating my phone I don’t receive WhatsApp notifications until I open the app. @AppleSupport, sort it out. Annoyin",2. Multi-Issue Compound Query,Customer described multiple simultaneous issues; single-vector embedding blends symptoms.
CASE_006050,2313536,"@AppleSupport 
i have aproplem in both devices ( iphon 7 &amp; 6s plus ) after last update .
The devices stuck black screen and apple logo .",DISPLAY_TOUCH_SCREEN,OS_UPDATE_SYSTEM_PERFORMANCE,0.5756,CASE_006016,"Any @115858 guru friends out there know what to do with this? Was updating to the new OS, tried to reboot and got these ",1. Ultra-short or Vague Customer Query,Query lacks diagnostic specificity or symptom keywords; vector sits near generic dense region.
CASE_002413,989648,@AppleSupport my touch bar isn't working! https://t.co/Exw41Bcg2p @AppleSupport yes it works in my other programs @AppleSupport ok that sett,DISPLAY_TOUCH_SCREEN,GENERAL_DEVICE_INQUIRY,0.6805,CASE_002793,"@AppleSupport FaceTime doesn’t work. Help me, please. @AppleSupport It is missing, I have not found the option of FaceTi",1. Ultra-short or Vague Customer Query,Query lacks diagnostic specificity or symptom keywords; vector sits near generic dense region.
CASE_004668,1776825,"Also, impatiently waiting for @115858 to fix this annoying glitch shit @533924 @115858 complaining about it isn't gonna fix it, just sayin' ",KEYBOARD_TYPING_AUTOCORRECT,OS_UPDATE_SYSTEM_PERFORMANCE,0.8416,CASE_004272,Can someone explain to me why @115858 still hasn’t fixed this glitch? @AppleSupport Thanks!,2. Multi-Issue Compound Query,Customer described multiple simultaneous issues; single-vector embedding blends symptoms.
