case_id,query,true_intent,baseline_intent,domain_aware_intent,multi_issue,symptom_domains,decision_hint
CASE_004537,Dear @AppleSupport: how do I fully reset an old iPhone that is mildly functional but so broken I can’t unlock it or actually reset it? @Appl,DISPLAY_TOUCH_SCREEN,ACCOUNT_APPLEID_ICLOUD,DISPLAY_TOUCH_SCREEN,True,"DISPLAY_TOUCH_SCREEN, HOW_TO_SETTINGS_CONFIGURATION",ESCALATE_MULTI_ISSUE
CASE_000294,@AppleSupport hi do you do additional memory for Ipad3? Thanks,GENERAL_DEVICE_INQUIRY,GENERAL_DEVICE_INQUIRY,GENERAL_DEVICE_INQUIRY,False,,PROCEED
CASE_001498,"@AppleSupport HELP !🙏🏻 I’ve updated my IPhone 6S and I received a message asking me to change my password to unlock my IPhone, using capital",KEYBOARD_TYPING_AUTOCORRECT,KEYBOARD_TYPING_AUTOCORRECT,KEYBOARD_TYPING_AUTOCORRECT,True,"KEYBOARD_TYPING_AUTOCORRECT, ACCOUNT_APPLEID_ICLOUD",ESCALATE_MULTI_ISSUE
CASE_002724,@AppleSupport is there a section in the phone where I can see the health of my battery?,BATTERY_CHARGING_POWER,BATTERY_CHARGING_POWER,BATTERY_CHARGING_POWER,False,BATTERY_CHARGING_POWER,PROCEED
CASE_002801,Why this stupid ios keeps turning the wifi and bluetooth on every time???  @AppleSupport @AppleSupport I have the lastest version and I keep,CONNECTIVITY_WIFI_BLUETOOTH,CONNECTIVITY_WIFI_BLUETOOTH,CONNECTIVITY_WIFI_BLUETOOTH,False,CONNECTIVITY_WIFI_BLUETOOTH,PROCEED
CASE_005959,@115858 please fix this 👉🏽 I️ I️ I️ I️ @AppleSupport Thanks @AppleSupport my bug is fixed ❤️❤️,GENERAL_DEVICE_INQUIRY,OS_UPDATE_SYSTEM_PERFORMANCE,GENERAL_DEVICE_INQUIRY,False,,PROCEED
CASE_005217,@AppleSupport Is it okay to play online games with my iphone while charging the battery? @AppleSupport Thanks!,BATTERY_CHARGING_POWER,BATTERY_CHARGING_POWER,BATTERY_CHARGING_POWER,False,BATTERY_CHARGING_POWER,PROCEED
CASE_005604,@115858 tells me my iPhone battery is fine yet I can’t go more than 2 hours without charging...,BATTERY_CHARGING_POWER,BATTERY_CHARGING_POWER,BATTERY_CHARGING_POWER,False,BATTERY_CHARGING_POWER,PROCEED
CASE_006100,Why the search tool on iOS 11 doesn’t find apps by name if they’re partially written? @AppleSupport,OS_UPDATE_SYSTEM_PERFORMANCE,OS_UPDATE_SYSTEM_PERFORMANCE,OS_UPDATE_SYSTEM_PERFORMANCE,False,,PROCEED
CASE_003711,"Yo, @115858 and @AppleSupport, fix your uppercased letter “i” issue. @AppleSupport @485691 Go beta, @485691! 11.1 seems to have it fixed. I ",GENERAL_DEVICE_INQUIRY,GENERAL_DEVICE_INQUIRY,OS_UPDATE_SYSTEM_PERFORMANCE,False,,PROCEED
CASE_005348,".@115858 this I️ glitch is the worst thing ever. How is this not fixed yet??? @AppleSupport Thank you for your response.  I have done that, ",OS_UPDATE_SYSTEM_PERFORMANCE,OS_UPDATE_SYSTEM_PERFORMANCE,OS_UPDATE_SYSTEM_PERFORMANCE,False,,PROCEED
CASE_002600,"@115858 TAKE OFF THAT AUTO BRIGHTNESS BULLSHIT @AppleSupport Thank b, sorry",DISPLAY_TOUCH_SCREEN,DISPLAY_TOUCH_SCREEN,DISPLAY_TOUCH_SCREEN,False,DISPLAY_TOUCH_SCREEN,PROCEED
CASE_007681,Somebody help a dude out. @115858 my iPod just completely froze like this for the last two hours and the touch screen doesn't work and I can,DISPLAY_TOUCH_SCREEN,DISPLAY_TOUCH_SCREEN,DISPLAY_TOUCH_SCREEN,False,DISPLAY_TOUCH_SCREEN,PROCEED
CASE_003090,#IphoneXPreOrder #iPhoneX @AppleSupport still no confirmation email in regards to my ‘reserved’ iPhone because of ‘couldn’t reach carrier’ @,CONNECTIVITY_WIFI_BLUETOOTH,HOW_TO_SETTINGS_CONFIGURATION,GENERAL_DEVICE_INQUIRY,False,,PROCEED
CASE_003204,"Dear @917 and @115858, my iphone just died on 78% while trying to send a snap - WAGWAN? I love #snapchat but I feel I can't use it without m",BATTERY_CHARGING_POWER,BATTERY_CHARGING_POWER,BATTERY_CHARGING_POWER,False,BATTERY_CHARGING_POWER,PROCEED
CASE_005164,Can apple fix this iPhone glitch!!! I️ want to use my i’s without them being autocorrected every time @AppleSupport @115858 🙄🙄🙄 @AppleSuppor,OS_UPDATE_SYSTEM_PERFORMANCE,OS_UPDATE_SYSTEM_PERFORMANCE,GENERAL_DEVICE_INQUIRY,False,,PROCEED
CASE_002624,"So @AppleSupport, I thought login screens were a solved problem https://t.co/jsrq8i1aQA @AppleSupport Restart resolves it, but as a develope",ACCOUNT_APPLEID_ICLOUD,OS_UPDATE_SYSTEM_PERFORMANCE,ACCOUNT_APPLEID_ICLOUD,False,,PROCEED
CASE_006666,@AppleSupport I am a technician helping a iPad user retrieve her Apple ID password. Does not have recovery email password and forgets the se,ACCOUNT_APPLEID_ICLOUD,CONNECTIVITY_WIFI_BLUETOOTH,ACCOUNT_APPLEID_ICLOUD,True,"ACCOUNT_APPLEID_ICLOUD, HOW_TO_SETTINGS_CONFIGURATION",ESCALATE_MULTI_ISSUE
CASE_004456,@AppleSupport how would I go about reporting a security (phishing) concern? @AppleSupport Thanks! Very much appreciated.,GENERAL_DEVICE_INQUIRY,GENERAL_DEVICE_INQUIRY,GENERAL_DEVICE_INQUIRY,False,,PROCEED
CASE_006216,@AppleSupport I’m getting a little sick and tired of my phone restarting randomly all throughout the day @AppleSupport 11.0.2,GENERAL_DEVICE_INQUIRY,GENERAL_DEVICE_INQUIRY,OS_UPDATE_SYSTEM_PERFORMANCE,False,,PROCEED
CASE_002524,@AppleSupport what’s ap notification is not working.i have to open what’s ap for msg and calls.pls advise @AppleSupport Thanks.i noticed it ,KEYBOARD_TYPING_AUTOCORRECT,KEYBOARD_TYPING_AUTOCORRECT,KEYBOARD_TYPING_AUTOCORRECT,False,,PROCEED
CASE_006775,this stupid glitch with the ! and the ?box gotta go. @115858 @AppleSupport !!!!!!!,OS_UPDATE_SYSTEM_PERFORMANCE,OS_UPDATE_SYSTEM_PERFORMANCE,OS_UPDATE_SYSTEM_PERFORMANCE,False,,PROCEED
CASE_006433,"@AppleSupport Trying to install the free SAMs app but iTunes won’t let me. This is crazy, and my card is good. https://t.co/q58j2A0Ktf @Appl",CONNECTIVITY_WIFI_BLUETOOTH,APP_STORE_PURCHASES_BILLING,APP_STORE_PURCHASES_BILLING,True,"CONNECTIVITY_WIFI_BLUETOOTH, APP_STORE_PURCHASES_BILLING",ESCALATE_MULTI_ISSUE
CASE_007482,@115858 my iPhone 8 didn’t come with the headphones connected to the adapter. I have to use the adapter to connect it. But how comes others ,AUDIO_SOUND_SPEAKER,AUDIO_SOUND_SPEAKER,AUDIO_SOUND_SPEAKER,False,AUDIO_SOUND_SPEAKER,PROCEED
CASE_006394,"@AppleSupport 11.1.1 update. Wi-fi no longer works. Can't toggle it on. @AppleSupport @AppleSupport iphone 5s @AppleSupport Yes, after 11.1.",CONNECTIVITY_WIFI_BLUETOOTH,CONNECTIVITY_WIFI_BLUETOOTH,CONNECTIVITY_WIFI_BLUETOOTH,True,"CONNECTIVITY_WIFI_BLUETOOTH, HOW_TO_SETTINGS_CONFIGURATION",ESCALATE_MULTI_ISSUE
CASE_007211,The @115858 store at #TheGrove has the worst customer service I’ve EVER experienced in my life! I don’t like to make things racial but a whi,CONNECTIVITY_WIFI_BLUETOOTH,GENERAL_DEVICE_INQUIRY,GENERAL_DEVICE_INQUIRY,False,,PROCEED
CASE_005083,Downloaded latest IOS updates from @115858 &amp; phone hasn’t worked the same since. Forced to buy a new one. Coincidence? #Classy #Apple #i,OS_UPDATE_SYSTEM_PERFORMANCE,OS_UPDATE_SYSTEM_PERFORMANCE,GENERAL_DEVICE_INQUIRY,False,,PROCEED
CASE_005021,@115858 fix this shit cuh 😡➡️ “ I️ “ @AppleSupport Coming in clutch thanks 😤,GENERAL_DEVICE_INQUIRY,GENERAL_DEVICE_INQUIRY,GENERAL_DEVICE_INQUIRY,False,,PROCEED
CASE_004984,I️ think there’s something wrong here. @115858 what’s going on with my keyboard? lol @AppleSupport I think i fixed it lol,KEYBOARD_TYPING_AUTOCORRECT,KEYBOARD_TYPING_AUTOCORRECT,KEYBOARD_TYPING_AUTOCORRECT,False,KEYBOARD_TYPING_AUTOCORRECT,PROCEED
CASE_004304,Photos in #macOS High Sierra is SO buggy — I can't imagine it was in a hand of a single QA. And I even waited till 10.13.1. @AppleSupport yo,BATTERY_CHARGING_POWER,GENERAL_DEVICE_INQUIRY,APP_CRASH_AND_DOWNLOAD,True,"BATTERY_CHARGING_POWER, APP_CRASH_AND_DOWNLOAD",ESCALATE_MULTI_ISSUE
CASE_001946,@AppleSupport @115858 is this fake? https://t.co/KNbAsKx8IV,GENERAL_DEVICE_INQUIRY,GENERAL_DEVICE_INQUIRY,GENERAL_DEVICE_INQUIRY,False,,PROCEED
CASE_005253,I got to a decent tech support guy called James who grasped the hearing difficulties &amp; solved the iCloud problem painlessly and professi,ACCOUNT_APPLEID_ICLOUD,AUDIO_SOUND_SPEAKER,ACCOUNT_APPLEID_ICLOUD,False,ACCOUNT_APPLEID_ICLOUD,PROCEED
CASE_004220,@AppleSupport Is there an ETA for this glitch with the letter I ?? @AppleSupport Thank you!,KEYBOARD_TYPING_AUTOCORRECT,KEYBOARD_TYPING_AUTOCORRECT,KEYBOARD_TYPING_AUTOCORRECT,False,KEYBOARD_TYPING_AUTOCORRECT,PROCEED
CASE_003256,@AppleSupport Why the hell do you STILL require people to give you a card number to get FREE god damn apps?,GENERAL_DEVICE_INQUIRY,APP_STORE_PURCHASES_BILLING,APP_STORE_PURCHASES_BILLING,False,,PROCEED
CASE_005963,Dear Apple...... FIX THIS!!! I️ I️ I️ I️ @AppleSupport THANKS! @AppleSupport Thanks so much. 11.0.3 is the version. @AppleSupport Thank You!,OS_UPDATE_SYSTEM_PERFORMANCE,GENERAL_DEVICE_INQUIRY,GENERAL_DEVICE_INQUIRY,False,,PROCEED
CASE_005962,So did everyone accept the fact that the “I️” on apple devices is fucked or are we gonna get this shit resolved ? @AppleSupport,GENERAL_DEVICE_INQUIRY,GENERAL_DEVICE_INQUIRY,GENERAL_DEVICE_INQUIRY,False,,PROCEED
CASE_005041,@AppleSupport Why is my “I” defaulting to “I️”? #apple #iosproblems #Iworld #wantmyIback @AppleSupport Thank you for the resolution. I is ba,GENERAL_DEVICE_INQUIRY,GENERAL_DEVICE_INQUIRY,GENERAL_DEVICE_INQUIRY,False,,PROCEED
CASE_004215,"@AppleSupport after updating to latest iOS. Whenever I️ press ""i"" it gives me these strange characters. Can you help me? https://t.co/wxVWnR",GENERAL_DEVICE_INQUIRY,GENERAL_DEVICE_INQUIRY,GENERAL_DEVICE_INQUIRY,False,,PROCEED
CASE_005848,@115858 hey guys WHEN IS THIS FUCKING I️ ISSUE GONNA BE FIXED,GENERAL_DEVICE_INQUIRY,GENERAL_DEVICE_INQUIRY,GENERAL_DEVICE_INQUIRY,False,,PROCEED
CASE_007316,@AppleSupport you should be ashamed. My Mac downloaded High Sierra &amp; now I can’t log into it. After trying to fix it myself I took it to,GENERAL_DEVICE_INQUIRY,ACCOUNT_APPLEID_ICLOUD,GENERAL_DEVICE_INQUIRY,False,,PROCEED
CASE_006035,"I️ got old navy PJ’s, they had German shepherds on them &amp; I️ started crying in the store lmao This is so frustrating my @115858 fix this",BATTERY_CHARGING_POWER,AUDIO_SOUND_SPEAKER,BATTERY_CHARGING_POWER,True,"BATTERY_CHARGING_POWER, CONNECTIVITY_WIFI_BLUETOOTH",ESCALATE_MULTI_ISSUE
CASE_006205,"Prospective wallpaper doesn’t work on #iPhone with #iOS11, #ios1111 WHY? 😕 #iPhone8 #IphoneX #apple @115858 @AppleSupport @AppleSupport Redu",OS_UPDATE_SYSTEM_PERFORMANCE,OS_UPDATE_SYSTEM_PERFORMANCE,GENERAL_DEVICE_INQUIRY,False,,PROCEED
CASE_003008,@AppleSupport what does this mean? https://t.co/e2SLiruOAg @AppleSupport Thank you!,GENERAL_DEVICE_INQUIRY,GENERAL_DEVICE_INQUIRY,GENERAL_DEVICE_INQUIRY,False,,PROCEED
CASE_004943,What is with the weird I️ thing??? How do I stop it @583075 Dear @115858 I️ absolutely hate your iOS 11 update. I️ I️ I️ I️ I️ FIX THIS BALO,ACCOUNT_APPLEID_ICLOUD,GENERAL_DEVICE_INQUIRY,ACCOUNT_APPLEID_ICLOUD,True,"ACCOUNT_APPLEID_ICLOUD, HOW_TO_SETTINGS_CONFIGURATION",ESCALATE_MULTI_ISSUE
CASE_003510,@AppleSupport Just got my iPhone X but activation is failing because the activation server is unavailable. Any help? @197224 @AppleSupport H,GENERAL_DEVICE_INQUIRY,GENERAL_DEVICE_INQUIRY,GENERAL_DEVICE_INQUIRY,False,,PROCEED
CASE_002922,"What a great way to start the day, sent snaps to all my snap streaks close phone and now it wont come back on..... thanks @115858 😅 @AppleSu",GENERAL_DEVICE_INQUIRY,GENERAL_DEVICE_INQUIRY,GENERAL_DEVICE_INQUIRY,False,,PROCEED
CASE_002768,"@AppleSupport Hi! I’ve received an email from this email address, is it real or it’s a fishing one? Thanks https://t.co/LIdTIZ4iKo @AppleSup",GENERAL_DEVICE_INQUIRY,GENERAL_DEVICE_INQUIRY,GENERAL_DEVICE_INQUIRY,False,,PROCEED
CASE_003733,Hey @115858 fix this I️ @AppleSupport I️ don’t want to do this. I️ want my phone to work. I️ pay all this money &amp; I️ can’t even talk abo,GENERAL_DEVICE_INQUIRY,APP_STORE_PURCHASES_BILLING,GENERAL_DEVICE_INQUIRY,False,,PROCEED
CASE_000137,Gotta wait til Friday! Meet me at the Apple Store at 8 a.m. — we’ll let you open the doors! #iPhone https://t.co/r9hFywLn3z @116333 Please s,OS_UPDATE_SYSTEM_PERFORMANCE,APP_CRASH_AND_DOWNLOAD,GENERAL_DEVICE_INQUIRY,False,HOW_TO_SETTINGS_CONFIGURATION,PROCEED
CASE_007865,Hey @AppleSupport why am I constantly getting pop ups on Safari that I can’t clear? @AppleSupport iPhone 6s. 11.1.2 @AppleSupport Yea that’s,GENERAL_DEVICE_INQUIRY,GENERAL_DEVICE_INQUIRY,GENERAL_DEVICE_INQUIRY,False,,PROCEED
CASE_004231,@AppleSupport - I’ve had an email from Apple Support but I don’t think it’s a genuine email?,GENERAL_DEVICE_INQUIRY,GENERAL_DEVICE_INQUIRY,GENERAL_DEVICE_INQUIRY,False,,PROCEED
CASE_003891,Hey @115858 fix this bullshit bug with typing “I” and showing up as something else,KEYBOARD_TYPING_AUTOCORRECT,KEYBOARD_TYPING_AUTOCORRECT,KEYBOARD_TYPING_AUTOCORRECT,False,KEYBOARD_TYPING_AUTOCORRECT,PROCEED
CASE_007647,@AppleSupport My phone keeps dropping wifi signal since updating to IOS 11. Tried everything. Could the wifi aerial be the problem. Pls advi,CONNECTIVITY_WIFI_BLUETOOTH,CONNECTIVITY_WIFI_BLUETOOTH,CONNECTIVITY_WIFI_BLUETOOTH,False,CONNECTIVITY_WIFI_BLUETOOTH,PROCEED
CASE_001375,@AppleSupport Why My Phone Be Dying So Fast Tho ?,BATTERY_CHARGING_POWER,GENERAL_DEVICE_INQUIRY,GENERAL_DEVICE_INQUIRY,False,,PROCEED
CASE_004341,"@115858 this new update is so bad, it might be time to switch over to a Galaxy. @115858 11.1 and 6S. Everything is slow. Messenger locks up.",DISPLAY_TOUCH_SCREEN,OS_UPDATE_SYSTEM_PERFORMANCE,OS_UPDATE_SYSTEM_PERFORMANCE,False,DISPLAY_TOUCH_SCREEN,PROCEED
CASE_004783,@AppleSupport my iPhone battery does quicker than ever after the 11.0.3 update. #whatgives,BATTERY_CHARGING_POWER,BATTERY_CHARGING_POWER,BATTERY_CHARGING_POWER,False,BATTERY_CHARGING_POWER,PROCEED
CASE_005427,My phone just deleted my entire camera roll.........  I’m devasted 😭😭😭😭😭 Update - my pictures randomly are downloading back to my phone from,DISPLAY_TOUCH_SCREEN,GENERAL_DEVICE_INQUIRY,ACCOUNT_APPLEID_ICLOUD,False,ACCOUNT_APPLEID_ICLOUD,PROCEED
CASE_005106,".@115858 completely screwed-up (THEIR OWN) weather &amp; clock apps with the last update. Thanks a lot. 🤨  

@AppleSupport #Apple #Iphone @A",OS_UPDATE_SYSTEM_PERFORMANCE,OS_UPDATE_SYSTEM_PERFORMANCE,GENERAL_DEVICE_INQUIRY,False,,PROCEED
CASE_001448,"so disappointed by @115858. After upgrading my iPhone7(recommended by the company), everything now is messed up. The battery with the least ",BATTERY_CHARGING_POWER,APP_CRASH_AND_DOWNLOAD,APP_CRASH_AND_DOWNLOAD,True,"BATTERY_CHARGING_POWER, APP_CRASH_AND_DOWNLOAD",ESCALATE_MULTI_ISSUE
CASE_002338,iOS 11 is the worst update @115858 has released. My phone has been living on the charger. @AppleSupport Thank you!,BATTERY_CHARGING_POWER,BATTERY_CHARGING_POWER,BATTERY_CHARGING_POWER,False,BATTERY_CHARGING_POWER,PROCEED
CASE_006327,Why didn’t I consult Twitter before attempting the #HighSierra update. 36 hours and counting... @AppleSupport https://t.co/ZaLHKqVNRQ @Apple,OS_UPDATE_SYSTEM_PERFORMANCE,OS_UPDATE_SYSTEM_PERFORMANCE,GENERAL_DEVICE_INQUIRY,False,,PROCEED
CASE_005814,@115858 @AppleSupport how do I fix the “I.t” I just want to type “it” 😭😭,HOW_TO_SETTINGS_CONFIGURATION,GENERAL_DEVICE_INQUIRY,HOW_TO_SETTINGS_CONFIGURATION,False,HOW_TO_SETTINGS_CONFIGURATION,PROCEED
CASE_006251,@AppleSupport https://t.co/vsOV8U9cAt is down - asking for 2 step verification then giving me “Connection Error: iCloud encountered an error,ACCOUNT_APPLEID_ICLOUD,DISPLAY_TOUCH_SCREEN,ACCOUNT_APPLEID_ICLOUD,False,ACCOUNT_APPLEID_ICLOUD,PROCEED
CASE_003404,"You will not force me to upgrade, @115858. I️ will get @122986’s Pixel instead. Please address this predictive text for “I️”. It’s annoying.",KEYBOARD_TYPING_AUTOCORRECT,GENERAL_DEVICE_INQUIRY,KEYBOARD_TYPING_AUTOCORRECT,False,KEYBOARD_TYPING_AUTOCORRECT,PROCEED
CASE_004269,@AppleSupport aye Snapchat tripping I don’t know if it’s on y’all end or theirs but that shit needs to be fixed NOW ❗️❗️❗️ @AppleSupport It’,GENERAL_DEVICE_INQUIRY,KEYBOARD_TYPING_AUTOCORRECT,KEYBOARD_TYPING_AUTOCORRECT,False,,PROCEED
CASE_003109,"Hey @AppleSupport, Mail on #HighSierra is a broken mess that crashes whenever I try to compose an email would be appreciated if you fixed it",APP_CRASH_AND_DOWNLOAD,KEYBOARD_TYPING_AUTOCORRECT,APP_CRASH_AND_DOWNLOAD,False,APP_CRASH_AND_DOWNLOAD,PROCEED
CASE_004386,@115858 The “I️” problem ? Is there a fix? @AppleSupport @519465 mine was doing a question mark and I followed this and it fixed it mostly b,GENERAL_DEVICE_INQUIRY,GENERAL_DEVICE_INQUIRY,GENERAL_DEVICE_INQUIRY,False,,PROCEED
CASE_005556,@118721 @AppleSupport I’ve been trying to buy an album for half an hour now and it’s just coming up with the square?????? https://t.co/ghctr,APP_STORE_PURCHASES_BILLING,APP_STORE_PURCHASES_BILLING,APP_STORE_PURCHASES_BILLING,False,,PROCEED
CASE_006215,"@AppleSupport I woke my 10.13.1 macbook up from sleep and all my 4-finger trackpad gestures stopped working until I rebooted, pls fix @Apple",GENERAL_DEVICE_INQUIRY,GENERAL_DEVICE_INQUIRY,GENERAL_DEVICE_INQUIRY,False,,PROCEED
CASE_000858,@AppleSupport woke up to an email saying my password was reset and logged into this account.. how can I make sure he is out of my account?😫 ,ACCOUNT_APPLEID_ICLOUD,ACCOUNT_APPLEID_ICLOUD,ACCOUNT_APPLEID_ICLOUD,True,"ACCOUNT_APPLEID_ICLOUD, HOW_TO_SETTINGS_CONFIGURATION",ESCALATE_MULTI_ISSUE
CASE_002410,@115858 @AppleSupport @116333 @119462 #iOS11 has the worst battery life of any iOS i have ever run on an #iPhone #Worstbatterylifeever @Appl,BATTERY_CHARGING_POWER,BATTERY_CHARGING_POWER,BATTERY_CHARGING_POWER,False,BATTERY_CHARGING_POWER,PROCEED
CASE_007543,I’m getting very tired of this $1000 Iphone acting up ever since the iOS 11 update and 3 more updates and it’s still giving me fits @AppleSu,DISPLAY_TOUCH_SCREEN,APP_STORE_PURCHASES_BILLING,DISPLAY_TOUCH_SCREEN,False,DISPLAY_TOUCH_SCREEN,PROCEED
CASE_002108,Nice one @115858 for updating my 📱 and making it barely usable. I know your game. Luckily I’m stubborn so no I won’t be buying an iPhone 8 😂,DISPLAY_TOUCH_SCREEN,DISPLAY_TOUCH_SCREEN,DISPLAY_TOUCH_SCREEN,False,DISPLAY_TOUCH_SCREEN,PROCEED
CASE_004504,This new update messed up my phone my phone is slow and glitches a lot fix your shit  @115858,OS_UPDATE_SYSTEM_PERFORMANCE,OS_UPDATE_SYSTEM_PERFORMANCE,OS_UPDATE_SYSTEM_PERFORMANCE,False,,PROCEED
CASE_006508,any1 else having issues with OS X High Sierra and not seeing or able to access flash drive? But multiple instances in Finder https://t.co/a3,OS_UPDATE_SYSTEM_PERFORMANCE,GENERAL_DEVICE_INQUIRY,GENERAL_DEVICE_INQUIRY,False,,PROCEED
CASE_007358,"@AppleSupport is there any way to get rid of these random words at the top. I only use spotlight to search for apps, not sure what those wor",HOW_TO_SETTINGS_CONFIGURATION,HOW_TO_SETTINGS_CONFIGURATION,HOW_TO_SETTINGS_CONFIGURATION,False,HOW_TO_SETTINGS_CONFIGURATION,PROCEED
CASE_001260,"@AppleSupport Hi, since yesterday night my 6s is canceling every minute. Restart and backup doesn't solute this problem. Have you an idea? h",OS_UPDATE_SYSTEM_PERFORMANCE,GENERAL_DEVICE_INQUIRY,OS_UPDATE_SYSTEM_PERFORMANCE,False,,PROCEED
CASE_007569,"I️ don’t know if you noticed but when you dropped your rattle &amp; we Both went to pick up, it was like...I️ found The one. Now finish up t",GENERAL_DEVICE_INQUIRY,GENERAL_DEVICE_INQUIRY,GENERAL_DEVICE_INQUIRY,False,,PROCEED
CASE_004119,"My iPhone @115858 no longer types the letter I️. That letter would be the most used. As in, I️ can’t make a sentence without it. Frustrated!",KEYBOARD_TYPING_AUTOCORRECT,KEYBOARD_TYPING_AUTOCORRECT,KEYBOARD_TYPING_AUTOCORRECT,False,KEYBOARD_TYPING_AUTOCORRECT,PROCEED
CASE_003182,@AppleSupport I completed the new iOS update and all of my pictures have been removed and I cannot find them! Can you help? @AppleSupport th,OS_UPDATE_SYSTEM_PERFORMANCE,GENERAL_DEVICE_INQUIRY,OS_UPDATE_SYSTEM_PERFORMANCE,False,,PROCEED
CASE_006022,Has anyone else noticed since updating your #iOS that your alarm is sooo quiet?? I’m afraid I’m going to sleep through it even though my vol,AUDIO_SOUND_SPEAKER,OS_UPDATE_SYSTEM_PERFORMANCE,AUDIO_SOUND_SPEAKER,True,"AUDIO_SOUND_SPEAKER, HOW_TO_SETTINGS_CONFIGURATION",ESCALATE_MULTI_ISSUE
CASE_001270,@AppleSupport #iphone6 keeps rebooting and shows the loading screen. Happens every 2 mins! #Help!! @AppleSupport I’m on 11.1.2,DISPLAY_TOUCH_SCREEN,OS_UPDATE_SYSTEM_PERFORMANCE,OS_UPDATE_SYSTEM_PERFORMANCE,False,DISPLAY_TOUCH_SCREEN,PROCEED
CASE_000792,@AppleSupport my (photo) apps shut themselves all-the-time on my ipad pro. Frustrating!! Can't do my work. What's going on? #ios11 @AppleSup,ACCOUNT_APPLEID_ICLOUD,APP_CRASH_AND_DOWNLOAD,APP_CRASH_AND_DOWNLOAD,True,"ACCOUNT_APPLEID_ICLOUD, APP_CRASH_AND_DOWNLOAD",ESCALATE_MULTI_ISSUE
CASE_004687,@AppleSupport #ios11update - is still killing my battery within 12 hours - phone is 10 months old - it’s a disgrace - used to get 2 days @Ap,BATTERY_CHARGING_POWER,BATTERY_CHARGING_POWER,BATTERY_CHARGING_POWER,True,"KEYBOARD_TYPING_AUTOCORRECT, BATTERY_CHARGING_POWER",ESCALATE_MULTI_ISSUE
CASE_002957,@AppleSupport What’s the best way to clean a leather case for iPhone ?,GENERAL_DEVICE_INQUIRY,APP_CRASH_AND_DOWNLOAD,GENERAL_DEVICE_INQUIRY,False,,PROCEED
CASE_003336,"Holy god, I can’t access a pages doc that was created in ios10 on my iPad. It won’t open in 11. Sos help. #Apple #iOS11 #iOS10 @115858 @Appl",OS_UPDATE_SYSTEM_PERFORMANCE,OS_UPDATE_SYSTEM_PERFORMANCE,OS_UPDATE_SYSTEM_PERFORMANCE,False,,PROCEED
CASE_005226,"Mr. @116333 and @115858, I'm not sure what you're doing, but it's simply not acceptable that my #iPhone 6+ slows to a snails  pace after the",BATTERY_CHARGING_POWER,BATTERY_CHARGING_POWER,BATTERY_CHARGING_POWER,True,"BATTERY_CHARGING_POWER, APP_STORE_PURCHASES_BILLING",ESCALATE_MULTI_ISSUE
CASE_005177,It’s been two years since I️ hurt my back. Tonight I️ deadlifted 365. I️ am 35 pounds away from the weight that hurt me. I’m gonna get it. #,OS_UPDATE_SYSTEM_PERFORMANCE,OS_UPDATE_SYSTEM_PERFORMANCE,OS_UPDATE_SYSTEM_PERFORMANCE,False,,PROCEED
CASE_003749,"@AppleSupport - Can Apple Gift Card, issued after recycling iPad, be used online at Apple against price for new iPod? TYVM! @AppleSupport Do",GENERAL_DEVICE_INQUIRY,APP_STORE_PURCHASES_BILLING,GENERAL_DEVICE_INQUIRY,False,,PROCEED
CASE_006042,"@AppleSupport, your last 2 updates have made my phone useless. Get your 💩 together and fix it",GENERAL_DEVICE_INQUIRY,OS_UPDATE_SYSTEM_PERFORMANCE,OS_UPDATE_SYSTEM_PERFORMANCE,False,,PROCEED
CASE_005572,@115858 battery performance of my iPhone 7 + is bad after the software update (ios 11). What have you done? @AppleSupport I'm upset with wha,BATTERY_CHARGING_POWER,BATTERY_CHARGING_POWER,BATTERY_CHARGING_POWER,False,BATTERY_CHARGING_POWER,PROCEED
CASE_002295,Fix the damn lock screen bug already @115858 @AppleSupport My lock screen and clock just basically disappear. Don’t get notifications on my ,DISPLAY_TOUCH_SCREEN,DISPLAY_TOUCH_SCREEN,DISPLAY_TOUCH_SCREEN,False,DISPLAY_TOUCH_SCREEN,PROCEED
CASE_003365,"@AppleSupport for iOS 11, does the screen brightness constantly change itself on its own? Is there no way to lock it permanently?",DISPLAY_TOUCH_SCREEN,DISPLAY_TOUCH_SCREEN,DISPLAY_TOUCH_SCREEN,False,DISPLAY_TOUCH_SCREEN,PROCEED
CASE_005990,"I really need @115858 to fix the letter I and the calculator glitch. 🙄. @AppleSupport Ok, thank you. I️ haven’t updated to that version yet.",KEYBOARD_TYPING_AUTOCORRECT,OS_UPDATE_SYSTEM_PERFORMANCE,KEYBOARD_TYPING_AUTOCORRECT,False,KEYBOARD_TYPING_AUTOCORRECT,PROCEED
CASE_005644,Wtf @115858 the latest iPhone updates have been terrible!! It takes me 10minutes to text someone because my keyboard keeps freezing!!! @Appl,KEYBOARD_TYPING_AUTOCORRECT,KEYBOARD_TYPING_AUTOCORRECT,KEYBOARD_TYPING_AUTOCORRECT,False,KEYBOARD_TYPING_AUTOCORRECT,PROCEED
CASE_006008,Can @115858 maybe fix this I️ bs yet or @AppleSupport Thank you very much!,GENERAL_DEVICE_INQUIRY,GENERAL_DEVICE_INQUIRY,GENERAL_DEVICE_INQUIRY,False,,PROCEED
CASE_000868,"@AppleSupport how do I delete podcasts easily, now that edit button is gone? @AppleSupport Thanks",HOW_TO_SETTINGS_CONFIGURATION,GENERAL_DEVICE_INQUIRY,OS_UPDATE_SYSTEM_PERFORMANCE,False,HOW_TO_SETTINGS_CONFIGURATION,PROCEED
CASE_000437,Ever since I updated my phone to iOS 11 my phone has been slow AF. No @115858 you aren’t gonna make me buy the new iPhone I’m poor and total,OS_UPDATE_SYSTEM_PERFORMANCE,OS_UPDATE_SYSTEM_PERFORMANCE,OS_UPDATE_SYSTEM_PERFORMANCE,False,,PROCEED
CASE_005002,@AppleSupport can you please help me with my autocorrect issue like you helped @592259 I’m out here strugglinggg @AppleSupport Thank you! @5,KEYBOARD_TYPING_AUTOCORRECT,KEYBOARD_TYPING_AUTOCORRECT,KEYBOARD_TYPING_AUTOCORRECT,False,KEYBOARD_TYPING_AUTOCORRECT,PROCEED
CASE_003927,"@115858 !!!!! Fix this I️ nonsense!!! 
COME. ON. @497393 @497395 @115858 I know how to fix it @497394 @497393 @115858 If I have to change al",HOW_TO_SETTINGS_CONFIGURATION,GENERAL_DEVICE_INQUIRY,OS_UPDATE_SYSTEM_PERFORMANCE,False,HOW_TO_SETTINGS_CONFIGURATION,PROCEED
CASE_001349,"@AppleSupport this is serious, I take some cool pics with my phone and then they can’t be loaded... very upsetting smh rotten apple @AppleSu",GENERAL_DEVICE_INQUIRY,BATTERY_CHARGING_POWER,GENERAL_DEVICE_INQUIRY,False,,PROCEED
CASE_002664,"@AppleSupport so, you let me buy a book, pay for it, then tell me I’m not allowed to read it...
Please fix this or refund my $15. https://t.",APP_STORE_PURCHASES_BILLING,APP_STORE_PURCHASES_BILLING,APP_STORE_PURCHASES_BILLING,False,APP_STORE_PURCHASES_BILLING,PROCEED
CASE_000414,"As much as I love you @115858 IOS11.0.1 is really starting to bug me with all these crashes, might aswell have a windows phone #ios11problem",OS_UPDATE_SYSTEM_PERFORMANCE,APP_CRASH_AND_DOWNLOAD,APP_CRASH_AND_DOWNLOAD,False,APP_CRASH_AND_DOWNLOAD,PROCEED
CASE_003896,@AppleSupport @115858 excuse me can one of y’all explain this to me cause I’m getting real irritated 🤬 https://t.co/aK4zBy02qV @AppleSupport,GENERAL_DEVICE_INQUIRY,GENERAL_DEVICE_INQUIRY,GENERAL_DEVICE_INQUIRY,False,,PROCEED
CASE_005657,"Why don’t i have 280 characters ☹️ #IDontNeedIt #ITalkTooMuchAnyways @661397 Hahaha, it’s too much pressure anyways . @661398 i don’t want i",GENERAL_DEVICE_INQUIRY,KEYBOARD_TYPING_AUTOCORRECT,KEYBOARD_TYPING_AUTOCORRECT,False,,PROCEED
CASE_002749,@AppleSupport why is there noticeable latency in Notes 📝? Also it freezes and locks up upon first use after periods of unuse. @AppleSupport ,KEYBOARD_TYPING_AUTOCORRECT,OS_UPDATE_SYSTEM_PERFORMANCE,OS_UPDATE_SYSTEM_PERFORMANCE,False,KEYBOARD_TYPING_AUTOCORRECT,PROCEED
CASE_002544,@AppleSupport please add me to the list of people who are having their WiFi indicator in Control Center on when the WiFi is sposed to be OFF,CONNECTIVITY_WIFI_BLUETOOTH,CONNECTIVITY_WIFI_BLUETOOTH,CONNECTIVITY_WIFI_BLUETOOTH,False,CONNECTIVITY_WIFI_BLUETOOTH,PROCEED
CASE_000582,Here’s a thing: I updated to the new iPhone 11 OS and at the moment my Photos app on my desktop won’t read new photos. @115858? @AppleSuppor,OS_UPDATE_SYSTEM_PERFORMANCE,OS_UPDATE_SYSTEM_PERFORMANCE,OS_UPDATE_SYSTEM_PERFORMANCE,False,,PROCEED
CASE_005015,"@AppleSupport Could you please help with this … been going on since yesterday 😒 https://t.co/2upE4uEAIi @AppleSupport Sure, let me wait 3-4 ",GENERAL_DEVICE_INQUIRY,GENERAL_DEVICE_INQUIRY,GENERAL_DEVICE_INQUIRY,False,,PROCEED
CASE_002197,@115858 Why is my iPhone battery draining so rapidly after the update? @AppleSupport Thanks! I just updated to 11.0.3.,BATTERY_CHARGING_POWER,BATTERY_CHARGING_POWER,BATTERY_CHARGING_POWER,False,BATTERY_CHARGING_POWER,PROCEED
CASE_007092,@AppleSupport hi how do i clock billing info and update my payment information??? HELP I HAVENT HAD MUSIC FOR 2 WEEKS,APP_STORE_PURCHASES_BILLING,APP_STORE_PURCHASES_BILLING,APP_STORE_PURCHASES_BILLING,True,"APP_STORE_PURCHASES_BILLING, HOW_TO_SETTINGS_CONFIGURATION",ESCALATE_MULTI_ISSUE
CASE_000645,"@115858 I would like to turn off my Bluetooth and Wireless from the Quick Menu. As in turn off, not disconnect. Thank you! @AppleSupport Tha",CONNECTIVITY_WIFI_BLUETOOTH,CONNECTIVITY_WIFI_BLUETOOTH,CONNECTIVITY_WIFI_BLUETOOTH,False,CONNECTIVITY_WIFI_BLUETOOTH,PROCEED
CASE_002839,My Apple Music is not adding new songs and the radio isnt working either @115948 @AppleSupport @AppleSupport Thank you.,APP_STORE_PURCHASES_BILLING,APP_STORE_PURCHASES_BILLING,APP_STORE_PURCHASES_BILLING,False,APP_STORE_PURCHASES_BILLING,PROCEED
CASE_005646,Hey @115858 if I get what seems to be an iPhone message that “New Carrier Settings are Available” and select “update”. ... is this a valid i,CONNECTIVITY_WIFI_BLUETOOTH,OS_UPDATE_SYSTEM_PERFORMANCE,GENERAL_DEVICE_INQUIRY,False,HOW_TO_SETTINGS_CONFIGURATION,PROCEED
CASE_007553,"@115858 @AppleSupport 
I’m scared to update my phone to the newest update because many people lost all their data on their mobile  and the b",OS_UPDATE_SYSTEM_PERFORMANCE,OS_UPDATE_SYSTEM_PERFORMANCE,OS_UPDATE_SYSTEM_PERFORMANCE,False,HOW_TO_SETTINGS_CONFIGURATION,PROCEED
CASE_004274,Ok @AppleSupport I️ need y’all to fix this nonsense ! This question mark is driving me crazy! @AppleSupport Thank you !!,GENERAL_DEVICE_INQUIRY,GENERAL_DEVICE_INQUIRY,GENERAL_DEVICE_INQUIRY,False,,PROCEED
CASE_004147,@AppleSupport how can I air drop on iOS 11.0.3 @AppleSupport Thanks,OS_UPDATE_SYSTEM_PERFORMANCE,CONNECTIVITY_WIFI_BLUETOOTH,OS_UPDATE_SYSTEM_PERFORMANCE,False,HOW_TO_SETTINGS_CONFIGURATION,PROCEED
CASE_006096,@AppleSupport  since morning !!! What happened apple ?? Should be every week format my iPhone ?? https://t.co/IbuFcelDso,GENERAL_DEVICE_INQUIRY,GENERAL_DEVICE_INQUIRY,GENERAL_DEVICE_INQUIRY,False,,PROCEED
CASE_007635,@115858 how do you get a notification to disappear without a home button on the iPhone X? Nobody at Cardiff Apple store knew!!!!! #coulddoit,KEYBOARD_TYPING_AUTOCORRECT,APP_CRASH_AND_DOWNLOAD,HOW_TO_SETTINGS_CONFIGURATION,True,"DISPLAY_TOUCH_SCREEN, HOW_TO_SETTINGS_CONFIGURATION",ESCALATE_MULTI_ISSUE
CASE_004490,@115858 y’all working on these empty boxes yet big fella? @AppleSupport Aye! Y’all real! I appreciate it!,GENERAL_DEVICE_INQUIRY,GENERAL_DEVICE_INQUIRY,GENERAL_DEVICE_INQUIRY,False,,PROCEED
CASE_003491,"@115948 @AppleSupport hey guys, we've applied to Apple Music Connect but haven't heard back - what is your turnaround time? Cheers @AppleSup",CONNECTIVITY_WIFI_BLUETOOTH,CONNECTIVITY_WIFI_BLUETOOTH,APP_STORE_PURCHASES_BILLING,False,APP_STORE_PURCHASES_BILLING,PROCEED
CASE_003934,"When I️ type the letter i, the letter A pops up, @AppleSupport @115858 can anyone figure this out",KEYBOARD_TYPING_AUTOCORRECT,KEYBOARD_TYPING_AUTOCORRECT,KEYBOARD_TYPING_AUTOCORRECT,False,KEYBOARD_TYPING_AUTOCORRECT,PROCEED
CASE_007604,"Estimadas personas de @115858  y @AppleSupport, su iOS 11 provoca que los iPhone 6 se conviertan en una Olivetti Lettera 25 de 1982. Por su ",OS_UPDATE_SYSTEM_PERFORMANCE,GENERAL_DEVICE_INQUIRY,OS_UPDATE_SYSTEM_PERFORMANCE,False,,PROCEED
CASE_007146,@115858 please fix your stupid glitch everytime I️ MYSELF try to type i it ruins my tweets @115858 oh look it did it,OS_UPDATE_SYSTEM_PERFORMANCE,GENERAL_DEVICE_INQUIRY,KEYBOARD_TYPING_AUTOCORRECT,False,,PROCEED
CASE_007873,"@AppleSupport iMessage its not working on my iPhone 7, neither push notifications of Whatsapp and Facebook. Is the service down? @AppleSuppo",CONNECTIVITY_WIFI_BLUETOOTH,OS_UPDATE_SYSTEM_PERFORMANCE,GENERAL_DEVICE_INQUIRY,False,,PROCEED
CASE_004452,"@AppleSupport hi, when I go to ""Report a Problem"" about some of my receipts, I try to login and it keeps taking me back to login again @Appl",ACCOUNT_APPLEID_ICLOUD,ACCOUNT_APPLEID_ICLOUD,ACCOUNT_APPLEID_ICLOUD,False,,PROCEED
CASE_004175,MY KEYBOARD IS MESSED UP I️ CANT USE THE LETTER I️ https://t.co/OAxL4NjwOc @509721 its a glitch in ios 11 i think @509722 It is thank you I️,KEYBOARD_TYPING_AUTOCORRECT,KEYBOARD_TYPING_AUTOCORRECT,KEYBOARD_TYPING_AUTOCORRECT,False,KEYBOARD_TYPING_AUTOCORRECT,PROCEED
CASE_002541,"Hey, @AppleSupport: please don't mess with the playlists I spent years painstakingly compiling: songs labeled ""explicit"" keep disappearing. ",APP_STORE_PURCHASES_BILLING,APP_STORE_PURCHASES_BILLING,APP_STORE_PURCHASES_BILLING,False,,PROCEED
CASE_002650,"So new #iphone8Plus phone won’t update to iOS 11.03... On Wi-Fi, won’t get pass verification stage. #fail @115858 @AppleSupport @AppleSuppor",CONNECTIVITY_WIFI_BLUETOOTH,APP_STORE_PURCHASES_BILLING,CONNECTIVITY_WIFI_BLUETOOTH,True,"CONNECTIVITY_WIFI_BLUETOOTH, APP_STORE_PURCHASES_BILLING",ESCALATE_MULTI_ISSUE
CASE_006400,So close to switching back to an Andorid.. @115858 gives me more problems than anything. Woke up and my phone said I don't have an apple mus,APP_STORE_PURCHASES_BILLING,APP_STORE_PURCHASES_BILLING,APP_STORE_PURCHASES_BILLING,False,APP_STORE_PURCHASES_BILLING,PROCEED
CASE_001949,"iOS 11 is the patience school I never went to, works at a pace on iPhone6+ which forces your to slow down &amp; notice life around you. @115",OS_UPDATE_SYSTEM_PERFORMANCE,OS_UPDATE_SYSTEM_PERFORMANCE,OS_UPDATE_SYSTEM_PERFORMANCE,False,,PROCEED
CASE_001480,"12 steps and Im still in bed @AppleSupport https://t.co/9K9sICmx6C @AppleSupport Yep, I usually check my health app once a week",GENERAL_DEVICE_INQUIRY,HOW_TO_SETTINGS_CONFIGURATION,HOW_TO_SETTINGS_CONFIGURATION,False,,PROCEED
CASE_006935,Please @115858 fix the need to restart my 10.5 iPad Pro because the Smart Keyboard stops working. @AppleSupport I seem to get it when moving,KEYBOARD_TYPING_AUTOCORRECT,KEYBOARD_TYPING_AUTOCORRECT,KEYBOARD_TYPING_AUTOCORRECT,True,"KEYBOARD_TYPING_AUTOCORRECT, CONNECTIVITY_WIFI_BLUETOOTH",ESCALATE_MULTI_ISSUE
CASE_002788,the iOS 11 update got my phone dying every 10 minutes🤦🏽‍♀️ @AppleSupport @AppleSupport 11.0.3,BATTERY_CHARGING_POWER,OS_UPDATE_SYSTEM_PERFORMANCE,OS_UPDATE_SYSTEM_PERFORMANCE,False,,PROCEED
CASE_001142,OK @AppleSupport After latest security updates Safari crashes.. over and over and over.. have cleared all history - no avail… Have sent in m,APP_CRASH_AND_DOWNLOAD,APP_CRASH_AND_DOWNLOAD,APP_CRASH_AND_DOWNLOAD,False,APP_CRASH_AND_DOWNLOAD,PROCEED
CASE_007221,"@AppleSupport my phone is tripping @AppleSupport Doesn’t let me drop my notifications bar, keeps freezing and not letting my print through a",GENERAL_DEVICE_INQUIRY,APP_CRASH_AND_DOWNLOAD,DISPLAY_TOUCH_SCREEN,False,,PROCEED
CASE_006581,"@AppleSupport I get a notification showing my iCloud storage is almost full. How do I see the contents of iCloud, I login via my computer bu",ACCOUNT_APPLEID_ICLOUD,ACCOUNT_APPLEID_ICLOUD,ACCOUNT_APPLEID_ICLOUD,True,"ACCOUNT_APPLEID_ICLOUD, HOW_TO_SETTINGS_CONFIGURATION",ESCALATE_MULTI_ISSUE
CASE_002741,@115858 if there’s a way to still turn auto brightness off even tho the button has disappeared plz let me know this is beyond frustrating,DISPLAY_TOUCH_SCREEN,DISPLAY_TOUCH_SCREEN,DISPLAY_TOUCH_SCREEN,False,DISPLAY_TOUCH_SCREEN,PROCEED
CASE_004103,"@AppleSupport hey... fix the “A and the boxed question mark” thing. Plz. @AppleSupport Good stuff, thank you!",GENERAL_DEVICE_INQUIRY,GENERAL_DEVICE_INQUIRY,GENERAL_DEVICE_INQUIRY,False,,PROCEED
CASE_007465,Why MY pictures in MY camera roll have to load? Pictures be blurry and shit. I️ be thinking my stuff came out trash but they buffering. @115,DISPLAY_TOUCH_SCREEN,CONNECTIVITY_WIFI_BLUETOOTH,ACCOUNT_APPLEID_ICLOUD,False,ACCOUNT_APPLEID_ICLOUD,PROCEED
CASE_000060,Update failed continuously please help @115858 #apple #appleindia https://t.co/1GXRcPyYkX @115858 Thank you for your quick reply. Problem so,OS_UPDATE_SYSTEM_PERFORMANCE,OS_UPDATE_SYSTEM_PERFORMANCE,OS_UPDATE_SYSTEM_PERFORMANCE,False,,PROCEED
CASE_001705,"@AppleSupport my iPhone has a weird white/grey line that goes from the bottom to the middle of the screen, and the volume box is stuck in th",AUDIO_SOUND_SPEAKER,DISPLAY_TOUCH_SCREEN,DISPLAY_TOUCH_SCREEN,True,"DISPLAY_TOUCH_SCREEN, AUDIO_SOUND_SPEAKER, HOW_TO_SETTINGS_CONFIGURATION",ESCALATE_MULTI_ISSUE
CASE_002654,"Apple, the default wallpapers of iOS 11 are so weird. Could you make them more like macOS style? I mean, please don't remove the classic one",OS_UPDATE_SYSTEM_PERFORMANCE,GENERAL_DEVICE_INQUIRY,GENERAL_DEVICE_INQUIRY,False,,PROCEED
CASE_005470,Hey .@115858 fix the I️ that becomes an A. @AppleSupport @643239 What about fixing I.t ????? @AppleSupport @643239 Do I️ really need to back,APP_STORE_PURCHASES_BILLING,OS_UPDATE_SYSTEM_PERFORMANCE,OS_UPDATE_SYSTEM_PERFORMANCE,False,APP_STORE_PURCHASES_BILLING,PROCEED
CASE_004747,This new iOS update crash my phone @AppleSupport 😠😠 so mad!!! It won’t even turn back on! @AppleSupport It worked! Thanks a lot! 🙏🏽,APP_CRASH_AND_DOWNLOAD,APP_CRASH_AND_DOWNLOAD,APP_CRASH_AND_DOWNLOAD,False,APP_CRASH_AND_DOWNLOAD,PROCEED
CASE_007549,@AppleSupport after updating to iOS 11.1 no service on my iPhone 7 Plus @AppleSupport Resolved it was carriers fault #sorry,CONNECTIVITY_WIFI_BLUETOOTH,CONNECTIVITY_WIFI_BLUETOOTH,CONNECTIVITY_WIFI_BLUETOOTH,False,CONNECTIVITY_WIFI_BLUETOOTH,PROCEED
CASE_002707,"New iOS has pretty much slowed my phone down, made everything clunky &amp; doesn’t work. Good job @AppleSupport @115858 #iOS11 #Apple #Apple",DISPLAY_TOUCH_SCREEN,APP_CRASH_AND_DOWNLOAD,DISPLAY_TOUCH_SCREEN,False,DISPLAY_TOUCH_SCREEN,PROCEED
CASE_003101,"i finally updated my mac. it should've updated to High Sierra but it updated to El Capitan so wtf @115858? @AppleSupport haha, thanks, but i",OS_UPDATE_SYSTEM_PERFORMANCE,OS_UPDATE_SYSTEM_PERFORMANCE,OS_UPDATE_SYSTEM_PERFORMANCE,False,,PROCEED
CASE_005438,"This whole .@115858 glitch is an absolute nightmare. Please send an update for “I” ... sincerely, SID’s everywhere @AppleSupport It still sh",OS_UPDATE_SYSTEM_PERFORMANCE,OS_UPDATE_SYSTEM_PERFORMANCE,OS_UPDATE_SYSTEM_PERFORMANCE,False,,PROCEED
CASE_007109,@AppleSupport After updating I can’t select a provider on my SE anymore. Only WiFi on my phone noe. This is not funny. HELP!!!!! @AppleSuppo,CONNECTIVITY_WIFI_BLUETOOTH,CONNECTIVITY_WIFI_BLUETOOTH,CONNECTIVITY_WIFI_BLUETOOTH,False,CONNECTIVITY_WIFI_BLUETOOTH,PROCEED
CASE_000685,@115858 can y’all please make an update that WORKS my maps keep crashing i’m trying to find the most efficient way to get to a d*ck APPT!!!!,APP_CRASH_AND_DOWNLOAD,OS_UPDATE_SYSTEM_PERFORMANCE,APP_CRASH_AND_DOWNLOAD,False,APP_CRASH_AND_DOWNLOAD,PROCEED
CASE_004051,@AppleSupport  why on social media is the letter following “h” being converted to this I️ @AppleSupport And it’s different symbols on differ,GENERAL_DEVICE_INQUIRY,GENERAL_DEVICE_INQUIRY,KEYBOARD_TYPING_AUTOCORRECT,False,,PROCEED
CASE_006937,@AppleSupport The battery on my iPhone diminishes precipitously – what’s the best way to check if I need to buy a new one? @AppleSupport Tha,BATTERY_CHARGING_POWER,BATTERY_CHARGING_POWER,BATTERY_CHARGING_POWER,False,BATTERY_CHARGING_POWER,PROCEED
CASE_000098,@AppleSupport when are u releasing fix for #iOS #1103 ? it sucks @AppleSupport Thanks hope it addresses my concerns. PS the QA should be fir,GENERAL_DEVICE_INQUIRY,OS_UPDATE_SYSTEM_PERFORMANCE,OS_UPDATE_SYSTEM_PERFORMANCE,False,,PROCEED
CASE_003646,@AppleSupport fix this. I’m tired of the explanation point and question mark in the box problem https://t.co/20engdchOY,GENERAL_DEVICE_INQUIRY,GENERAL_DEVICE_INQUIRY,GENERAL_DEVICE_INQUIRY,False,,PROCEED
CASE_004009,help me pls!! @115858 @AppleSupport https://t.co/rowd3uS2Wa,GENERAL_DEVICE_INQUIRY,GENERAL_DEVICE_INQUIRY,GENERAL_DEVICE_INQUIRY,False,,PROCEED
CASE_000372,@AppleSupport my iPhone X already has an issue.There is a green bar along the right hand side of the phone.Restart doesn’t fix. Known issue?,BATTERY_CHARGING_POWER,BATTERY_CHARGING_POWER,BATTERY_CHARGING_POWER,True,"BATTERY_CHARGING_POWER, DISPLAY_TOUCH_SCREEN",ESCALATE_MULTI_ISSUE
CASE_003037,"@AppleSupport I'm at iOS 11.0.3.
I need to go back to iOS 10. Please provide me instructions to install iOS 10. 
Thank you. @AppleSupport Th",OS_UPDATE_SYSTEM_PERFORMANCE,OS_UPDATE_SYSTEM_PERFORMANCE,OS_UPDATE_SYSTEM_PERFORMANCE,False,,PROCEED
CASE_003699,@AppleSupport it just started for me tonight. The I = I️ needs to be fixed asap https://t.co/tWRSsqc1Lu @AppleSupport Thanks @AppleSupport T,OS_UPDATE_SYSTEM_PERFORMANCE,GENERAL_DEVICE_INQUIRY,GENERAL_DEVICE_INQUIRY,False,,PROCEED
CASE_001312,"Could you kindly remind me how to turn off several “apps” that load in Messages on iOS? Can’t 3d press to delete, can’t drag out of the gutt",HOW_TO_SETTINGS_CONFIGURATION,OS_UPDATE_SYSTEM_PERFORMANCE,OS_UPDATE_SYSTEM_PERFORMANCE,False,HOW_TO_SETTINGS_CONFIGURATION,PROCEED
CASE_007855,@AppleSupport hi I purchased an Apple Watch on line nearly a week ago which you sent Sunday via @122232 which they have failed to deliver or,APP_STORE_PURCHASES_BILLING,APP_STORE_PURCHASES_BILLING,APP_STORE_PURCHASES_BILLING,False,,PROCEED
CASE_001300,"@AppleSupport 
Please help me my phone makes restart with itself every minute 😭😭 @AppleSupport Okay thanks for this reply and being here",OS_UPDATE_SYSTEM_PERFORMANCE,GENERAL_DEVICE_INQUIRY,GENERAL_DEVICE_INQUIRY,False,,PROCEED
CASE_002555,@AppleSupport any suggestions as to why my monitors won't recognise thunderbolt display port cables anymore? 2013 MacBook Pro. @AppleSupport,BATTERY_CHARGING_POWER,DISPLAY_TOUCH_SCREEN,DISPLAY_TOUCH_SCREEN,True,"BATTERY_CHARGING_POWER, DISPLAY_TOUCH_SCREEN",ESCALATE_MULTI_ISSUE
CASE_002482,@AppleSupport My iPhone doesn’t have an App Store. I don’t understand what is happening. @AppleSupport I fixed it.,APP_STORE_PURCHASES_BILLING,APP_STORE_PURCHASES_BILLING,APP_STORE_PURCHASES_BILLING,False,APP_STORE_PURCHASES_BILLING,PROCEED
CASE_006187,Thanks @AppleSupport for screwing with my iCloud email. Can’t access it for 20 hours now! @AppleSupport Managed to log in through the browse,ACCOUNT_APPLEID_ICLOUD,ACCOUNT_APPLEID_ICLOUD,ACCOUNT_APPLEID_ICLOUD,False,ACCOUNT_APPLEID_ICLOUD,PROCEED
CASE_002689,@115858 @AppleSupport I’m not upgrading my iCloud storage. How can I stop getting these notifications?? It’s incredible annoying.,ACCOUNT_APPLEID_ICLOUD,ACCOUNT_APPLEID_ICLOUD,ACCOUNT_APPLEID_ICLOUD,True,"ACCOUNT_APPLEID_ICLOUD, HOW_TO_SETTINGS_CONFIGURATION",ESCALATE_MULTI_ISSUE
CASE_006569,"#Apple making go round in circles when I reported problem in IPhone 7 Plus, guess they are too busy promoting their IPhone10 @AppleSupport @",GENERAL_DEVICE_INQUIRY,GENERAL_DEVICE_INQUIRY,GENERAL_DEVICE_INQUIRY,False,,PROCEED
CASE_005949,lm using lowercase L’s as l’s until @AppleSupport fixes this question mark shit😑 @AppleSupport I mean .... several ppl have since informed m,GENERAL_DEVICE_INQUIRY,GENERAL_DEVICE_INQUIRY,GENERAL_DEVICE_INQUIRY,False,,PROCEED
CASE_004424,@115858 FIX THIS I️ BS. It’s annoying as hell. @AppleSupport Thank you. I will give that a try. So far I keep selecting the real “I” to the ,KEYBOARD_TYPING_AUTOCORRECT,KEYBOARD_TYPING_AUTOCORRECT,KEYBOARD_TYPING_AUTOCORRECT,False,KEYBOARD_TYPING_AUTOCORRECT,PROCEED
CASE_004218,I️ need to figure out how to fix my phone. This glitch is pissing me off. FIX IT! @115858 @AppleSupport Thank you!,OS_UPDATE_SYSTEM_PERFORMANCE,GENERAL_DEVICE_INQUIRY,OS_UPDATE_SYSTEM_PERFORMANCE,False,HOW_TO_SETTINGS_CONFIGURATION,PROCEED
CASE_007348,F*cking #Apple lying to me about #Bluetooth being off. No wonder my battery is draining like nobody’s business. If I switch Bluetooth off I ,BATTERY_CHARGING_POWER,CONNECTIVITY_WIFI_BLUETOOTH,CONNECTIVITY_WIFI_BLUETOOTH,True,"BATTERY_CHARGING_POWER, CONNECTIVITY_WIFI_BLUETOOTH, HOW_TO_SETTINGS_CONFIGURATION",ESCALATE_MULTI_ISSUE
CASE_002243,yo @115858 wtf is this all about? new iphone comes out &amp; my old iphone goes to shit! https://t.co/l4oqwsibF8,GENERAL_DEVICE_INQUIRY,GENERAL_DEVICE_INQUIRY,GENERAL_DEVICE_INQUIRY,False,,PROCEED
CASE_002945,@AppleSupport my Watch series 0 won’t boot up - it just flashes the Apple Logo and then goes black again :( @AppleSupport Thanks I’ve tried ,GENERAL_DEVICE_INQUIRY,GENERAL_DEVICE_INQUIRY,GENERAL_DEVICE_INQUIRY,False,,PROCEED
CASE_007416,"iOS 11.0.3 sucks big time: after 20min of usage, the battery is done from 100 to 81%. Really @115858 @AppleSupport? #fail @115858 @AppleSupp",BATTERY_CHARGING_POWER,BATTERY_CHARGING_POWER,BATTERY_CHARGING_POWER,False,BATTERY_CHARGING_POWER,PROCEED
CASE_006414,@AppleSupport why does iOS 11.1.1 insist on turning on my bluetooth without my consent? Anytime I get near a bluetooth device it turns on. A,BATTERY_CHARGING_POWER,BATTERY_CHARGING_POWER,BATTERY_CHARGING_POWER,True,"BATTERY_CHARGING_POWER, CONNECTIVITY_WIFI_BLUETOOTH, HOW_TO_SETTINGS_CONFIGURATION",ESCALATE_MULTI_ISSUE
CASE_002022,@AppleSupport hi is this something i need to worry about or is it a fake? https://t.co/IxiJjP5cNt @AppleSupport great thanks!,GENERAL_DEVICE_INQUIRY,GENERAL_DEVICE_INQUIRY,GENERAL_DEVICE_INQUIRY,False,,PROCEED
CASE_006797,@115858 well you’ve outdone yourselves on shocking service for a faulty 3 month old iPhone that I’m stuck with yet you have my money. @1647 ,APP_CRASH_AND_DOWNLOAD,APP_STORE_PURCHASES_BILLING,GENERAL_DEVICE_INQUIRY,False,,PROCEED
CASE_006926,@AppleSupport will you please fix this shit! 👇🏻 Why is there an effing boxed question mark every time the letter “I️” is used?! @115858 http,GENERAL_DEVICE_INQUIRY,OS_UPDATE_SYSTEM_PERFORMANCE,OS_UPDATE_SYSTEM_PERFORMANCE,False,,PROCEED
CASE_000164,@AppleSupport The last upgrade really messed up my macbook. It works way too slower and spends 10%~/h charge. Is it normal? @AppleSupport I ,BATTERY_CHARGING_POWER,BATTERY_CHARGING_POWER,BATTERY_CHARGING_POWER,False,BATTERY_CHARGING_POWER,PROCEED
CASE_001960,@AppleSupport I can’t seem to change my push notifications for my emails. The option to do this is no longer their in settings? 🤔 @AppleSupp,KEYBOARD_TYPING_AUTOCORRECT,HOW_TO_SETTINGS_CONFIGURATION,HOW_TO_SETTINGS_CONFIGURATION,False,HOW_TO_SETTINGS_CONFIGURATION,PROCEED
CASE_002321,I’m assuming someone has told @115858 that the latest iOS update is terrible @342218 @115858 My phone and iPad have turned into very expensi,KEYBOARD_TYPING_AUTOCORRECT,BATTERY_CHARGING_POWER,BATTERY_CHARGING_POWER,True,"KEYBOARD_TYPING_AUTOCORRECT, BATTERY_CHARGING_POWER, CONNECTIVITY_WIFI_BLUETOOTH, DISPLAY_TOUCH_SCREEN, APP_STORE_PURCHASES_BILLING, HOW_TO_SETTINGS_CONFIGURATION",ESCALATE_MULTI_ISSUE
CASE_002443,Why is my new @115858 tv 4K endlessly “loading”  when selecting the 4K hdr section of iTunes?rebooted from settings many times @AppleSupport,APP_STORE_PURCHASES_BILLING,GENERAL_DEVICE_INQUIRY,APP_STORE_PURCHASES_BILLING,True,"APP_STORE_PURCHASES_BILLING, HOW_TO_SETTINGS_CONFIGURATION",ESCALATE_MULTI_ISSUE
CASE_002113,What’s up with this update @115858 I set the brightness to halfway and it goes full brightness wtf #killingmybattery plz fix @AppleSupport T,DISPLAY_TOUCH_SCREEN,DISPLAY_TOUCH_SCREEN,DISPLAY_TOUCH_SCREEN,False,,PROCEED
CASE_002551,@AppleSupport Are you experiencing high complaints on the new IOS draining the battery rather quick? Cause I’m having this issue. 6s owner. ,BATTERY_CHARGING_POWER,BATTERY_CHARGING_POWER,BATTERY_CHARGING_POWER,False,BATTERY_CHARGING_POWER,PROCEED
CASE_003045,@115858 has taken my perfectly good working iPhone and turned it into a piece of crap with its new IOS11. It was seamless and now it useless,OS_UPDATE_SYSTEM_PERFORMANCE,OS_UPDATE_SYSTEM_PERFORMANCE,GENERAL_DEVICE_INQUIRY,False,,PROCEED
CASE_005346,"LOOK @115858 YALL ARE ABOUT TO PISS ME OFF WITH MY I️’s GLITCHING. FIX IT. @AppleSupport So basically, every time I respond to my boss, I ha",GENERAL_DEVICE_INQUIRY,KEYBOARD_TYPING_AUTOCORRECT,KEYBOARD_TYPING_AUTOCORRECT,False,,PROCEED
CASE_007707,🚨🚨New #Iphone #update is going to fuck up your phone ! @115858 @AppleSupport #apple where is my music ?! @AppleSupport Apple music. Seems to,APP_STORE_PURCHASES_BILLING,APP_STORE_PURCHASES_BILLING,APP_STORE_PURCHASES_BILLING,False,APP_STORE_PURCHASES_BILLING,PROCEED
CASE_007533,@AppleSupport i have my trade in kit to send back my old iphone but do i keep the SIM card or ship that back as well? a little confused @App,GENERAL_DEVICE_INQUIRY,HOW_TO_SETTINGS_CONFIGURATION,GENERAL_DEVICE_INQUIRY,False,,PROCEED
CASE_000165,@AppleSupport iOS 11 has some issues the phone hits and runs up battery very fast  when ever music is on for some time yet it was not with i,BATTERY_CHARGING_POWER,APP_STORE_PURCHASES_BILLING,BATTERY_CHARGING_POWER,True,"BATTERY_CHARGING_POWER, HOW_TO_SETTINGS_CONFIGURATION",ESCALATE_MULTI_ISSUE
CASE_004249,@115858 @AppleSupport so aaaaa what’s up with this “A ?” crapola? I️ @AppleSupport Thank you,GENERAL_DEVICE_INQUIRY,GENERAL_DEVICE_INQUIRY,GENERAL_DEVICE_INQUIRY,False,,PROCEED
CASE_007474,My ipod is having issues loading songs. Oddly only the songs I didnt rip from CDs are affected.  Well played @115858 well played..... @Apple,APP_STORE_PURCHASES_BILLING,APP_STORE_PURCHASES_BILLING,APP_STORE_PURCHASES_BILLING,False,,PROCEED
CASE_000526,@AppleSupport will you fix this with the 11.0.2 versión? @115858 @119459 https://t.co/yfVz0Effqi @AppleSupport @115858 @119459  https://t.co,GENERAL_DEVICE_INQUIRY,DISPLAY_TOUCH_SCREEN,GENERAL_DEVICE_INQUIRY,False,,PROCEED
CASE_001635,"@AppleSupport Apple pay, trying add my card after loading device backup from iPhone 7 to X, incorrect card showing on file. Unable to see wh",APP_STORE_PURCHASES_BILLING,APP_STORE_PURCHASES_BILLING,APP_STORE_PURCHASES_BILLING,False,,PROCEED
CASE_005260,"@AppleSupport Hey, guys. I was just wondering: is it just me or is there an issue with 3D Touch and the Messages app? When I do the shortcut",DISPLAY_TOUCH_SCREEN,APP_CRASH_AND_DOWNLOAD,DISPLAY_TOUCH_SCREEN,False,DISPLAY_TOUCH_SCREEN,PROCEED
CASE_003890,Hi @AppleSupport! I️ updated to 11.1 and my phone is doing this &amp; I️ am seeing a lot of ?s https://t.co/outbcoIEqX @AppleSupport That he,GENERAL_DEVICE_INQUIRY,GENERAL_DEVICE_INQUIRY,OS_UPDATE_SYSTEM_PERFORMANCE,False,,PROCEED
CASE_003567,.@115858 PRETTY PLEASE fix up these activation servers!? I really need to send @63020 Animoji! @AppleSupport all good now thanks. i’ve been ,GENERAL_DEVICE_INQUIRY,GENERAL_DEVICE_INQUIRY,GENERAL_DEVICE_INQUIRY,False,,PROCEED
CASE_002014,@AppleSupport whenever I take screenshots on my iPhone 7 it takes a screenshot but goes grey? And my phone keeps freezing 😭 @AppleSupport It,APP_CRASH_AND_DOWNLOAD,GENERAL_DEVICE_INQUIRY,GENERAL_DEVICE_INQUIRY,False,,PROCEED
CASE_003803,@AppleSupport @115858 What happened to my battery in iPhone 6s after ios 11 update?? @AppleSupport 11.0.3 - since I’ve change to 11 my batte,BATTERY_CHARGING_POWER,BATTERY_CHARGING_POWER,BATTERY_CHARGING_POWER,False,BATTERY_CHARGING_POWER,PROCEED
CASE_007551,"@115858 saludos,es que tengo un problema con mi iPhone,y lo que ocurre es que no puedo llamar ni recibir llamadas,y no sé qué más hacer,ya q",OS_UPDATE_SYSTEM_PERFORMANCE,GENERAL_DEVICE_INQUIRY,GENERAL_DEVICE_INQUIRY,False,,PROCEED
CASE_006743,"WTF...I can't switch to my new phone because iTunes says the backup from my iPhone 7 isn't compatible with iPhone X. What gives, @AppleSuppo",APP_STORE_PURCHASES_BILLING,APP_STORE_PURCHASES_BILLING,APP_STORE_PURCHASES_BILLING,False,APP_STORE_PURCHASES_BILLING,PROCEED
CASE_003488,"@AppleSupport my headphones don’t want to work properly since updating to iOS 11, please help @AppleSupport They’re working right now",AUDIO_SOUND_SPEAKER,AUDIO_SOUND_SPEAKER,AUDIO_SOUND_SPEAKER,False,AUDIO_SOUND_SPEAKER,PROCEED
CASE_000990,Trying to reset a fingerprint and @115858 is unable to read it &amp; asking me to try another finger?!? My thumb is my most used finger wtf ,DISPLAY_TOUCH_SCREEN,DISPLAY_TOUCH_SCREEN,GENERAL_DEVICE_INQUIRY,False,,PROCEED
CASE_007583,@AppleSupport question! On the #iPhoneX when I receive texts from android users I’ve been experiencing their replies coming double! Any news,OS_UPDATE_SYSTEM_PERFORMANCE,OS_UPDATE_SYSTEM_PERFORMANCE,GENERAL_DEVICE_INQUIRY,False,,PROCEED
CASE_002531,Swear to god if my phone freezes one more time I’m switching to android. This update is shit @115858,OS_UPDATE_SYSTEM_PERFORMANCE,OS_UPDATE_SYSTEM_PERFORMANCE,APP_CRASH_AND_DOWNLOAD,False,,PROCEED
CASE_003425,@115858 so is there an update coming to fix the keyboard? Some letters don’t work. @AppleSupport Thank you! Check the DM!!!,KEYBOARD_TYPING_AUTOCORRECT,KEYBOARD_TYPING_AUTOCORRECT,KEYBOARD_TYPING_AUTOCORRECT,False,KEYBOARD_TYPING_AUTOCORRECT,PROCEED
CASE_006528,Hey @AppleSupport is the incapability of streaming music via bluetooth in my car a new feature of iOS 11? And I thought all the bugs would b,AUDIO_SOUND_SPEAKER,AUDIO_SOUND_SPEAKER,AUDIO_SOUND_SPEAKER,True,"CONNECTIVITY_WIFI_BLUETOOTH, AUDIO_SOUND_SPEAKER",ESCALATE_MULTI_ISSUE
CASE_002219,@AppleSupport Emergency alerts distracted me twice during a 25-minute drive with CarPlay today. I never want that again. #distracteddriving ,GENERAL_DEVICE_INQUIRY,AUDIO_SOUND_SPEAKER,GENERAL_DEVICE_INQUIRY,False,,PROCEED
CASE_001676,"@AppleSupport If I stop iCloud and have the pics moved to my laptop will those pics be deleted? @AppleSupport Yes, my iPhone. I had signed o",ACCOUNT_APPLEID_ICLOUD,ACCOUNT_APPLEID_ICLOUD,ACCOUNT_APPLEID_ICLOUD,False,ACCOUNT_APPLEID_ICLOUD,PROCEED
CASE_001235,My iphone 6s keeps on crashing after the ios11.1.2 update. Help pls @AppleSupport @AppleSupport Thanks @AppleSupport . I disallowed all noti,APP_CRASH_AND_DOWNLOAD,APP_CRASH_AND_DOWNLOAD,APP_CRASH_AND_DOWNLOAD,False,APP_CRASH_AND_DOWNLOAD,PROCEED
CASE_006020,@115858 please fix this “I️”  shit. I’m going fucking crazy,GENERAL_DEVICE_INQUIRY,GENERAL_DEVICE_INQUIRY,GENERAL_DEVICE_INQUIRY,False,,PROCEED
CASE_006469,@AppleSupport why am I not getting any notifications from messages or Snapchat specifically since I updated the newest iOS? @AppleSupport 11,KEYBOARD_TYPING_AUTOCORRECT,KEYBOARD_TYPING_AUTOCORRECT,OS_UPDATE_SYSTEM_PERFORMANCE,False,HOW_TO_SETTINGS_CONFIGURATION,PROCEED
CASE_004058,@AppleSupport how can I turn off AssistiveTouch on the iPhone X? I can't find any support articles and I can't turn it off.,HOW_TO_SETTINGS_CONFIGURATION,HOW_TO_SETTINGS_CONFIGURATION,HOW_TO_SETTINGS_CONFIGURATION,False,HOW_TO_SETTINGS_CONFIGURATION,PROCEED
CASE_005319,"@115858 @AppleSupport how do I️ fix this, that’s an i btw thx a loyal user @AppleSupport Thanks v much #greatCX",HOW_TO_SETTINGS_CONFIGURATION,GENERAL_DEVICE_INQUIRY,HOW_TO_SETTINGS_CONFIGURATION,False,HOW_TO_SETTINGS_CONFIGURATION,PROCEED
CASE_005115,"When you get the iPhone 8 plus and scratch the screen the day after.... @115858 @AppleSupport @AppleSupport Will do, thank you.",DISPLAY_TOUCH_SCREEN,DISPLAY_TOUCH_SCREEN,DISPLAY_TOUCH_SCREEN,False,DISPLAY_TOUCH_SCREEN,PROCEED
CASE_002759,How does my iPhone go from 24% to 20% to 18% to 17% all in a minute while being on a charger? I need answers @115858 !!!,BATTERY_CHARGING_POWER,BATTERY_CHARGING_POWER,BATTERY_CHARGING_POWER,False,BATTERY_CHARGING_POWER,PROCEED
CASE_000892,"@AppleSupport hi, can’t update apps on the app store the loading icon stays on a loop and blue filling not showing iPhone 6S iOS 11.0.1 @App",CONNECTIVITY_WIFI_BLUETOOTH,AUDIO_SOUND_SPEAKER,CONNECTIVITY_WIFI_BLUETOOTH,True,"CONNECTIVITY_WIFI_BLUETOOTH, APP_STORE_PURCHASES_BILLING",ESCALATE_MULTI_ISSUE
CASE_002067,#Xcode crashes when trying to change #UITableView Style to Grouped. Did anyone face this issue before? #iOS #iPhone @115858 #iosDeveloper ht,APP_CRASH_AND_DOWNLOAD,APP_CRASH_AND_DOWNLOAD,APP_CRASH_AND_DOWNLOAD,False,APP_CRASH_AND_DOWNLOAD,PROCEED
CASE_000947,@AppleSupport why the location isn’t accurate on apple maps as well as on google maps post ios11 update? @AppleSupport it doesn’t.when locat,OS_UPDATE_SYSTEM_PERFORMANCE,OS_UPDATE_SYSTEM_PERFORMANCE,HOW_TO_SETTINGS_CONFIGURATION,False,HOW_TO_SETTINGS_CONFIGURATION,PROCEED
CASE_001478,"@AppleSupport is there a reason I cannot disable YouTube in iMessage apps? If I tap the on/off button long enough, I do get some response th",OS_UPDATE_SYSTEM_PERFORMANCE,GENERAL_DEVICE_INQUIRY,OS_UPDATE_SYSTEM_PERFORMANCE,False,,PROCEED
CASE_000758,@AppleSupport @115858 is this a scam or not.... https://t.co/TbGiYOTkl6 @AppleSupport Thank you! 😊,GENERAL_DEVICE_INQUIRY,GENERAL_DEVICE_INQUIRY,GENERAL_DEVICE_INQUIRY,False,,PROCEED
CASE_005111,@AppleSupport Is there a way to stop the brightness repeatedly changing itself in the latest update? It’s so stupid and annoying. @AppleSupp,DISPLAY_TOUCH_SCREEN,DISPLAY_TOUCH_SCREEN,DISPLAY_TOUCH_SCREEN,False,,PROCEED
CASE_005252,@AppleSupport hi I left a private message 2hrs ago. Can you advise how long until I get a reply?,GENERAL_DEVICE_INQUIRY,HOW_TO_SETTINGS_CONFIGURATION,HOW_TO_SETTINGS_CONFIGURATION,False,,PROCEED
CASE_007192,"@AppleSupport Hi, is there anything I need to do with my iPhone before trading it for a new phone? like restoring the phone, etc? @AppleSupp",GENERAL_DEVICE_INQUIRY,GENERAL_DEVICE_INQUIRY,GENERAL_DEVICE_INQUIRY,False,,PROCEED
CASE_002606,Ok now that iOS 11 is out how do I turn off auto brightness @AppleSupport @AppleSupport I know how to do that but my brightness automaticall,BATTERY_CHARGING_POWER,DISPLAY_TOUCH_SCREEN,DISPLAY_TOUCH_SCREEN,True,"BATTERY_CHARGING_POWER, DISPLAY_TOUCH_SCREEN, HOW_TO_SETTINGS_CONFIGURATION",ESCALATE_MULTI_ISSUE
CASE_006030,"@AppleSupport the iOS 11.0.3 update, how the screen looks going back to home, is seriously messing with my #Menieres disease. How to fix? @A",DISPLAY_TOUCH_SCREEN,OS_UPDATE_SYSTEM_PERFORMANCE,DISPLAY_TOUCH_SCREEN,True,"DISPLAY_TOUCH_SCREEN, HOW_TO_SETTINGS_CONFIGURATION",ESCALATE_MULTI_ISSUE
CASE_000482,Hi @AppleSupport. Another day another painful bug. IOS messages app just showing phone numbers not names! @AppleSupport Have restated severa,OS_UPDATE_SYSTEM_PERFORMANCE,DISPLAY_TOUCH_SCREEN,DISPLAY_TOUCH_SCREEN,False,HOW_TO_SETTINGS_CONFIGURATION,PROCEED
CASE_006628,Started my MacBook software update. Then this happened..... and it is still going on! What now? 🙈 @115858 https://t.co/uLXZh2D1Jf @AppleSupp,DISPLAY_TOUCH_SCREEN,DISPLAY_TOUCH_SCREEN,DISPLAY_TOUCH_SCREEN,False,DISPLAY_TOUCH_SCREEN,PROCEED
CASE_000470,Also @115858 fix your damn glitch I️ @AppleSupport Okay thank you 😂,OS_UPDATE_SYSTEM_PERFORMANCE,OS_UPDATE_SYSTEM_PERFORMANCE,OS_UPDATE_SYSTEM_PERFORMANCE,False,,PROCEED
CASE_006608,@AppleSupport I didn’t pay $1000 for my phone to be frozen,GENERAL_DEVICE_INQUIRY,GENERAL_DEVICE_INQUIRY,GENERAL_DEVICE_INQUIRY,False,,PROCEED
CASE_005233,@AppleSupport Latest IOS upgrade is haunting me...every night I turn wifi off bfore sleep ..i find it on the very next morning,CONNECTIVITY_WIFI_BLUETOOTH,CONNECTIVITY_WIFI_BLUETOOTH,CONNECTIVITY_WIFI_BLUETOOTH,False,CONNECTIVITY_WIFI_BLUETOOTH,PROCEED
CASE_007548,Yo @115858 needs to fix the issue with my phone typing I.T. Smh mad annoying #iphone #Iphoneproblems #fixit @AppleSupport Thank you!,KEYBOARD_TYPING_AUTOCORRECT,KEYBOARD_TYPING_AUTOCORRECT,KEYBOARD_TYPING_AUTOCORRECT,False,KEYBOARD_TYPING_AUTOCORRECT,PROCEED
CASE_006574,For real though when is @115858 going to fix this weird I️ problem. I’m tired of speaking alien 👽,GENERAL_DEVICE_INQUIRY,GENERAL_DEVICE_INQUIRY,GENERAL_DEVICE_INQUIRY,False,,PROCEED
CASE_000421,@AppleSupport 2tgread they HAVE replied!!but reply bounced ABOVE my last message to them! Come on apple sort this out! Worst update EVER!,OS_UPDATE_SYSTEM_PERFORMANCE,GENERAL_DEVICE_INQUIRY,GENERAL_DEVICE_INQUIRY,False,,PROCEED
CASE_001004,@AppleSupport is the share menu supposed to do this? https://t.co/mMZocotgVR,GENERAL_DEVICE_INQUIRY,GENERAL_DEVICE_INQUIRY,GENERAL_DEVICE_INQUIRY,False,,PROCEED
CASE_000932,@AppleSupport Is there any way to type questions to Siri on mac? Would make it actually useful because talking is often rude or disrupting @,GENERAL_DEVICE_INQUIRY,GENERAL_DEVICE_INQUIRY,GENERAL_DEVICE_INQUIRY,False,,PROCEED
CASE_007670,I wanted to say the #iPhoneX is awesome but I can’t. It sucks; no one can hear me &amp; it does not play voicemails. Stores won’t take it ba,AUDIO_SOUND_SPEAKER,GENERAL_DEVICE_INQUIRY,AUDIO_SOUND_SPEAKER,False,,PROCEED
CASE_002675,"Is this real b? Like you haven't even got half the spellings right?

@AppleSupport @115858 @115948 @318 @2310 @124871 @🍏 https://t.co/v6FuN1",GENERAL_DEVICE_INQUIRY,GENERAL_DEVICE_INQUIRY,GENERAL_DEVICE_INQUIRY,False,,PROCEED
CASE_002297,Ever since this new iOS update I’ve had to restart my phone at least once a day.  @115858 is 🚮🚮,OS_UPDATE_SYSTEM_PERFORMANCE,BATTERY_CHARGING_POWER,OS_UPDATE_SYSTEM_PERFORMANCE,False,,PROCEED
CASE_007541,@AppleSupport how do I add my battery percentage to always show on iPhone X? @AppleSupport @782215 Where? https://t.co/VcfklJgSay @AppleSupp,BATTERY_CHARGING_POWER,BATTERY_CHARGING_POWER,BATTERY_CHARGING_POWER,True,"BATTERY_CHARGING_POWER, DISPLAY_TOUCH_SCREEN, HOW_TO_SETTINGS_CONFIGURATION",ESCALATE_MULTI_ISSUE
CASE_005097,@AppleSupport will there be a new patch soon for the latest update to IPhone?Phone barely works now.Calls no notify no ring- no VM.,OS_UPDATE_SYSTEM_PERFORMANCE,CONNECTIVITY_WIFI_BLUETOOTH,GENERAL_DEVICE_INQUIRY,False,,PROCEED
CASE_002387,@applesupport Why does #iMovie keep crashing. It’s crashed on me at least 8 times today. #frustrating I can’t finish my movie. @AppleSupport,APP_CRASH_AND_DOWNLOAD,OS_UPDATE_SYSTEM_PERFORMANCE,APP_CRASH_AND_DOWNLOAD,False,APP_CRASH_AND_DOWNLOAD,PROCEED
CASE_007833,"@AppleSupport hello, I've received an email which I think is spam, do you have a department that deals with phishing emails? I can't see any",APP_STORE_PURCHASES_BILLING,GENERAL_DEVICE_INQUIRY,APP_STORE_PURCHASES_BILLING,False,APP_STORE_PURCHASES_BILLING,PROCEED
CASE_000511,"Exchoos me @AppleSupport .How does this happen after an 80 minute indoor workout?
🗣RUN 👏🏾 ME 👏🏾 MY 👏🏾 CREDITS https://t.co/fAlFgJ2jlJ @Apple",GENERAL_DEVICE_INQUIRY,GENERAL_DEVICE_INQUIRY,GENERAL_DEVICE_INQUIRY,False,,PROCEED
CASE_007318,@AppleSupport How come with the new updates the iPod never fully charged (only gets to 99%) &amp; the battery drains in less than 2 hours? @,BATTERY_CHARGING_POWER,BATTERY_CHARGING_POWER,BATTERY_CHARGING_POWER,True,"BATTERY_CHARGING_POWER, APP_STORE_PURCHASES_BILLING",ESCALATE_MULTI_ISSUE
CASE_004658,Trying to install iOS 11... then it says this. BUT I AM CONNECTED TO THE INTERNET! What do I do? @115858 @AppleSupport https://t.co/eYa0LXPW,OS_UPDATE_SYSTEM_PERFORMANCE,CONNECTIVITY_WIFI_BLUETOOTH,OS_UPDATE_SYSTEM_PERFORMANCE,False,,PROCEED
CASE_006479,My phone has been on the charger for over an hour and it’s losing battery percentage! Wtf @115858 🤦🏻‍♀️,BATTERY_CHARGING_POWER,BATTERY_CHARGING_POWER,BATTERY_CHARGING_POWER,False,BATTERY_CHARGING_POWER,PROCEED
CASE_002393,@115858 please fix FaceTime. @AppleSupport Thank you for your response. I answered all questions via dm.,GENERAL_DEVICE_INQUIRY,GENERAL_DEVICE_INQUIRY,GENERAL_DEVICE_INQUIRY,False,,PROCEED
CASE_003695,Wtf is this I️ How do I️ fix this @AppleSupport I️ @AppleSupport Word thanks homie,HOW_TO_SETTINGS_CONFIGURATION,HOW_TO_SETTINGS_CONFIGURATION,HOW_TO_SETTINGS_CONFIGURATION,False,HOW_TO_SETTINGS_CONFIGURATION,PROCEED
CASE_006836,"Restarted iPhone as was lagging, now I only have 14 photos and videos.... 🧐 @AppleSupport there is a big bug with iso11 where are my 10k + p",GENERAL_DEVICE_INQUIRY,OS_UPDATE_SYSTEM_PERFORMANCE,GENERAL_DEVICE_INQUIRY,False,,PROCEED
CASE_006913,@applesupport hey is this the right guys? Well anyways my sisters iPhone says that her storage is low even though it has like 10 GB of stora,DISPLAY_TOUCH_SCREEN,GENERAL_DEVICE_INQUIRY,GENERAL_DEVICE_INQUIRY,True,"DISPLAY_TOUCH_SCREEN, HOW_TO_SETTINGS_CONFIGURATION",ESCALATE_MULTI_ISSUE
CASE_006359,"By the way in running on an old mbp retina 13-inch, late 2012. @AppleSupport @115858 @AppleSupport Thanks! I solved the problem. There were ",CONNECTIVITY_WIFI_BLUETOOTH,GENERAL_DEVICE_INQUIRY,CONNECTIVITY_WIFI_BLUETOOTH,False,CONNECTIVITY_WIFI_BLUETOOTH,PROCEED
CASE_006661,@115858 I’m about to break up with you if you don’t get my letter “ I “ to stop doing “ I️ “ @AppleSupport 11.0.3,GENERAL_DEVICE_INQUIRY,GENERAL_DEVICE_INQUIRY,GENERAL_DEVICE_INQUIRY,False,,PROCEED
CASE_002042,@AppleSupport hello! I've messaged you when you've got a minute @AppleSupport I've replied. Thank you!! X,GENERAL_DEVICE_INQUIRY,GENERAL_DEVICE_INQUIRY,GENERAL_DEVICE_INQUIRY,False,,PROCEED
CASE_000099,@AppleSupport Hello I have iPhone 5s which since 11.0.3 update is constantly saying storage full even though its not! Please help! Thank you,ACCOUNT_APPLEID_ICLOUD,GENERAL_DEVICE_INQUIRY,ACCOUNT_APPLEID_ICLOUD,False,ACCOUNT_APPLEID_ICLOUD,PROCEED
CASE_004894,@115858 Can't find iPhone. Login to iCloud. Verification code sent to your phone. No option to send to my email. Seriously? WTF? @AppleSuppo,ACCOUNT_APPLEID_ICLOUD,ACCOUNT_APPLEID_ICLOUD,ACCOUNT_APPLEID_ICLOUD,False,ACCOUNT_APPLEID_ICLOUD,PROCEED
CASE_002481,"My #apple #ipodshuffle just died

My last one after @AppleSupport's #ipodshuffle genocide

Death by unknown error 1439

I am a broken man @A",GENERAL_DEVICE_INQUIRY,APP_STORE_PURCHASES_BILLING,GENERAL_DEVICE_INQUIRY,False,,PROCEED
CASE_007046,"@AppleSupport I am experiencing massive #Bluetooth issues with my #iPhoneX. Dropouts with Bluetooth headphones, even #AirPods, spotty connec",AUDIO_SOUND_SPEAKER,AUDIO_SOUND_SPEAKER,AUDIO_SOUND_SPEAKER,True,"CONNECTIVITY_WIFI_BLUETOOTH, AUDIO_SOUND_SPEAKER",ESCALATE_MULTI_ISSUE
CASE_001049,"@AppleSupport can u please fix the bug for iphone 6 and lower in which whenevr u restart the phone, notifications for unread messages keep p",KEYBOARD_TYPING_AUTOCORRECT,KEYBOARD_TYPING_AUTOCORRECT,GENERAL_DEVICE_INQUIRY,False,,PROCEED
CASE_000797,-______- phone updated to latest version of iOS 11 and my entire Apple Music library disappeared. stop fucking around @115858.,APP_STORE_PURCHASES_BILLING,APP_STORE_PURCHASES_BILLING,APP_STORE_PURCHASES_BILLING,False,APP_STORE_PURCHASES_BILLING,PROCEED
CASE_000184,Trying to load an email. My @AppleSupport #iPhone6S never did anything like this before the newest phone was released. Why is it every time ,GENERAL_DEVICE_INQUIRY,OS_UPDATE_SYSTEM_PERFORMANCE,GENERAL_DEVICE_INQUIRY,False,,PROCEED
CASE_005163,"biggest regret of my life is upgrading to IOS 11. phone is a pile of shite now. cheers @115858 @AppleSupport I have sent you a message, than",OS_UPDATE_SYSTEM_PERFORMANCE,OS_UPDATE_SYSTEM_PERFORMANCE,OS_UPDATE_SYSTEM_PERFORMANCE,False,,PROCEED
CASE_000601,@AppleSupport Can you help me with a 10.5” iPad Pro Apple keyboard bug? Type but no output on screen. Happens about three times a day. Toggl,KEYBOARD_TYPING_AUTOCORRECT,KEYBOARD_TYPING_AUTOCORRECT,KEYBOARD_TYPING_AUTOCORRECT,True,"KEYBOARD_TYPING_AUTOCORRECT, DISPLAY_TOUCH_SCREEN",ESCALATE_MULTI_ISSUE
CASE_003916,"For some reason, I can’t type the letter I on my iPhone because I️ shows up instead. @115858, fix the battery drain and this autocorrect! @A",KEYBOARD_TYPING_AUTOCORRECT,GENERAL_DEVICE_INQUIRY,KEYBOARD_TYPING_AUTOCORRECT,True,"KEYBOARD_TYPING_AUTOCORRECT, BATTERY_CHARGING_POWER",ESCALATE_MULTI_ISSUE
CASE_001649,"@AppleSupport 
Just updated the cellular settings and now the iPhone is constantly “Searching” or even says “No Service” on the top of the s",CONNECTIVITY_WIFI_BLUETOOTH,CONNECTIVITY_WIFI_BLUETOOTH,CONNECTIVITY_WIFI_BLUETOOTH,True,"CONNECTIVITY_WIFI_BLUETOOTH, DISPLAY_TOUCH_SCREEN, HOW_TO_SETTINGS_CONFIGURATION",ESCALATE_MULTI_ISSUE
CASE_006210,"@applesupport 11.1.1 battery

trying to install 11.1.1 update on my iPhone and iPad.  the program starts verifying and then a dialog box pop",BATTERY_CHARGING_POWER,OS_UPDATE_SYSTEM_PERFORMANCE,BATTERY_CHARGING_POWER,False,BATTERY_CHARGING_POWER,PROCEED
CASE_007200,@AppleSupport obrigado por foder com a bateria dos iPhones com esse iOS 11. @AppleSupport Thanks for spoiling the iPhones battery with this ,BATTERY_CHARGING_POWER,OS_UPDATE_SYSTEM_PERFORMANCE,BATTERY_CHARGING_POWER,False,BATTERY_CHARGING_POWER,PROCEED
CASE_003623,"dear @115858
bu amına kodumun bluetooth’u niye ikide bir kendi kendine açılıyor?
sincerely yours,
reglokan @AppleSupport I fixed it thanks",CONNECTIVITY_WIFI_BLUETOOTH,CONNECTIVITY_WIFI_BLUETOOTH,CONNECTIVITY_WIFI_BLUETOOTH,False,CONNECTIVITY_WIFI_BLUETOOTH,PROCEED
CASE_003739,@115858 y’all better fix this i️ bs @AppleSupport yes thank you,GENERAL_DEVICE_INQUIRY,GENERAL_DEVICE_INQUIRY,GENERAL_DEVICE_INQUIRY,False,,PROCEED
CASE_006177,"@AppleSupport iOS 11 has turned my rockin’ iPhone 6+ into my iPhone 4. Slow, clunky, autorotate does not, etc. I might as well be using a Sa",OS_UPDATE_SYSTEM_PERFORMANCE,OS_UPDATE_SYSTEM_PERFORMANCE,OS_UPDATE_SYSTEM_PERFORMANCE,False,,PROCEED
CASE_000503,".@AppleSupport iOS11 - when playing podcasts, the lock screen doesn’t show correct play times until paused. Could you log a fault? Thanks. @",DISPLAY_TOUCH_SCREEN,DISPLAY_TOUCH_SCREEN,DISPLAY_TOUCH_SCREEN,False,DISPLAY_TOUCH_SCREEN,PROCEED
CASE_006879,@AppleSupport absolutely hate the new update. I don't even want to use my iPhone. Keeps freezing and very slow to open apps. Fix ASAP plz!,OS_UPDATE_SYSTEM_PERFORMANCE,APP_CRASH_AND_DOWNLOAD,APP_CRASH_AND_DOWNLOAD,False,,PROCEED
CASE_003575,@115858 this update sucks and makes my phone die faster...great job,OS_UPDATE_SYSTEM_PERFORMANCE,OS_UPDATE_SYSTEM_PERFORMANCE,OS_UPDATE_SYSTEM_PERFORMANCE,False,,PROCEED
CASE_003378,Anyone else’s iPhone running like a heap of shit since software upgrade? @AppleSupport @AppleSupport I would like to say thanks to Apple sup,GENERAL_DEVICE_INQUIRY,OS_UPDATE_SYSTEM_PERFORMANCE,GENERAL_DEVICE_INQUIRY,False,,PROCEED
CASE_005517,"So irritated that the @115858 podcasts app keeps unsubscribing me from everything in iOS 11. Apple, please fix this! @AppleSupport Thanks fo",OS_UPDATE_SYSTEM_PERFORMANCE,OS_UPDATE_SYSTEM_PERFORMANCE,OS_UPDATE_SYSTEM_PERFORMANCE,False,,PROCEED
CASE_000824,Se me han desordenado y hecho un lío las fotos con las nueva actualización iOS 😡 @AppleSupport en #iPhone7Plus #help please 😭😭😭 @AppleSuppor,GENERAL_DEVICE_INQUIRY,GENERAL_DEVICE_INQUIRY,GENERAL_DEVICE_INQUIRY,False,,PROCEED
CASE_000290,@AppleSupport why is my Assistive touch no longer in the center? 🙄 https://t.co/0GxPLwlCPV @AppleSupport Hi. I started noticing that since y,DISPLAY_TOUCH_SCREEN,DISPLAY_TOUCH_SCREEN,DISPLAY_TOUCH_SCREEN,False,DISPLAY_TOUCH_SCREEN,PROCEED
CASE_002703,My voicemail keeps saying it’s full but I have no messages @AppleSupport ... help! @AppleSupport @4150 yes I have @AppleSupport iPhone 6s Pl,OS_UPDATE_SYSTEM_PERFORMANCE,OS_UPDATE_SYSTEM_PERFORMANCE,OS_UPDATE_SYSTEM_PERFORMANCE,False,,PROCEED
CASE_005019,I️ just showed my coworker around UMD and I’m crying. Oh man that question mark thing happened to me?! @AppleSupport fix that! @AppleSupport,GENERAL_DEVICE_INQUIRY,GENERAL_DEVICE_INQUIRY,GENERAL_DEVICE_INQUIRY,False,,PROCEED
CASE_000456,Nice @115858. Less than a week old then WiFi and BT break on my new iPhone. I tried all your support articles. So glad I purchased! https://,CONNECTIVITY_WIFI_BLUETOOTH,CONNECTIVITY_WIFI_BLUETOOTH,CONNECTIVITY_WIFI_BLUETOOTH,False,CONNECTIVITY_WIFI_BLUETOOTH,PROCEED
CASE_003213,@AppleSupport why is App Store asking for billing verification to update or get free apps?  In addition saying my cc not valid. @AppleSuppor,APP_STORE_PURCHASES_BILLING,APP_STORE_PURCHASES_BILLING,APP_STORE_PURCHASES_BILLING,True,"BATTERY_CHARGING_POWER, APP_STORE_PURCHASES_BILLING",ESCALATE_MULTI_ISSUE
CASE_001616,".@AppleSupport - my MacBook isn’t turning on &amp; the charger is blinking dim green &amp; orange, any suggestions? #MacBookPro #Apple @Appl",BATTERY_CHARGING_POWER,GENERAL_DEVICE_INQUIRY,BATTERY_CHARGING_POWER,False,BATTERY_CHARGING_POWER,PROCEED
CASE_003734,@115858 i updated my phone and now nothing worksssssss @AppleSupport it’s fine! everything’s fine now 🙂 thank you!,GENERAL_DEVICE_INQUIRY,OS_UPDATE_SYSTEM_PERFORMANCE,OS_UPDATE_SYSTEM_PERFORMANCE,False,,PROCEED
CASE_002919,Today I had a strange bug #iOS11 @AppleSupport https://t.co/39gFHcRl89 @AppleSupport Yes problem got solved fast. Thanks only want to let yo,OS_UPDATE_SYSTEM_PERFORMANCE,OS_UPDATE_SYSTEM_PERFORMANCE,OS_UPDATE_SYSTEM_PERFORMANCE,False,,PROCEED
CASE_004965,@AppleSupport ay man yall wrong for freezing my phone and deleting all my messages! @AppleSupport Say no more. Thank you.,APP_CRASH_AND_DOWNLOAD,OS_UPDATE_SYSTEM_PERFORMANCE,OS_UPDATE_SYSTEM_PERFORMANCE,False,,PROCEED
CASE_007407,Since I updated my phone to IOS 11 a couple of months ago it’s been shocking! Half my apps don’t work/quit ... what a mess this update is @A,BATTERY_CHARGING_POWER,KEYBOARD_TYPING_AUTOCORRECT,BATTERY_CHARGING_POWER,True,"BATTERY_CHARGING_POWER, APP_CRASH_AND_DOWNLOAD",ESCALATE_MULTI_ISSUE
CASE_006304,I’d like to apologize to the iPhone users! There seems to be this weird error when I’m typing that I️ thought only I could see. Hopefully it,KEYBOARD_TYPING_AUTOCORRECT,GENERAL_DEVICE_INQUIRY,KEYBOARD_TYPING_AUTOCORRECT,False,KEYBOARD_TYPING_AUTOCORRECT,PROCEED
CASE_003709,Is this question mark box thing just @115858 ‘s way of making us lose our minds?! My phone is updated-why do I️ see this everywhere,GENERAL_DEVICE_INQUIRY,GENERAL_DEVICE_INQUIRY,GENERAL_DEVICE_INQUIRY,False,,PROCEED
CASE_005893,Why is this “ I️n “ still even a thing??? Shouldn’t @115858 have fixed I️t yet @AppleSupport @4150 bless you,KEYBOARD_TYPING_AUTOCORRECT,GENERAL_DEVICE_INQUIRY,GENERAL_DEVICE_INQUIRY,False,,PROCEED
CASE_001442,@AppleSupport @115948 a lot of my music is “Unavailable” unless I delete it and re add it to my playlist/music library is there a way around,ACCOUNT_APPLEID_ICLOUD,ACCOUNT_APPLEID_ICLOUD,ACCOUNT_APPLEID_ICLOUD,False,ACCOUNT_APPLEID_ICLOUD,PROCEED
CASE_006076,"After upgrading to #iPhoneX , my cellular data on verizon usage is not right. Shows data used even when on wifi or with background Apps refr",CONNECTIVITY_WIFI_BLUETOOTH,BATTERY_CHARGING_POWER,CONNECTIVITY_WIFI_BLUETOOTH,False,CONNECTIVITY_WIFI_BLUETOOTH,PROCEED
CASE_007774,@AppleSupport can’t use this iCloud back up on my iPhone X why help https://t.co/nBrJxZeOAw @AppleSupport iOS 11.1.2 @AppleSupport Nothing b,ACCOUNT_APPLEID_ICLOUD,ACCOUNT_APPLEID_ICLOUD,ACCOUNT_APPLEID_ICLOUD,False,ACCOUNT_APPLEID_ICLOUD,PROCEED
CASE_005323,@115858 needs to get it together.... why my shit looking like this after I️ updated iOS 11.1 ( I️ ) @AppleSupport Thanks!,OS_UPDATE_SYSTEM_PERFORMANCE,KEYBOARD_TYPING_AUTOCORRECT,OS_UPDATE_SYSTEM_PERFORMANCE,False,,PROCEED
CASE_006997,@AppleSupport sorry but your files app is a literal joke. never opens anything. https://t.co/jkMFh2xzdo @AppleSupport i can’t download them ,GENERAL_DEVICE_INQUIRY,GENERAL_DEVICE_INQUIRY,GENERAL_DEVICE_INQUIRY,False,,PROCEED
CASE_007055,1. @AppleSupport absolutely raging. We spent £789 on an iPad for our son 3 months ago who needs it for starting secondary school. It was sol,GENERAL_DEVICE_INQUIRY,GENERAL_DEVICE_INQUIRY,GENERAL_DEVICE_INQUIRY,False,,PROCEED
CASE_007140,Every OS update @AppleSupport @115858 This device may not be supported.  It's your darn device!! @AppleSupport ipad pro &amp; the keyboard b,KEYBOARD_TYPING_AUTOCORRECT,KEYBOARD_TYPING_AUTOCORRECT,KEYBOARD_TYPING_AUTOCORRECT,False,KEYBOARD_TYPING_AUTOCORRECT,PROCEED
CASE_007035,@115858 just thought I’d let you know for future updates that this is a glitch on the latest iOS. The greyed out contacts icon. https://t.co,OS_UPDATE_SYSTEM_PERFORMANCE,OS_UPDATE_SYSTEM_PERFORMANCE,OS_UPDATE_SYSTEM_PERFORMANCE,False,,PROCEED
CASE_001464,"@AppleSupport everytine@I get a Snapchat notification, my music stops. It’s suuuper annoying. Checked notification settings didn’t see anyth",APP_STORE_PURCHASES_BILLING,APP_STORE_PURCHASES_BILLING,OS_UPDATE_SYSTEM_PERFORMANCE,False,HOW_TO_SETTINGS_CONFIGURATION,PROCEED
CASE_003550,Anyone else do an iCloud backup to your #iPhoneX and your pics didn’t upload? I have @117735 @AppleSupport @117735 @AppleSupport Thanks they,ACCOUNT_APPLEID_ICLOUD,ACCOUNT_APPLEID_ICLOUD,ACCOUNT_APPLEID_ICLOUD,False,ACCOUNT_APPLEID_ICLOUD,PROCEED
CASE_001039,@115858 Have you stopped updating IPhone 5? cause I see a ton of ppl saying that the current update is 11.1.2 and mines only 10.3.3 @AppleSu,OS_UPDATE_SYSTEM_PERFORMANCE,OS_UPDATE_SYSTEM_PERFORMANCE,OS_UPDATE_SYSTEM_PERFORMANCE,False,,PROCEED
CASE_006165,Hey @AppleSupport can I get @115888 on my Apple Watch series 3? @AppleSupport Thanks I spent several hours on the phone with @ATT Apple Watc,GENERAL_DEVICE_INQUIRY,GENERAL_DEVICE_INQUIRY,GENERAL_DEVICE_INQUIRY,False,,PROCEED
CASE_007761,@AppleSupport  my MacBook Pro started doing this last night. It stays on the blue screen for hours without doing a thing https://t.co/JdPnAS,DISPLAY_TOUCH_SCREEN,DISPLAY_TOUCH_SCREEN,DISPLAY_TOUCH_SCREEN,False,DISPLAY_TOUCH_SCREEN,PROCEED
CASE_004716,@AppleSupport please enable downgrade to iOS 10.3.3. Perf degraded so bad w iOS 11 I need a new phone. And it won’t be an iPhone. @AppleSupp,OS_UPDATE_SYSTEM_PERFORMANCE,BATTERY_CHARGING_POWER,OS_UPDATE_SYSTEM_PERFORMANCE,False,,PROCEED
CASE_002076,Tried 2 reset the password for my mother’s apple account. Now we are informed it will be 12 days until recovery. She has 2 elderly parents. ,ACCOUNT_APPLEID_ICLOUD,ACCOUNT_APPLEID_ICLOUD,ACCOUNT_APPLEID_ICLOUD,False,ACCOUNT_APPLEID_ICLOUD,PROCEED
CASE_007783,Has anyone had a fix for Game Center yet? Or is it being PR managed into DMs? Not working on cellular or wifi. Stop blaming users and escala,CONNECTIVITY_WIFI_BLUETOOTH,ACCOUNT_APPLEID_ICLOUD,ACCOUNT_APPLEID_ICLOUD,False,CONNECTIVITY_WIFI_BLUETOOTH,PROCEED
CASE_002653,Hey @AppleSupport wtf happened to the ‘dash’ key since iOS 11 upgrade? I NEED IT BACK!!!,KEYBOARD_TYPING_AUTOCORRECT,OS_UPDATE_SYSTEM_PERFORMANCE,OS_UPDATE_SYSTEM_PERFORMANCE,False,,PROCEED
CASE_005785,@115858 i had 4 fucking alarms set on my phone to go hunting and none of them went off why is that apple? ITS FUCKING BULLSHIT this is the 5,GENERAL_DEVICE_INQUIRY,OS_UPDATE_SYSTEM_PERFORMANCE,GENERAL_DEVICE_INQUIRY,False,,PROCEED
CASE_006175,@115858 needs to fix this “I️” issue! 😩🙄 @AppleSupport Awesome!! I️ will update my phone! Thanks!,OS_UPDATE_SYSTEM_PERFORMANCE,GENERAL_DEVICE_INQUIRY,GENERAL_DEVICE_INQUIRY,False,,PROCEED
CASE_002165,#ios 11 updates are killing my phone. @115858 fix the battery issue soon. @AppleSupport 11.0.2 (5SE) @AppleSupport oh no... can't risk furth,BATTERY_CHARGING_POWER,BATTERY_CHARGING_POWER,BATTERY_CHARGING_POWER,False,BATTERY_CHARGING_POWER,PROCEED
CASE_001150,@AppleSupport just tried updating to the new OS with my MacBook pro and your new update just DESTROYED MY COMPUTER WHY??? @AppleSupport Look,OS_UPDATE_SYSTEM_PERFORMANCE,OS_UPDATE_SYSTEM_PERFORMANCE,OS_UPDATE_SYSTEM_PERFORMANCE,False,,PROCEED
CASE_000243,"@115858 iOS 11 is messed up, now my phone is freezing so much @AppleSupport IOS 11.1.1",OS_UPDATE_SYSTEM_PERFORMANCE,OS_UPDATE_SYSTEM_PERFORMANCE,OS_UPDATE_SYSTEM_PERFORMANCE,False,,PROCEED
CASE_000588,Nice!! The new @115858 2nd update doesn't allow me to turn my phone on! sweet! @AppleSupport @179841 My phone hasn’t worked for probably 3 w,AUDIO_SOUND_SPEAKER,AUDIO_SOUND_SPEAKER,AUDIO_SOUND_SPEAKER,False,AUDIO_SOUND_SPEAKER,PROCEED
CASE_000957,"Dear @115858, your iOS update is completely awful. Now our phones have so much lag and glitches they are almost unusable. #help #iphonefail ",OS_UPDATE_SYSTEM_PERFORMANCE,OS_UPDATE_SYSTEM_PERFORMANCE,OS_UPDATE_SYSTEM_PERFORMANCE,False,,PROCEED
CASE_001504,Has @115858 resolved the issues with the iPhone 8 yet? 🤔,GENERAL_DEVICE_INQUIRY,OS_UPDATE_SYSTEM_PERFORMANCE,GENERAL_DEVICE_INQUIRY,False,,PROCEED
CASE_000019,FOCO AQUI @AppleSupport Q Q TÁ ACONTECENDO ~ iOS 11 guloso https://t.co/Eonz2w9xPi @AppleSupport I said the battery is dying too fast. Is th,BATTERY_CHARGING_POWER,BATTERY_CHARGING_POWER,BATTERY_CHARGING_POWER,False,BATTERY_CHARGING_POWER,PROCEED
CASE_006316,my phone has been so laggy today @115858 fix this,GENERAL_DEVICE_INQUIRY,OS_UPDATE_SYSTEM_PERFORMANCE,OS_UPDATE_SYSTEM_PERFORMANCE,False,,PROCEED
CASE_004228,"Since I updated my phone, everything has been literal trash. Safari. Apps. Camera. Everything. @115858 GET. IT. TOGETHER @AppleSupport I tri",DISPLAY_TOUCH_SCREEN,BATTERY_CHARGING_POWER,DISPLAY_TOUCH_SCREEN,False,DISPLAY_TOUCH_SCREEN,PROCEED
CASE_006515,literally my phone is the slowest shit on the planet right now and it’s getting on my nerves @115858 @AppleSupport,GENERAL_DEVICE_INQUIRY,OS_UPDATE_SYSTEM_PERFORMANCE,OS_UPDATE_SYSTEM_PERFORMANCE,False,,PROCEED
CASE_005120,@175600 @609261 @AppleSupport My AppleWatch is not mirroring properly Airplane mode. It always fails to turn back on.Is this known bug? @App,GENERAL_DEVICE_INQUIRY,OS_UPDATE_SYSTEM_PERFORMANCE,OS_UPDATE_SYSTEM_PERFORMANCE,False,,PROCEED
CASE_002971,@115858 @AppleSupport IOS 11 is killing me !!!! My phone is more or less a box now. I have to reboot it 7 times a day. Why why why why why !,OS_UPDATE_SYSTEM_PERFORMANCE,OS_UPDATE_SYSTEM_PERFORMANCE,OS_UPDATE_SYSTEM_PERFORMANCE,False,,PROCEED
CASE_000616,"#iclouddrive isn’t uploading nor downloading any documents, its been 7 hours for me, no Mac and no iOS device is updating it @AppleSupport @",ACCOUNT_APPLEID_ICLOUD,ACCOUNT_APPLEID_ICLOUD,ACCOUNT_APPLEID_ICLOUD,False,ACCOUNT_APPLEID_ICLOUD,PROCEED
CASE_003622,@115858 can you all fix this .. when I️ type “I️” it shows up as A with a question mark in a box... https://t.co/HreKNa8liO @AppleSupport Th,GENERAL_DEVICE_INQUIRY,GENERAL_DEVICE_INQUIRY,KEYBOARD_TYPING_AUTOCORRECT,False,,PROCEED
CASE_007220,.@AppleSupport $78 or $79 accidental purchase..please assist. @AppleSupport Thanks,APP_STORE_PURCHASES_BILLING,GENERAL_DEVICE_INQUIRY,APP_STORE_PURCHASES_BILLING,False,,PROCEED
CASE_002713,@AppleSupport Why does my Phone icon sometimes dim? This happened 2-3 times in the last 2 weeks. Tapping it restores the bright green color.,DISPLAY_TOUCH_SCREEN,DISPLAY_TOUCH_SCREEN,DISPLAY_TOUCH_SCREEN,False,DISPLAY_TOUCH_SCREEN,PROCEED
CASE_004890,"@AppleSupport my iPhone alarm doesn’t work unless phone is unlocked. What’s the deal? @AppleSupport Thanks, but it looks like the problem so",GENERAL_DEVICE_INQUIRY,AUDIO_SOUND_SPEAKER,GENERAL_DEVICE_INQUIRY,False,,PROCEED
CASE_000024,"@118721 @AppleSupport my iPhone is not syncing and stuck on 'Copying diagnostic information'? 6s, latest version iOS and iTunes. @118720 @11",APP_STORE_PURCHASES_BILLING,OS_UPDATE_SYSTEM_PERFORMANCE,APP_STORE_PURCHASES_BILLING,False,APP_STORE_PURCHASES_BILLING,PROCEED
CASE_005384,Hey @AppleSupport tell IOS 11 to stop changing my brightness on its own and bring back night shift @AppleSupport Hey can you guys fix this b,KEYBOARD_TYPING_AUTOCORRECT,DISPLAY_TOUCH_SCREEN,DISPLAY_TOUCH_SCREEN,False,KEYBOARD_TYPING_AUTOCORRECT,PROCEED
CASE_001231,Issue started BEFORE latest update download.Trying to download now amid restarts every 2/3 mins. @AppleSupport when are you going to respond,OS_UPDATE_SYSTEM_PERFORMANCE,GENERAL_DEVICE_INQUIRY,GENERAL_DEVICE_INQUIRY,False,,PROCEED
CASE_000597,@AppleSupport How do I quit the High Sierra installer when it won't boot up so I can quit. https://t.co/oRioUTDkqP @AppleSupport I got it wo,HOW_TO_SETTINGS_CONFIGURATION,GENERAL_DEVICE_INQUIRY,DISPLAY_TOUCH_SCREEN,False,HOW_TO_SETTINGS_CONFIGURATION,PROCEED
CASE_004760,@AppleSupport can you explain how I'm on the old OS? and it says installed? https://t.co/W7LC2Cxrs5,GENERAL_DEVICE_INQUIRY,GENERAL_DEVICE_INQUIRY,GENERAL_DEVICE_INQUIRY,False,,PROCEED
CASE_005873,"@AppleSupport https://t.co/J1Xgb4wVwN can you use different colours rather than different shades of the same one, which makes those markers ",GENERAL_DEVICE_INQUIRY,GENERAL_DEVICE_INQUIRY,GENERAL_DEVICE_INQUIRY,False,,PROCEED
CASE_003152,@AppleSupport I need to edit my shipping address on my iPhone X order. I am unable to do it online. Options? Thanks much. @AppleSupport Trie,GENERAL_DEVICE_INQUIRY,CONNECTIVITY_WIFI_BLUETOOTH,GENERAL_DEVICE_INQUIRY,False,,PROCEED
CASE_007298,@115858 - please fix this problem with ios 11.1.2 https://t.co/0t8fpSJWyE @AppleSupport Issue is on iPhone6s. I am facing issue for email al,OS_UPDATE_SYSTEM_PERFORMANCE,OS_UPDATE_SYSTEM_PERFORMANCE,OS_UPDATE_SYSTEM_PERFORMANCE,False,,PROCEED
CASE_003416,Gutted my #iphone6Plus has died completely after update @115858 I can't even get life linking it to #Mac - can you help? please! @AppleSuppo,OS_UPDATE_SYSTEM_PERFORMANCE,OS_UPDATE_SYSTEM_PERFORMANCE,OS_UPDATE_SYSTEM_PERFORMANCE,False,,PROCEED
CASE_002674,"And @AppleSupport UKmail service is terrible can’t find my parcel and no phone number to call, their online form doesn’t work,give me a clue",CONNECTIVITY_WIFI_BLUETOOTH,GENERAL_DEVICE_INQUIRY,GENERAL_DEVICE_INQUIRY,False,,PROCEED
CASE_004568,WHY?! I have Apple Music and I’m signed in @AppleSupport #Apple #Help https://t.co/TxiN7cqDOV @AppleSupport Done thank you!,APP_STORE_PURCHASES_BILLING,APP_STORE_PURCHASES_BILLING,APP_STORE_PURCHASES_BILLING,False,APP_STORE_PURCHASES_BILLING,PROCEED
CASE_006258,@115858 i updated my phone and the “i” is still doing the thing. fix it.,GENERAL_DEVICE_INQUIRY,GENERAL_DEVICE_INQUIRY,GENERAL_DEVICE_INQUIRY,False,,PROCEED
CASE_006790,I’m pretty sure this is the WORST update @115858 has ever had. My phones all fucked ever since I updated it. 🤮,OS_UPDATE_SYSTEM_PERFORMANCE,GENERAL_DEVICE_INQUIRY,OS_UPDATE_SYSTEM_PERFORMANCE,False,,PROCEED
CASE_000094,@115858 what have you done to my phone with the latest update?! Please fix it. The freezing is tedious and every1 is complaining #back2the90,OS_UPDATE_SYSTEM_PERFORMANCE,APP_CRASH_AND_DOWNLOAD,APP_CRASH_AND_DOWNLOAD,False,,PROCEED
CASE_006348,"iOS 11 😒 @115858 @AppleSupport https://t.co/EbnOzGOyk5 @AppleSupport Same results always, iOS 11.0.3! @AppleSupport If you guys can help me ",OS_UPDATE_SYSTEM_PERFORMANCE,GENERAL_DEVICE_INQUIRY,OS_UPDATE_SYSTEM_PERFORMANCE,False,,PROCEED
CASE_004285,"Thx for the most advanced phone ever, @115858. Now please get rid of the ""sent from my iPhone"" sig at the bottom of every email I mean wtf",GENERAL_DEVICE_INQUIRY,GENERAL_DEVICE_INQUIRY,GENERAL_DEVICE_INQUIRY,False,,PROCEED
CASE_004495,Hi! @AppleSupport AirPods appear to be either not charging correctly or losing battery fast. This is recent behavior. (1) @AppleSupport Less,AUDIO_SOUND_SPEAKER,AUDIO_SOUND_SPEAKER,AUDIO_SOUND_SPEAKER,False,BATTERY_CHARGING_POWER,PROCEED
CASE_006403,"@115858 #Apple I️ may be late to the party, but what is up with the crazy question mark in a box autocorrect thingy that replaces the letter",KEYBOARD_TYPING_AUTOCORRECT,OS_UPDATE_SYSTEM_PERFORMANCE,KEYBOARD_TYPING_AUTOCORRECT,False,KEYBOARD_TYPING_AUTOCORRECT,PROCEED
CASE_005331,@115858 Puhleez get letter “i” issue together. It’s getting ridiculous at this point. @AppleSupport Thank you. I’ve tried and it does not wo,GENERAL_DEVICE_INQUIRY,OS_UPDATE_SYSTEM_PERFORMANCE,OS_UPDATE_SYSTEM_PERFORMANCE,False,,PROCEED
CASE_001279,@AppleSupport PLEASE sort out the bug that makes my phone crash every minute! It’s ridiculous! #iOS112 update @AppleSupport @247552 What hap,OS_UPDATE_SYSTEM_PERFORMANCE,OS_UPDATE_SYSTEM_PERFORMANCE,APP_CRASH_AND_DOWNLOAD,False,APP_CRASH_AND_DOWNLOAD,PROCEED
CASE_007484,"@AppleSupport my iPhone won’t back up, the time remaining increases but nothing happens . Updated software but the issue seems to be ongoing",ACCOUNT_APPLEID_ICLOUD,GENERAL_DEVICE_INQUIRY,ACCOUNT_APPLEID_ICLOUD,False,ACCOUNT_APPLEID_ICLOUD,PROCEED
CASE_001489,"Ever since the last update, my iphones music constantly pauses without me clicking it @AppleSupport",APP_STORE_PURCHASES_BILLING,CONNECTIVITY_WIFI_BLUETOOTH,CONNECTIVITY_WIFI_BLUETOOTH,False,,PROCEED
CASE_000936,@AppleSupport just updated to ios11.0.2 and now cannot make calls and calls I receive get disconnected! @AppleSupport I think the ios11.0.2 ,CONNECTIVITY_WIFI_BLUETOOTH,AUDIO_SOUND_SPEAKER,CONNECTIVITY_WIFI_BLUETOOTH,False,,PROCEED
CASE_005673,@115858 my iPhone 6 suddenly has no service.Any suggestions?,CONNECTIVITY_WIFI_BLUETOOTH,CONNECTIVITY_WIFI_BLUETOOTH,CONNECTIVITY_WIFI_BLUETOOTH,False,CONNECTIVITY_WIFI_BLUETOOTH,PROCEED
CASE_001628,@AppleSupport when ever I try to download an app it won’t go past the loading circle even after I have done Touch ID @AppleSupport It is,DISPLAY_TOUCH_SCREEN,GENERAL_DEVICE_INQUIRY,OS_UPDATE_SYSTEM_PERFORMANCE,False,DISPLAY_TOUCH_SCREEN,PROCEED
CASE_001398,@AppleSupport Where’s my option to use #ApplePayCash ? https://t.co/PXQpaaoRqq @AppleSupport So since I have 11.2 installed currently I shou,HOW_TO_SETTINGS_CONFIGURATION,HOW_TO_SETTINGS_CONFIGURATION,HOW_TO_SETTINGS_CONFIGURATION,False,,PROCEED
CASE_006782,I'm convinced my phone hates me. I haven't been getting messages for the past week. I need you to fix this @115858 because I'm tired.,GENERAL_DEVICE_INQUIRY,GENERAL_DEVICE_INQUIRY,GENERAL_DEVICE_INQUIRY,False,,PROCEED
CASE_002497,Since #iOS11 my notifications have been messed up. Can you sort it out please @115858 @AppleSupport It’s not everyday what version. Bye.,KEYBOARD_TYPING_AUTOCORRECT,KEYBOARD_TYPING_AUTOCORRECT,KEYBOARD_TYPING_AUTOCORRECT,False,,PROCEED
CASE_005983,". @AppleSupport you need to work on this bug, it’s a real self-esteem killer https://t.co/iwv0acDzuH",GENERAL_DEVICE_INQUIRY,GENERAL_DEVICE_INQUIRY,GENERAL_DEVICE_INQUIRY,False,,PROCEED
CASE_000935,Why is my iPhone tripping w this new update @AppleSupport @AppleSupport @216977 Mine too. Can ya'll send me a new one @AppleSupport When I t,AUDIO_SOUND_SPEAKER,AUDIO_SOUND_SPEAKER,AUDIO_SOUND_SPEAKER,False,,PROCEED
CASE_007907,Until this issue is resolved I will tweet @115948 and @115858 daily. I want to be able to use my Apple Music app! I need my music! And I pay,APP_STORE_PURCHASES_BILLING,APP_STORE_PURCHASES_BILLING,APP_STORE_PURCHASES_BILLING,False,APP_STORE_PURCHASES_BILLING,PROCEED
CASE_007032,@115858 still waiting for my phone to work properly after this update............................. @AppleSupport I’ve tried and you want me ,OS_UPDATE_SYSTEM_PERFORMANCE,OS_UPDATE_SYSTEM_PERFORMANCE,APP_STORE_PURCHASES_BILLING,False,,PROCEED
CASE_000722,the new update makes all my apps run really slow get it together @AppleSupport,OS_UPDATE_SYSTEM_PERFORMANCE,OS_UPDATE_SYSTEM_PERFORMANCE,OS_UPDATE_SYSTEM_PERFORMANCE,False,,PROCEED
CASE_002498,The new @AppleSupport iOS messing with my Touch ID. Can’t even reset it now. https://t.co/9ZkPCyzHsi @AppleSupport Thanks for a response on ,DISPLAY_TOUCH_SCREEN,DISPLAY_TOUCH_SCREEN,DISPLAY_TOUCH_SCREEN,False,DISPLAY_TOUCH_SCREEN,PROCEED
CASE_003048,@AppleSupport hi. I have a problem with my MacBook Air. It didn't do the iOS update fully and now I have this when I turn it on https://t.co,OS_UPDATE_SYSTEM_PERFORMANCE,OS_UPDATE_SYSTEM_PERFORMANCE,OS_UPDATE_SYSTEM_PERFORMANCE,False,,PROCEED
CASE_000838,"Yo @AppleSupport, I updated to 11.0.2 and now can no longer login to iMessage at all. Cannot send/receive anything. @AppleSupport It won’t l",ACCOUNT_APPLEID_ICLOUD,CONNECTIVITY_WIFI_BLUETOOTH,ACCOUNT_APPLEID_ICLOUD,False,,PROCEED
CASE_004339,My IPhone glitch is that it won’t stay connected to any WiFi. @AppleSupport ? @AppleSupport Thank you. I did all of these and no dice. I’m u,CONNECTIVITY_WIFI_BLUETOOTH,CONNECTIVITY_WIFI_BLUETOOTH,CONNECTIVITY_WIFI_BLUETOOTH,False,CONNECTIVITY_WIFI_BLUETOOTH,PROCEED
CASE_000360,@AppleSupport My iPhone won't backup to iCloud whenever I plug in. I've been trying all week and nothing will work. When I go to settings an,DISPLAY_TOUCH_SCREEN,GENERAL_DEVICE_INQUIRY,ACCOUNT_APPLEID_ICLOUD,True,"DISPLAY_TOUCH_SCREEN, ACCOUNT_APPLEID_ICLOUD, APP_STORE_PURCHASES_BILLING, HOW_TO_SETTINGS_CONFIGURATION",ESCALATE_MULTI_ISSUE
CASE_001469,@115858 @AppleSupport my phone is freezing after this new update. When I go through suspended apps and select one it stops. Have to press ho,ACCOUNT_APPLEID_ICLOUD,OS_UPDATE_SYSTEM_PERFORMANCE,APP_CRASH_AND_DOWNLOAD,False,,PROCEED
CASE_000505,I updated to 11.0.2 today...now my iPhone 6 ringtone is very quiet..a phone that you can't hear ringing!  Not good! @115858,AUDIO_SOUND_SPEAKER,AUDIO_SOUND_SPEAKER,AUDIO_SOUND_SPEAKER,False,,PROCEED
CASE_004317,Yo @AppleSupport you want to fix the connectivity issues with iOS 11.1 please? Pretty annoying I can’t even use my phone after updating 😡 @A,CONNECTIVITY_WIFI_BLUETOOTH,CONNECTIVITY_WIFI_BLUETOOTH,CONNECTIVITY_WIFI_BLUETOOTH,False,CONNECTIVITY_WIFI_BLUETOOTH,PROCEED
CASE_000102,Why every time I️ type I️ it’s a question mark @AppleSupport @AppleSupport 11.0.3 https://t.co/d7fsU9eKd9,GENERAL_DEVICE_INQUIRY,GENERAL_DEVICE_INQUIRY,OS_UPDATE_SYSTEM_PERFORMANCE,False,,PROCEED
CASE_003783,@AppleSupport I am still seeing the square with the question mark Inside even after updating to the new iOS,GENERAL_DEVICE_INQUIRY,OS_UPDATE_SYSTEM_PERFORMANCE,OS_UPDATE_SYSTEM_PERFORMANCE,False,,PROCEED
CASE_001054,"@115858 Contacts app is no longer working on my MacBook Air Laptop. I can add contacts on my phone, but if I add them on my laptop, they imm",GENERAL_DEVICE_INQUIRY,HOW_TO_SETTINGS_CONFIGURATION,HOW_TO_SETTINGS_CONFIGURATION,False,,PROCEED
CASE_006677,"@AppleSupport ""Could not activate iphone"" ""activation server cannot be reached"". Any issue? @AppleSupport I used Itunes to do it. It worked.",APP_STORE_PURCHASES_BILLING,GENERAL_DEVICE_INQUIRY,APP_STORE_PURCHASES_BILLING,False,APP_STORE_PURCHASES_BILLING,PROCEED
CASE_005958,I'm mad at @115858 well the Apple Store situation this morning if you would like to talk to me @115858 Story time: was at the Apple Store be,GENERAL_DEVICE_INQUIRY,OS_UPDATE_SYSTEM_PERFORMANCE,GENERAL_DEVICE_INQUIRY,False,,PROCEED
CASE_003284,Someone from @115858 care to explain the “I️” bug that’s been plaguing us today? @AppleSupport 11 @AppleSupport @447923 TATI I️ am having th,OS_UPDATE_SYSTEM_PERFORMANCE,OS_UPDATE_SYSTEM_PERFORMANCE,OS_UPDATE_SYSTEM_PERFORMANCE,False,HOW_TO_SETTINGS_CONFIGURATION,PROCEED
CASE_000978,this “I” turning into a question mark and an A has been going on for too long. kinda don’t even want to tweet/text anymore @AppleSupport @11,GENERAL_DEVICE_INQUIRY,GENERAL_DEVICE_INQUIRY,GENERAL_DEVICE_INQUIRY,False,,PROCEED
CASE_004236,@115858 why can’t i connect my phone to my car since the update? @AppleSupport 7 plus. I plug my charger cord to my car @AppleSupport it rea,BATTERY_CHARGING_POWER,APP_STORE_PURCHASES_BILLING,CONNECTIVITY_WIFI_BLUETOOTH,False,BATTERY_CHARGING_POWER,PROCEED
CASE_001132,@AppleSupport any way to check my battery health for my iPhone? @AppleSupport Thanks for the reply. I got someone one chat.,BATTERY_CHARGING_POWER,BATTERY_CHARGING_POWER,BATTERY_CHARGING_POWER,False,BATTERY_CHARGING_POWER,PROCEED
CASE_007268,"@AppleSupport I have an iPhone X reservation to collect 18-18.30, am I able to collect it earlier or does it have to be that specific time? ",GENERAL_DEVICE_INQUIRY,GENERAL_DEVICE_INQUIRY,GENERAL_DEVICE_INQUIRY,False,,PROCEED
CASE_002201,@AppleSupport Trying to buy stickers and all it does is clock... https://t.co/TWLhyZijIu @AppleSupport It finally went through. Thanks,GENERAL_DEVICE_INQUIRY,DISPLAY_TOUCH_SCREEN,APP_STORE_PURCHASES_BILLING,False,,PROCEED
CASE_002663,@AppleSupport issues regarding iPhone SE after installing IOS 11.0.2 update ..phone gets hanged! @4305 app also facing problems,OS_UPDATE_SYSTEM_PERFORMANCE,OS_UPDATE_SYSTEM_PERFORMANCE,OS_UPDATE_SYSTEM_PERFORMANCE,False,,PROCEED
CASE_003354,"Honestly, @AppleSupport , after installing iOS 11 &amp; 11.1 my @123765 app no longer works? Timeline won’t refresh &amp; can only update on",OS_UPDATE_SYSTEM_PERFORMANCE,OS_UPDATE_SYSTEM_PERFORMANCE,OS_UPDATE_SYSTEM_PERFORMANCE,False,,PROCEED
CASE_004077,You’ve been complaining about this for 30 minutes now. Come on https://t.co/dfCHdkA5rA @503153 I’m hoping @115858 will hear my complaints to,AUDIO_SOUND_SPEAKER,GENERAL_DEVICE_INQUIRY,GENERAL_DEVICE_INQUIRY,False,,PROCEED
CASE_001227,"@AppleSupport hey guys, the native music app crashes continually. I wouldn’t  restore my iphone. Any suggestion? @AppleSupport Thank you for",APP_CRASH_AND_DOWNLOAD,APP_STORE_PURCHASES_BILLING,APP_CRASH_AND_DOWNLOAD,False,APP_CRASH_AND_DOWNLOAD,PROCEED
CASE_002357,"Not at all happy with @115858 iOS 11.0.3. Updated yesterday, already had phone lock up twice, and WiFi connections are #fubar. Should have s",BATTERY_CHARGING_POWER,CONNECTIVITY_WIFI_BLUETOOTH,CONNECTIVITY_WIFI_BLUETOOTH,True,"BATTERY_CHARGING_POWER, CONNECTIVITY_WIFI_BLUETOOTH, DISPLAY_TOUCH_SCREEN",ESCALATE_MULTI_ISSUE
CASE_007701,@AppleSupport Been facing this weird animation bug on iMessage and mail app ever since I updated to ios 11 on my iPhone 6 which has now carr,DISPLAY_TOUCH_SCREEN,DISPLAY_TOUCH_SCREEN,DISPLAY_TOUCH_SCREEN,True,"DISPLAY_TOUCH_SCREEN, ACCOUNT_APPLEID_ICLOUD, HOW_TO_SETTINGS_CONFIGURATION",ESCALATE_MULTI_ISSUE
CASE_000604,"@AppleSupport my wifes iPhone 8 is hung up, how do I do a hard restart? @AppleSupport I had found all those solutions, and none worked.  I t",BATTERY_CHARGING_POWER,BATTERY_CHARGING_POWER,BATTERY_CHARGING_POWER,True,"BATTERY_CHARGING_POWER, APP_STORE_PURCHASES_BILLING, HOW_TO_SETTINGS_CONFIGURATION",ESCALATE_MULTI_ISSUE
CASE_001487,What the witch tits is going on with my iPhone @115858 ?!?! I updated it and now I can barely get a text out before it restarts!! Get it tog,OS_UPDATE_SYSTEM_PERFORMANCE,OS_UPDATE_SYSTEM_PERFORMANCE,GENERAL_DEVICE_INQUIRY,False,,PROCEED
CASE_002538,"@AppleSupport Can @115858 implement a shortcut ""low power mode"" to the quick access icons 🙏 https://t.co/7c5hxjSKJd @AppleSupport 6; 10.3.2.",HOW_TO_SETTINGS_CONFIGURATION,BATTERY_CHARGING_POWER,BATTERY_CHARGING_POWER,False,,PROCEED
CASE_005488,"@AppleSupport I️ don’t know if it’s me, but I️ think something is a little off here https://t.co/UDZyFm1SQz",GENERAL_DEVICE_INQUIRY,GENERAL_DEVICE_INQUIRY,GENERAL_DEVICE_INQUIRY,False,,PROCEED
CASE_001465,@115858 @AppleSupport why is the iPhone 8 such a piece of crap. Literally had it a month and it’s already not working properly.,GENERAL_DEVICE_INQUIRY,OS_UPDATE_SYSTEM_PERFORMANCE,GENERAL_DEVICE_INQUIRY,False,,PROCEED
CASE_000063,@AppleSupport - iPhone 6S Plus suddenly losing battery life since yesterday - % goes down by the second. Any ideas on what it might be? @App,BATTERY_CHARGING_POWER,BATTERY_CHARGING_POWER,BATTERY_CHARGING_POWER,False,BATTERY_CHARGING_POWER,PROCEED
CASE_003977,@AppleSupport  Hi. Can you tell me how I view purchase history on an iPad running iOS11 that is under parental control for purchasing pls? @,APP_STORE_PURCHASES_BILLING,APP_STORE_PURCHASES_BILLING,APP_STORE_PURCHASES_BILLING,False,,PROCEED
CASE_004130,@AppleSupport the letter “i” keeps getting autocorrected to this symbol crap. What’s going on? https://t.co/OGAn669ox8 @AppleSupport Awesome,GENERAL_DEVICE_INQUIRY,GENERAL_DEVICE_INQUIRY,GENERAL_DEVICE_INQUIRY,False,,PROCEED
CASE_003760,"@AppleSupport My default Pictures location in my @116230 laptop is in @130906 Now, I've changed the uploads and downloads part of iCloud Pho",ACCOUNT_APPLEID_ICLOUD,ACCOUNT_APPLEID_ICLOUD,ACCOUNT_APPLEID_ICLOUD,False,ACCOUNT_APPLEID_ICLOUD,PROCEED
CASE_001338,"Dear @AppleSupport @115858 , a 1855-779-5028 has called me more than my mom during holidays! They need to chill!",GENERAL_DEVICE_INQUIRY,GENERAL_DEVICE_INQUIRY,GENERAL_DEVICE_INQUIRY,False,,PROCEED
CASE_005689,Yo why tf y’all ain’t fix this I️t shit yet @115858,KEYBOARD_TYPING_AUTOCORRECT,GENERAL_DEVICE_INQUIRY,GENERAL_DEVICE_INQUIRY,False,,PROCEED
CASE_006191,My iPhone battery has gotten so bad it now dies when it’s plugged in I mean come on @AppleSupport,BATTERY_CHARGING_POWER,BATTERY_CHARGING_POWER,BATTERY_CHARGING_POWER,False,BATTERY_CHARGING_POWER,PROCEED
CASE_003819,@AppleSupport I can’t type without my “I” changing to a weird character. I️ literally have to go to my emojis?? PLEASE FIX THIS https://t.co,GENERAL_DEVICE_INQUIRY,KEYBOARD_TYPING_AUTOCORRECT,KEYBOARD_TYPING_AUTOCORRECT,False,,PROCEED
CASE_006347,@AppleSupport Gmail via exchange stopped syncing. So deleted to add via Google in Add Account. Logged in but window closes immediately wo fi,APP_CRASH_AND_DOWNLOAD,GENERAL_DEVICE_INQUIRY,GENERAL_DEVICE_INQUIRY,False,,PROCEED
CASE_000530,Great! Did the latest iOS update and now can’t hear any videos on any app! Not impressed @AppleSupport @AppleSupport iPhone 7. I hear audio ,AUDIO_SOUND_SPEAKER,AUDIO_SOUND_SPEAKER,AUDIO_SOUND_SPEAKER,False,AUDIO_SOUND_SPEAKER,PROCEED
CASE_004785,"If you want a landline again instead of a mobile phone, just download the new @115858 #ios11update . Battery life now nil. #fail #iphone @Ap",BATTERY_CHARGING_POWER,OS_UPDATE_SYSTEM_PERFORMANCE,BATTERY_CHARGING_POWER,False,BATTERY_CHARGING_POWER,PROCEED
CASE_001305,Hi @115858 - can you hurry up and fix your system so my iPhone will stop turning itself off every few minutes? Ta. @248701 @115858 Yours doi,GENERAL_DEVICE_INQUIRY,DISPLAY_TOUCH_SCREEN,GENERAL_DEVICE_INQUIRY,False,,PROCEED
CASE_002411,@AppleSupport I've heard you may be able to setup a battery diagnostic on my iPhone 5S? @AppleSupport Problem solved - dropped into our Appl,BATTERY_CHARGING_POWER,BATTERY_CHARGING_POWER,BATTERY_CHARGING_POWER,False,BATTERY_CHARGING_POWER,PROCEED
CASE_001475,"Having These Problems too. What to do? https://t.co/KclpS2RqTm @AppleSupport @AppleSupport It is on 4.1, powering off resulted in bootloop. ",GENERAL_DEVICE_INQUIRY,OS_UPDATE_SYSTEM_PERFORMANCE,OS_UPDATE_SYSTEM_PERFORMANCE,False,,PROCEED
CASE_001867,"@115858 @AppleSupport Hi can you please explain to me why iOS11 2.0 keeps 1. Randomly turning off my cellular... @AppleSupport Yes, restarte",CONNECTIVITY_WIFI_BLUETOOTH,CONNECTIVITY_WIFI_BLUETOOTH,CONNECTIVITY_WIFI_BLUETOOTH,True,"CONNECTIVITY_WIFI_BLUETOOTH, HOW_TO_SETTINGS_CONFIGURATION",ESCALATE_MULTI_ISSUE
CASE_001223,"@AppleSupport my iPhone 6S Plus keeps restarting every few minutes if I'm using my phone. It was working perfectly all day, but then about 3",OS_UPDATE_SYSTEM_PERFORMANCE,HOW_TO_SETTINGS_CONFIGURATION,OS_UPDATE_SYSTEM_PERFORMANCE,False,,PROCEED
CASE_001824,@115858 why is my phone constantly freezing? help?? @AppleSupport Like i’ll be watching youtube and every 5 minuets it freezes my phone and ,APP_CRASH_AND_DOWNLOAD,GENERAL_DEVICE_INQUIRY,DISPLAY_TOUCH_SCREEN,False,,PROCEED
CASE_001021,@AppleSupport will Apple Pencil work with iPad a1822? @AppleSupport Thank you!,GENERAL_DEVICE_INQUIRY,APP_STORE_PURCHASES_BILLING,APP_STORE_PURCHASES_BILLING,False,,PROCEED
CASE_002347,"A ver @AppleSupport, Siri está últimamente más tonta de lo normal. No hay manera de crear un recordatorio. Reconoce lo que le digo pero...⬇️",GENERAL_DEVICE_INQUIRY,GENERAL_DEVICE_INQUIRY,GENERAL_DEVICE_INQUIRY,False,,PROCEED
CASE_005314,Is anyone else having problems with screenshot? Mine just turns grey #iphone8 @115858 @AppleSupport I will try and get back @AppleSupport Wo,GENERAL_DEVICE_INQUIRY,GENERAL_DEVICE_INQUIRY,GENERAL_DEVICE_INQUIRY,False,,PROCEED
CASE_007287,If I see one more A ? I’m gonna throw my phone at the wall @115858 FIX THIS NOW,GENERAL_DEVICE_INQUIRY,GENERAL_DEVICE_INQUIRY,GENERAL_DEVICE_INQUIRY,False,,PROCEED
CASE_004471,"On the third day of using #iphoneX the #FaceID and the both cameras are stopped working 
Thanks @115858 .
@AppleSupport 
@526957 https://t.c",DISPLAY_TOUCH_SCREEN,DISPLAY_TOUCH_SCREEN,DISPLAY_TOUCH_SCREEN,False,,PROCEED
CASE_004676,"@115858 @AppleSupport Con última actualización iOS11.0.3 mi iPhone7 funciona pésimo se actualiza solo, dice no reconocer SIM 👎🏻 https://t.co",OS_UPDATE_SYSTEM_PERFORMANCE,OS_UPDATE_SYSTEM_PERFORMANCE,OS_UPDATE_SYSTEM_PERFORMANCE,False,,PROCEED
CASE_003583,@AppleSupport what’s with the “i “ autocorrection to i️,GENERAL_DEVICE_INQUIRY,GENERAL_DEVICE_INQUIRY,GENERAL_DEVICE_INQUIRY,False,,PROCEED
CASE_003619,Whenever “I️” type the letter “I️” it shows up as: I️ ...fix this @AppleSupport @AppleSupport SEE!!!! I’M TRYING TO TYPE THE LETTER BETWEEN ,GENERAL_DEVICE_INQUIRY,GENERAL_DEVICE_INQUIRY,KEYBOARD_TYPING_AUTOCORRECT,False,,PROCEED
CASE_003755,hey @AppleSupport @115858 y’all wanna explain why all of our phones are glitching over the damn letter “i”,GENERAL_DEVICE_INQUIRY,GENERAL_DEVICE_INQUIRY,GENERAL_DEVICE_INQUIRY,False,,PROCEED
CASE_004217,@115858 sooo when are you guys going to fix this issue so every time I say I️ it doesn’t go to an A ? This shit is annoying. @AppleSupport T,GENERAL_DEVICE_INQUIRY,GENERAL_DEVICE_INQUIRY,GENERAL_DEVICE_INQUIRY,False,,PROCEED
CASE_000687,"@AppleSupport shady or not that my phone works perfectly fine one day, needs an update and then all of a sudden my service quits working 🤔",CONNECTIVITY_WIFI_BLUETOOTH,CONNECTIVITY_WIFI_BLUETOOTH,GENERAL_DEVICE_INQUIRY,False,,PROCEED
CASE_004586,Damn you @115858 and your stupid update... why does my “I” I️ look like this?!?! @AppleSupport @4150 haha thanks!,OS_UPDATE_SYSTEM_PERFORMANCE,GENERAL_DEVICE_INQUIRY,GENERAL_DEVICE_INQUIRY,False,,PROCEED
CASE_006641,Bout to watch Gone Girl for the first time....no one blow it for me...but is it good?? @711181 So good that I have watched it 3 more times s,KEYBOARD_TYPING_AUTOCORRECT,KEYBOARD_TYPING_AUTOCORRECT,KEYBOARD_TYPING_AUTOCORRECT,False,KEYBOARD_TYPING_AUTOCORRECT,PROCEED
CASE_000385,Since the latest iOS update my phone keeps turning WiFi back on after I’ve disabled it. Anyone @AppleSupport seen this before? @160214 @Appl,CONNECTIVITY_WIFI_BLUETOOTH,DISPLAY_TOUCH_SCREEN,DISPLAY_TOUCH_SCREEN,True,"CONNECTIVITY_WIFI_BLUETOOTH, DISPLAY_TOUCH_SCREEN, HOW_TO_SETTINGS_CONFIGURATION",ESCALATE_MULTI_ISSUE
CASE_006821,So is Apple just not gonna fix this I️ “I️” thing? @AppleSupport it’s really messing up my text flow!! @AppleSupport Thank you. Just took th,OS_UPDATE_SYSTEM_PERFORMANCE,OS_UPDATE_SYSTEM_PERFORMANCE,GENERAL_DEVICE_INQUIRY,False,,PROCEED
CASE_000644,@115858 I completed your diagnostics test and did everything you asked now my phone is Continuously vibrating like I’m getting a notificatio,KEYBOARD_TYPING_AUTOCORRECT,KEYBOARD_TYPING_AUTOCORRECT,KEYBOARD_TYPING_AUTOCORRECT,False,,PROCEED
CASE_007631,@AppleSupport awful service from Apple. Multiple promises to get a call back. Did it happen? No! @AppleSupport Have done. Thanks,CONNECTIVITY_WIFI_BLUETOOTH,GENERAL_DEVICE_INQUIRY,GENERAL_DEVICE_INQUIRY,False,,PROCEED
CASE_004120,"@AppleSupport what is going on with my letter I’s turning into I️ and how do I️ fix It @AppleSupport Thanks Apple! I️ did that, sometimes It",KEYBOARD_TYPING_AUTOCORRECT,GENERAL_DEVICE_INQUIRY,KEYBOARD_TYPING_AUTOCORRECT,True,"KEYBOARD_TYPING_AUTOCORRECT, HOW_TO_SETTINGS_CONFIGURATION",ESCALATE_MULTI_ISSUE
CASE_007085,@AppleSupport The keyboard backlight on my MacBook Air (Late 2013) is not working. Is there any chance that it is a software issue? Thanks. ,KEYBOARD_TYPING_AUTOCORRECT,GENERAL_DEVICE_INQUIRY,KEYBOARD_TYPING_AUTOCORRECT,False,KEYBOARD_TYPING_AUTOCORRECT,PROCEED
CASE_007522,@115858 @6990 why isn’t FaceTime working right now? I need to see @107462 face 😭😭😭 @AppleSupport I’m in Australia and I’m calling the U.S. t,DISPLAY_TOUCH_SCREEN,CONNECTIVITY_WIFI_BLUETOOTH,OS_UPDATE_SYSTEM_PERFORMANCE,False,DISPLAY_TOUCH_SCREEN,PROCEED
CASE_007524,Has @115858 STILL not fixed this I️ issue???? We put a man on the moon! How is this so hard to fix!?,GENERAL_DEVICE_INQUIRY,GENERAL_DEVICE_INQUIRY,GENERAL_DEVICE_INQUIRY,False,,PROCEED
CASE_007624,@AppleSupport I'm trying to recover my mom's iphone account can I speed up the process by going in store? The current recovery date is Dec 4,GENERAL_DEVICE_INQUIRY,ACCOUNT_APPLEID_ICLOUD,GENERAL_DEVICE_INQUIRY,False,,PROCEED
CASE_000635,@AppleSupport I’m not sure if you guys sent this to me or someone is phishing for my account info https://t.co/ByWDjZCFbq @AppleSupport Just,GENERAL_DEVICE_INQUIRY,GENERAL_DEVICE_INQUIRY,ACCOUNT_APPLEID_ICLOUD,False,,PROCEED
CASE_000865,I don’t even have an option to turn it off @115858 fix this @AppleSupport Holy shit thank you lol,GENERAL_DEVICE_INQUIRY,HOW_TO_SETTINGS_CONFIGURATION,HOW_TO_SETTINGS_CONFIGURATION,False,,PROCEED
CASE_002711,@AppleSupport thanks for new update! I have a frozen 6s 🤦🏻‍♂️ hey steve wake up🙄 @AppleSupport New uptade can not download. Before ios11 i w,OS_UPDATE_SYSTEM_PERFORMANCE,OS_UPDATE_SYSTEM_PERFORMANCE,GENERAL_DEVICE_INQUIRY,False,,PROCEED
CASE_002794,@AppleSupport @124423 Any ideas on how to resolve this? Icon not showing since updates to iOS 11 / Watch OS 4 https://t.co/1Tbih8HZfL @Apple,OS_UPDATE_SYSTEM_PERFORMANCE,KEYBOARD_TYPING_AUTOCORRECT,OS_UPDATE_SYSTEM_PERFORMANCE,False,HOW_TO_SETTINGS_CONFIGURATION,PROCEED
CASE_005433,Seen this pop up in #iOS11 on #iPhone? Help! Repeatedly popping up every 90 seconds. Super annoying! @AppleSupport @316189 https://t.co/FoTT,APP_STORE_PURCHASES_BILLING,APP_STORE_PURCHASES_BILLING,APP_STORE_PURCHASES_BILLING,False,,PROCEED
CASE_006255,@AppleSupport Downloaded the new OS to my MacBook Air and now iCloud sign in doesn't work an either the MacBook Air or the Mac Desktop. Help,CONNECTIVITY_WIFI_BLUETOOTH,ACCOUNT_APPLEID_ICLOUD,ACCOUNT_APPLEID_ICLOUD,True,"CONNECTIVITY_WIFI_BLUETOOTH, ACCOUNT_APPLEID_ICLOUD",ESCALATE_MULTI_ISSUE
CASE_003197,"@AppleSupport hi, I think there is bug on energy saving menu, I can't see the options for battery and power adapter on os High Sierra. @Appl",BATTERY_CHARGING_POWER,BATTERY_CHARGING_POWER,BATTERY_CHARGING_POWER,False,BATTERY_CHARGING_POWER,PROCEED
CASE_000193,"@AppleSupport any idea what’s going on here? Running latest version of iOS on iPhone 7 Plus. https://t.co/LV3658NDOJ @AppleSupport Hi, thank",GENERAL_DEVICE_INQUIRY,OS_UPDATE_SYSTEM_PERFORMANCE,OS_UPDATE_SYSTEM_PERFORMANCE,False,,PROCEED
CASE_002000,"Why can't I use my headset on my iPad mini 2? It just stopped working @AppleSupport @AppleSupport I tried my Samsung earbuds, and another he",AUDIO_SOUND_SPEAKER,AUDIO_SOUND_SPEAKER,AUDIO_SOUND_SPEAKER,True,"CONNECTIVITY_WIFI_BLUETOOTH, AUDIO_SOUND_SPEAKER",ESCALATE_MULTI_ISSUE
CASE_004731,"@AppleSupport if I have a streak going on my watch series2, then I upgrade to watch series 3 &amp; restore backup, do I lose or keep strea",OS_UPDATE_SYSTEM_PERFORMANCE,OS_UPDATE_SYSTEM_PERFORMANCE,OS_UPDATE_SYSTEM_PERFORMANCE,False,,PROCEED
CASE_004104,@115858 girl “I️” gotta be fixed immediately!!! @AppleSupport Girl!!! U buggin 😒 but thanks tho,GENERAL_DEVICE_INQUIRY,GENERAL_DEVICE_INQUIRY,GENERAL_DEVICE_INQUIRY,False,,PROCEED
CASE_006714,"One problem after another with my iPhone X from @115858. @AppleSupport What isn’t going on? Drops WiFi when I lock it, screen freezes up, an",CONNECTIVITY_WIFI_BLUETOOTH,GENERAL_DEVICE_INQUIRY,CONNECTIVITY_WIFI_BLUETOOTH,True,"CONNECTIVITY_WIFI_BLUETOOTH, DISPLAY_TOUCH_SCREEN",ESCALATE_MULTI_ISSUE
CASE_001902,@AppleSupport even after updating to 11.02 my battery is draining. The senior executive was following me but later he closed case. 🤷🏽‍♂️ @Ap,BATTERY_CHARGING_POWER,BATTERY_CHARGING_POWER,BATTERY_CHARGING_POWER,False,BATTERY_CHARGING_POWER,PROCEED
CASE_001895,Is anyone else having problems with their @118721 radio? Or am I just technically challenged today?😆 @AppleSupport #iTunes #Apple @AppleSupp,APP_STORE_PURCHASES_BILLING,DISPLAY_TOUCH_SCREEN,APP_STORE_PURCHASES_BILLING,False,APP_STORE_PURCHASES_BILLING,PROCEED
CASE_004024,@AppleSupport I️ am not a fan of whatever this is so plz fix okay? @AppleSupport I am satisfied thank you,GENERAL_DEVICE_INQUIRY,GENERAL_DEVICE_INQUIRY,GENERAL_DEVICE_INQUIRY,False,,PROCEED
CASE_004183,@AppleSupport cant make or hear phone calls since the iOS 11.03 update along with a list of other faults. When’s the next one with fixes? @A,AUDIO_SOUND_SPEAKER,AUDIO_SOUND_SPEAKER,AUDIO_SOUND_SPEAKER,False,,PROCEED
CASE_006311,Yo @115858 @AppleSupport let’s fix this “I” glitch please. My mom doesn’t understand anything Im saying,OS_UPDATE_SYSTEM_PERFORMANCE,OS_UPDATE_SYSTEM_PERFORMANCE,OS_UPDATE_SYSTEM_PERFORMANCE,False,,PROCEED
CASE_001377,All I want to do is charge my phone. But noooo. The new iOS update won’t let me. 🙄🙄 @115858 @AppleSupport @AppleSupport 11.1.2 iPhone 7+ @Ap,BATTERY_CHARGING_POWER,BATTERY_CHARGING_POWER,BATTERY_CHARGING_POWER,False,BATTERY_CHARGING_POWER,PROCEED
CASE_000666,"@AppleSupport hi, are you able to make the app animation the same like ios10 I’m getting headaches from changing apps &amp; Dots for connect",CONNECTIVITY_WIFI_BLUETOOTH,GENERAL_DEVICE_INQUIRY,OS_UPDATE_SYSTEM_PERFORMANCE,False,,PROCEED
CASE_005942,@AppleSupport the #iOS11 is completely non functioning on my iPhone 5S and you have destroyed your product that I thought it would be worth ,APP_STORE_PURCHASES_BILLING,OS_UPDATE_SYSTEM_PERFORMANCE,GENERAL_DEVICE_INQUIRY,False,,PROCEED
CASE_006074,"@AppleSupport, I have some issue with my Apple ID. Every time I login via any web browser i get the error message ""We cannot process your re",ACCOUNT_APPLEID_ICLOUD,ACCOUNT_APPLEID_ICLOUD,ACCOUNT_APPLEID_ICLOUD,True,"ACCOUNT_APPLEID_ICLOUD, HOW_TO_SETTINGS_CONFIGURATION",ESCALATE_MULTI_ISSUE
CASE_004226,"My I Phone 7 hot spot is not connecting my laptop or any other devices 

@AppleSupport @115858 @AppleSupport No... it is not connecting at a",BATTERY_CHARGING_POWER,CONNECTIVITY_WIFI_BLUETOOTH,BATTERY_CHARGING_POWER,False,,PROCEED
CASE_007563,@115858 my iPhone is frozen. Can’t hard reset. Screen isn’t registering my touch. FIGURE YOUR UPDATES OUT @AppleSupport Thank you. No I️t st,KEYBOARD_TYPING_AUTOCORRECT,DISPLAY_TOUCH_SCREEN,DISPLAY_TOUCH_SCREEN,True,"DISPLAY_TOUCH_SCREEN, ACCOUNT_APPLEID_ICLOUD",ESCALATE_MULTI_ISSUE
CASE_007476,"@AppleSupport 
I purchased the iPhone 7 Plus but I can not use it because it is heating up https://t.co/vb3vgiy10Q @AppleSupport I live in S",GENERAL_DEVICE_INQUIRY,BATTERY_CHARGING_POWER,GENERAL_DEVICE_INQUIRY,False,,PROCEED
CASE_002992,@AppleSupport having issues with Apple Music. It keeps asking me to chose a plan when I just paid my subscription a week ago. Help please. @,APP_STORE_PURCHASES_BILLING,APP_STORE_PURCHASES_BILLING,APP_STORE_PURCHASES_BILLING,False,APP_STORE_PURCHASES_BILLING,PROCEED
CASE_005565,@AppleSupport My iPhone6 keeps offering an iOS update for 11.0.3 but every time I “Install Now” it fails due to an error. Why is this? @Appl,CONNECTIVITY_WIFI_BLUETOOTH,OS_UPDATE_SYSTEM_PERFORMANCE,OS_UPDATE_SYSTEM_PERFORMANCE,False,,PROCEED
CASE_003751,I updated my phone and STILL keep seeing these damn squares with the question marks!!! @115858 Please fix this !,GENERAL_DEVICE_INQUIRY,GENERAL_DEVICE_INQUIRY,GENERAL_DEVICE_INQUIRY,False,,PROCEED
CASE_002590,Hi @AppleSupport is this text message legit? There have been issues in the past with dodgy scams https://t.co/hggNi0xD1N @AppleSupport Thank,GENERAL_DEVICE_INQUIRY,GENERAL_DEVICE_INQUIRY,GENERAL_DEVICE_INQUIRY,False,,PROCEED
CASE_002255,@115858 You guys ever going to fix the bug in IMessage where you leave and come back and you can’t look at the bottom half of the message?,GENERAL_DEVICE_INQUIRY,GENERAL_DEVICE_INQUIRY,GENERAL_DEVICE_INQUIRY,False,,PROCEED
CASE_003381,"@115858 i update my iphone 7 plus for y’all, and now the battery is shit. i want answers",BATTERY_CHARGING_POWER,BATTERY_CHARGING_POWER,BATTERY_CHARGING_POWER,False,BATTERY_CHARGING_POWER,PROCEED
CASE_005390,Anyone else having issues playing videos on their @115858 iPhone? None stored locally will play @AppleSupport New X and most recent iOS @App,ACCOUNT_APPLEID_ICLOUD,OS_UPDATE_SYSTEM_PERFORMANCE,ACCOUNT_APPLEID_ICLOUD,False,ACCOUNT_APPLEID_ICLOUD,PROCEED
CASE_004271,"hey @115858 can u like ,, fix the bug in the new ios11 update @AppleSupport the letter i gets messed up and ends up looking like this i️ @Ap",KEYBOARD_TYPING_AUTOCORRECT,OS_UPDATE_SYSTEM_PERFORMANCE,KEYBOARD_TYPING_AUTOCORRECT,False,KEYBOARD_TYPING_AUTOCORRECT,PROCEED
CASE_003764,@115858 why does my phone turn I️ into a special character and make it pop up in my emoji keyboard???? Fix it 🤨 @AppleSupport Ok that helped,KEYBOARD_TYPING_AUTOCORRECT,KEYBOARD_TYPING_AUTOCORRECT,KEYBOARD_TYPING_AUTOCORRECT,False,KEYBOARD_TYPING_AUTOCORRECT,PROCEED
CASE_000805,I really hate the new #applenews as I don’t get news only on topics I like but other stuff I don’t want @AppleSupport @115858 @AppleSupport ,OS_UPDATE_SYSTEM_PERFORMANCE,HOW_TO_SETTINGS_CONFIGURATION,HOW_TO_SETTINGS_CONFIGURATION,False,,PROCEED
CASE_005624,"@AppleSupport why i can’t set double-tap (Siri access) in assitive touch with 0,10 second timeout? It’s change to multitasking. https://t.co",DISPLAY_TOUCH_SCREEN,AUDIO_SOUND_SPEAKER,OS_UPDATE_SYSTEM_PERFORMANCE,False,,PROCEED
CASE_006746,Dear iOS please fix your battery issues! Anong petsa na po? @115858 @AppleSupport @AppleSupport Thanks. ios11.1 iphone 7plus. I plug my phon,BATTERY_CHARGING_POWER,BATTERY_CHARGING_POWER,BATTERY_CHARGING_POWER,False,BATTERY_CHARGING_POWER,PROCEED
CASE_001053,"Después de la actualización de seguridad, así es como se me ven los iconos de las apps de Apple en el mac. Mal @AppleSupport! Muy mal! #macO",OS_UPDATE_SYSTEM_PERFORMANCE,APP_STORE_PURCHASES_BILLING,GENERAL_DEVICE_INQUIRY,False,,PROCEED
CASE_007230,"anyone else having faceID prob where face is recognized &amp; phone unlocks, but can’t swipe up? it goes up an inch but closes to lock scree",DISPLAY_TOUCH_SCREEN,DISPLAY_TOUCH_SCREEN,DISPLAY_TOUCH_SCREEN,False,DISPLAY_TOUCH_SCREEN,PROCEED
CASE_005645,"@115858 fix this whole “I️” crap @AppleSupport thanks, homie 🙏🏼",GENERAL_DEVICE_INQUIRY,GENERAL_DEVICE_INQUIRY,GENERAL_DEVICE_INQUIRY,False,,PROCEED
CASE_006402,@115858 what is with this glitch! I️ don’t like &lt;_&lt; #iphoneproblems,OS_UPDATE_SYSTEM_PERFORMANCE,OS_UPDATE_SYSTEM_PERFORMANCE,OS_UPDATE_SYSTEM_PERFORMANCE,False,,PROCEED
CASE_005007,@TwitterSupport @AppleSupport I’m on the iPhone X. Is there a reason when I️ typed “I️” it got formatted weird? https://t.co/C8dJhDW2Wh @Twi,GENERAL_DEVICE_INQUIRY,GENERAL_DEVICE_INQUIRY,GENERAL_DEVICE_INQUIRY,False,,PROCEED
CASE_005155,@AppleSupport hey i just wanted to know if this email was from your company it looks kinda sketchy https://t.co/F6EmEW9ADm @AppleSupport Tha,GENERAL_DEVICE_INQUIRY,GENERAL_DEVICE_INQUIRY,GENERAL_DEVICE_INQUIRY,False,,PROCEED
CASE_004250,"@AppleSupport what’s is that question mark in the box? @AppleSupport Ok, thank you so much.",GENERAL_DEVICE_INQUIRY,GENERAL_DEVICE_INQUIRY,GENERAL_DEVICE_INQUIRY,False,,PROCEED
CASE_003608,@115858 really needs to patch this keyboard issue I️ @AppleSupport I think it worked! Thanks @115858,KEYBOARD_TYPING_AUTOCORRECT,KEYBOARD_TYPING_AUTOCORRECT,KEYBOARD_TYPING_AUTOCORRECT,False,KEYBOARD_TYPING_AUTOCORRECT,PROCEED
CASE_007349,Can we please get a feature that screen grabs a part of a video 😐😅 @115858 @AppleSupport @AppleSupport Thank you will do,DISPLAY_TOUCH_SCREEN,GENERAL_DEVICE_INQUIRY,DISPLAY_TOUCH_SCREEN,False,DISPLAY_TOUCH_SCREEN,PROCEED
CASE_007058,"@AppleSupport my iMac has been stuck on loading screen since #HighSierra update, anyone have a fix? ✌🏾 https://t.co/3kmBceX4Ym @AppleSupport",DISPLAY_TOUCH_SCREEN,OS_UPDATE_SYSTEM_PERFORMANCE,DISPLAY_TOUCH_SCREEN,False,DISPLAY_TOUCH_SCREEN,PROCEED
CASE_003036,@115948 @AppleSupport This is not music to my ears! Solution please? #veryconfused https://t.co/ALgVrcVNU8 @AppleSupport Thanks for the fix.,APP_STORE_PURCHASES_BILLING,APP_STORE_PURCHASES_BILLING,APP_STORE_PURCHASES_BILLING,False,,PROCEED
CASE_004596,I️ I️ I️ I️ I️ I️ I️ I️ I️ I️ I️ I️ I️ I️ I️ I️ I️ I️ I️ I️ I️ I️ I️ I️ I️ I️ I️ I️ I️ I️ I️ I️ I️ I️ I️ I️ I️ I️ I️ I️ I️ I️ I️ I️ I️ I️ I️,GENERAL_DEVICE_INQUIRY,GENERAL_DEVICE_INQUIRY,GENERAL_DEVICE_INQUIRY,False,,PROCEED
CASE_006548,"@AppleSupport  Your latest update is shocking!! Is this going to be fixed???? #Iphone #Update @AppleSupport Thanks, have DM’d you",OS_UPDATE_SYSTEM_PERFORMANCE,OS_UPDATE_SYSTEM_PERFORMANCE,OS_UPDATE_SYSTEM_PERFORMANCE,False,,PROCEED
CASE_000025,"@AppleSupport  Dear team, after update my iPhone 6 Plus its hang in the Apple logo screen. @AppleSupport Thanks",DISPLAY_TOUCH_SCREEN,OS_UPDATE_SYSTEM_PERFORMANCE,DISPLAY_TOUCH_SCREEN,False,DISPLAY_TOUCH_SCREEN,PROCEED
CASE_004620,Can you fix my phone @115858 @AppleSupport iOS update is killing me trying to say the letter I️ @AppleSupport @532506 Your stupid DM’s don’t,KEYBOARD_TYPING_AUTOCORRECT,OS_UPDATE_SYSTEM_PERFORMANCE,OS_UPDATE_SYSTEM_PERFORMANCE,False,KEYBOARD_TYPING_AUTOCORRECT,PROCEED
CASE_003496,"My notification screen in iOS 11 keeps crashing (displaying only background) 😡🤬😡

Halp, @AppleSupport! @AppleSupport Thanks. Happening since",DISPLAY_TOUCH_SCREEN,KEYBOARD_TYPING_AUTOCORRECT,APP_CRASH_AND_DOWNLOAD,True,"DISPLAY_TOUCH_SCREEN, APP_CRASH_AND_DOWNLOAD",ESCALATE_MULTI_ISSUE
CASE_003861,@115858 when will there be a fix for this stupid I issue? @AppleSupport I️ have done that and while it has fixed it in private imessages it ,GENERAL_DEVICE_INQUIRY,GENERAL_DEVICE_INQUIRY,GENERAL_DEVICE_INQUIRY,False,,PROCEED
CASE_000539,".@AppleSupport Q: was the WatchOS 4.0.1 update only released for Series 3 watches? Just curious, thanks! @AppleSupport Gotcha. Series 2 is a",OS_UPDATE_SYSTEM_PERFORMANCE,OS_UPDATE_SYSTEM_PERFORMANCE,OS_UPDATE_SYSTEM_PERFORMANCE,False,,PROCEED
CASE_004466,@AppleSupport how can i make my phone stop this uppercase I️ into symbols bs? @AppleSupport THANK YOU,HOW_TO_SETTINGS_CONFIGURATION,KEYBOARD_TYPING_AUTOCORRECT,KEYBOARD_TYPING_AUTOCORRECT,False,HOW_TO_SETTINGS_CONFIGURATION,PROCEED
CASE_005761,Yo can @115858 fix the I️ problem already,GENERAL_DEVICE_INQUIRY,GENERAL_DEVICE_INQUIRY,GENERAL_DEVICE_INQUIRY,False,,PROCEED
CASE_001779,Has anyone else’s iPhone update slowed down their phone considerably? @230810 YES...urghhhh. It keeps freezing @AppleSupport ?? @AppleSuppor,CONNECTIVITY_WIFI_BLUETOOTH,CONNECTIVITY_WIFI_BLUETOOTH,CONNECTIVITY_WIFI_BLUETOOTH,False,CONNECTIVITY_WIFI_BLUETOOTH,PROCEED
CASE_002660,my phone just died while it was charging @383850 @383849 can verify @383850 im deadass looking at the pixle rn like what the heckle @AppleSu,BATTERY_CHARGING_POWER,BATTERY_CHARGING_POWER,BATTERY_CHARGING_POWER,False,BATTERY_CHARGING_POWER,PROCEED
CASE_002222,@AppleSupport Is this a Scam? I dont own Apple products https://t.co/eeM5pv9ctp @AppleSupport Thank you so much for the quick response.,GENERAL_DEVICE_INQUIRY,GENERAL_DEVICE_INQUIRY,GENERAL_DEVICE_INQUIRY,False,,PROCEED
CASE_005625,@115858 I’m gonna Help you out and cheer you on..... you need to take action. Here I’ll spell it for you. ACT I️ I️ I️ I️ I️ ON. ACTION ACTI,GENERAL_DEVICE_INQUIRY,GENERAL_DEVICE_INQUIRY,GENERAL_DEVICE_INQUIRY,False,,PROCEED
CASE_002367,Cc:  @AppleSupport https://t.co/Apfs6wkQSc @AppleSupport OS X Yosemite and 10.2.1 ...thank you!,GENERAL_DEVICE_INQUIRY,GENERAL_DEVICE_INQUIRY,GENERAL_DEVICE_INQUIRY,False,,PROCEED
CASE_007893,I️ hate @115858 @AppleSupport been at the gym for an hour and my phone is already at 1% @AppleSupport Latest one everything I️ update it doe,OS_UPDATE_SYSTEM_PERFORMANCE,OS_UPDATE_SYSTEM_PERFORMANCE,OS_UPDATE_SYSTEM_PERFORMANCE,False,,PROCEED
CASE_006026,And when @115858 gonna fix this I️ situation,GENERAL_DEVICE_INQUIRY,GENERAL_DEVICE_INQUIRY,GENERAL_DEVICE_INQUIRY,False,,PROCEED
CASE_004905,"@115858 @AppleSupport hey guys, I recently receive this email and I just want to know if this is real or fake...looks kind a unreal for me h",ACCOUNT_APPLEID_ICLOUD,ACCOUNT_APPLEID_ICLOUD,ACCOUNT_APPLEID_ICLOUD,True,"ACCOUNT_APPLEID_ICLOUD, HOW_TO_SETTINGS_CONFIGURATION",ESCALATE_MULTI_ISSUE
CASE_001795,"@AppleSupport Why the color of application folders appears to me black instead of cloudy? https://t.co/ZiLMmAZpez @AppleSupport I fixed it, ",GENERAL_DEVICE_INQUIRY,GENERAL_DEVICE_INQUIRY,GENERAL_DEVICE_INQUIRY,False,,PROCEED
CASE_001177,"@AppleSupport
Since the last update for the iOS, my phone keeps restarting back to the lock screen

Please help me",DISPLAY_TOUCH_SCREEN,DISPLAY_TOUCH_SCREEN,DISPLAY_TOUCH_SCREEN,False,DISPLAY_TOUCH_SCREEN,PROCEED
CASE_000267,"@AppleSupport I am unable to pair devices with apple configurator, it's taking life time  ""looking for devices"", once ii found, tried to pai",GENERAL_DEVICE_INQUIRY,CONNECTIVITY_WIFI_BLUETOOTH,GENERAL_DEVICE_INQUIRY,False,,PROCEED
CASE_005216,"@AppleSupport I'm very much connected to the internet, something up? https://t.co/9dTvBTnoXR @AppleSupport I got it done this morning",GENERAL_DEVICE_INQUIRY,CONNECTIVITY_WIFI_BLUETOOTH,CONNECTIVITY_WIFI_BLUETOOTH,False,,PROCEED
CASE_006091,"phone dead ass does not work anymore... 😂😂 @115858 explain to me a 7+ that’s barely a year old, is hardly working now? why soon as i ordered",GENERAL_DEVICE_INQUIRY,GENERAL_DEVICE_INQUIRY,GENERAL_DEVICE_INQUIRY,False,,PROCEED
CASE_000264,Just connected to a Bluetooth speaker and my phone thinks I’m driving. Why? What types of devices are @115858 looking for when they invoke S,AUDIO_SOUND_SPEAKER,GENERAL_DEVICE_INQUIRY,CONNECTIVITY_WIFI_BLUETOOTH,True,"CONNECTIVITY_WIFI_BLUETOOTH, AUDIO_SOUND_SPEAKER",ESCALATE_MULTI_ISSUE
CASE_002891,"Question: if you have DVDs, and they don’t include a digital copy, can you still load them on iTunes? @AppleSupport @AppleSupport Thanks any",APP_STORE_PURCHASES_BILLING,DISPLAY_TOUCH_SCREEN,APP_STORE_PURCHASES_BILLING,False,APP_STORE_PURCHASES_BILLING,PROCEED
CASE_000353,@AppleSupport My Apple Watch keeps turning off and on by itself and it’s charged. What do I do? @AppleSupport I think it keeps getting knock,BATTERY_CHARGING_POWER,BATTERY_CHARGING_POWER,BATTERY_CHARGING_POWER,True,"BATTERY_CHARGING_POWER, APP_STORE_PURCHASES_BILLING",ESCALATE_MULTI_ISSUE
CASE_000614,@AppleSupport Do you guys know if the in-app purchase service is down? I haven’t been able to buy anything in-app for a few days now. @Apple,CONNECTIVITY_WIFI_BLUETOOTH,APP_STORE_PURCHASES_BILLING,APP_STORE_PURCHASES_BILLING,False,,PROCEED
CASE_001027,@115858 @AppleSupport WTH is this it’s locking up my safari and I can’t do anything @115990 https://t.co/eJWxEFpqh4 @115858 @AppleSupport @1,GENERAL_DEVICE_INQUIRY,GENERAL_DEVICE_INQUIRY,GENERAL_DEVICE_INQUIRY,False,,PROCEED
CASE_004773,"tfw - your iPad won’t charge &amp; the @115858 store genius bar has no appts. until tomorrow. https://t.co/3KhXdun0Ft @AppleSupport Yes, I’v",BATTERY_CHARGING_POWER,BATTERY_CHARGING_POWER,BATTERY_CHARGING_POWER,False,BATTERY_CHARGING_POWER,PROCEED
CASE_007695,"Hey @AppleSupport where did visual voicemail go with iOS 11?! Um, am I missing something here?! @AppleSupport I have T-Mobile and this is wh",CONNECTIVITY_WIFI_BLUETOOTH,CONNECTIVITY_WIFI_BLUETOOTH,OS_UPDATE_SYSTEM_PERFORMANCE,False,,PROCEED
CASE_001808,Hey @115858 I love Apple products but I have problems that Apple does not care! What did I pay 1100 $ for the IPhone 7 Plus in April? I have,GENERAL_DEVICE_INQUIRY,GENERAL_DEVICE_INQUIRY,GENERAL_DEVICE_INQUIRY,False,,PROCEED
CASE_004498,@AppleSupport 10m w no change in time. Retried and noticed browser blocked the chat popup. Prob frustrates 100s of users daily. #HTFaUXD htt,GENERAL_DEVICE_INQUIRY,GENERAL_DEVICE_INQUIRY,GENERAL_DEVICE_INQUIRY,False,,PROCEED
CASE_001290,WTF is this? @AppleSupport????? https://t.co/9k2ETXM73z,GENERAL_DEVICE_INQUIRY,GENERAL_DEVICE_INQUIRY,GENERAL_DEVICE_INQUIRY,False,,PROCEED
CASE_006771,@AppleSupport I try to use my Apple Watch few days ago was that yesterday and it did a blink thing that also followed by not letting me call,GENERAL_DEVICE_INQUIRY,KEYBOARD_TYPING_AUTOCORRECT,GENERAL_DEVICE_INQUIRY,False,,PROCEED
CASE_000814,@AppleSupport  Can you please check my DM? @AppleSupport Thanks. @AppleSupport Could you please answer to my DM Im waiting desperately. @App,GENERAL_DEVICE_INQUIRY,GENERAL_DEVICE_INQUIRY,GENERAL_DEVICE_INQUIRY,False,,PROCEED
CASE_000151,"Please help me @115858 
My iPhone constantly plays songs on random and I’ve no idea why! @AppleSupport 11.0.2 @AppleSupport It’s seems to wo",APP_STORE_PURCHASES_BILLING,AUDIO_SOUND_SPEAKER,GENERAL_DEVICE_INQUIRY,False,,PROCEED
CASE_005857,Am I the only one that finds @115858 safari tracks my location even though my phone location is always switched off along with my internet l,APP_STORE_PURCHASES_BILLING,GENERAL_DEVICE_INQUIRY,GENERAL_DEVICE_INQUIRY,False,,PROCEED
CASE_001394,Wth my phone keeps turning off and them on again for like 4 hours already 😩 its so annoying @115858 @AppleSupport thank you! I am going to t,GENERAL_DEVICE_INQUIRY,OS_UPDATE_SYSTEM_PERFORMANCE,CONNECTIVITY_WIFI_BLUETOOTH,False,,PROCEED
CASE_000904,@AppleSupport I need a phishing e mail address @AppleSupport Thank you,GENERAL_DEVICE_INQUIRY,GENERAL_DEVICE_INQUIRY,GENERAL_DEVICE_INQUIRY,False,,PROCEED
CASE_000162,"Dear @AppleSupport, we noticed a *HUGE* security issue at MacOS High Sierra. Anyone can login as ""root"" with empty password after clicking o",KEYBOARD_TYPING_AUTOCORRECT,DISPLAY_TOUCH_SCREEN,ACCOUNT_APPLEID_ICLOUD,True,"KEYBOARD_TYPING_AUTOCORRECT, BATTERY_CHARGING_POWER, CONNECTIVITY_WIFI_BLUETOOTH, ACCOUNT_APPLEID_ICLOUD, APP_STORE_PURCHASES_BILLING, AUDIO_SOUND_SPEAKER, HOW_TO_SETTINGS_CONFIGURATION",ESCALATE_MULTI_ISSUE
CASE_002420,@AppleSupport Hello! I spent half of my Sunday resetting my password/re-creating my apple ID. Forgot the answers to security questions too. ,ACCOUNT_APPLEID_ICLOUD,ACCOUNT_APPLEID_ICLOUD,ACCOUNT_APPLEID_ICLOUD,False,ACCOUNT_APPLEID_ICLOUD,PROCEED
CASE_003874,This letter “I️” glitch is pissing me tf off now @AppleSupport @AppleSupport Thanks!,OS_UPDATE_SYSTEM_PERFORMANCE,KEYBOARD_TYPING_AUTOCORRECT,KEYBOARD_TYPING_AUTOCORRECT,False,,PROCEED
CASE_004967,"@AppleSupport I have received a phishing email claiming to be from you.  Do you have an address to forward it onto? @AppleSupport Thank you,",GENERAL_DEVICE_INQUIRY,GENERAL_DEVICE_INQUIRY,GENERAL_DEVICE_INQUIRY,False,,PROCEED
CASE_002977,"@AppleSupport My iPhone6 with iOS10.2 can't connect with my airpods well, always failed to connect, I need to restart my phone every time!! ",AUDIO_SOUND_SPEAKER,AUDIO_SOUND_SPEAKER,AUDIO_SOUND_SPEAKER,False,,PROCEED
CASE_007227,@AppleSupport  is it safe now to update the ios to 11.1.2 ?,OS_UPDATE_SYSTEM_PERFORMANCE,OS_UPDATE_SYSTEM_PERFORMANCE,OS_UPDATE_SYSTEM_PERFORMANCE,False,,PROCEED
CASE_004592,who at @115858 can i punch in the mouth for getting rid of the ability to turn off the fucking automatic brightness??? t @115858 brightness ,DISPLAY_TOUCH_SCREEN,DISPLAY_TOUCH_SCREEN,DISPLAY_TOUCH_SCREEN,False,DISPLAY_TOUCH_SCREEN,PROCEED
CASE_004584,Why has @115858 @AppleSupport not taken care of this “I️” bug yet. It’s been long enough. Driving me nuts @AppleSupport That solution has wo,GENERAL_DEVICE_INQUIRY,GENERAL_DEVICE_INQUIRY,GENERAL_DEVICE_INQUIRY,False,,PROCEED
CASE_002824,@AppleSupport y esto es lo que me ocurre a menudo desde la actualización 😡 https://t.co/ujCtl8oAZC @AppleSupport Thank you!,GENERAL_DEVICE_INQUIRY,APP_STORE_PURCHASES_BILLING,GENERAL_DEVICE_INQUIRY,False,,PROCEED
CASE_001938,@AppleSupport Hi. Just upgraded to iPhone 8 but got this message and apps won’t install. My old phone was 128 gb but only used 28gb space? h,APP_STORE_PURCHASES_BILLING,OS_UPDATE_SYSTEM_PERFORMANCE,APP_STORE_PURCHASES_BILLING,False,APP_STORE_PURCHASES_BILLING,PROCEED
CASE_005577,Wish there was a way to block private callers/withheld numbers from my iPhone. Can you help with this @115858 or @1371 can we make it illega,GENERAL_DEVICE_INQUIRY,GENERAL_DEVICE_INQUIRY,GENERAL_DEVICE_INQUIRY,False,,PROCEED
CASE_003070,@AppleSupport the sound the voice text button makes is SO annoying!!!!! how do I turn it oFF?!! 😳 https://t.co/reb2qQnkhQ @AppleSupport loud,AUDIO_SOUND_SPEAKER,HOW_TO_SETTINGS_CONFIGURATION,HOW_TO_SETTINGS_CONFIGURATION,True,"AUDIO_SOUND_SPEAKER, HOW_TO_SETTINGS_CONFIGURATION",ESCALATE_MULTI_ISSUE
CASE_007097,"@115858 -3rd generation Apple Tv stopped detecting Wifi upon software update. Ser No. C1MHPEA7DRHN. Not in warranty, known issue. Help. @App",CONNECTIVITY_WIFI_BLUETOOTH,CONNECTIVITY_WIFI_BLUETOOTH,CONNECTIVITY_WIFI_BLUETOOTH,False,CONNECTIVITY_WIFI_BLUETOOTH,PROCEED
CASE_000259,"@AppleSupport hi there, I sent an iTunes gift for my friend. This morning he lost it with no reason and can’t find it anywhere. Please help.",APP_STORE_PURCHASES_BILLING,APP_STORE_PURCHASES_BILLING,APP_STORE_PURCHASES_BILLING,False,APP_STORE_PURCHASES_BILLING,PROCEED
CASE_003184,"I can't install iOS 11 .1 Beta 5, all it says is ""Verifying update"" then it says error. Please help @AppleSupport",OS_UPDATE_SYSTEM_PERFORMANCE,KEYBOARD_TYPING_AUTOCORRECT,OS_UPDATE_SYSTEM_PERFORMANCE,False,,PROCEED
CASE_003044,@AppleSupport why isn’t my sound working on my iPhone 6plus??? It’s buggy... @AppleSupport I think I have fixed the problem when I was clean,AUDIO_SOUND_SPEAKER,AUDIO_SOUND_SPEAKER,AUDIO_SOUND_SPEAKER,False,AUDIO_SOUND_SPEAKER,PROCEED
CASE_000589,"@115858 what’s with this auto brightness shit, pls let us disable it @AppleSupport oh thanks! good looks",DISPLAY_TOUCH_SCREEN,DISPLAY_TOUCH_SCREEN,DISPLAY_TOUCH_SCREEN,False,DISPLAY_TOUCH_SCREEN,PROCEED
CASE_006573,"Just wanna thank @115858  for screwing up my IPhone 7 Plus that I️ got in June, with all these updates. 🙃 @AppleSupport My phone froze last ",DISPLAY_TOUCH_SCREEN,APP_CRASH_AND_DOWNLOAD,OS_UPDATE_SYSTEM_PERFORMANCE,True,"DISPLAY_TOUCH_SCREEN, HOW_TO_SETTINGS_CONFIGURATION",ESCALATE_MULTI_ISSUE
CASE_005593,@AppleSupport hi! I'm having a few issues with my memory - I wonder if you could help me? @AppleSupport Thanks! iPhone 6s Plus - I have very,GENERAL_DEVICE_INQUIRY,APP_CRASH_AND_DOWNLOAD,GENERAL_DEVICE_INQUIRY,False,,PROCEED
CASE_007327,Why the hell has my phone deleted all my contacts?! @AppleSupport,GENERAL_DEVICE_INQUIRY,GENERAL_DEVICE_INQUIRY,GENERAL_DEVICE_INQUIRY,False,,PROCEED
CASE_002043,I clicked onto my photos and more than half of them are gone ??? Wtf @115858 @AppleSupport Thanks,GENERAL_DEVICE_INQUIRY,GENERAL_DEVICE_INQUIRY,GENERAL_DEVICE_INQUIRY,False,,PROCEED
CASE_005259,Is anyone else seeing a question mark box after the latest iOS update on their keyboard? @AppleSupport ? How do I️ fix it? It sometimes show,KEYBOARD_TYPING_AUTOCORRECT,OS_UPDATE_SYSTEM_PERFORMANCE,KEYBOARD_TYPING_AUTOCORRECT,True,"KEYBOARD_TYPING_AUTOCORRECT, HOW_TO_SETTINGS_CONFIGURATION",ESCALATE_MULTI_ISSUE
CASE_000359,@AppleSupport both my mom and I were transferred to an Apple care rep from Verizon. After being on hold for ~10 minutes the line went dead. ,OS_UPDATE_SYSTEM_PERFORMANCE,GENERAL_DEVICE_INQUIRY,GENERAL_DEVICE_INQUIRY,False,,PROCEED
CASE_004833,iOS11 WhatsApp notifications not working on iphone7  @115858 @AppleSupport Okay thank you for your interest. I sent a message.,KEYBOARD_TYPING_AUTOCORRECT,KEYBOARD_TYPING_AUTOCORRECT,KEYBOARD_TYPING_AUTOCORRECT,False,,PROCEED
CASE_004140,Wow. Is @AppleSupport trying to fix this stupid I️ problem? Like for real.     -Concerned paying customer @AppleSupport Thank you!,GENERAL_DEVICE_INQUIRY,GENERAL_DEVICE_INQUIRY,GENERAL_DEVICE_INQUIRY,False,,PROCEED
CASE_004138,"Hey @115858 please fix the damn autocorrect for the letter that comes after “h”
I️
I️
I️
The latest iOS sucks. @AppleSupport Thank you. I wi",KEYBOARD_TYPING_AUTOCORRECT,KEYBOARD_TYPING_AUTOCORRECT,KEYBOARD_TYPING_AUTOCORRECT,False,KEYBOARD_TYPING_AUTOCORRECT,PROCEED
CASE_003091,Did I get a phone or not?? And why did I not get an email to complete it yet?? Help... @115858 https://t.co/j0h3op82yV @AppleSupport Thanks ,GENERAL_DEVICE_INQUIRY,GENERAL_DEVICE_INQUIRY,GENERAL_DEVICE_INQUIRY,False,,PROCEED
CASE_004417,"@115858 eye feel like I️ this glitch easy to fix, y’all being lazy 😭 @AppleSupport Thank you",OS_UPDATE_SYSTEM_PERFORMANCE,GENERAL_DEVICE_INQUIRY,GENERAL_DEVICE_INQUIRY,False,,PROCEED
CASE_002978,"@AppleSupport Could you provide a customer service email please? @AppleSupport Thanks, I had a very bad situation with iMac and I’d like to ",CONNECTIVITY_WIFI_BLUETOOTH,CONNECTIVITY_WIFI_BLUETOOTH,GENERAL_DEVICE_INQUIRY,False,,PROCEED
CASE_004764,"Dear @115858, please stop forcing me to update my phone. iOS 11 is glitchy af. @553176 @115858 I've literally been dodging their new update ",OS_UPDATE_SYSTEM_PERFORMANCE,CONNECTIVITY_WIFI_BLUETOOTH,OS_UPDATE_SYSTEM_PERFORMANCE,False,,PROCEED
CASE_007325,"New idea: 
@115858 Can You Help Me...stop connecting to the shoddy WiFi in every random store? Who can answer this in real time? @AppleSuppo",CONNECTIVITY_WIFI_BLUETOOTH,CONNECTIVITY_WIFI_BLUETOOTH,CONNECTIVITY_WIFI_BLUETOOTH,False,CONNECTIVITY_WIFI_BLUETOOTH,PROCEED
CASE_002203,@AppleSupport why is my Apple ID disable?,ACCOUNT_APPLEID_ICLOUD,ACCOUNT_APPLEID_ICLOUD,ACCOUNT_APPLEID_ICLOUD,False,ACCOUNT_APPLEID_ICLOUD,PROCEED
CASE_003530,@AppleSupport setting up a new iPhone and all I can get to is https://t.co/5LvuLj4nUk,GENERAL_DEVICE_INQUIRY,GENERAL_DEVICE_INQUIRY,GENERAL_DEVICE_INQUIRY,False,,PROCEED
CASE_004316,@AppleSupport we need answers https://t.co/YSNgKojpnX @AppleSupport Thank you!!! @517107 https://t.co/yBo9jQY4pO @517106 @AppleSupport I tha,GENERAL_DEVICE_INQUIRY,GENERAL_DEVICE_INQUIRY,GENERAL_DEVICE_INQUIRY,False,,PROCEED
CASE_003509,@AppleSupport my Iphone 6s suddenly turned off And not turning on @AppleSupport Yes . Phone stuck in boot loading @AppleSupport Phone stuck ,GENERAL_DEVICE_INQUIRY,OS_UPDATE_SYSTEM_PERFORMANCE,GENERAL_DEVICE_INQUIRY,False,,PROCEED
CASE_003773,@AppleSupport fix your shit I️ 🖕🏿,GENERAL_DEVICE_INQUIRY,GENERAL_DEVICE_INQUIRY,GENERAL_DEVICE_INQUIRY,False,,PROCEED
CASE_003915,"@AppleSupport Please help!! This is happening to my friend too and it’s so frustrating 😣 if it matters, I️ have an iPhone 7 https://t.co/xmR",GENERAL_DEVICE_INQUIRY,OS_UPDATE_SYSTEM_PERFORMANCE,GENERAL_DEVICE_INQUIRY,False,,PROCEED
CASE_006315,OMFG @115858 your programming team needs to be fired!!! I’ve updated and everything. My iPhone is still working like ass!! @115858 Thanks fo,GENERAL_DEVICE_INQUIRY,BATTERY_CHARGING_POWER,GENERAL_DEVICE_INQUIRY,False,,PROCEED
CASE_004900,So my iphone 8 screen has just gone off for no reason whatsoever the sound still works when I get notifications im so annoyed @AppleSupport ,AUDIO_SOUND_SPEAKER,DISPLAY_TOUCH_SCREEN,DISPLAY_TOUCH_SCREEN,True,"DISPLAY_TOUCH_SCREEN, AUDIO_SOUND_SPEAKER, HOW_TO_SETTINGS_CONFIGURATION",ESCALATE_MULTI_ISSUE
CASE_000038,come on @115858 you guys removed the option to leave a group conversation! ugh!! 🤦🏽‍♀️ please bring that option back ASAP  @AppleSupport  #i,GENERAL_DEVICE_INQUIRY,CONNECTIVITY_WIFI_BLUETOOTH,GENERAL_DEVICE_INQUIRY,False,,PROCEED
CASE_004203,@AppleSupport Hi! Can you confirm when the phone upgrade plan will be available again?? Thanks. @AppleSupport Thanks...I tried that and also,GENERAL_DEVICE_INQUIRY,APP_CRASH_AND_DOWNLOAD,GENERAL_DEVICE_INQUIRY,False,,PROCEED
CASE_000411,"Ok, @AppleSupport, please explain this. Playback came from iPhone speakers. https://t.co/67JPCOWSZ7 @AppleSupport Thx. They’re 🎧 and I have ",GENERAL_DEVICE_INQUIRY,AUDIO_SOUND_SPEAKER,GENERAL_DEVICE_INQUIRY,False,,PROCEED
CASE_004734,"MacBook Air 2013, Not Charging, the battery is fine, Megasafe is fine, Logic-board had been changed but still same issue!
@AppleSupport @App",BATTERY_CHARGING_POWER,BATTERY_CHARGING_POWER,BATTERY_CHARGING_POWER,False,BATTERY_CHARGING_POWER,PROCEED
CASE_007017,"hey, @AppleSupport can you fix this one? I already restarted my phone twice but still came out like this. thank you :) https://t.co/T4zsJD4E",GENERAL_DEVICE_INQUIRY,GENERAL_DEVICE_INQUIRY,GENERAL_DEVICE_INQUIRY,False,,PROCEED
CASE_002838,@AppleSupport how can i copy os x sieraa to usb @AppleSupport thank you very much 🌹🌹,HOW_TO_SETTINGS_CONFIGURATION,GENERAL_DEVICE_INQUIRY,HOW_TO_SETTINGS_CONFIGURATION,False,HOW_TO_SETTINGS_CONFIGURATION,PROCEED
CASE_002328,"@AppleSupport I have an IPhone SE since updating to 11 (and all subsequent updates, so now on 11.0.3 I have had no sound from phone. @AppleS",AUDIO_SOUND_SPEAKER,AUDIO_SOUND_SPEAKER,AUDIO_SOUND_SPEAKER,True,"CONNECTIVITY_WIFI_BLUETOOTH, AUDIO_SOUND_SPEAKER",ESCALATE_MULTI_ISSUE
CASE_006241,@AppleSupport how do I fix the i problem?,HOW_TO_SETTINGS_CONFIGURATION,GENERAL_DEVICE_INQUIRY,GENERAL_DEVICE_INQUIRY,False,HOW_TO_SETTINGS_CONFIGURATION,PROCEED
CASE_003088,Looks like I got the #iPhoneX BUT still haven’t received conf email  😱#Stressing @AppleSupport @AppleSupport I got the email later this morn,GENERAL_DEVICE_INQUIRY,GENERAL_DEVICE_INQUIRY,GENERAL_DEVICE_INQUIRY,False,,PROCEED
CASE_000467,Yes @115858 y’all need a new update I can’t see my notifications thanks @AppleSupport 6S and ISO 11.1.1 @AppleSupport So when I pull the scr,KEYBOARD_TYPING_AUTOCORRECT,KEYBOARD_TYPING_AUTOCORRECT,OS_UPDATE_SYSTEM_PERFORMANCE,False,DISPLAY_TOUCH_SCREEN,PROCEED
CASE_004336,Most annoying part of the iPhone X experience by far is the lack of glance-able power Info by percentage. Please @115858 add that back? @App,BATTERY_CHARGING_POWER,BATTERY_CHARGING_POWER,BATTERY_CHARGING_POWER,False,,PROCEED
CASE_003970,Fix this 🤬 glitch wtf @115858 @123765,OS_UPDATE_SYSTEM_PERFORMANCE,OS_UPDATE_SYSTEM_PERFORMANCE,OS_UPDATE_SYSTEM_PERFORMANCE,False,,PROCEED
CASE_007063,So @AppleSupport my phone just reset all my email accounts and numbers in my phone book Fam.. @AppleSupport Well I guess two of the 3 accoun,OS_UPDATE_SYSTEM_PERFORMANCE,ACCOUNT_APPLEID_ICLOUD,ACCOUNT_APPLEID_ICLOUD,False,,PROCEED
CASE_003254,"It’s crazy when I didn’t update my 7plus it worked perfect, nw it’s updated my joint freezing an everything. No @115858 I Dn’t want a new ph",OS_UPDATE_SYSTEM_PERFORMANCE,DISPLAY_TOUCH_SCREEN,DISPLAY_TOUCH_SCREEN,False,,PROCEED
CASE_001086,@AppleSupport My critical ops game keeps on crashing what should i do @AppleSupport my device is ipad 4 and ios 8 @AppleSupport what if my c,APP_CRASH_AND_DOWNLOAD,APP_CRASH_AND_DOWNLOAD,APP_CRASH_AND_DOWNLOAD,False,APP_CRASH_AND_DOWNLOAD,PROCEED
CASE_002505,Atualizei meu IOS de novo e tá travando. @AppleSupport ki ki tá contesenu? @AppleSupport Thank you! I just updated my IOS and it’s still not,DISPLAY_TOUCH_SCREEN,OS_UPDATE_SYSTEM_PERFORMANCE,DISPLAY_TOUCH_SCREEN,False,DISPLAY_TOUCH_SCREEN,PROCEED
CASE_003136,@AppleSupport my billing address somehow defaulted to my shipping address when I placed my order &amp; I can’t change it. Will it get cancel,APP_STORE_PURCHASES_BILLING,CONNECTIVITY_WIFI_BLUETOOTH,APP_STORE_PURCHASES_BILLING,False,APP_STORE_PURCHASES_BILLING,PROCEED
CASE_001897,@AppleSupport hi any advice on gps issues. My google maps is all over the place when I use sat nav and my strava won’t track my runs,GENERAL_DEVICE_INQUIRY,OS_UPDATE_SYSTEM_PERFORMANCE,OS_UPDATE_SYSTEM_PERFORMANCE,False,,PROCEED
CASE_006125,"@AppleSupport I can’t reset my iPhone 6 to factory settings @AppleSupport Did it through iTunes. Thx @AppleSupport I solved it, and yes , th",APP_STORE_PURCHASES_BILLING,OS_UPDATE_SYSTEM_PERFORMANCE,HOW_TO_SETTINGS_CONFIGURATION,True,"APP_STORE_PURCHASES_BILLING, HOW_TO_SETTINGS_CONFIGURATION",ESCALATE_MULTI_ISSUE
CASE_005620,Do Not Disturb doesn’t work anymore @115858... another update in the works? @AppleSupport I just had to restart the phone. Worked good so fa,OS_UPDATE_SYSTEM_PERFORMANCE,GENERAL_DEVICE_INQUIRY,GENERAL_DEVICE_INQUIRY,False,,PROCEED
CASE_006002,Why tf did @115858 remove the talk to text feature from iPhone? That shit came in clutch.. nobody has time to be typing everything out @Appl,KEYBOARD_TYPING_AUTOCORRECT,OS_UPDATE_SYSTEM_PERFORMANCE,KEYBOARD_TYPING_AUTOCORRECT,True,"KEYBOARD_TYPING_AUTOCORRECT, AUDIO_SOUND_SPEAKER",ESCALATE_MULTI_ISSUE
CASE_003075,"IOS 11.3 or whatever messed up my iMessages bro, that shit be taking days to activate wtf @115858 @AppleSupport Yes I just updated to latest",OS_UPDATE_SYSTEM_PERFORMANCE,CONNECTIVITY_WIFI_BLUETOOTH,OS_UPDATE_SYSTEM_PERFORMANCE,False,,PROCEED
CASE_005087,@AppleSupport Something is wrong with your update verification server. Check out this message. Also I deleted and reinstalled the update and,APP_STORE_PURCHASES_BILLING,OS_UPDATE_SYSTEM_PERFORMANCE,APP_STORE_PURCHASES_BILLING,False,APP_STORE_PURCHASES_BILLING,PROCEED
CASE_002542,@115858 Updated my IPhone 6S to IOS 11.0.03. How do I STOP the annoying pop-ups please? Thank you very much!! #NotHappy @AppleSupport e.g. P,OS_UPDATE_SYSTEM_PERFORMANCE,APP_STORE_PURCHASES_BILLING,HOW_TO_SETTINGS_CONFIGURATION,False,HOW_TO_SETTINGS_CONFIGURATION,PROCEED
CASE_000071,"Dear @AppleSupport I have an iPhone 7 &amp; iTunes, both genuine. So why do I always get this message when I sync? Hope you can help. Thanks",APP_STORE_PURCHASES_BILLING,GENERAL_DEVICE_INQUIRY,APP_STORE_PURCHASES_BILLING,False,APP_STORE_PURCHASES_BILLING,PROCEED
CASE_005710,"@118936 @AppleSupport Hi, I’m facing an issue with App Update or download new App, it keeps loading/Waiting... it’s been that way since last",OS_UPDATE_SYSTEM_PERFORMANCE,OS_UPDATE_SYSTEM_PERFORMANCE,OS_UPDATE_SYSTEM_PERFORMANCE,False,,PROCEED
CASE_000708,.@115858 #iOS11 just dropped and there’s already been two updates. How about you update the automatic brightness? I know how bright I want i,DISPLAY_TOUCH_SCREEN,DISPLAY_TOUCH_SCREEN,DISPLAY_TOUCH_SCREEN,False,,PROCEED
CASE_007247,Ever since this new lil update my music app hasn’t been opening.  @AppleSupport @AppleSupport iPhone 7plus. Right after I completed my payme,DISPLAY_TOUCH_SCREEN,DISPLAY_TOUCH_SCREEN,DISPLAY_TOUCH_SCREEN,True,"DISPLAY_TOUCH_SCREEN, APP_STORE_PURCHASES_BILLING",ESCALATE_MULTI_ISSUE
CASE_004083,Proof that my “I” changes to that. :| @AppleSupport https://t.co/7K9ikR9DkU @503562 @AppleSupport No flava you’re not the only one. When i t,KEYBOARD_TYPING_AUTOCORRECT,OS_UPDATE_SYSTEM_PERFORMANCE,KEYBOARD_TYPING_AUTOCORRECT,False,KEYBOARD_TYPING_AUTOCORRECT,PROCEED
CASE_000430,"@AppleSupport real issues with making phone calls since the update. They can’t hear me I can’t hear them. Battery replaced, still going on! ",AUDIO_SOUND_SPEAKER,AUDIO_SOUND_SPEAKER,AUDIO_SOUND_SPEAKER,False,BATTERY_CHARGING_POWER,PROCEED
CASE_006203,My #mac goes to sleep randomly every 25-30 sec! this started when i installed the #macOsSierra. I can't work like that!! HELP! @AppleSupport,GENERAL_DEVICE_INQUIRY,GENERAL_DEVICE_INQUIRY,GENERAL_DEVICE_INQUIRY,False,,PROCEED
CASE_007690,@AppleSupport What’s the build number for iOS 11.1 that dropped today? Specifically for iPhone 7+. Thanks! @AppleSupport Thanks. Was on the ,OS_UPDATE_SYSTEM_PERFORMANCE,GENERAL_DEVICE_INQUIRY,OS_UPDATE_SYSTEM_PERFORMANCE,False,,PROCEED
CASE_002574,My phone calls are being randomly cut off and I get this notification.. is it just me or.. ? @AppleSupport https://t.co/VvslxspBL4 @AppleSup,KEYBOARD_TYPING_AUTOCORRECT,CONNECTIVITY_WIFI_BLUETOOTH,OS_UPDATE_SYSTEM_PERFORMANCE,False,,PROCEED
CASE_007049,"Same can be said of EU.  https://t.co/iurjhfuZUV @743481 @743482 This is a soldier, who are fed and treated better. I️ can only imagine how ",OS_UPDATE_SYSTEM_PERFORMANCE,OS_UPDATE_SYSTEM_PERFORMANCE,OS_UPDATE_SYSTEM_PERFORMANCE,False,,PROCEED
CASE_003366,@AppleSupport what s the reason for this error https://t.co/2JW8s2FHuU @AppleSupport I tried to switch the game centre account @AppleSupport,GENERAL_DEVICE_INQUIRY,ACCOUNT_APPLEID_ICLOUD,ACCOUNT_APPLEID_ICLOUD,False,,PROCEED
CASE_006081,@115858 fix this fucking “i” problem too,GENERAL_DEVICE_INQUIRY,GENERAL_DEVICE_INQUIRY,GENERAL_DEVICE_INQUIRY,False,,PROCEED
CASE_007780,@AppleSupport Gamecenter is not working to change accounts.  Fix this please. https://t.co/rB8BGR50oq @808170 @AppleSupport I am having the ,CONNECTIVITY_WIFI_BLUETOOTH,ACCOUNT_APPLEID_ICLOUD,CONNECTIVITY_WIFI_BLUETOOTH,False,CONNECTIVITY_WIFI_BLUETOOTH,PROCEED
CASE_001400,eughhhh yeah im gonna have to take my laptop into the store later this week :( starting up after leaving it off for the day the lines are da,DISPLAY_TOUCH_SCREEN,DISPLAY_TOUCH_SCREEN,GENERAL_DEVICE_INQUIRY,False,,PROCEED
CASE_007808,"@AppleSupport hi guys my Apple Music playlists keep shuffling without being asked to, it’s REALLY annoying! Can you help please? iPhone 7+ i",APP_STORE_PURCHASES_BILLING,OS_UPDATE_SYSTEM_PERFORMANCE,APP_STORE_PURCHASES_BILLING,False,APP_STORE_PURCHASES_BILLING,PROCEED
CASE_007110,@AppleSupport is this a glitch? “No older Notifications” seems off https://t.co/7ZSbyPp53l @AppleSupport I’m sorry but are you a bot because,KEYBOARD_TYPING_AUTOCORRECT,KEYBOARD_TYPING_AUTOCORRECT,GENERAL_DEVICE_INQUIRY,False,,PROCEED
CASE_002580,@115858 this has been happening for me on my 6s for quite some time after updating to ios 11 https://t.co/mn3Dvfo8t6,OS_UPDATE_SYSTEM_PERFORMANCE,OS_UPDATE_SYSTEM_PERFORMANCE,OS_UPDATE_SYSTEM_PERFORMANCE,False,,PROCEED
CASE_004392,"@AppleSupport is the App Store down @AppleSupport it’s still not working, when i try and download something the app goes to the homescreen b",APP_STORE_PURCHASES_BILLING,APP_STORE_PURCHASES_BILLING,APP_STORE_PURCHASES_BILLING,False,APP_STORE_PURCHASES_BILLING,PROCEED
CASE_001409,@AppleSupport This appears whenever I’m using my phone and closes all my apps it just happend and Won’t stop from happening https://t.co/dkV,APP_CRASH_AND_DOWNLOAD,DISPLAY_TOUCH_SCREEN,OS_UPDATE_SYSTEM_PERFORMANCE,False,,PROCEED
CASE_002004,Dear @115858 can another update have a feature during #facetime where I can share my screen to show my friend something on another app #Appl,DISPLAY_TOUCH_SCREEN,GENERAL_DEVICE_INQUIRY,DISPLAY_TOUCH_SCREEN,False,DISPLAY_TOUCH_SCREEN,PROCEED
CASE_002974,The iOS (and MacOS) search functionality has never been great but now it is just broken. #apple #fail @115858 https://t.co/wWJVpKLrzw @Apple,OS_UPDATE_SYSTEM_PERFORMANCE,OS_UPDATE_SYSTEM_PERFORMANCE,OS_UPDATE_SYSTEM_PERFORMANCE,False,,PROCEED
CASE_000204,My phone wouldn't turn on for an hour @115858 we're going to have some problems @AppleSupport It's working now,GENERAL_DEVICE_INQUIRY,GENERAL_DEVICE_INQUIRY,GENERAL_DEVICE_INQUIRY,False,,PROCEED
CASE_003248,@115858 can you please fix the App Store. I can’t update any apps or download new ones. #ios @AppleSupport Thank you! iPhone 7 using iOS 11.,DISPLAY_TOUCH_SCREEN,APP_STORE_PURCHASES_BILLING,APP_STORE_PURCHASES_BILLING,True,"DISPLAY_TOUCH_SCREEN, APP_STORE_PURCHASES_BILLING",ESCALATE_MULTI_ISSUE
CASE_002311,"Pleaseee @AppleSupport fix the battery issue on iPhone software, it dies so ridiculous fast that it's very frustrating! @AppleSupport Thank ",BATTERY_CHARGING_POWER,BATTERY_CHARGING_POWER,BATTERY_CHARGING_POWER,False,BATTERY_CHARGING_POWER,PROCEED
CASE_005584,Y’all got us out here looking like lames with this “I️” shit @AppleSupport @AppleSupport 11.1,GENERAL_DEVICE_INQUIRY,GENERAL_DEVICE_INQUIRY,OS_UPDATE_SYSTEM_PERFORMANCE,False,,PROCEED
CASE_004699,@AppleSupport Hi 🍎 Since 11. 0.2 (15A421) my iphone needs at least 2 charges within 24h. How can you help me please ? Thx. @AppleSupport Ok ,HOW_TO_SETTINGS_CONFIGURATION,APP_STORE_PURCHASES_BILLING,APP_STORE_PURCHASES_BILLING,False,,PROCEED
CASE_001896,Anyone else experiencing airdrop problems between iphone6 and macbookpro since iOS11 update? @applesupport @AppleSupport That seems to have ,CONNECTIVITY_WIFI_BLUETOOTH,CONNECTIVITY_WIFI_BLUETOOTH,CONNECTIVITY_WIFI_BLUETOOTH,False,CONNECTIVITY_WIFI_BLUETOOTH,PROCEED
CASE_004292,@AppleSupport why do I️ keep getting a question mark when I️ type certain letters I️ @AppleSupport Seems to have fixed it! Thanks,GENERAL_DEVICE_INQUIRY,GENERAL_DEVICE_INQUIRY,KEYBOARD_TYPING_AUTOCORRECT,False,,PROCEED
CASE_003166,@AppleSupport hoping the keyboard lag on iP6 will be fixed in a coming release.  Is this the case? Gets worse everyday! @AppleSupport Thanks,KEYBOARD_TYPING_AUTOCORRECT,KEYBOARD_TYPING_AUTOCORRECT,KEYBOARD_TYPING_AUTOCORRECT,False,KEYBOARD_TYPING_AUTOCORRECT,PROCEED
CASE_001621,🗣🗣 WHY IS THE “ I️ “ PROBLEM NOT SOLVED ON MY IPHONE @115858 @AppleSupport I am testing now,GENERAL_DEVICE_INQUIRY,GENERAL_DEVICE_INQUIRY,GENERAL_DEVICE_INQUIRY,False,,PROCEED
CASE_006617,Stupid apple you update my phone while I’m sleeping and this shits lagging now hella slower I can tell when I type it won’t read what I’m ty,KEYBOARD_TYPING_AUTOCORRECT,OS_UPDATE_SYSTEM_PERFORMANCE,KEYBOARD_TYPING_AUTOCORRECT,False,KEYBOARD_TYPING_AUTOCORRECT,PROCEED
CASE_006806,"@AppleSupport I need help, I can’t update any apps until I fix my billing info, it’s telling me my card number is invalid @AppleSupport Than",APP_STORE_PURCHASES_BILLING,APP_STORE_PURCHASES_BILLING,APP_STORE_PURCHASES_BILLING,False,APP_STORE_PURCHASES_BILLING,PROCEED
CASE_005493,I wish I could upload LIVE photos as LIVE photos and not STILL photos. @115858 @AppleSupport 👋🏻👋🏻👋🏻👋🏻👋🏻,GENERAL_DEVICE_INQUIRY,GENERAL_DEVICE_INQUIRY,GENERAL_DEVICE_INQUIRY,False,,PROCEED
CASE_000927,"Hey @115858, my MacBook won’t turn on even though I’ve been charging it for a while. Any quick advice? @AppleSupport @AppleSupport Finally g",BATTERY_CHARGING_POWER,GENERAL_DEVICE_INQUIRY,BATTERY_CHARGING_POWER,False,,PROCEED
CASE_000218,@AppleSupport Upgraded Mac (retina 4k 27” late 2014) to High Sierra this week. Photos app is nightmare. Editing virtually impossible as adju,APP_CRASH_AND_DOWNLOAD,APP_CRASH_AND_DOWNLOAD,APP_CRASH_AND_DOWNLOAD,False,APP_CRASH_AND_DOWNLOAD,PROCEED
CASE_000609,my phone literally will not turn on. fuck ios 11. @AppleSupport fix it @AppleSupport it worked thanks,OS_UPDATE_SYSTEM_PERFORMANCE,OS_UPDATE_SYSTEM_PERFORMANCE,OS_UPDATE_SYSTEM_PERFORMANCE,False,,PROCEED
CASE_003171,@AppleSupport hi this is probably a stupid question would an iphone 5s connect to my apple watch series 1 @AppleSupport Thank you,CONNECTIVITY_WIFI_BLUETOOTH,GENERAL_DEVICE_INQUIRY,GENERAL_DEVICE_INQUIRY,False,,PROCEED
CASE_002808,"@AppleSupport Login to Push Certificate Portal impossible. Tried multiple AppleIDs, multiple browsers from multiple locations. Please check!",ACCOUNT_APPLEID_ICLOUD,ACCOUNT_APPLEID_ICLOUD,ACCOUNT_APPLEID_ICLOUD,False,,PROCEED
CASE_007193,"Was supposed to receive a call from @AppleSupport a few minutes ago, nothing...&amp; trying to connect w them from app says ""There's a probl",CONNECTIVITY_WIFI_BLUETOOTH,GENERAL_DEVICE_INQUIRY,GENERAL_DEVICE_INQUIRY,False,,PROCEED
CASE_006874,@AppleSupport screen reading frequently stops working after the first paragraph of text on multiple sites and apps. #bug #iOS11.0.3 https://,DISPLAY_TOUCH_SCREEN,DISPLAY_TOUCH_SCREEN,DISPLAY_TOUCH_SCREEN,False,DISPLAY_TOUCH_SCREEN,PROCEED
CASE_006296,So i just purchased @115948 again and this bs happens🙃 https://t.co/dOM5nSLhKr @115948 @115858 @AppleSupport @115948 like can i get a refund,APP_STORE_PURCHASES_BILLING,APP_STORE_PURCHASES_BILLING,APP_STORE_PURCHASES_BILLING,False,APP_STORE_PURCHASES_BILLING,PROCEED
CASE_001933,"iPhone call app all blurry &amp; unusable after iOS 11 update. Can’t make calls/access voicemail. Any tips to fix? Oh,  and “Grrrr” to @1158",OS_UPDATE_SYSTEM_PERFORMANCE,OS_UPDATE_SYSTEM_PERFORMANCE,OS_UPDATE_SYSTEM_PERFORMANCE,False,,PROCEED
CASE_007051,@115858 I lost all my music I was sharing on Apple Music. Any recommendations on fixing that? Had a bunch. Still paying. Want them back. @Ap,APP_STORE_PURCHASES_BILLING,APP_STORE_PURCHASES_BILLING,APP_STORE_PURCHASES_BILLING,False,APP_STORE_PURCHASES_BILLING,PROCEED
CASE_003521,Cracked iPhone X already @115858 @116333 help w brother out :( https://t.co/kGih8u2qEc @AppleSupport Thank you!! I replied! @AppleSupport I ,DISPLAY_TOUCH_SCREEN,GENERAL_DEVICE_INQUIRY,GENERAL_DEVICE_INQUIRY,False,,PROCEED
CASE_002027,@AppleSupport My iPhone 6s froze twice after closing from my messages and trying to open up Instagram. Had to hard-shut off. Any tips? @Appl,APP_CRASH_AND_DOWNLOAD,OS_UPDATE_SYSTEM_PERFORMANCE,OS_UPDATE_SYSTEM_PERFORMANCE,False,,PROCEED
CASE_001455,"@AppleSupport My AirPods don't consistently play/pause when I'm listening to podcasts, but seem to work fine for music. Should I return them",AUDIO_SOUND_SPEAKER,AUDIO_SOUND_SPEAKER,AUDIO_SOUND_SPEAKER,False,,PROCEED
CASE_007329,"After updating to #ios11, I accidentally changed wallpaper. While trying to set the original back (see image), it has disappeared suddenly. ",OS_UPDATE_SYSTEM_PERFORMANCE,ACCOUNT_APPLEID_ICLOUD,ACCOUNT_APPLEID_ICLOUD,False,,PROCEED
CASE_001932,@115858 what is up with this software? It has a lot of glitches that need to be fixed. I would like to use my phone properly. Thanks! @Apple,GENERAL_DEVICE_INQUIRY,CONNECTIVITY_WIFI_BLUETOOTH,OS_UPDATE_SYSTEM_PERFORMANCE,False,,PROCEED
CASE_001033,@AppleSupport explain to me WHY I CANT GET THE ISO 11 Update AND I HAVE A IPHONE 6S ... DONT TELL ME ABOUT SPACE IN MY PHONE BECAUSE RIGHT N,OS_UPDATE_SYSTEM_PERFORMANCE,OS_UPDATE_SYSTEM_PERFORMANCE,OS_UPDATE_SYSTEM_PERFORMANCE,False,,PROCEED
CASE_001308,"@applesupport I'm so frustrated! I have the same crashing bug as mentioned by others, but it crashes so frequently, I can't even try the fix",APP_CRASH_AND_DOWNLOAD,HOW_TO_SETTINGS_CONFIGURATION,APP_CRASH_AND_DOWNLOAD,False,APP_CRASH_AND_DOWNLOAD,PROCEED
CASE_001749,EU TO EM CRISE MEU DEUS ALGUEM ME AJUDA NAO SAI O SOM DOS ÁUDIOS NEM VIDEO QUANDO EU GRAVO E EU FALANDO SAI AAAA HELP ME https://t.co/OrzG11,GENERAL_DEVICE_INQUIRY,GENERAL_DEVICE_INQUIRY,GENERAL_DEVICE_INQUIRY,False,,PROCEED
CASE_001188,MY IPHONE IS REBOOTING EVERY MINUTE?? WHAT'S UP WITH THIS @AppleSupport??? I've heard of 6 different cases today!!,GENERAL_DEVICE_INQUIRY,GENERAL_DEVICE_INQUIRY,GENERAL_DEVICE_INQUIRY,False,,PROCEED
CASE_007311,@AppleSupport whats wrong with iphone 7 🙂🙂🙂 ... is it from the new update?? its not working well with us all !!! #iphone7 #apple @AppleSuppo,OS_UPDATE_SYSTEM_PERFORMANCE,OS_UPDATE_SYSTEM_PERFORMANCE,GENERAL_DEVICE_INQUIRY,False,,PROCEED
CASE_000454,@AppleSupport Safari doesn’t work after updating MacBook Air to latest HighSierra. Tabs don’t load. @AppleSupport Yes. I also tried resettin,GENERAL_DEVICE_INQUIRY,OS_UPDATE_SYSTEM_PERFORMANCE,OS_UPDATE_SYSTEM_PERFORMANCE,False,,PROCEED
CASE_007689,@AppleSupport I would like to report a spam email I just received regarding my apple account. Let me know where can I Foward the email. #App,HOW_TO_SETTINGS_CONFIGURATION,GENERAL_DEVICE_INQUIRY,GENERAL_DEVICE_INQUIRY,False,,PROCEED
CASE_006404,"Wow, after latest update my @115858 iPhone loses literally 10% battery life every minute, or less. Think I’ll get a landline again... @Apple",BATTERY_CHARGING_POWER,BATTERY_CHARGING_POWER,BATTERY_CHARGING_POWER,False,BATTERY_CHARGING_POWER,PROCEED
CASE_007720,@AppleSupport what’s up with 11.1.2 no longer letting me use play/pause on my bluetooth devices with RockMyRun and Audible?!? Your iTunes wo,CONNECTIVITY_WIFI_BLUETOOTH,CONNECTIVITY_WIFI_BLUETOOTH,CONNECTIVITY_WIFI_BLUETOOTH,True,"CONNECTIVITY_WIFI_BLUETOOTH, APP_STORE_PURCHASES_BILLING",ESCALATE_MULTI_ISSUE
CASE_000991,@AppleSupport hi my phone battery keeps dying really fast when I'm outside in the cold. Once I get back indoors it jumps back up again. @App,BATTERY_CHARGING_POWER,GENERAL_DEVICE_INQUIRY,BATTERY_CHARGING_POWER,False,BATTERY_CHARGING_POWER,PROCEED
CASE_000305,#BlackFriday @115858 should roll back #iOS updates. #iphone keeps typing all these characters for different letters I️ #ITRTG @AppleSupport ,KEYBOARD_TYPING_AUTOCORRECT,OS_UPDATE_SYSTEM_PERFORMANCE,KEYBOARD_TYPING_AUTOCORRECT,False,KEYBOARD_TYPING_AUTOCORRECT,PROCEED
CASE_006114,"Hi @AppleSupport, How can I buy apple care for my iPhone X I’ve already ordered? Many thanks @AppleSupport Thanks guys fixed it!",HOW_TO_SETTINGS_CONFIGURATION,GENERAL_DEVICE_INQUIRY,HOW_TO_SETTINGS_CONFIGURATION,False,HOW_TO_SETTINGS_CONFIGURATION,PROCEED
CASE_002286,"so annoying every app i use it closes out of it, @115858 get your fucking shit together!!",APP_CRASH_AND_DOWNLOAD,APP_CRASH_AND_DOWNLOAD,APP_CRASH_AND_DOWNLOAD,False,,PROCEED
CASE_000009,"@AppleSupport I can’t change lock screen anymore from ‘wallpaper’ in settings. How do I do it now? @AppleSupport As always, thank you!!!",DISPLAY_TOUCH_SCREEN,DISPLAY_TOUCH_SCREEN,DISPLAY_TOUCH_SCREEN,True,"DISPLAY_TOUCH_SCREEN, HOW_TO_SETTINGS_CONFIGURATION",ESCALATE_MULTI_ISSUE
CASE_001789,"@AppleSupport hi, could you help me with this?
since I’ve updated to iOS11, wifi is almost always turned on even when I turn it off. Thanks ",CONNECTIVITY_WIFI_BLUETOOTH,CONNECTIVITY_WIFI_BLUETOOTH,CONNECTIVITY_WIFI_BLUETOOTH,True,"CONNECTIVITY_WIFI_BLUETOOTH, HOW_TO_SETTINGS_CONFIGURATION",ESCALATE_MULTI_ISSUE
CASE_004763,"Extremely annoyed by the adware malware on macOS.
Definitely not the Apple experience that I expected.
@115858 @AppleSupport @AppleSupport T",GENERAL_DEVICE_INQUIRY,CONNECTIVITY_WIFI_BLUETOOTH,GENERAL_DEVICE_INQUIRY,False,,PROCEED
CASE_001376,@AppleSupport At times My iPhone 7 gets really hot when I am browsing and then starts draining the batt at full swing. Kindly advise.,BATTERY_CHARGING_POWER,BATTERY_CHARGING_POWER,BATTERY_CHARGING_POWER,False,,PROCEED
CASE_004100,Hey @115858. Fix this: I️ @AppleSupport Thanks!,GENERAL_DEVICE_INQUIRY,GENERAL_DEVICE_INQUIRY,GENERAL_DEVICE_INQUIRY,False,,PROCEED
CASE_005466,@AppleSupport I don’t know why it’s showing?how could solve it? https://t.co/QvpaKA0QGB @AppleSupport Thanks for the help.,GENERAL_DEVICE_INQUIRY,HOW_TO_SETTINGS_CONFIGURATION,HOW_TO_SETTINGS_CONFIGURATION,False,,PROCEED
CASE_004497,@115858 say my nigga wassup with all these squares and question marks and shit?? I️ Pay good money all my shit should work y’all trippin! @A,APP_STORE_PURCHASES_BILLING,GENERAL_DEVICE_INQUIRY,GENERAL_DEVICE_INQUIRY,False,,PROCEED
CASE_006131,"@AppleSupport I’m having trouble with sms messages failing... 

is this a carrier problem with @122326 or with my iPhone? 

It seems if reci",CONNECTIVITY_WIFI_BLUETOOTH,OS_UPDATE_SYSTEM_PERFORMANCE,OS_UPDATE_SYSTEM_PERFORMANCE,False,,PROCEED
CASE_000311,"@AppleSupport Iphone 5S on IOS 10 keeps crashing everytime I enter the messages app. i tried resetting all settings, deleted all texts and s",CONNECTIVITY_WIFI_BLUETOOTH,APP_CRASH_AND_DOWNLOAD,APP_CRASH_AND_DOWNLOAD,True,"CONNECTIVITY_WIFI_BLUETOOTH, APP_CRASH_AND_DOWNLOAD, HOW_TO_SETTINGS_CONFIGURATION",ESCALATE_MULTI_ISSUE
CASE_007128,Ok @AppleSupport why is the weird question mark box thing happening if you try to type just a capital letter eye @AppleSupport 7+ and it’s t,ACCOUNT_APPLEID_ICLOUD,OS_UPDATE_SYSTEM_PERFORMANCE,KEYBOARD_TYPING_AUTOCORRECT,True,"ACCOUNT_APPLEID_ICLOUD, HOW_TO_SETTINGS_CONFIGURATION",ESCALATE_MULTI_ISSUE
CASE_003069,"@AppleSupport Hi there, after upgrading to iOS 11.0.3 my iphone7 is super slow and can barely use apps @AppleSupport It seemed to be google ",OS_UPDATE_SYSTEM_PERFORMANCE,OS_UPDATE_SYSTEM_PERFORMANCE,OS_UPDATE_SYSTEM_PERFORMANCE,False,,PROCEED
CASE_000291,"@AppleSupport hi there , i lost my password , how can i reset to my Email? The password you entered to unlock your iPhone backup was incorre",DISPLAY_TOUCH_SCREEN,ACCOUNT_APPLEID_ICLOUD,ACCOUNT_APPLEID_ICLOUD,True,"DISPLAY_TOUCH_SCREEN, ACCOUNT_APPLEID_ICLOUD, HOW_TO_SETTINGS_CONFIGURATION",ESCALATE_MULTI_ISSUE
CASE_002552,@115858 @115948 just done a phone update and it’s deleted all my playlists and downloaded songs ffs 😡😡😡,APP_STORE_PURCHASES_BILLING,APP_STORE_PURCHASES_BILLING,APP_STORE_PURCHASES_BILLING,False,,PROCEED
CASE_004989,@AppleSupport trouble transferring to my new iPhone X as I’m a beta tester and you’ve not released iOS 11.2 to the X? Any advice? @AppleSupp,OS_UPDATE_SYSTEM_PERFORMANCE,OS_UPDATE_SYSTEM_PERFORMANCE,OS_UPDATE_SYSTEM_PERFORMANCE,False,,PROCEED
CASE_007586,"@AppleSupport my right AirPod doesn’t charge, any idea troubleshooting tips to fix this? @AppleSupport Yes the status light comes on but the",AUDIO_SOUND_SPEAKER,BATTERY_CHARGING_POWER,BATTERY_CHARGING_POWER,False,BATTERY_CHARGING_POWER,PROCEED
CASE_007473,"@116333 My MacBook Pro 15"" Retina (Mid 2014) started crashing on macOS High Sierra but working perfectly on Win 10 Apple Service Centre unab",APP_CRASH_AND_DOWNLOAD,KEYBOARD_TYPING_AUTOCORRECT,APP_CRASH_AND_DOWNLOAD,False,APP_CRASH_AND_DOWNLOAD,PROCEED
CASE_003420,@115858 @AppleSupport what the heck is with this weird autocorrect every time I️ type the word “I️”??? @AppleSupport Thanks sent a DM. I️,KEYBOARD_TYPING_AUTOCORRECT,OS_UPDATE_SYSTEM_PERFORMANCE,KEYBOARD_TYPING_AUTOCORRECT,False,KEYBOARD_TYPING_AUTOCORRECT,PROCEED
CASE_005969,@AppleSupport Can you tell me why my 5s keeps crashing after updating my software?????,APP_CRASH_AND_DOWNLOAD,APP_CRASH_AND_DOWNLOAD,APP_CRASH_AND_DOWNLOAD,False,APP_CRASH_AND_DOWNLOAD,PROCEED
CASE_006260,I️ keep seeing question marks when I️ type. This bullshit hella annoying! Fix my phone boss @115858 @AppleSupport @AppleSupport 11.1 @AppleS,GENERAL_DEVICE_INQUIRY,GENERAL_DEVICE_INQUIRY,KEYBOARD_TYPING_AUTOCORRECT,False,,PROCEED
CASE_001038,"@116333 @115858 Mac shuts down when put in Sleep, High Sierra bricked Mac, AirPods DO NOT connect automatically, Mac Messages not deleted vi",AUDIO_SOUND_SPEAKER,GENERAL_DEVICE_INQUIRY,GENERAL_DEVICE_INQUIRY,False,,PROCEED
CASE_004331,@AppleSupport so are you guys going to address these question mark boxes or no @AppleSupport iPhone X. When ever I️ go to use the letter I️ ,KEYBOARD_TYPING_AUTOCORRECT,OS_UPDATE_SYSTEM_PERFORMANCE,KEYBOARD_TYPING_AUTOCORRECT,False,KEYBOARD_TYPING_AUTOCORRECT,PROCEED
CASE_001593,@AppleSupport live wallpapers aren’t working. I’m running 11.1.2 on my new #iPhoneX. I’ve tried restarting and also switching to a still the,GENERAL_DEVICE_INQUIRY,DISPLAY_TOUCH_SCREEN,DISPLAY_TOUCH_SCREEN,False,DISPLAY_TOUCH_SCREEN,PROCEED
CASE_007820,@AppleSupport why does it keep saying I tried to purchase “Frozen” recently and my credit card is wrong? Who can I call to fix this? @AppleS,APP_STORE_PURCHASES_BILLING,DISPLAY_TOUCH_SCREEN,APP_STORE_PURCHASES_BILLING,False,,PROCEED
CASE_006476,@115858 Thanks for the update! My phone is static again 😜 #iphone8 #shouldofkeptmyoldphone #pleasefixit @AppleSupport Thanks I will DM you :,OS_UPDATE_SYSTEM_PERFORMANCE,OS_UPDATE_SYSTEM_PERFORMANCE,OS_UPDATE_SYSTEM_PERFORMANCE,False,,PROCEED
CASE_002820,okay what the fuck is up with iphone needing to “load” your camera roll/photos.. there should be no loading??? it never used to happen befor,DISPLAY_TOUCH_SCREEN,APP_STORE_PURCHASES_BILLING,CONNECTIVITY_WIFI_BLUETOOTH,False,,PROCEED
CASE_005934,"@AppleSupport GPS no longer works after iOS 11 update on iPhone 6. Tried soft &amp; hard restart, reset location svs, still no maps work. @A",OS_UPDATE_SYSTEM_PERFORMANCE,OS_UPDATE_SYSTEM_PERFORMANCE,OS_UPDATE_SYSTEM_PERFORMANCE,False,,PROCEED
CASE_000236,@AppleSupport is there anything that I can do to make your voice to text smarter? I just tried three times to comment and say “taunting call,GENERAL_DEVICE_INQUIRY,GENERAL_DEVICE_INQUIRY,GENERAL_DEVICE_INQUIRY,False,,PROCEED
CASE_006767,Hey @AppleSupport what’s with iPhones not being able to make calls?  I know 9 people who go to make calls and nothing happens. All have most,OS_UPDATE_SYSTEM_PERFORMANCE,GENERAL_DEVICE_INQUIRY,OS_UPDATE_SYSTEM_PERFORMANCE,False,,PROCEED
CASE_003236,"Dear @115858 ever since your IOS 11 update, my screen on my iPad air2 keeps flipping even though it’s locked. It’s annoying, please fix @App",DISPLAY_TOUCH_SCREEN,DISPLAY_TOUCH_SCREEN,DISPLAY_TOUCH_SCREEN,False,DISPLAY_TOUCH_SCREEN,PROCEED
CASE_006234,Hey @AppleSupport have you tried turning it off and on again?? https://t.co/A3D41cNnQw @AppleSupport It's on the internet on a PC so nothing,GENERAL_DEVICE_INQUIRY,GENERAL_DEVICE_INQUIRY,GENERAL_DEVICE_INQUIRY,False,,PROCEED
CASE_005975,@AppleSupport yet another bug with an Apple product. This one is the Apple TV (4th gen) and tv is 11. The device drops off the remote app @A,GENERAL_DEVICE_INQUIRY,CONNECTIVITY_WIFI_BLUETOOTH,GENERAL_DEVICE_INQUIRY,False,,PROCEED
CASE_003259,@AppleSupport trying to get some actual support and it’s a struggle online. Anyway to get help for overnight shipping that takes 3 days? @Ap,GENERAL_DEVICE_INQUIRY,APP_STORE_PURCHASES_BILLING,APP_STORE_PURCHASES_BILLING,False,,PROCEED
CASE_004713,"Every iOS 11 update has slowed my phone down. GYST @115858 @AppleSupport thanks, sent you a DM",OS_UPDATE_SYSTEM_PERFORMANCE,OS_UPDATE_SYSTEM_PERFORMANCE,OS_UPDATE_SYSTEM_PERFORMANCE,False,,PROCEED
CASE_006334,"@115858 new update on #iOS11 and difficulty attaching pics on watsapp 😣 @AppleSupport Thank you 🍎 , lemme attach a screen grab and show it t",DISPLAY_TOUCH_SCREEN,BATTERY_CHARGING_POWER,BATTERY_CHARGING_POWER,True,"DISPLAY_TOUCH_SCREEN, APP_STORE_PURCHASES_BILLING",ESCALATE_MULTI_ISSUE
CASE_001617,This is the second time this month i restore my iPhone7 to its factory settings because of your software problem. A big company like yours s,ACCOUNT_APPLEID_ICLOUD,APP_CRASH_AND_DOWNLOAD,GENERAL_DEVICE_INQUIRY,True,"ACCOUNT_APPLEID_ICLOUD, APP_STORE_PURCHASES_BILLING, HOW_TO_SETTINGS_CONFIGURATION",ESCALATE_MULTI_ISSUE
CASE_002244,@115858 Microphone of iphone stopped working post software update. There is lot of noise during call. Can see few more similar complaints. @,AUDIO_SOUND_SPEAKER,AUDIO_SOUND_SPEAKER,AUDIO_SOUND_SPEAKER,False,AUDIO_SOUND_SPEAKER,PROCEED
CASE_003206,@AppleSupport why does my phone always act up every time Apple releases a new phone? Why? @AppleSupport I have an iPhone 6. My apps keep for,HOW_TO_SETTINGS_CONFIGURATION,APP_CRASH_AND_DOWNLOAD,GENERAL_DEVICE_INQUIRY,False,HOW_TO_SETTINGS_CONFIGURATION,PROCEED
CASE_004494,When is @115858 going to fix the autocorrect on the “i”? It’s annoying me. @AppleSupport Thanks!,KEYBOARD_TYPING_AUTOCORRECT,OS_UPDATE_SYSTEM_PERFORMANCE,KEYBOARD_TYPING_AUTOCORRECT,False,KEYBOARD_TYPING_AUTOCORRECT,PROCEED
CASE_003244,50 min on the phone with @115858 .. bet you I will be told I’m screwed and just gonna have to deal with it.. #customerForever #horrible http,GENERAL_DEVICE_INQUIRY,OS_UPDATE_SYSTEM_PERFORMANCE,OS_UPDATE_SYSTEM_PERFORMANCE,False,,PROCEED
CASE_001607,@AppleSupport can you check the battery health of my iPhone,BATTERY_CHARGING_POWER,BATTERY_CHARGING_POWER,BATTERY_CHARGING_POWER,False,BATTERY_CHARGING_POWER,PROCEED
CASE_000006,@AppleSupport ios 11.0.3 on 6s. Cannot adjust alarm volume so waking up all in my house and neighbours despite ringer being set to minimum! ,AUDIO_SOUND_SPEAKER,AUDIO_SOUND_SPEAKER,AUDIO_SOUND_SPEAKER,False,AUDIO_SOUND_SPEAKER,PROCEED
CASE_002795,Umm. How the hell will I recover my account @AppleSupport? I literally forgot everything except my Apple ID. @AppleSupport Thank you. I was ,ACCOUNT_APPLEID_ICLOUD,ACCOUNT_APPLEID_ICLOUD,ACCOUNT_APPLEID_ICLOUD,False,ACCOUNT_APPLEID_ICLOUD,PROCEED
CASE_000496,"Con iOS 11.0.2 arreglan errores, pero el teclado sigue siendo extremadamente lento cc @AppleSupport https://t.co/zA6aUXFOdM @AppleSupport Ok",OS_UPDATE_SYSTEM_PERFORMANCE,OS_UPDATE_SYSTEM_PERFORMANCE,OS_UPDATE_SYSTEM_PERFORMANCE,False,,PROCEED
CASE_006976,@115858 FIX THIS FUCKING BUG IT IS DRIVING ME INSANE. Look I️ I️ I️ I️ I️,GENERAL_DEVICE_INQUIRY,GENERAL_DEVICE_INQUIRY,GENERAL_DEVICE_INQUIRY,False,,PROCEED
CASE_007801,"@116333  seriously concerned that on High Sierra, changing user to Root will allow access to my mac? Have tried it twice yesterday and once ",GENERAL_DEVICE_INQUIRY,DISPLAY_TOUCH_SCREEN,GENERAL_DEVICE_INQUIRY,False,,PROCEED
CASE_005677,"@AppleSupport Constantly prompted to sign back into my Gmail account. To validate the prompt’s legitimacy, I went to input in Accounts &amp;",ACCOUNT_APPLEID_ICLOUD,ACCOUNT_APPLEID_ICLOUD,ACCOUNT_APPLEID_ICLOUD,True,"ACCOUNT_APPLEID_ICLOUD, HOW_TO_SETTINGS_CONFIGURATION",ESCALATE_MULTI_ISSUE
CASE_000842,@115858 Bluetooth on my brand new iPhone 8 Plus won’t connect to any devices. Very familiar with how they work. Any help? @AppleSupport Neve,CONNECTIVITY_WIFI_BLUETOOTH,CONNECTIVITY_WIFI_BLUETOOTH,CONNECTIVITY_WIFI_BLUETOOTH,False,CONNECTIVITY_WIFI_BLUETOOTH,PROCEED
CASE_005795,"My phone won’t lock or turn off @115858 wtf? @AppleSupport Nothing, IPhone SE @AppleSupport The power button clicks...it’s just unresponsive",DISPLAY_TOUCH_SCREEN,OS_UPDATE_SYSTEM_PERFORMANCE,DISPLAY_TOUCH_SCREEN,False,,PROCEED
CASE_005931,@AppleSupport what does my Bluetooth randomly turn itself on and how can I stop it from doing so? @AppleSupport I am using an iPhone SE. It ,CONNECTIVITY_WIFI_BLUETOOTH,CONNECTIVITY_WIFI_BLUETOOTH,CONNECTIVITY_WIFI_BLUETOOTH,True,"CONNECTIVITY_WIFI_BLUETOOTH, HOW_TO_SETTINGS_CONFIGURATION",ESCALATE_MULTI_ISSUE
CASE_002473,if i can listen to a voice note on speaker my phone shouldnt be going into 'sleep mode' while its playing @AppleSupport fix it please @Apple,AUDIO_SOUND_SPEAKER,AUDIO_SOUND_SPEAKER,AUDIO_SOUND_SPEAKER,False,AUDIO_SOUND_SPEAKER,PROCEED
CASE_001316,"@AppleSupport how do I change my ringer/notifications volume? Using the volume keys on the home screen used to display “ringer”, now it says",AUDIO_SOUND_SPEAKER,AUDIO_SOUND_SPEAKER,AUDIO_SOUND_SPEAKER,True,"DISPLAY_TOUCH_SCREEN, AUDIO_SOUND_SPEAKER, HOW_TO_SETTINGS_CONFIGURATION",ESCALATE_MULTI_ISSUE
CASE_006453,Hey @AppleSupport Your update switches on WiFi &amp; Bluetooth even when I want it to be switched off. I want control over my phone not my i,CONNECTIVITY_WIFI_BLUETOOTH,CONNECTIVITY_WIFI_BLUETOOTH,CONNECTIVITY_WIFI_BLUETOOTH,False,CONNECTIVITY_WIFI_BLUETOOTH,PROCEED
CASE_000007,@AppleSupport this is my top bar every time I open messages on my SE after updating to iOS 11.1 https://t.co/Lzge3qzc7w @AppleSupport That f,OS_UPDATE_SYSTEM_PERFORMANCE,KEYBOARD_TYPING_AUTOCORRECT,OS_UPDATE_SYSTEM_PERFORMANCE,False,,PROCEED
CASE_004974,"What is this, @AppleSupport? https://t.co/CL3HAopfkK @AppleSupport sent a DM.  Thanks!",GENERAL_DEVICE_INQUIRY,GENERAL_DEVICE_INQUIRY,GENERAL_DEVICE_INQUIRY,False,,PROCEED
CASE_002385,@AppleSupport have you all seen this.  This came up in safari while looking at Wayfair. https://t.co/LZbKLk3Ohx @AppleSupport Cheers #apple,GENERAL_DEVICE_INQUIRY,GENERAL_DEVICE_INQUIRY,GENERAL_DEVICE_INQUIRY,False,,PROCEED
CASE_004867,so tell me how my iPhone was plugged in all night &amp; charging but I wake up to it on 8% ???? I’m not playin @115858,BATTERY_CHARGING_POWER,BATTERY_CHARGING_POWER,BATTERY_CHARGING_POWER,False,,PROCEED
CASE_001061,"Is it just me or does 4g run a lot slower on the iPhone 8? @AppleSupport @AppleSupport All over. I upgraded from the 6s and downloads, web b",CONNECTIVITY_WIFI_BLUETOOTH,BATTERY_CHARGING_POWER,CONNECTIVITY_WIFI_BLUETOOTH,False,CONNECTIVITY_WIFI_BLUETOOTH,PROCEED
CASE_000909,"@AppleSupport Hi, how can I check on my iPhone when the last backup was? I cannot seem to find out with the iOS 11 update.. Please assist @A",APP_STORE_PURCHASES_BILLING,ACCOUNT_APPLEID_ICLOUD,BATTERY_CHARGING_POWER,True,"BATTERY_CHARGING_POWER, HOW_TO_SETTINGS_CONFIGURATION",ESCALATE_MULTI_ISSUE
CASE_002268,"Apple notes has become unusable on my phone. Notes haven't synced since September, I tried turning off and on iCloud and now NONE sync. I'm ",CONNECTIVITY_WIFI_BLUETOOTH,ACCOUNT_APPLEID_ICLOUD,ACCOUNT_APPLEID_ICLOUD,True,"CONNECTIVITY_WIFI_BLUETOOTH, ACCOUNT_APPLEID_ICLOUD, HOW_TO_SETTINGS_CONFIGURATION",ESCALATE_MULTI_ISSUE
CASE_002935,@115858 I just updated my iPhone and now the time and date are not displayed on the lock screen....help! @AppleSupport Problem solved! Thank,DISPLAY_TOUCH_SCREEN,DISPLAY_TOUCH_SCREEN,DISPLAY_TOUCH_SCREEN,False,DISPLAY_TOUCH_SCREEN,PROCEED
CASE_000823,@AppleSupport can I watch the “files” on iCloud like movies I have on my desktop of my MacBook Pro from new Apple TV 4K lke I can on iPhone?,ACCOUNT_APPLEID_ICLOUD,APP_STORE_PURCHASES_BILLING,ACCOUNT_APPLEID_ICLOUD,False,ACCOUNT_APPLEID_ICLOUD,PROCEED
CASE_000453,@AppleSupport New ios 11.0.2 still does not resolve Mail app issues!! Cannot connect to Microsoft office exchange without searching for ages,CONNECTIVITY_WIFI_BLUETOOTH,CONNECTIVITY_WIFI_BLUETOOTH,CONNECTIVITY_WIFI_BLUETOOTH,False,CONNECTIVITY_WIFI_BLUETOOTH,PROCEED
CASE_004844,@AppleSupport Ive an Apple watch 2 and since the last update the exercise function isn't recording. Ive tried resetting etc etc any advice? ,OS_UPDATE_SYSTEM_PERFORMANCE,APP_STORE_PURCHASES_BILLING,GENERAL_DEVICE_INQUIRY,False,,PROCEED
CASE_006690,"@AppleSupport  iOS 11 must be bugging cause I can’t connect to my WiFi but on none apple devices, the WiFi can connect @AppleSupport Thank y",CONNECTIVITY_WIFI_BLUETOOTH,CONNECTIVITY_WIFI_BLUETOOTH,CONNECTIVITY_WIFI_BLUETOOTH,False,CONNECTIVITY_WIFI_BLUETOOTH,PROCEED
CASE_006423,@AppleSupport @115858 Got this email. I haven't logged in in months. Reported to phishing email for Apple just in case. Scammer? See screen ,DISPLAY_TOUCH_SCREEN,GENERAL_DEVICE_INQUIRY,GENERAL_DEVICE_INQUIRY,False,DISPLAY_TOUCH_SCREEN,PROCEED
CASE_004873,@AppleSupport this new software 11.0.3 really sucks I’ve been thru two IPhone 7 Plus phones no one can hear me on my phone at all ! @AppleSu,AUDIO_SOUND_SPEAKER,AUDIO_SOUND_SPEAKER,AUDIO_SOUND_SPEAKER,False,,PROCEED
CASE_001862,Dear @115858 can we expect in your next Keynote to come up with a Solution for that little lot? Its the second charger in one year! https://,BATTERY_CHARGING_POWER,BATTERY_CHARGING_POWER,BATTERY_CHARGING_POWER,False,BATTERY_CHARGING_POWER,PROCEED
CASE_006978,"@115858 @AppleSupport please.... iMessage keeps crashing and deleting my longer messages before I️ can even send it.
I️ have to select and c",APP_CRASH_AND_DOWNLOAD,APP_CRASH_AND_DOWNLOAD,APP_CRASH_AND_DOWNLOAD,False,APP_CRASH_AND_DOWNLOAD,PROCEED
CASE_004287,"Switching to @122609 for the sole purpose of knowing when a call is likely SPAM. @AppleSupport #WasteOfTime #iosprobs @AppleSupport Yes, I b",GENERAL_DEVICE_INQUIRY,GENERAL_DEVICE_INQUIRY,GENERAL_DEVICE_INQUIRY,False,,PROCEED
CASE_004432,My hotspot has not worked since I updated my ipad and iphone to iOS 11 @AppleSupport @ATT @117735,CONNECTIVITY_WIFI_BLUETOOTH,BATTERY_CHARGING_POWER,CONNECTIVITY_WIFI_BLUETOOTH,False,CONNECTIVITY_WIFI_BLUETOOTH,PROCEED
CASE_001163,@AppleSupport can you please tell me why i turned my phone on and off and all of my pictures are now gone? :)))))) thanks!! this is like the,GENERAL_DEVICE_INQUIRY,GENERAL_DEVICE_INQUIRY,GENERAL_DEVICE_INQUIRY,False,,PROCEED
CASE_007759,@AppleSupport why this going up/down? V11.1.2 https://t.co/asATssJ34Z @AppleSupport I think that’s actually fixed it! Thanks,GENERAL_DEVICE_INQUIRY,OS_UPDATE_SYSTEM_PERFORMANCE,OS_UPDATE_SYSTEM_PERFORMANCE,False,,PROCEED
CASE_004007,Why does this happen now?? How do I️ delete it?? Anyone?! @AppleSupport https://t.co/anlOntI0Ix @501106 @AppleSupport Mine is doing this too,HOW_TO_SETTINGS_CONFIGURATION,HOW_TO_SETTINGS_CONFIGURATION,HOW_TO_SETTINGS_CONFIGURATION,False,HOW_TO_SETTINGS_CONFIGURATION,PROCEED
CASE_005004,@115858 @AppleSupport your new update sucks.  My phone is constantly frozen or shutting off on its own.  Please fix this!!! @115858 @AppleSu,OS_UPDATE_SYSTEM_PERFORMANCE,OS_UPDATE_SYSTEM_PERFORMANCE,GENERAL_DEVICE_INQUIRY,False,,PROCEED
CASE_005684,"@115858 @AppleSupport everytime I type something it autocorrects to the incorrect... i.e. ""Dad is home"" but it will remove ""is"". 😒 @AppleSup",KEYBOARD_TYPING_AUTOCORRECT,KEYBOARD_TYPING_AUTOCORRECT,KEYBOARD_TYPING_AUTOCORRECT,False,KEYBOARD_TYPING_AUTOCORRECT,PROCEED
CASE_006409,"when i delete someone’s number, stop saying shit like “Maybe: R. Kelly”... i’d appreciate it. @AppleSupport",GENERAL_DEVICE_INQUIRY,GENERAL_DEVICE_INQUIRY,GENERAL_DEVICE_INQUIRY,False,,PROCEED
CASE_002710,So @115858 - I updated to iOS 11 and there doesn’t seem to be the option for hard pressing the screen to switch/close apps - is that right?,DISPLAY_TOUCH_SCREEN,OS_UPDATE_SYSTEM_PERFORMANCE,DISPLAY_TOUCH_SCREEN,False,DISPLAY_TOUCH_SCREEN,PROCEED
CASE_007877,Anybody else have notification blurring on their iPhone X? I get it constantly. @AppleSupport ?? https://t.co/tMDj3xHl96 @AppleSupport 11.1.,KEYBOARD_TYPING_AUTOCORRECT,KEYBOARD_TYPING_AUTOCORRECT,OS_UPDATE_SYSTEM_PERFORMANCE,False,,PROCEED
CASE_005540,Honestly @115858 this “ I️ “ scenario is really annoying. I’ve fixed It and It keeps coming back. Y’all need a hotfix/update quickly... for ,OS_UPDATE_SYSTEM_PERFORMANCE,GENERAL_DEVICE_INQUIRY,GENERAL_DEVICE_INQUIRY,False,,PROCEED
CASE_005780,iOS 11 is great for battery life: NOT! 10% per hour on low power mode. Don’t upgrade.   @115858 its terrible!! @AppleSupport @115858  thanks,BATTERY_CHARGING_POWER,BATTERY_CHARGING_POWER,BATTERY_CHARGING_POWER,False,BATTERY_CHARGING_POWER,PROCEED
CASE_005728,@115858 are y’all going to fix this “i” thing or nawl,GENERAL_DEVICE_INQUIRY,GENERAL_DEVICE_INQUIRY,GENERAL_DEVICE_INQUIRY,False,,PROCEED
CASE_003014,@AppleSupport Powerbeats 3 stopped working after 3 months. Won’t turn on or charge. Seems I’m not the only one. Plz fix for Powerbeats 4. @A,BATTERY_CHARGING_POWER,BATTERY_CHARGING_POWER,BATTERY_CHARGING_POWER,False,BATTERY_CHARGING_POWER,PROCEED
CASE_007678,I’m really hoping @115858 can help me fix my computer. This shit is the heart of everything I do. I’m damn sure glad I backed everything up.,GENERAL_DEVICE_INQUIRY,GENERAL_DEVICE_INQUIRY,GENERAL_DEVICE_INQUIRY,False,,PROCEED
CASE_003177,@AppleSupport please advise. Can I get my voicemail to be visible as it was before the update? How do I get voicemail notifications? https:/,KEYBOARD_TYPING_AUTOCORRECT,GENERAL_DEVICE_INQUIRY,OS_UPDATE_SYSTEM_PERFORMANCE,False,HOW_TO_SETTINGS_CONFIGURATION,PROCEED
CASE_006174,yo @AppleSupport my volume isn’t working on my MacBook.. #help,AUDIO_SOUND_SPEAKER,AUDIO_SOUND_SPEAKER,AUDIO_SOUND_SPEAKER,False,AUDIO_SOUND_SPEAKER,PROCEED
CASE_005708,"Why are those even an option for me, @115858 when are you gonna fix this glitch? https://t.co/VMoHiNYSPd",OS_UPDATE_SYSTEM_PERFORMANCE,OS_UPDATE_SYSTEM_PERFORMANCE,OS_UPDATE_SYSTEM_PERFORMANCE,False,,PROCEED
CASE_006684,"iPhone 6 randomly restarts, camera roll frequently won’t open, screen orientation issues when in messages app. #ios11 @AppleSupport @AppleSu",DISPLAY_TOUCH_SCREEN,APP_STORE_PURCHASES_BILLING,DISPLAY_TOUCH_SCREEN,False,DISPLAY_TOUCH_SCREEN,PROCEED
CASE_007029,Not sure the new emojis make up for my battery only lasting an hour since I upgraded my OS @AppleSupport 🦕🦖🦕🦖🦕🦖🦕,BATTERY_CHARGING_POWER,GENERAL_DEVICE_INQUIRY,BATTERY_CHARGING_POWER,False,BATTERY_CHARGING_POWER,PROCEED
CASE_001747,I’m so confused as to how I have so many phone numbers added to my phone from my iCloud when I’ve never typed or called or added them &amp; ,ACCOUNT_APPLEID_ICLOUD,GENERAL_DEVICE_INQUIRY,HOW_TO_SETTINGS_CONFIGURATION,True,"ACCOUNT_APPLEID_ICLOUD, HOW_TO_SETTINGS_CONFIGURATION",ESCALATE_MULTI_ISSUE
CASE_005723,@115858 Momma Kate thinks this glitch is stupid and would like to know when it will be resolved. Please advise when I should inform her it w,OS_UPDATE_SYSTEM_PERFORMANCE,OS_UPDATE_SYSTEM_PERFORMANCE,OS_UPDATE_SYSTEM_PERFORMANCE,False,,PROCEED
CASE_004110,Can someone tell me why this is happening I️ I️ I️ I️ I️ I️ I️ I️ @AppleSupport @AppleSupport Thank you!,GENERAL_DEVICE_INQUIRY,GENERAL_DEVICE_INQUIRY,GENERAL_DEVICE_INQUIRY,False,,PROCEED
CASE_001590,"@AppleSupport have family sharing set up with family plan, but my iPhone keeps asking me to buy Apple Music on my phone only. Please help.",APP_STORE_PURCHASES_BILLING,APP_STORE_PURCHASES_BILLING,APP_STORE_PURCHASES_BILLING,False,APP_STORE_PURCHASES_BILLING,PROCEED
CASE_003051,@116333 I had the worst shoppingexperience ever at the applestore in Munich buying an iphone 8+. Losing trust in Applebrand. #switching @App,AUDIO_SOUND_SPEAKER,HOW_TO_SETTINGS_CONFIGURATION,GENERAL_DEVICE_INQUIRY,False,,PROCEED
CASE_006781,"Help please @AppleSupport  New iphone today, took hours for photos to download from icloud now all apps 'waiting' - what to do? Thanks. @App",ACCOUNT_APPLEID_ICLOUD,APP_STORE_PURCHASES_BILLING,ACCOUNT_APPLEID_ICLOUD,False,ACCOUNT_APPLEID_ICLOUD,PROCEED
CASE_005413,@AppleSupport  @115858 this is the 3rd time that my #iPhone6s reboots itself with 30% battery left and comes back alive with 10% 🤔 I don’t t,BATTERY_CHARGING_POWER,BATTERY_CHARGING_POWER,BATTERY_CHARGING_POWER,True,"BATTERY_CHARGING_POWER, DISPLAY_TOUCH_SCREEN",ESCALATE_MULTI_ISSUE
CASE_000356,Every time I turn my phone on Bluetooth randomly turns on and kills my battery @AppleSupport wyd? @AppleSupport With the swipe up feature @A,BATTERY_CHARGING_POWER,BATTERY_CHARGING_POWER,BATTERY_CHARGING_POWER,True,"BATTERY_CHARGING_POWER, CONNECTIVITY_WIFI_BLUETOOTH",ESCALATE_MULTI_ISSUE
CASE_007201,Hey @115858 @AppleSupport I liked your phones a lot better when the camera worked without glitching out all the time. What the hell is going,CONNECTIVITY_WIFI_BLUETOOTH,CONNECTIVITY_WIFI_BLUETOOTH,CONNECTIVITY_WIFI_BLUETOOTH,True,"CONNECTIVITY_WIFI_BLUETOOTH, APP_CRASH_AND_DOWNLOAD",ESCALATE_MULTI_ISSUE
CASE_000021,@115858 why everytime I️ type an “I️” this extra A and box pops up ?? @AppleSupport I️ figured it out thanks 🤘🏽,GENERAL_DEVICE_INQUIRY,GENERAL_DEVICE_INQUIRY,GENERAL_DEVICE_INQUIRY,False,,PROCEED
CASE_007523,"@118721 @115858 @AppleSupport hey guys I keep getting this email, I believe it is a phishing email can you please advise. https://t.co/KsevN",GENERAL_DEVICE_INQUIRY,GENERAL_DEVICE_INQUIRY,GENERAL_DEVICE_INQUIRY,False,,PROCEED
CASE_004772,@AppleSupport I've updated and battery drains fast and iPhone 6 slow. Now it is dead and won't charge. Just shows as charging but never does,BATTERY_CHARGING_POWER,BATTERY_CHARGING_POWER,BATTERY_CHARGING_POWER,False,BATTERY_CHARGING_POWER,PROCEED
CASE_002094,"@AppleSupport Hey, iOS 11.0.3 has completely killed my Touch ID. No longer works on my iPhone 6s+. Already tried your troubleshooting. @Appl",DISPLAY_TOUCH_SCREEN,AUDIO_SOUND_SPEAKER,DISPLAY_TOUCH_SCREEN,False,DISPLAY_TOUCH_SCREEN,PROCEED
CASE_006762,Hey @115858 can you guys fix Maps. Half the screen becomes useless while horizontal. @AppleSupport 8,DISPLAY_TOUCH_SCREEN,GENERAL_DEVICE_INQUIRY,DISPLAY_TOUCH_SCREEN,False,DISPLAY_TOUCH_SCREEN,PROCEED
CASE_007666,@115858 #MacbookPro has been doing this on cycle none stop. Not sure what is happening. Any help? Purple ish screen @AppleSupport https://t.,DISPLAY_TOUCH_SCREEN,GENERAL_DEVICE_INQUIRY,DISPLAY_TOUCH_SCREEN,False,DISPLAY_TOUCH_SCREEN,PROCEED
CASE_006940,"From the bottom of my heart, I sincerely want you to combust in hell. KILL YOURSELF! https://t.co/nER0qMbbm1 Btw this ""challenge"" is ducking",KEYBOARD_TYPING_AUTOCORRECT,KEYBOARD_TYPING_AUTOCORRECT,KEYBOARD_TYPING_AUTOCORRECT,False,KEYBOARD_TYPING_AUTOCORRECT,PROCEED
CASE_002126,@AppleSupport hi. I got this email from what claims to be Apple Security. Email address is dubious. Could be phishing. https://t.co/bdEXpwoG,GENERAL_DEVICE_INQUIRY,GENERAL_DEVICE_INQUIRY,GENERAL_DEVICE_INQUIRY,False,,PROCEED
CASE_000672,@SpotifyCares @AppleSupport iPhone is showing wrong song when phone is locked and playing music on Spotify. Phone or Spotify issue? @AppleSu,APP_STORE_PURCHASES_BILLING,DISPLAY_TOUCH_SCREEN,DISPLAY_TOUCH_SCREEN,False,,PROCEED
CASE_007079,@AppleSupport I recently bought a physical copy of Taylor Swifts 'Reputation' and it WILL not sync to my phone through my iTunes. WHY?! I'm ,APP_STORE_PURCHASES_BILLING,APP_STORE_PURCHASES_BILLING,APP_STORE_PURCHASES_BILLING,False,APP_STORE_PURCHASES_BILLING,PROCEED
CASE_006873,"@AppleSupport iOS 11.1.1 share connection failing on iPhone X @AppleSupport @728187 Eso Juan, explícales a esta gente a que te refieres que ",CONNECTIVITY_WIFI_BLUETOOTH,BATTERY_CHARGING_POWER,CONNECTIVITY_WIFI_BLUETOOTH,True,"CONNECTIVITY_WIFI_BLUETOOTH, HOW_TO_SETTINGS_CONFIGURATION",ESCALATE_MULTI_ISSUE
CASE_000263,@AppleSupport wtf is the “other” https://t.co/Arl7TYaGpO @AppleSupport Ok thank you ! @AppleSupport Have a great thanksgiving,GENERAL_DEVICE_INQUIRY,GENERAL_DEVICE_INQUIRY,GENERAL_DEVICE_INQUIRY,False,,PROCEED
CASE_006792,"“iOS 11 is stable now!” says MacRumors forums. Yeah, let me take 10 minutes to connect my AirPods to my iPad just to have them connect, disc",AUDIO_SOUND_SPEAKER,AUDIO_SOUND_SPEAKER,AUDIO_SOUND_SPEAKER,False,AUDIO_SOUND_SPEAKER,PROCEED
CASE_003593,What the fuck @AppleSupport what the fuck is with the I️ @AppleSupport Thank you!,GENERAL_DEVICE_INQUIRY,GENERAL_DEVICE_INQUIRY,GENERAL_DEVICE_INQUIRY,False,,PROCEED
CASE_003512,Has anyone else had to reset their iPhone 4 times in 20min and have the newest update? Or is that just me? @AppleSupport @474153 @AppleSuppo,OS_UPDATE_SYSTEM_PERFORMANCE,CONNECTIVITY_WIFI_BLUETOOTH,GENERAL_DEVICE_INQUIRY,False,,PROCEED
CASE_002818,.@AppleSupport how do I make it so my bluetooth doesn’t automatically turn on? @AppleSupport That doesn’t answer my question. I know how to ,CONNECTIVITY_WIFI_BLUETOOTH,CONNECTIVITY_WIFI_BLUETOOTH,CONNECTIVITY_WIFI_BLUETOOTH,True,"CONNECTIVITY_WIFI_BLUETOOTH, HOW_TO_SETTINGS_CONFIGURATION",ESCALATE_MULTI_ISSUE
CASE_005069,Why is my phone still getting stuck in apps and freezing. I’ve been stuck in whatsapp for 50 million minutes 😤 @115858 #iphone @599989 @1158,APP_CRASH_AND_DOWNLOAD,OS_UPDATE_SYSTEM_PERFORMANCE,GENERAL_DEVICE_INQUIRY,False,,PROCEED
CASE_000091,"Hey @115858 
You deducted 800 from my account for an app I have never used till date. I have removed iTunes. I want my money back! @115858 A",APP_STORE_PURCHASES_BILLING,APP_STORE_PURCHASES_BILLING,APP_STORE_PURCHASES_BILLING,False,APP_STORE_PURCHASES_BILLING,PROCEED
CASE_000912,@AppleSupport https://t.co/eLY8qq0jUZ appears to be broken. Enter username &amp; password just redirects back to the login screen. Can’t log,DISPLAY_TOUCH_SCREEN,GENERAL_DEVICE_INQUIRY,ACCOUNT_APPLEID_ICLOUD,True,"DISPLAY_TOUCH_SCREEN, ACCOUNT_APPLEID_ICLOUD",ESCALATE_MULTI_ISSUE
CASE_001736,@115858 please fix the bug when sharing locations. Can’t share location with my family anymore. Tells me it’s unable to connect to server #p,CONNECTIVITY_WIFI_BLUETOOTH,GENERAL_DEVICE_INQUIRY,CONNECTIVITY_WIFI_BLUETOOTH,False,,PROCEED
CASE_002701,"Since I’ve updated my iPhone, my phone will not stop freezing and then restarting. @115858 sort it out before I throw it out the window pls ",OS_UPDATE_SYSTEM_PERFORMANCE,CONNECTIVITY_WIFI_BLUETOOTH,OS_UPDATE_SYSTEM_PERFORMANCE,False,,PROCEED
CASE_005626,Okay @AppleSupport enough with this ? In a box s&amp;&amp;t ✌🏾🤘🏾🤞🏾👍🏽 @AppleSupport Ok thanks!!,GENERAL_DEVICE_INQUIRY,GENERAL_DEVICE_INQUIRY,GENERAL_DEVICE_INQUIRY,False,,PROCEED
CASE_004129,fix your broken ass keybord @AppleSupport !!!!!!!!! i’m sick of my i’s turning into some weird shit @AppleSupport thanks!!!!,GENERAL_DEVICE_INQUIRY,KEYBOARD_TYPING_AUTOCORRECT,KEYBOARD_TYPING_AUTOCORRECT,False,,PROCEED
CASE_006845,Why every time I️ out I️ Issa question mark @AppleSupport,GENERAL_DEVICE_INQUIRY,GENERAL_DEVICE_INQUIRY,GENERAL_DEVICE_INQUIRY,False,,PROCEED
CASE_005363,@AppleSupport If I have a new iPhone 8 and use the Apple Smart Battery Case will it effect my iPhone battery negatively? @AppleSupport Aweso,BATTERY_CHARGING_POWER,BATTERY_CHARGING_POWER,BATTERY_CHARGING_POWER,False,BATTERY_CHARGING_POWER,PROCEED
CASE_007070,#Hannity is anyone else’s iPad keyboard messing up since update @115858 @AppleSupport I will call support tomorrow. Thank you,KEYBOARD_TYPING_AUTOCORRECT,KEYBOARD_TYPING_AUTOCORRECT,KEYBOARD_TYPING_AUTOCORRECT,False,KEYBOARD_TYPING_AUTOCORRECT,PROCEED
CASE_005362,"@AppleSupport Why is my iPhone changing the capital ""I"" to ""A""s and ""?"" marks? I've reset the keyboard several times and nothing. I've now t",KEYBOARD_TYPING_AUTOCORRECT,KEYBOARD_TYPING_AUTOCORRECT,KEYBOARD_TYPING_AUTOCORRECT,True,"KEYBOARD_TYPING_AUTOCORRECT, HOW_TO_SETTINGS_CONFIGURATION",ESCALATE_MULTI_ISSUE
CASE_006796,Why does my App Store do this? I can’t download anything @AppleSupport @115858 @118936 https://t.co/YhDqMzK7kO @AppleSupport Holy shit I’m d,APP_STORE_PURCHASES_BILLING,CONNECTIVITY_WIFI_BLUETOOTH,APP_STORE_PURCHASES_BILLING,False,APP_STORE_PURCHASES_BILLING,PROCEED
CASE_007151,"@115858 y’all looking at fixing the iPhone’s WiFi switching on by itself every 5mins or nah ? @AppleSupport iPhone 7 
iOS 11.1.2 
I scroll u",CONNECTIVITY_WIFI_BLUETOOTH,CONNECTIVITY_WIFI_BLUETOOTH,CONNECTIVITY_WIFI_BLUETOOTH,True,"CONNECTIVITY_WIFI_BLUETOOTH, DISPLAY_TOUCH_SCREEN",ESCALATE_MULTI_ISSUE
CASE_005557,"Regarding my last...my pain and frustration with the last iPhone update is beyond. Sure many of you can relate!!! 😠😩😠 @650606 Yes, the iPhon",BATTERY_CHARGING_POWER,BATTERY_CHARGING_POWER,BATTERY_CHARGING_POWER,False,BATTERY_CHARGING_POWER,PROCEED
CASE_002002,❤️new #iPhone updates @115858 but now you’ve shut off my CALLER ID permanently again ?!? What’s up .... 🐞 need some #debugging please!!,GENERAL_DEVICE_INQUIRY,OS_UPDATE_SYSTEM_PERFORMANCE,BATTERY_CHARGING_POWER,False,,PROCEED
CASE_003229,"@AppleSupport hey, my Apple music seems to have errors. Can’t control it from the control center but it’s playing in the background. https:/",APP_STORE_PURCHASES_BILLING,APP_STORE_PURCHASES_BILLING,APP_STORE_PURCHASES_BILLING,False,APP_STORE_PURCHASES_BILLING,PROCEED
CASE_004644,"And can we address the issue with solitary I’s on the iPhone?! Why are they turning into a question mark emoji? What’s going on, @115858?! @",GENERAL_DEVICE_INQUIRY,KEYBOARD_TYPING_AUTOCORRECT,GENERAL_DEVICE_INQUIRY,False,,PROCEED
CASE_005909,@115858 ummmm why are my “I️”s all fucked up?,GENERAL_DEVICE_INQUIRY,KEYBOARD_TYPING_AUTOCORRECT,KEYBOARD_TYPING_AUTOCORRECT,False,,PROCEED
CASE_006996,"@AppleSupport ios 11.1.1 battery drains too fast, twitter keeps crashing, flight mode on/off turns on bluetooth",BATTERY_CHARGING_POWER,BATTERY_CHARGING_POWER,BATTERY_CHARGING_POWER,True,"BATTERY_CHARGING_POWER, CONNECTIVITY_WIFI_BLUETOOTH, APP_CRASH_AND_DOWNLOAD",ESCALATE_MULTI_ISSUE
CASE_004288,@115858 can y’all fix my I️ @AppleSupport thanks💘,GENERAL_DEVICE_INQUIRY,GENERAL_DEVICE_INQUIRY,GENERAL_DEVICE_INQUIRY,False,,PROCEED
CASE_002998,"@AppleSupport after update, my phone it won’t go into sleep mode w/o me pressing the button in the side. I have it set to 30 seconds https:/",OS_UPDATE_SYSTEM_PERFORMANCE,OS_UPDATE_SYSTEM_PERFORMANCE,OS_UPDATE_SYSTEM_PERFORMANCE,False,,PROCEED
CASE_000497,New @115858 #update for #iOS11 is very glitchy on my #iPhone7Plus #sadface 😳😡📱 New update on its way?? #apple #ifitaintbroke @AppleSupport A,OS_UPDATE_SYSTEM_PERFORMANCE,OS_UPDATE_SYSTEM_PERFORMANCE,GENERAL_DEVICE_INQUIRY,False,,PROCEED
CASE_004500,@AppleSupport Hi! I have a question about updating the OS on my macbook. Can you help? @AppleSupport Thank you! I just send you a DM.,GENERAL_DEVICE_INQUIRY,OS_UPDATE_SYSTEM_PERFORMANCE,OS_UPDATE_SYSTEM_PERFORMANCE,False,,PROCEED
CASE_005006,"Hey @115858 you need to fix you new update, every time ℹ️ type the letter ℹ️ it comes out like this.... I️ @AppleSupport Thanks. It worked f",OS_UPDATE_SYSTEM_PERFORMANCE,KEYBOARD_TYPING_AUTOCORRECT,KEYBOARD_TYPING_AUTOCORRECT,False,,PROCEED
CASE_005992,"@115858 yo fix this glitch, it makes me look like an idiot @AppleSupport The “(I️)” is showing up as I️ @668812 @AppleSupport Lmaoooooooooo ",OS_UPDATE_SYSTEM_PERFORMANCE,OS_UPDATE_SYSTEM_PERFORMANCE,GENERAL_DEVICE_INQUIRY,False,,PROCEED
CASE_000683,Really enjoy my #iPhone freezing every other day after last #Apple update 😠😠 @115858 @1714 @AppleSupport Thanks. It’s an iPhone 7 with versi,OS_UPDATE_SYSTEM_PERFORMANCE,OS_UPDATE_SYSTEM_PERFORMANCE,DISPLAY_TOUCH_SCREEN,False,,PROCEED
CASE_001425,@AppleSupport can you make iOS Music app remember what i was listening to and resume? I’m not sure why it doesn’t do this… @AppleSupport I n,AUDIO_SOUND_SPEAKER,AUDIO_SOUND_SPEAKER,AUDIO_SOUND_SPEAKER,True,"CONNECTIVITY_WIFI_BLUETOOTH, AUDIO_SOUND_SPEAKER",ESCALATE_MULTI_ISSUE
CASE_001930,. @AppleSupport hallo. I got a mail a out a purchase I never made. Is this spam or? I'm not even using my 🍎ID on that email https://t.co/0O9,APP_STORE_PURCHASES_BILLING,GENERAL_DEVICE_INQUIRY,APP_STORE_PURCHASES_BILLING,False,,PROCEED
CASE_002917,@AppleSupport restored my phone earlier and backed my photos up to iCloud and not sure how to get them back??? @408258 @AppleSupport Just up,ACCOUNT_APPLEID_ICLOUD,ACCOUNT_APPLEID_ICLOUD,ACCOUNT_APPLEID_ICLOUD,True,"ACCOUNT_APPLEID_ICLOUD, HOW_TO_SETTINGS_CONFIGURATION",ESCALATE_MULTI_ISSUE
CASE_004581,I️ really hate @115858 right now.  I️ can’t believe I️ can’t send legible texts anymore.  People think I️ am retarded. I️ can’t stand it l. ,GENERAL_DEVICE_INQUIRY,GENERAL_DEVICE_INQUIRY,GENERAL_DEVICE_INQUIRY,False,,PROCEED
CASE_003216,"Say hello to the future. Pre-order iPhone X. @115858 How about you fix my 6 Plus?  Ever since I downloaded IOS 11, and then the updates, it’",BATTERY_CHARGING_POWER,AUDIO_SOUND_SPEAKER,BATTERY_CHARGING_POWER,False,BATTERY_CHARGING_POWER,PROCEED
CASE_002991,@115858 anyone else complained about battery life after this update on the iPhone? @AppleSupport Yes I have done the update. Just seems like,BATTERY_CHARGING_POWER,BATTERY_CHARGING_POWER,BATTERY_CHARGING_POWER,False,BATTERY_CHARGING_POWER,PROCEED
CASE_004416,@116333 I️ I️ I️ I️ I️ I️ I️ I️ I️ I️ I️ I️ @AppleSupport Thanks,GENERAL_DEVICE_INQUIRY,GENERAL_DEVICE_INQUIRY,GENERAL_DEVICE_INQUIRY,False,,PROCEED
CASE_006388,@AppleSupport please check dms :( @AppleSupport Thank you!! 🙌🏻,GENERAL_DEVICE_INQUIRY,GENERAL_DEVICE_INQUIRY,GENERAL_DEVICE_INQUIRY,False,,PROCEED
CASE_004852,"@AppleSupport In Swift 3 or 4 for macOS, is it possible to reveal hidden text field text? NSSecureTextEntryCell and .echosBullets won't work",HOW_TO_SETTINGS_CONFIGURATION,KEYBOARD_TYPING_AUTOCORRECT,KEYBOARD_TYPING_AUTOCORRECT,False,,PROCEED
CASE_003845,@AppleSupport what's my iCloud password again? I always forget.,ACCOUNT_APPLEID_ICLOUD,ACCOUNT_APPLEID_ICLOUD,ACCOUNT_APPLEID_ICLOUD,False,ACCOUNT_APPLEID_ICLOUD,PROCEED
CASE_001929,"Daughter just spent an hour making this apple clips video for homework and gets this every time we try and export, any ideas? @AppleSupport ",GENERAL_DEVICE_INQUIRY,ACCOUNT_APPLEID_ICLOUD,OS_UPDATE_SYSTEM_PERFORMANCE,False,,PROCEED
CASE_002128,"@118721 @AppleSupport I pre-ordered the new Matthew Good.released today, But Only got 4 (pre-released) tracks @AppleSupport Yes I have. But ",APP_STORE_PURCHASES_BILLING,APP_STORE_PURCHASES_BILLING,APP_STORE_PURCHASES_BILLING,False,APP_STORE_PURCHASES_BILLING,PROCEED
CASE_006156,@AppleSupport my iPhone 7 battery life has plummeted since ios11. Help!!,BATTERY_CHARGING_POWER,BATTERY_CHARGING_POWER,BATTERY_CHARGING_POWER,False,BATTERY_CHARGING_POWER,PROCEED
CASE_002456,"Apple sucks... brand new iPhone crashes every fucking day @115858 @AppleSupport 11.1.2, iPhone 8+ only 2-3 weeks old.",APP_CRASH_AND_DOWNLOAD,APP_CRASH_AND_DOWNLOAD,APP_CRASH_AND_DOWNLOAD,False,APP_CRASH_AND_DOWNLOAD,PROCEED
CASE_002171,@AppleSupport Why is the 1st track of this album that I purchased missing? It’s the same on both my Mac and my iPhone. https://t.co/B4koDlvz,APP_STORE_PURCHASES_BILLING,APP_STORE_PURCHASES_BILLING,GENERAL_DEVICE_INQUIRY,False,,PROCEED
CASE_000898,Dear @AppleSupport: software update installed and trashed my accessibility settings beyond repair. Also I really want the old keyboard back.,KEYBOARD_TYPING_AUTOCORRECT,DISPLAY_TOUCH_SCREEN,KEYBOARD_TYPING_AUTOCORRECT,True,"KEYBOARD_TYPING_AUTOCORRECT, HOW_TO_SETTINGS_CONFIGURATION",ESCALATE_MULTI_ISSUE
CASE_006337,@AppleSupport hey quick question why is this happening whenever I try to view an album in the iTunes Store from my phone? How can I make it ,APP_STORE_PURCHASES_BILLING,APP_STORE_PURCHASES_BILLING,APP_STORE_PURCHASES_BILLING,True,"APP_STORE_PURCHASES_BILLING, HOW_TO_SETTINGS_CONFIGURATION",ESCALATE_MULTI_ISSUE
CASE_001330,Oye @115858 iPhones this annoying “I️” question mark bug is gettin out of hand. It’s making all my texts unintelligible...enough already!,GENERAL_DEVICE_INQUIRY,GENERAL_DEVICE_INQUIRY,GENERAL_DEVICE_INQUIRY,False,,PROCEED
CASE_003275,"How is it possible blue circle stay at zero?! 😳 #Apple #AppleWatch @AppleSupport https://t.co/xUHkg5l0b9 @AppleSupport Yes, everything is ok",HOW_TO_SETTINGS_CONFIGURATION,GENERAL_DEVICE_INQUIRY,GENERAL_DEVICE_INQUIRY,False,,PROCEED
CASE_001638,Hey @115858 cool software update. Let me know when I️ can start sentences with “I️” again and not have it chance to hieroglyphics.,OS_UPDATE_SYSTEM_PERFORMANCE,KEYBOARD_TYPING_AUTOCORRECT,KEYBOARD_TYPING_AUTOCORRECT,False,,PROCEED
CASE_007004,"Bought an iPhone 8 yesterday and it’s broke already, not impressed at all @115858 @AppleSupport Thank you for your response I have now been ",GENERAL_DEVICE_INQUIRY,GENERAL_DEVICE_INQUIRY,GENERAL_DEVICE_INQUIRY,False,,PROCEED
CASE_007346,@AppleSupport When are we going to get this fixed? Happens WAYYY too often.... #iPhone7Plus https://t.co/J0Mja6kkdA @AppleSupport iPhone 7 P,GENERAL_DEVICE_INQUIRY,OS_UPDATE_SYSTEM_PERFORMANCE,OS_UPDATE_SYSTEM_PERFORMANCE,False,,PROCEED
CASE_002745,"@AppleSupport Apple Maps seems to be down. I can't search or get directions on 4g on my phone, but I can on WiFi. All other apps working OK.",CONNECTIVITY_WIFI_BLUETOOTH,GENERAL_DEVICE_INQUIRY,CONNECTIVITY_WIFI_BLUETOOTH,False,CONNECTIVITY_WIFI_BLUETOOTH,PROCEED
CASE_003125,"@115858 @123765 I really hate this “I️.” @AppleSupport I love the quick response, thank you.",GENERAL_DEVICE_INQUIRY,GENERAL_DEVICE_INQUIRY,GENERAL_DEVICE_INQUIRY,False,,PROCEED
CASE_001876,@115858 @AppleSupport there are many bugs in your latest ios please resolve it asap. U can not use cancel button showing at right. https://t,GENERAL_DEVICE_INQUIRY,OS_UPDATE_SYSTEM_PERFORMANCE,OS_UPDATE_SYSTEM_PERFORMANCE,False,,PROCEED
CASE_006284,"Jesus, the bugs on iOS 11.1 are making my @115858 iPhone virtually unusable. Gonna switch to @122609 if this garbage isn’t resolved soon. Th",OS_UPDATE_SYSTEM_PERFORMANCE,OS_UPDATE_SYSTEM_PERFORMANCE,OS_UPDATE_SYSTEM_PERFORMANCE,False,,PROCEED
CASE_005955,@115858 I️ shouldn’t be seeing that. Please fix. @AppleSupport I’ll give it a try. @AppleSupport Awesome! Thanks!!!!,GENERAL_DEVICE_INQUIRY,GENERAL_DEVICE_INQUIRY,GENERAL_DEVICE_INQUIRY,False,,PROCEED
CASE_005594,@AppleSupport y’all ever gonna fix this I️ nonsense or am I️ gonna have to switch to Android?? @AppleSupport I think it worked thank you!!,GENERAL_DEVICE_INQUIRY,GENERAL_DEVICE_INQUIRY,GENERAL_DEVICE_INQUIRY,False,,PROCEED
CASE_007775,@AppleSupport is Game Center down. I can’t switch between game accounts atm and I’m not the only one @AppleSupport I am up to date https://t,CONNECTIVITY_WIFI_BLUETOOTH,ACCOUNT_APPLEID_ICLOUD,CONNECTIVITY_WIFI_BLUETOOTH,False,CONNECTIVITY_WIFI_BLUETOOTH,PROCEED
CASE_000306,Predictive text fail.  No = Slime Man??? Is this April 1st? Help me with this @115858 !! https://t.co/FwfNPhhB9V @AppleSupport Apparently my,KEYBOARD_TYPING_AUTOCORRECT,KEYBOARD_TYPING_AUTOCORRECT,KEYBOARD_TYPING_AUTOCORRECT,False,KEYBOARD_TYPING_AUTOCORRECT,PROCEED
CASE_006145,@AppleSupport my iphone keeps switching off randomly (today it was 32%) and I cant turn it back on without plugging it in to charge @AppleSu,BATTERY_CHARGING_POWER,BATTERY_CHARGING_POWER,BATTERY_CHARGING_POWER,True,"BATTERY_CHARGING_POWER, DISPLAY_TOUCH_SCREEN",ESCALATE_MULTI_ISSUE
CASE_003148,@AppleSupport is there a way to default off Live Photo’s that I’m just missing? #11.0.3 @AppleSupport Thx! I saw that setting but was just d,GENERAL_DEVICE_INQUIRY,HOW_TO_SETTINGS_CONFIGURATION,OS_UPDATE_SYSTEM_PERFORMANCE,False,,PROCEED
CASE_006891,@AppleSupport Hey. All of a sudden my playlists wont sync. This is a big problem for me. Please help. https://t.co/i0fW2kbbLN @AppleSupport ,HOW_TO_SETTINGS_CONFIGURATION,APP_STORE_PURCHASES_BILLING,APP_STORE_PURCHASES_BILLING,False,,PROCEED
CASE_005695,For instance @115858 when are you gunna fix my fuckin I button I️ refuse to change it in my shortcuts it shouldn’t come down to this @AppleS,GENERAL_DEVICE_INQUIRY,GENERAL_DEVICE_INQUIRY,GENERAL_DEVICE_INQUIRY,False,,PROCEED
CASE_007560,@AppleSupport Hello.  Been having an issue with Apple Pay since July.  Can I please DM you the case number to get this escalated so it can b,APP_STORE_PURCHASES_BILLING,DISPLAY_TOUCH_SCREEN,DISPLAY_TOUCH_SCREEN,False,,PROCEED
CASE_004370,Good use of real estate dear @115858 : placing the timer instead of low power mode in control center. Coz we’re all timing shit nonstop💁🏼 @A,DISPLAY_TOUCH_SCREEN,HOW_TO_SETTINGS_CONFIGURATION,HOW_TO_SETTINGS_CONFIGURATION,False,DISPLAY_TOUCH_SCREEN,PROCEED
CASE_001032,My phone turns off at 11% @115858 ! Something’s wrong 🙁,GENERAL_DEVICE_INQUIRY,GENERAL_DEVICE_INQUIRY,BATTERY_CHARGING_POWER,False,,PROCEED
CASE_003857,WTF IS WRONG WITH MY I!?!? @115858 @797 @AppleSupport Thanks! It worked!,GENERAL_DEVICE_INQUIRY,GENERAL_DEVICE_INQUIRY,GENERAL_DEVICE_INQUIRY,False,,PROCEED
CASE_006460,"@AppleSupport hey, how can I stop the apps that are launching when I start my iMac? I don’t know how to stop that, is awful when it happens",HOW_TO_SETTINGS_CONFIGURATION,HOW_TO_SETTINGS_CONFIGURATION,HOW_TO_SETTINGS_CONFIGURATION,False,HOW_TO_SETTINGS_CONFIGURATION,PROCEED
CASE_005894,@115858 so frustrated to not be able to type I️ without it being autocorrected,GENERAL_DEVICE_INQUIRY,KEYBOARD_TYPING_AUTOCORRECT,KEYBOARD_TYPING_AUTOCORRECT,False,,PROCEED
CASE_003630,Everybody tryna type the letter I️ and the letter A and a question mark keep replacing it smh @AppleSupport @AppleSupport See whata mean @Ap,KEYBOARD_TYPING_AUTOCORRECT,GENERAL_DEVICE_INQUIRY,KEYBOARD_TYPING_AUTOCORRECT,False,KEYBOARD_TYPING_AUTOCORRECT,PROCEED
CASE_000245,@AppleSupport can you tell me why the new updates now make my iphone6s die at 40% battery? Or if charged overnight to 100% it dies as soon a,BATTERY_CHARGING_POWER,BATTERY_CHARGING_POWER,BATTERY_CHARGING_POWER,True,"BATTERY_CHARGING_POWER, APP_STORE_PURCHASES_BILLING",ESCALATE_MULTI_ISSUE
CASE_007328,"@118936 @AppleSupport Почему iOS сейчас занимает 7,5 гб? @AppleSupport Ok. Why iOS now takes 7.5 GB? @AppleSupport Thank you. I'm using the ",OS_UPDATE_SYSTEM_PERFORMANCE,OS_UPDATE_SYSTEM_PERFORMANCE,OS_UPDATE_SYSTEM_PERFORMANCE,False,,PROCEED
CASE_007866,@AppleSupport this pop-up has plagued me the entire afternoon. Can’t sign out of iCloud…any thoughts? https://t.co/tkhlMXryL1 @AppleSupport ,ACCOUNT_APPLEID_ICLOUD,ACCOUNT_APPLEID_ICLOUD,ACCOUNT_APPLEID_ICLOUD,False,ACCOUNT_APPLEID_ICLOUD,PROCEED
CASE_001681,"Voice control and Siri keep activating its driving me fuckin mad someone on twitter pls help me!!! 

@AppleSupport @AppleSupport 6s and upda",AUDIO_SOUND_SPEAKER,OS_UPDATE_SYSTEM_PERFORMANCE,AUDIO_SOUND_SPEAKER,False,AUDIO_SOUND_SPEAKER,PROCEED
CASE_005322,@AppleSupport can you guys fix this damn problem already?! Sick of seeing all of my I️ turn into that! @AppleSupport Did it. I guess I’ll wa,GENERAL_DEVICE_INQUIRY,GENERAL_DEVICE_INQUIRY,GENERAL_DEVICE_INQUIRY,False,,PROCEED
CASE_005571,"@AppleSupport Hey guys, I’ve the iPhone 8 and sometimes my background photo flickers and alters it’s size by itself. Is there anything I cou",DISPLAY_TOUCH_SCREEN,DISPLAY_TOUCH_SCREEN,DISPLAY_TOUCH_SCREEN,True,"DISPLAY_TOUCH_SCREEN, ACCOUNT_APPLEID_ICLOUD, HOW_TO_SETTINGS_CONFIGURATION",ESCALATE_MULTI_ISSUE
CASE_002613,@AppleSupport added a screenshot of a note as couldnt write it all on here. Id be definitely grateful if i could get a bit of help. Thanks h,CONNECTIVITY_WIFI_BLUETOOTH,CONNECTIVITY_WIFI_BLUETOOTH,CONNECTIVITY_WIFI_BLUETOOTH,True,"CONNECTIVITY_WIFI_BLUETOOTH, DISPLAY_TOUCH_SCREEN",ESCALATE_MULTI_ISSUE
CASE_001111,@AppleSupport why is my music uninstalling itself? They were all installed just yesterday https://t.co/JKSMmVhyd7 @AppleSupport No they were,APP_STORE_PURCHASES_BILLING,APP_STORE_PURCHASES_BILLING,APP_STORE_PURCHASES_BILLING,False,,PROCEED
CASE_005492,Ugh this bullshit work around for this “l” problem don’t WORK!!! @AppleSupport,GENERAL_DEVICE_INQUIRY,GENERAL_DEVICE_INQUIRY,GENERAL_DEVICE_INQUIRY,False,,PROCEED
CASE_006555,"@AppleSupport please, reply the direct message that i sended for you @AppleSupport thank you so much",GENERAL_DEVICE_INQUIRY,GENERAL_DEVICE_INQUIRY,GENERAL_DEVICE_INQUIRY,False,,PROCEED
CASE_004389,Every time you type “I️” it changes to some question mark in a box someone explain @AppleSupport @115858 @AppleSupport Very helpful thank yo,GENERAL_DEVICE_INQUIRY,GENERAL_DEVICE_INQUIRY,KEYBOARD_TYPING_AUTOCORRECT,False,,PROCEED
CASE_004193,Okay listen @115858 y’all need to send another fucking update out &amp; fix this shit! Got us looking like androids when they couldn’t see e,KEYBOARD_TYPING_AUTOCORRECT,GENERAL_DEVICE_INQUIRY,GENERAL_DEVICE_INQUIRY,False,,PROCEED
CASE_001545,"@AppleSupport @115858 
Do you offer a trade-in /upgrade program for Apple Watches? @AppleSupport Could pass along the comment to whomever so",GENERAL_DEVICE_INQUIRY,OS_UPDATE_SYSTEM_PERFORMANCE,GENERAL_DEVICE_INQUIRY,False,,PROCEED
CASE_000791,@115858 #Maps #navigation is still not working in the #UAE even on #iOS11. @200998 navigation works on a cheap &amp; old @122609 5 device. 🤔,OS_UPDATE_SYSTEM_PERFORMANCE,GENERAL_DEVICE_INQUIRY,GENERAL_DEVICE_INQUIRY,False,,PROCEED
CASE_002015,@AppleSupport is this a scam? https://t.co/WA49z0ITFA @AppleSupport Thanks @AppleSupport I wonder if @O2 can answer?,GENERAL_DEVICE_INQUIRY,GENERAL_DEVICE_INQUIRY,GENERAL_DEVICE_INQUIRY,False,,PROCEED
CASE_007103,"@AppleSupport wife and I both pre-ordered iPhone X  Now our credit card has charges but in 2 different amounts, same phones. Odd? @AppleSupp",APP_STORE_PURCHASES_BILLING,APP_STORE_PURCHASES_BILLING,GENERAL_DEVICE_INQUIRY,False,,PROCEED
CASE_001609,"Since upgrading to #HighSierra, my Apple Mail no longer opens hyperlinks in the browser tab when I click them. They only open the browser Ho",GENERAL_DEVICE_INQUIRY,OS_UPDATE_SYSTEM_PERFORMANCE,OS_UPDATE_SYSTEM_PERFORMANCE,False,,PROCEED
CASE_004522,@AppleSupport why won’t the podcast app automatically play the next episode? #iOS11 encourages me to mess w/ my phone while driving. @AppleS,OS_UPDATE_SYSTEM_PERFORMANCE,OS_UPDATE_SYSTEM_PERFORMANCE,OS_UPDATE_SYSTEM_PERFORMANCE,False,,PROCEED
CASE_006522,"Decided to update my iPhone software. A day later, never felt like a bigger idiot in my life.
Great work @AppleSupport https://t.co/tJmJhtcp",BATTERY_CHARGING_POWER,OS_UPDATE_SYSTEM_PERFORMANCE,APP_CRASH_AND_DOWNLOAD,True,"BATTERY_CHARGING_POWER, APP_CRASH_AND_DOWNLOAD",ESCALATE_MULTI_ISSUE
CASE_000390,@AppleSupport How can fix “Payment Delined” issue? I already made a new account but i  think that the old one is still saved somewhere. http,APP_STORE_PURCHASES_BILLING,APP_STORE_PURCHASES_BILLING,APP_STORE_PURCHASES_BILLING,False,,PROCEED
CASE_007827,@AppleSupport How do I permanently switch off the ‘Live Photo’ and permanently keep on HDR? They both keep resetting after I have used my ca,DISPLAY_TOUCH_SCREEN,HOW_TO_SETTINGS_CONFIGURATION,HOW_TO_SETTINGS_CONFIGURATION,False,HOW_TO_SETTINGS_CONFIGURATION,PROCEED
CASE_000443,@AppleSupport please could you help me ASAP think someone has my Apple information and is perching things from it @AppleSupport Thank you!,GENERAL_DEVICE_INQUIRY,GENERAL_DEVICE_INQUIRY,GENERAL_DEVICE_INQUIRY,False,,PROCEED
CASE_004045,Why are my I’s turning into question marks @115858 @AppleSupport. I️ need answers. @AppleSupport Thank you. @AppleSupport Any updates on iPh,GENERAL_DEVICE_INQUIRY,OS_UPDATE_SYSTEM_PERFORMANCE,GENERAL_DEVICE_INQUIRY,False,,PROCEED
CASE_004807,"@AppleSupport my songs aren’t downloading, it just keeps spinning https://t.co/rRmt4q48Ud @AppleSupport Fixed, why didn’t I try that lol tha",APP_CRASH_AND_DOWNLOAD,CONNECTIVITY_WIFI_BLUETOOTH,APP_STORE_PURCHASES_BILLING,False,,PROCEED
CASE_004563,@AppleSupport what’s up with my Game Center? It keeps loading. Won’t finish. Not WiFi or data. @AppleSupport That did it! Thank you! 😘,CONNECTIVITY_WIFI_BLUETOOTH,ACCOUNT_APPLEID_ICLOUD,CONNECTIVITY_WIFI_BLUETOOTH,False,CONNECTIVITY_WIFI_BLUETOOTH,PROCEED
CASE_003726,Fix this glitch please @115858 @486433 @115858 Question mark thing? @486436 @115858 Yes and this I️ thing @486433 @115858 Dawg..... I️ thoug,OS_UPDATE_SYSTEM_PERFORMANCE,OS_UPDATE_SYSTEM_PERFORMANCE,OS_UPDATE_SYSTEM_PERFORMANCE,False,,PROCEED
CASE_002836,@AppleSupport Hey Anybody Is Here I Need Help ASAP❗️ @AppleSupport I forgot my password and now my phone is disabled @AppleSupport Wow❗️❗️ Y,ACCOUNT_APPLEID_ICLOUD,ACCOUNT_APPLEID_ICLOUD,ACCOUNT_APPLEID_ICLOUD,False,ACCOUNT_APPLEID_ICLOUD,PROCEED
CASE_002152,"Is my #iPhone’s constant &amp; prolonged freezing an attempt to coerce me to buy the new #iPhone8? If so, it’s having a different effect @11",APP_CRASH_AND_DOWNLOAD,APP_CRASH_AND_DOWNLOAD,OS_UPDATE_SYSTEM_PERFORMANCE,False,,PROCEED
CASE_002495,@AppleSupport struggling to update to 11.03. Everything has been wiped from my phone &amp; I can't even get it to restore factory settings 😡,OS_UPDATE_SYSTEM_PERFORMANCE,OS_UPDATE_SYSTEM_PERFORMANCE,OS_UPDATE_SYSTEM_PERFORMANCE,False,HOW_TO_SETTINGS_CONFIGURATION,PROCEED
CASE_003596,Dear @115858 can you PLEASE for the love of all that is holy fix this?!?!?! https://t.co/pWqxcw3OL1 @AppleSupport Thank you! That solved the,GENERAL_DEVICE_INQUIRY,GENERAL_DEVICE_INQUIRY,GENERAL_DEVICE_INQUIRY,False,,PROCEED
CASE_004631,"Dear @115858 , can you fix your shit so i can’t stop looking like a moron.
Thanks. @AppleSupport Every time I️ type “i” it comes up with an ",GENERAL_DEVICE_INQUIRY,GENERAL_DEVICE_INQUIRY,GENERAL_DEVICE_INQUIRY,False,,PROCEED
CASE_003684,@AppleSupport why can’t i️ type the letter i️ ... fix the update please. i️ look dumb @AppleSupport it worked,KEYBOARD_TYPING_AUTOCORRECT,OS_UPDATE_SYSTEM_PERFORMANCE,KEYBOARD_TYPING_AUTOCORRECT,False,KEYBOARD_TYPING_AUTOCORRECT,PROCEED
CASE_006584,"@AppleSupport Hi, after last iOS 11 update,I have issue with volume. When Im on Home screen,I raise or low multimedia volume. When I go into",AUDIO_SOUND_SPEAKER,AUDIO_SOUND_SPEAKER,AUDIO_SOUND_SPEAKER,True,"DISPLAY_TOUCH_SCREEN, AUDIO_SOUND_SPEAKER, HOW_TO_SETTINGS_CONFIGURATION",ESCALATE_MULTI_ISSUE
CASE_002947,Hey @AppleSupport any idea what’s going on here? https://t.co/Mn2fOms4iL @AppleSupport 👍🏻 thanks!,GENERAL_DEVICE_INQUIRY,GENERAL_DEVICE_INQUIRY,GENERAL_DEVICE_INQUIRY,False,,PROCEED
CASE_005171,"@AppleSupport just received my iPhoneX, my photos aren’t transferring from old to new device. HELP! I have iCloud photo stream on. Only 159 ",ACCOUNT_APPLEID_ICLOUD,ACCOUNT_APPLEID_ICLOUD,ACCOUNT_APPLEID_ICLOUD,False,ACCOUNT_APPLEID_ICLOUD,PROCEED
CASE_007261,Ever since that new iPhone came out and I updated my ios my phone has been tweakin. Explain @115858 @AppleSupport My screen literally freeze,DISPLAY_TOUCH_SCREEN,CONNECTIVITY_WIFI_BLUETOOTH,DISPLAY_TOUCH_SCREEN,False,DISPLAY_TOUCH_SCREEN,PROCEED
CASE_005579,Hey @AppleSupport @115858 when is the update to fix the keyboard issue coming? @AppleSupport The ‘I’ issue I know the work around but seems ,KEYBOARD_TYPING_AUTOCORRECT,KEYBOARD_TYPING_AUTOCORRECT,KEYBOARD_TYPING_AUTOCORRECT,False,KEYBOARD_TYPING_AUTOCORRECT,PROCEED
CASE_005213,"@AppleSupport hello, would iPhone X work in Russia if it would be shipped from America? @AppleSupport Thank you",GENERAL_DEVICE_INQUIRY,GENERAL_DEVICE_INQUIRY,GENERAL_DEVICE_INQUIRY,False,,PROCEED
CASE_002172,Hey @AppleSupport how do I permanently turn off that ‘live’ thing on my iphones camera? It keeps turning back on and I hate it.,DISPLAY_TOUCH_SCREEN,HOW_TO_SETTINGS_CONFIGURATION,HOW_TO_SETTINGS_CONFIGURATION,False,HOW_TO_SETTINGS_CONFIGURATION,PROCEED
CASE_000128,@115858 updated to 11.1 on iPhone 7 and now it won’t connect to the App Store. Known issue? @AppleSupport App store now appears to be workin,CONNECTIVITY_WIFI_BLUETOOTH,CONNECTIVITY_WIFI_BLUETOOTH,APP_STORE_PURCHASES_BILLING,False,APP_STORE_PURCHASES_BILLING,PROCEED
CASE_002206,"@AppleSupport hello everyone , now i am facing the worst experince using iphone 6 after the ios 11 software update , thats really horrible @",DISPLAY_TOUCH_SCREEN,OS_UPDATE_SYSTEM_PERFORMANCE,OS_UPDATE_SYSTEM_PERFORMANCE,True,"DISPLAY_TOUCH_SCREEN, HOW_TO_SETTINGS_CONFIGURATION",ESCALATE_MULTI_ISSUE
CASE_006537,@AppleSupport Hello ! I have another problem : I've bought music like 2 or 3 years ago on my iTunes account but I can't find it anymore :( @,ACCOUNT_APPLEID_ICLOUD,APP_STORE_PURCHASES_BILLING,APP_STORE_PURCHASES_BILLING,False,APP_STORE_PURCHASES_BILLING,PROCEED
CASE_007514,"Alright @115858 fix the auto correct to I.T instead of it, please and thank you",KEYBOARD_TYPING_AUTOCORRECT,GENERAL_DEVICE_INQUIRY,KEYBOARD_TYPING_AUTOCORRECT,False,,PROCEED
CASE_003382,@AppleSupport I asked the watch to start a dance workout. Clicked ‘+’ at the end to start another and it’s saved the dance workout as other ,OS_UPDATE_SYSTEM_PERFORMANCE,APP_STORE_PURCHASES_BILLING,APP_STORE_PURCHASES_BILLING,False,,PROCEED
CASE_004061,So I* see I’m going to have to write the letter I* like this until @115858 fixes it 🙃 @AppleSupport You’ve already given me this link &amp; ,KEYBOARD_TYPING_AUTOCORRECT,KEYBOARD_TYPING_AUTOCORRECT,KEYBOARD_TYPING_AUTOCORRECT,False,KEYBOARD_TYPING_AUTOCORRECT,PROCEED
CASE_003969,Since #IOS11 I’m pretty much always charging a device. It’s out of hand. When will we get an update with a fix? @115858 @AppleSupport @Apple,BATTERY_CHARGING_POWER,BATTERY_CHARGING_POWER,BATTERY_CHARGING_POWER,False,,PROCEED
CASE_003071,"@AppleSupport Twitter does not work on Apple Watch #WatchOs4 #iOS11 @AppleSupport Yes, the twitter app does not open. @AppleSupport @430879 ",OS_UPDATE_SYSTEM_PERFORMANCE,GENERAL_DEVICE_INQUIRY,APP_CRASH_AND_DOWNLOAD,False,APP_CRASH_AND_DOWNLOAD,PROCEED
CASE_003853,"@AppleSupport Does Apple ask for your ssn to verify your identity? @AppleSupport Thanks, already did a minute ago",GENERAL_DEVICE_INQUIRY,GENERAL_DEVICE_INQUIRY,GENERAL_DEVICE_INQUIRY,False,,PROCEED
CASE_004774,"@115858 @AppleSupport Hey, can you guys patch iOS 11 to STOP TURNING MY BLUETOOTH ON BY ITSELF?? Stop stealing my battery, damn. @AppleSuppo",BATTERY_CHARGING_POWER,CONNECTIVITY_WIFI_BLUETOOTH,BATTERY_CHARGING_POWER,True,"KEYBOARD_TYPING_AUTOCORRECT, BATTERY_CHARGING_POWER, CONNECTIVITY_WIFI_BLUETOOTH, DISPLAY_TOUCH_SCREEN",ESCALATE_MULTI_ISSUE
CASE_006774,Nvm my Soror❤️ helped me fix it @AppleSupport Thanks,GENERAL_DEVICE_INQUIRY,GENERAL_DEVICE_INQUIRY,GENERAL_DEVICE_INQUIRY,False,,PROCEED
CASE_001754,@AppleSupport why many song in @115948 its in grey and I can’t listen?,GENERAL_DEVICE_INQUIRY,CONNECTIVITY_WIFI_BLUETOOTH,APP_STORE_PURCHASES_BILLING,False,,PROCEED
CASE_007852,@AppleSupport hey friends is there a way to see how many % battery life i have like on my old 6s? Thanks 💪🏻 @AppleSupport Ive got the iPhone,BATTERY_CHARGING_POWER,BATTERY_CHARGING_POWER,BATTERY_CHARGING_POWER,False,BATTERY_CHARGING_POWER,PROCEED
CASE_001723,@AppleSupport hello is there some problems with new update of iOS? I have an iPad mini 3 and I noticed more lag and a slow work in general,OS_UPDATE_SYSTEM_PERFORMANCE,OS_UPDATE_SYSTEM_PERFORMANCE,OS_UPDATE_SYSTEM_PERFORMANCE,False,,PROCEED
CASE_007534,Uh…@AppleSupport …my phone says that my system is up to date with iOS 11.1.2 but apparently there’s an iOS 11.2 out with Apple Pay in messag,APP_STORE_PURCHASES_BILLING,APP_STORE_PURCHASES_BILLING,OS_UPDATE_SYSTEM_PERFORMANCE,False,,PROCEED
CASE_001382,"@AppleSupport hey, i just downloaded the new IOS update and my iphone keeps clicking things and type by itself what should i do? @AppleSuppo",OS_UPDATE_SYSTEM_PERFORMANCE,OS_UPDATE_SYSTEM_PERFORMANCE,OS_UPDATE_SYSTEM_PERFORMANCE,False,,PROCEED
CASE_007021,"HEY @318 @AppleSupport WHY DO YOU KEEP DELETING MY SUBSCRIBED PODCASTS?! ONCE A WEEK GUYS, COME ON",GENERAL_DEVICE_INQUIRY,GENERAL_DEVICE_INQUIRY,GENERAL_DEVICE_INQUIRY,False,,PROCEED
CASE_002459,"@AppleSupport Hi, been having a lot of trouble with my iPhone lately and any help or advice u could give would really help. @AppleSupport I'",OS_UPDATE_SYSTEM_PERFORMANCE,BATTERY_CHARGING_POWER,GENERAL_DEVICE_INQUIRY,False,,PROCEED
CASE_002099,"I don’t get UX on iOS 11 podcast app, @AppleSupport. Why do I see old / stale episodes instead of new ones? What am I missing?",OS_UPDATE_SYSTEM_PERFORMANCE,OS_UPDATE_SYSTEM_PERFORMANCE,OS_UPDATE_SYSTEM_PERFORMANCE,False,,PROCEED
CASE_005765,"@AppleSupport pls fix your issues....#applebug #Apple #YouCanDoBetter @AppleSupport Hey, I’m trying the newest update. Thank you",OS_UPDATE_SYSTEM_PERFORMANCE,GENERAL_DEVICE_INQUIRY,GENERAL_DEVICE_INQUIRY,False,,PROCEED
CASE_006993,@115858 fix or replace you damned Apple TV remote. This thing has to be the WORST remote control I’ve ever used. @AppleSupport There’s nothi,APP_STORE_PURCHASES_BILLING,OS_UPDATE_SYSTEM_PERFORMANCE,DISPLAY_TOUCH_SCREEN,False,BATTERY_CHARGING_POWER,PROCEED
CASE_004624,Trying to add an email account andddd I️ cannot find the option in my settings anymore @AppleSupport wasssupp?,HOW_TO_SETTINGS_CONFIGURATION,HOW_TO_SETTINGS_CONFIGURATION,HOW_TO_SETTINGS_CONFIGURATION,False,HOW_TO_SETTINGS_CONFIGURATION,PROCEED
CASE_002422,Encore un gros bug #ios11 !! Logo pomme pendant 2 minutes et batterie qui perd 30% d’un coup ! Sérieusement @115858 @AppleSupport ??! 😡 @App,BATTERY_CHARGING_POWER,BATTERY_CHARGING_POWER,BATTERY_CHARGING_POWER,False,BATTERY_CHARGING_POWER,PROCEED
CASE_007409,"@AppleSupport hi, my friend’s iPhone was stolen 2 months ago. She has recovered her iCloud account into her new iPhone, but unfortunately he",ACCOUNT_APPLEID_ICLOUD,ACCOUNT_APPLEID_ICLOUD,ACCOUNT_APPLEID_ICLOUD,True,"ACCOUNT_APPLEID_ICLOUD, HOW_TO_SETTINGS_CONFIGURATION",ESCALATE_MULTI_ISSUE
CASE_005273,"@AppleSupport Yo, all of the sudden every screenshot I take shows all black. It was working fine just yesterday @AppleSupport Iphone 7 ios 1",OS_UPDATE_SYSTEM_PERFORMANCE,GENERAL_DEVICE_INQUIRY,OS_UPDATE_SYSTEM_PERFORMANCE,False,,PROCEED
CASE_006271,"Oh thanks Siri, good morning at 5pm. 🤔 @AppleSupport https://t.co/V9PJNjuRj5",GENERAL_DEVICE_INQUIRY,HOW_TO_SETTINGS_CONFIGURATION,HOW_TO_SETTINGS_CONFIGURATION,False,,PROCEED
CASE_002607,Anyone know how to wipe an #iphone when the screen has broken #apple #iphonehelp @115858 #TechSupport #PhoneHelp @AppleSupport Thanks &amp; ,CONNECTIVITY_WIFI_BLUETOOTH,CONNECTIVITY_WIFI_BLUETOOTH,CONNECTIVITY_WIFI_BLUETOOTH,False,"CONNECTIVITY_WIFI_BLUETOOTH, DISPLAY_TOUCH_SCREEN, HOW_TO_SETTINGS_CONFIGURATION",PROCEED
CASE_001888,@115858 just did the latest update last night. Where did my Apple Music playlists go? #problem https://t.co/7Q1NbKpYtd @AppleSupport I had a,APP_STORE_PURCHASES_BILLING,APP_STORE_PURCHASES_BILLING,APP_STORE_PURCHASES_BILLING,False,APP_STORE_PURCHASES_BILLING,PROCEED
CASE_005412,"Honestly have to charge my phone fully about 3-4 times a day, am getting real tired of u and ur games @115858",BATTERY_CHARGING_POWER,BATTERY_CHARGING_POWER,BATTERY_CHARGING_POWER,False,BATTERY_CHARGING_POWER,PROCEED
CASE_004594,WAIT THOUGH ME WASNT TYPING I️ YESTERDAY AND ME UPDATED 4 DAYS AGO. @AppleSupport FIX THIS SO ME CAN STOP TALKING LIKE COOKIE MONSTER @Apple,KEYBOARD_TYPING_AUTOCORRECT,OS_UPDATE_SYSTEM_PERFORMANCE,KEYBOARD_TYPING_AUTOCORRECT,False,KEYBOARD_TYPING_AUTOCORRECT,PROCEED
CASE_002667,IOS11 ÇA PUE LA MERDE ma caméra fonctionne plus mon tel bug mon clavier bug ma connexion bug ptn @115858 ressaisissez-vous @AppleSupport tha,OS_UPDATE_SYSTEM_PERFORMANCE,OS_UPDATE_SYSTEM_PERFORMANCE,OS_UPDATE_SYSTEM_PERFORMANCE,False,,PROCEED
CASE_000983,@AppleSupport my iMessage is not working like I can’t send messages @AppleSupport I followed those steps and now my iMessage is working 😎 @A,GENERAL_DEVICE_INQUIRY,GENERAL_DEVICE_INQUIRY,GENERAL_DEVICE_INQUIRY,False,,PROCEED
CASE_000114,"@115858 Here's a thought: new phone numbers in iOS default to ""home fax."" Maybe that's something you could fix please, or is an inside joke?",GENERAL_DEVICE_INQUIRY,GENERAL_DEVICE_INQUIRY,GENERAL_DEVICE_INQUIRY,False,,PROCEED
CASE_005037,Hey @AppleSupport I️ need you to fix your shit now I️ @AppleSupport I would like to thank you. Is it working? I,GENERAL_DEVICE_INQUIRY,GENERAL_DEVICE_INQUIRY,GENERAL_DEVICE_INQUIRY,False,,PROCEED
CASE_005532,@115858 @AppleSupport I️ hate you. Fix this @AppleSupport I love you thank you,GENERAL_DEVICE_INQUIRY,GENERAL_DEVICE_INQUIRY,GENERAL_DEVICE_INQUIRY,False,,PROCEED
CASE_002865,@AppleSupport I would like an explanation for how the first 99% of my phone battery drains and 40 minutes but the last one percent has laste,BATTERY_CHARGING_POWER,BATTERY_CHARGING_POWER,BATTERY_CHARGING_POWER,False,BATTERY_CHARGING_POWER,PROCEED
CASE_003794,"@AppleSupport hey Apple, how do I uninstall an iMessage application?",HOW_TO_SETTINGS_CONFIGURATION,OS_UPDATE_SYSTEM_PERFORMANCE,GENERAL_DEVICE_INQUIRY,False,HOW_TO_SETTINGS_CONFIGURATION,PROCEED
CASE_006631,"@115858 @AppleSupport so you change my delivery date for the #iphonex to the day after thxgvg w/o contacting me 1st to see if I'm traveling,",GENERAL_DEVICE_INQUIRY,HOW_TO_SETTINGS_CONFIGURATION,GENERAL_DEVICE_INQUIRY,False,,PROCEED
CASE_002629,My iPhone keeps crashing. Would my service provider @28598 who sold me phone take responsibility for this?Or is it @AppleSupport issue @Appl,BATTERY_CHARGING_POWER,BATTERY_CHARGING_POWER,BATTERY_CHARGING_POWER,True,"BATTERY_CHARGING_POWER, APP_CRASH_AND_DOWNLOAD",ESCALATE_MULTI_ISSUE
CASE_003920,@AppleSupport Can someone tell me how I have read-only privileges when I'm administrator of computer? All was good till I got High Sierra. h,GENERAL_DEVICE_INQUIRY,KEYBOARD_TYPING_AUTOCORRECT,GENERAL_DEVICE_INQUIRY,False,,PROCEED
CASE_007116,"@AppleSupport It would be really handy to be able to add a calculator to the control centre on iPad, as it is with iPhone. Thanks @AppleSupp",GENERAL_DEVICE_INQUIRY,GENERAL_DEVICE_INQUIRY,GENERAL_DEVICE_INQUIRY,False,,PROCEED
CASE_001587,"Latest iOS update has rendered my US @118721-linked @115858 TV effectively unusable; with only a Hong Kong movie selection and no, uh, TV. @",OS_UPDATE_SYSTEM_PERFORMANCE,GENERAL_DEVICE_INQUIRY,OS_UPDATE_SYSTEM_PERFORMANCE,False,,PROCEED
CASE_004206,@AppleSupport I’m having issues with sending messages to a few of my contacts. Most of them will deliver but some people won’t @AppleSupport,OS_UPDATE_SYSTEM_PERFORMANCE,OS_UPDATE_SYSTEM_PERFORMANCE,OS_UPDATE_SYSTEM_PERFORMANCE,False,,PROCEED
CASE_001525,When your @115858 Mac keyboard breaks again and you lose @252698 connection while trying to deal with it. Plus son kicking off as can’t get ,KEYBOARD_TYPING_AUTOCORRECT,KEYBOARD_TYPING_AUTOCORRECT,KEYBOARD_TYPING_AUTOCORRECT,False,KEYBOARD_TYPING_AUTOCORRECT,PROCEED
CASE_003824,Sooo why can’t I see emojis is it because I still have a 6plus? Is there another iOS update?@115858 @AppleSupport @AppleSupport I am using 1,OS_UPDATE_SYSTEM_PERFORMANCE,GENERAL_DEVICE_INQUIRY,OS_UPDATE_SYSTEM_PERFORMANCE,False,,PROCEED
CASE_000730,@AppleSupport iMessage has logged me out about 40 times today &amp; I've spent too much of my life trying to sign back in with new passwords,ACCOUNT_APPLEID_ICLOUD,ACCOUNT_APPLEID_ICLOUD,ACCOUNT_APPLEID_ICLOUD,True,"ACCOUNT_APPLEID_ICLOUD, APP_STORE_PURCHASES_BILLING",ESCALATE_MULTI_ISSUE
CASE_002011,First time i hot frustrated with new #macOSHighSierra its so annoying everything got stop working it make so difficult to use 😒😒@115858 @App,BATTERY_CHARGING_POWER,GENERAL_DEVICE_INQUIRY,HOW_TO_SETTINGS_CONFIGURATION,False,HOW_TO_SETTINGS_CONFIGURATION,PROCEED
CASE_003792,Hey @AppleSupport @115858  since the last update every time I️ type the letter “I️” I️ get this *please see pic* https://t.co/k5SbJKOzsk,OS_UPDATE_SYSTEM_PERFORMANCE,HOW_TO_SETTINGS_CONFIGURATION,KEYBOARD_TYPING_AUTOCORRECT,False,,PROCEED
CASE_007314,@115858 I shouldn’t be paying for this nonsense bruv.. https://t.co/IaePD9ZJjX @115858 Please fix this https://t.co/soaJoJ6ePc @AppleSupport,GENERAL_DEVICE_INQUIRY,GENERAL_DEVICE_INQUIRY,GENERAL_DEVICE_INQUIRY,False,,PROCEED
CASE_001910,"@AppleSupport 

I assume this email was not from you ? https://t.co/DkP3Sa5nzc @AppleSupport Thanks for a really quick reply :)
Will now del",GENERAL_DEVICE_INQUIRY,ACCOUNT_APPLEID_ICLOUD,ACCOUNT_APPLEID_ICLOUD,False,,PROCEED
CASE_001974,@AppleSupport all my Apple Music was deleted when I updated my phone.,APP_STORE_PURCHASES_BILLING,APP_STORE_PURCHASES_BILLING,APP_STORE_PURCHASES_BILLING,False,APP_STORE_PURCHASES_BILLING,PROCEED
CASE_004253,".@AppleSupport can we fix this, please? 
I️ I️ I️ I️ I️ I️ I️ I️ I️ I️ I️ I️ I️ I️ I️ I️ I️ I️ I️ I️ I️ I️ I️ I️ I️ I️ I️ I️ I️ @AppleSuppor",GENERAL_DEVICE_INQUIRY,GENERAL_DEVICE_INQUIRY,GENERAL_DEVICE_INQUIRY,False,,PROCEED
CASE_003292,Hey @115858 - love the new emojis but my phone is acting super slow and delayed since I updated. Help!! @AppleSupport Updated all of my apps,OS_UPDATE_SYSTEM_PERFORMANCE,GENERAL_DEVICE_INQUIRY,GENERAL_DEVICE_INQUIRY,False,,PROCEED
CASE_000546,So my phone glitched and apple this is a idea u should do in the next update make that black glitched screen into the home screen so I can d,DISPLAY_TOUCH_SCREEN,GENERAL_DEVICE_INQUIRY,GENERAL_DEVICE_INQUIRY,False,DISPLAY_TOUCH_SCREEN,PROCEED
CASE_001314,"Seriously, @115858? I have to manually disable notifications for all apps, with the phone resetting every 4 seconds, in order to get my phon",OS_UPDATE_SYSTEM_PERFORMANCE,APP_CRASH_AND_DOWNLOAD,OS_UPDATE_SYSTEM_PERFORMANCE,False,,PROCEED
CASE_005317,"Speak the truth!! @AppleSupport @115858. Tired of the I Question Mark box. #Conspiracy 
https://t.co/eVlkT8lhPW @AppleSupport Thank you",GENERAL_DEVICE_INQUIRY,GENERAL_DEVICE_INQUIRY,GENERAL_DEVICE_INQUIRY,False,,PROCEED
CASE_001421,@AppleSupport @115948 why can’t I add songs to “up next”,APP_STORE_PURCHASES_BILLING,APP_STORE_PURCHASES_BILLING,APP_STORE_PURCHASES_BILLING,False,,PROCEED
CASE_007729,@applesupport @115858 iPhone 6s becomes unresponsive when I try to enter an address in location on a calendar event https://t.co/BxyGScu6xU ,DISPLAY_TOUCH_SCREEN,OS_UPDATE_SYSTEM_PERFORMANCE,OS_UPDATE_SYSTEM_PERFORMANCE,False,,PROCEED
CASE_006983,Is there an @AppleSupport chat online? I'm stuck and I need help. The sooner the better :-) @AppleSupport Thanks for the reply. My school’s ,ACCOUNT_APPLEID_ICLOUD,CONNECTIVITY_WIFI_BLUETOOTH,ACCOUNT_APPLEID_ICLOUD,False,ACCOUNT_APPLEID_ICLOUD,PROCEED
CASE_006817,"@AppleSupport hello, with the recent app updates, names of couple apps have been wrongly changed(see facebook as Bayer, Tunein as Gmail etc.",GENERAL_DEVICE_INQUIRY,OS_UPDATE_SYSTEM_PERFORMANCE,OS_UPDATE_SYSTEM_PERFORMANCE,False,,PROCEED
CASE_002353,"@AppleSupport the new iOS update makes my wifi turn on when i turned it off so its burning my battery, help? @AppleSupport This is literally",BATTERY_CHARGING_POWER,CONNECTIVITY_WIFI_BLUETOOTH,CONNECTIVITY_WIFI_BLUETOOTH,True,"BATTERY_CHARGING_POWER, CONNECTIVITY_WIFI_BLUETOOTH",ESCALATE_MULTI_ISSUE
CASE_005953,Hey @115858— this new update just auto correct capitalizes random words. Like Tour. Ugh. Can you please get the whole of your capitalization,KEYBOARD_TYPING_AUTOCORRECT,OS_UPDATE_SYSTEM_PERFORMANCE,OS_UPDATE_SYSTEM_PERFORMANCE,False,,PROCEED
CASE_002103,@AppleSupport need help.. after upgrading my 6s its getting hung up + not able to charge my phone.. wasted 72000... 😔 @AppleSupport Yes exac,BATTERY_CHARGING_POWER,BATTERY_CHARGING_POWER,BATTERY_CHARGING_POWER,True,"BATTERY_CHARGING_POWER, APP_STORE_PURCHASES_BILLING",ESCALATE_MULTI_ISSUE
CASE_002874,@115858 My #iphonecase broken 😣 not even a year and it has snapped on the border. Any idea about the warranty of this product @AppleSupport?,GENERAL_DEVICE_INQUIRY,GENERAL_DEVICE_INQUIRY,GENERAL_DEVICE_INQUIRY,False,,PROCEED
CASE_005239,"If @115858 does not fix this weird iOS bug soon, I️ am going to freak. @AppleSupport Thanks",GENERAL_DEVICE_INQUIRY,OS_UPDATE_SYSTEM_PERFORMANCE,OS_UPDATE_SYSTEM_PERFORMANCE,False,,PROCEED
CASE_000367,@115858 the new update is so horribly slow and not at all even that great pls send me help or pls do something I’m going crazy. @AppleSuppor,OS_UPDATE_SYSTEM_PERFORMANCE,OS_UPDATE_SYSTEM_PERFORMANCE,OS_UPDATE_SYSTEM_PERFORMANCE,False,,PROCEED
CASE_006863,"@AppleSupport Please fix sign in issue with @118721. Had to log in four times, to get it to work! @AppleSupport It was a few minutes ago. I ",DISPLAY_TOUCH_SCREEN,ACCOUNT_APPLEID_ICLOUD,ACCOUNT_APPLEID_ICLOUD,False,DISPLAY_TOUCH_SCREEN,PROCEED
CASE_003866,Can you stop this I️ (a?) shit @AppleSupport @AppleSupport Thank you!,GENERAL_DEVICE_INQUIRY,GENERAL_DEVICE_INQUIRY,GENERAL_DEVICE_INQUIRY,False,,PROCEED
CASE_007173,@AppleSupport having this box keeps coming up on my iPhone X could you please get back to me https://t.co/vP22ZDoMj6 @AppleSupport Zoom was ,GENERAL_DEVICE_INQUIRY,GENERAL_DEVICE_INQUIRY,GENERAL_DEVICE_INQUIRY,False,,PROCEED
CASE_000181,@AppleSupport I tried everything and my phone alarms won’t go off no matter what I do help me I’m a tired College student @AppleSupport It’s,OS_UPDATE_SYSTEM_PERFORMANCE,OS_UPDATE_SYSTEM_PERFORMANCE,OS_UPDATE_SYSTEM_PERFORMANCE,False,HOW_TO_SETTINGS_CONFIGURATION,PROCEED
CASE_001730,@AppleSupport guys... what happened to the Iphone 6 this last iOS Update? My phone is slower than a freaking Android right now! @AppleSuppor,OS_UPDATE_SYSTEM_PERFORMANCE,OS_UPDATE_SYSTEM_PERFORMANCE,OS_UPDATE_SYSTEM_PERFORMANCE,False,,PROCEED
CASE_005915,Ok... so because my other half looks at my phone so much my iPhone X has now learnt his face and unlocks to both of us which it didn’t 2 day,DISPLAY_TOUCH_SCREEN,DISPLAY_TOUCH_SCREEN,DISPLAY_TOUCH_SCREEN,False,DISPLAY_TOUCH_SCREEN,PROCEED
CASE_007614,My Apple Watch tripping. How’d i do an intense 60 min spin class and it says I burned 27 calories and worked out for 3 min?!?! I need answer,OS_UPDATE_SYSTEM_PERFORMANCE,GENERAL_DEVICE_INQUIRY,GENERAL_DEVICE_INQUIRY,False,,PROCEED
CASE_006908,"Hi @AppleSupport why does my Bluetooth keep turning itself on in iOS11.1.1, and how can I stop it? @731425 @AppleSupport Actually, my Blueto",BATTERY_CHARGING_POWER,BATTERY_CHARGING_POWER,BATTERY_CHARGING_POWER,True,"BATTERY_CHARGING_POWER, CONNECTIVITY_WIFI_BLUETOOTH, HOW_TO_SETTINGS_CONFIGURATION",ESCALATE_MULTI_ISSUE
CASE_006795,"@AppleSupport Hi, how can I download videos in HD with Apple Music? Getting standard definition offline playback. @AppleSupport Thanks. I’m ",APP_STORE_PURCHASES_BILLING,APP_STORE_PURCHASES_BILLING,APP_STORE_PURCHASES_BILLING,True,"APP_STORE_PURCHASES_BILLING, HOW_TO_SETTINGS_CONFIGURATION",ESCALATE_MULTI_ISSUE
CASE_007593,@AppleSupport am I able to cancel this? I not sure why but I can’t cancel it https://t.co/np3A52ISK6 @AppleSupport Ok thanks for the help 👍,GENERAL_DEVICE_INQUIRY,APP_STORE_PURCHASES_BILLING,GENERAL_DEVICE_INQUIRY,False,,PROCEED
CASE_007750,@115858  @AppleSupport what is this? It literally won’t let me go on anything thing else in my safari. https://t.co/mHrBbHZupr @AppleSupport,GENERAL_DEVICE_INQUIRY,KEYBOARD_TYPING_AUTOCORRECT,GENERAL_DEVICE_INQUIRY,False,,PROCEED
CASE_000982,@AppleSupport I need to downgrade a storage plan for an Apple ID that I don’t use any more. How do I do that without it being complicated? T,ACCOUNT_APPLEID_ICLOUD,GENERAL_DEVICE_INQUIRY,ACCOUNT_APPLEID_ICLOUD,True,"ACCOUNT_APPLEID_ICLOUD, HOW_TO_SETTINGS_CONFIGURATION",ESCALATE_MULTI_ISSUE
CASE_005184,@AppleSupport ya’ll need to have this software figured out these glitches are about to have this iPhone thrown out the window!,GENERAL_DEVICE_INQUIRY,KEYBOARD_TYPING_AUTOCORRECT,GENERAL_DEVICE_INQUIRY,False,,PROCEED
CASE_003900,"@116333 @115858 why is the iPhone changing the capital letter i to this I️? Sincerely, Angry iPhone Users @AppleSupport Thank you...but is A",KEYBOARD_TYPING_AUTOCORRECT,KEYBOARD_TYPING_AUTOCORRECT,KEYBOARD_TYPING_AUTOCORRECT,False,KEYBOARD_TYPING_AUTOCORRECT,PROCEED
CASE_007164,@AppleSupport #iPhoneX new. Have experienced intermittent situations where swiping stops working except swapping between apps. If in 3rd par,DISPLAY_TOUCH_SCREEN,OS_UPDATE_SYSTEM_PERFORMANCE,DISPLAY_TOUCH_SCREEN,True,"DISPLAY_TOUCH_SCREEN, APP_STORE_PURCHASES_BILLING, APP_CRASH_AND_DOWNLOAD",ESCALATE_MULTI_ISSUE
CASE_004914,@AppleSupport I’ve spent 3+hrs on the phone with you AND citizensone yet no acknowledgement you screwed up &amp; no assistance to rectify it,GENERAL_DEVICE_INQUIRY,CONNECTIVITY_WIFI_BLUETOOTH,CONNECTIVITY_WIFI_BLUETOOTH,False,,PROCEED
CASE_007075,"Okay @115858 My 6+ is almost unusable due to bugs, and I'm not about to commit to a buggy X or 8, with this crap.  I'm about to leave you be",GENERAL_DEVICE_INQUIRY,GENERAL_DEVICE_INQUIRY,GENERAL_DEVICE_INQUIRY,False,,PROCEED
CASE_006170,"@AppleSupport Hi, i got an iphone 6, it worked perfectly for 3 years, but since the new IOS 11 i have so many bugs, my phone don't charge co",BATTERY_CHARGING_POWER,BATTERY_CHARGING_POWER,BATTERY_CHARGING_POWER,False,BATTERY_CHARGING_POWER,PROCEED
CASE_002627,@115858 @AppleSupport I downloaded 11.0.3 and ever since then my camera defaults to Live Photo’s now and I hate it! Please correct it! @Appl,DISPLAY_TOUCH_SCREEN,DISPLAY_TOUCH_SCREEN,OS_UPDATE_SYSTEM_PERFORMANCE,False,,PROCEED
CASE_000974,my phone has so kindly decided to crash i currently have to use my laptop for all until i restore it to factory settings. I am pissed off no,CONNECTIVITY_WIFI_BLUETOOTH,APP_CRASH_AND_DOWNLOAD,APP_CRASH_AND_DOWNLOAD,True,"CONNECTIVITY_WIFI_BLUETOOTH, APP_STORE_PURCHASES_BILLING, APP_CRASH_AND_DOWNLOAD, HOW_TO_SETTINGS_CONFIGURATION",ESCALATE_MULTI_ISSUE
CASE_006503,I️ I️ I️ I️ I️ I️ I️ I️ I️ I️ I️ I️ I️ I️ I️ I️ I️ I️ I️ I️ fix this shit @AppleSupport I️ I️ I️ I️ I️ I️ I️ I️ I️ I️ I️ I️ I️ I️ I️ I️ I️ I,GENERAL_DEVICE_INQUIRY,GENERAL_DEVICE_INQUIRY,GENERAL_DEVICE_INQUIRY,False,,PROCEED
CASE_000152,@115858 you need to get your act right! #SMH https://t.co/vzBOeEagXk @115858 @AppleSupport any chance that you can look into this? @AppleSup,GENERAL_DEVICE_INQUIRY,GENERAL_DEVICE_INQUIRY,GENERAL_DEVICE_INQUIRY,False,,PROCEED
CASE_005071,@AppleSupport hi i’m trying to to sign in with my apple id but it’s saying that it can’t connect to the server help me out @AppleSupport i f,ACCOUNT_APPLEID_ICLOUD,ACCOUNT_APPLEID_ICLOUD,ACCOUNT_APPLEID_ICLOUD,False,ACCOUNT_APPLEID_ICLOUD,PROCEED
CASE_005957,.@AppleSupport how do I change the name of my phone to my name rather than the name that @115858 have given it? TIA #iPhone8Plus @AppleSuppo,HOW_TO_SETTINGS_CONFIGURATION,HOW_TO_SETTINGS_CONFIGURATION,HOW_TO_SETTINGS_CONFIGURATION,False,HOW_TO_SETTINGS_CONFIGURATION,PROCEED
CASE_001406,@AppleSupport Can you help with this invite? It came up as if the phone was ringing and is now on every single day in my calendar https://t.,GENERAL_DEVICE_INQUIRY,HOW_TO_SETTINGS_CONFIGURATION,HOW_TO_SETTINGS_CONFIGURATION,False,,PROCEED
CASE_000323,@AppleSupport hi just had this text message I presume this is not from apple ? https://t.co/uFte3G858Q @AppleSupport Thank you,GENERAL_DEVICE_INQUIRY,ACCOUNT_APPLEID_ICLOUD,GENERAL_DEVICE_INQUIRY,False,,PROCEED
CASE_005567,@156470 I recently got an iphone 8+ and touch id doesn’t work. Are you having this problem? @115858 FIX THIS! @AppleSupport When I am chargi,BATTERY_CHARGING_POWER,DISPLAY_TOUCH_SCREEN,DISPLAY_TOUCH_SCREEN,False,DISPLAY_TOUCH_SCREEN,PROCEED
CASE_004084,@AppleSupport how come whenever I type “I” it appears as I️?? https://t.co/MchhrZaAtk @AppleSupport The symbols don’t appear anymore! Thank ,GENERAL_DEVICE_INQUIRY,GENERAL_DEVICE_INQUIRY,GENERAL_DEVICE_INQUIRY,False,,PROCEED
CASE_006055,I need to reconsider who I️ follow on here. My timeline was full of assholes and pussy. @671055 I️ blame this on you. @671055 Fucking @11585,OS_UPDATE_SYSTEM_PERFORMANCE,GENERAL_DEVICE_INQUIRY,GENERAL_DEVICE_INQUIRY,False,,PROCEED
CASE_002064,@AppleSupport I 100% bought “When Breath Becomes Air” but now can’t find it on any device or in my purchase history. What gives??? #help @Ap,APP_STORE_PURCHASES_BILLING,APP_STORE_PURCHASES_BILLING,APP_STORE_PURCHASES_BILLING,False,,PROCEED
CASE_004176,"I️ I️ I️ I️ I️ I️ I️ I️ 

@AppleSupport , fucking fix this ! @AppleSupport Yo thanks sorry i lost my chill, i fixed it",GENERAL_DEVICE_INQUIRY,GENERAL_DEVICE_INQUIRY,GENERAL_DEVICE_INQUIRY,False,,PROCEED
CASE_002698,@AppleSupport how often am I gonna use I.T over it? Please fix this to stop this useless autocorrection @AppleSupport 11.0.2 iPhone 7 Plus @,GENERAL_DEVICE_INQUIRY,GENERAL_DEVICE_INQUIRY,GENERAL_DEVICE_INQUIRY,False,,PROCEED
CASE_006333,@AppleSupport run this up to your developers on the iPhone X if the phone freezes after but dialing someone at 1AM just eject the SIM car. C,GENERAL_DEVICE_INQUIRY,GENERAL_DEVICE_INQUIRY,GENERAL_DEVICE_INQUIRY,False,,PROCEED
CASE_005326,@AppleSupport Face ID doesn’t recognize me when wearing my ray ban wayfarer (non polarized lenses) is there anything I can do for that? @App,DISPLAY_TOUCH_SCREEN,DISPLAY_TOUCH_SCREEN,DISPLAY_TOUCH_SCREEN,False,DISPLAY_TOUCH_SCREEN,PROCEED
CASE_007223,"Hey @AppleSupport, my #iphone volume is off, mute button muted, do not disturb on, so why make a loud ping &amp; vibrate when i make a purch",AUDIO_SOUND_SPEAKER,KEYBOARD_TYPING_AUTOCORRECT,AUDIO_SOUND_SPEAKER,False,AUDIO_SOUND_SPEAKER,PROCEED
CASE_003534,@AppleSupport I'm trying to sync the music from iTunes onto my iPod and every time it's almost done it cancels the sync?? @AppleSupport I've,APP_STORE_PURCHASES_BILLING,CONNECTIVITY_WIFI_BLUETOOTH,APP_STORE_PURCHASES_BILLING,False,APP_STORE_PURCHASES_BILLING,PROCEED
CASE_003499,Yo why is my iPhone doing this I️? @AppleSupport @AppleSupport @473145 Same! Help! @299851 @AppleSupport They sent me the information and it,GENERAL_DEVICE_INQUIRY,GENERAL_DEVICE_INQUIRY,GENERAL_DEVICE_INQUIRY,False,,PROCEED
CASE_006488,My phone is tripping @AppleSupport https://t.co/lTUMCbKcDn @AppleSupport It eventually went back after I left the message and went back to i,GENERAL_DEVICE_INQUIRY,OS_UPDATE_SYSTEM_PERFORMANCE,OS_UPDATE_SYSTEM_PERFORMANCE,False,,PROCEED
CASE_003605,No puedo actualizar mi iPhone aunque ya descargue la actualización @AppleSupport https://t.co/mEV4guDAjz @AppleSupport I have already downlo,OS_UPDATE_SYSTEM_PERFORMANCE,OS_UPDATE_SYSTEM_PERFORMANCE,OS_UPDATE_SYSTEM_PERFORMANCE,False,,PROCEED
CASE_005998,"Texts not working, phone telling me I don’t have FaceTime set up, call log keeps disappearing. If y’all are going to do all of this, you nee",GENERAL_DEVICE_INQUIRY,OS_UPDATE_SYSTEM_PERFORMANCE,OS_UPDATE_SYSTEM_PERFORMANCE,False,,PROCEED
CASE_005246,macOS High Sierra could not be installed on your computer. OSInstall.mpkg appears to be missing or damaged. Excellent @AppleSupport and now ,DISPLAY_TOUCH_SCREEN,GENERAL_DEVICE_INQUIRY,DISPLAY_TOUCH_SCREEN,False,DISPLAY_TOUCH_SCREEN,PROCEED
CASE_003812,"@AppleSupport #iOS11
So I have the 5s and I updated my phone but I can’t see the new emojis when people text me. Why?",OS_UPDATE_SYSTEM_PERFORMANCE,GENERAL_DEVICE_INQUIRY,GENERAL_DEVICE_INQUIRY,False,,PROCEED
CASE_003134,"@AppleSupport just entered in a calendar date but by doing so it has deleted my whole years calendars dates, how can I retrieve these? @Appl",HOW_TO_SETTINGS_CONFIGURATION,ACCOUNT_APPLEID_ICLOUD,ACCOUNT_APPLEID_ICLOUD,False,HOW_TO_SETTINGS_CONFIGURATION,PROCEED
CASE_004753,@AppleSupport I have a spinning wheel running nonstop since upgrading to ios11. Apps are closed and I shut off all background app refresh?! ,APP_CRASH_AND_DOWNLOAD,BATTERY_CHARGING_POWER,BATTERY_CHARGING_POWER,False,,PROCEED
CASE_000034,@AppleSupport I decided to download IOS 11. Now I can’t download anything from the App Store. Is this problem being fixed soon? I’ve tried a,CONNECTIVITY_WIFI_BLUETOOTH,APP_STORE_PURCHASES_BILLING,APP_STORE_PURCHASES_BILLING,True,"CONNECTIVITY_WIFI_BLUETOOTH, APP_STORE_PURCHASES_BILLING",ESCALATE_MULTI_ISSUE
CASE_004303,anyone elses iPhone 8+/iOS 11 randomly restarting your phone kinda frequently?? @AppleSupport @115858 @AppleSupport just iOS 11 I believe. a,OS_UPDATE_SYSTEM_PERFORMANCE,OS_UPDATE_SYSTEM_PERFORMANCE,OS_UPDATE_SYSTEM_PERFORMANCE,False,,PROCEED
CASE_004692,@AppleSupport please bring support for #Gmail aliases to the #iOS #Mail app! Exists in #MacOS already... @AppleSupport Thanks guys! 👍😊,GENERAL_DEVICE_INQUIRY,GENERAL_DEVICE_INQUIRY,GENERAL_DEVICE_INQUIRY,False,,PROCEED
CASE_003141,Dear @AppleSupport @115858 hmmm are you gonna fix the AppStore or what? #AppStore #Apple 🤷‍♀️ @AppleSupport Thank you. When I open the AppSt,DISPLAY_TOUCH_SCREEN,APP_STORE_PURCHASES_BILLING,APP_STORE_PURCHASES_BILLING,False,DISPLAY_TOUCH_SCREEN,PROCEED
CASE_000486,"@AppleSupport Hello
I have a question whether the intermittent charging is better for the battery better than the full charge",BATTERY_CHARGING_POWER,BATTERY_CHARGING_POWER,BATTERY_CHARGING_POWER,False,BATTERY_CHARGING_POWER,PROCEED
CASE_002597,Why is my Bluetooth always turning on ???? I’m fed up @AppleSupport @AppleSupport 11.0 @AppleSupport An iPhone 6s,CONNECTIVITY_WIFI_BLUETOOTH,CONNECTIVITY_WIFI_BLUETOOTH,CONNECTIVITY_WIFI_BLUETOOTH,False,CONNECTIVITY_WIFI_BLUETOOTH,PROCEED
CASE_004918,"iPhone 8
Great speed, perfect touch sensitivity and better look but poor battery @AppleSupport",BATTERY_CHARGING_POWER,BATTERY_CHARGING_POWER,BATTERY_CHARGING_POWER,False,BATTERY_CHARGING_POWER,PROCEED
CASE_005065,"@AppleSupport Ever since upgrading to iOS11, iPhone 6 keeps changing screen brightness erratically all the time. Won’t stay set. Annoying. @",DISPLAY_TOUCH_SCREEN,DISPLAY_TOUCH_SCREEN,DISPLAY_TOUCH_SCREEN,False,DISPLAY_TOUCH_SCREEN,PROCEED
CASE_003493,@AppleSupport  Watch on os4 does not change time to reflect local time zone after coming off airplane mode. Phone adjusts. They do connect. ,CONNECTIVITY_WIFI_BLUETOOTH,OS_UPDATE_SYSTEM_PERFORMANCE,OS_UPDATE_SYSTEM_PERFORMANCE,False,,PROCEED
CASE_002997,"@116333  system say my membership already expired , but I am sure my membership is still alive , I can’t listen to any music right now😭 http",ACCOUNT_APPLEID_ICLOUD,APP_STORE_PURCHASES_BILLING,APP_STORE_PURCHASES_BILLING,False,,PROCEED
CASE_005734,"So many bugs with my iPhoneX: Photos, iCloud, hours with @AppleSupport. Blech. @AppleSupport Thanks! I’ve been in touch with a few senior ad",ACCOUNT_APPLEID_ICLOUD,GENERAL_DEVICE_INQUIRY,DISPLAY_TOUCH_SCREEN,False,ACCOUNT_APPLEID_ICLOUD,PROCEED
CASE_001123,@115858 what’s going on with 11.1.2 and the grey spinning wheel! #brokeniphone @AppleSupport iPhone X. iOS 11.1.2. It goes to a black screen,DISPLAY_TOUCH_SCREEN,BATTERY_CHARGING_POWER,APP_CRASH_AND_DOWNLOAD,True,"DISPLAY_TOUCH_SCREEN, APP_CRASH_AND_DOWNLOAD",ESCALATE_MULTI_ISSUE
CASE_000738,"@AppleSupport #ios11 disconects all the time from bluetooth devices, is the phone not the devices, please solve it @AppleSupport hi thanks, ",CONNECTIVITY_WIFI_BLUETOOTH,CONNECTIVITY_WIFI_BLUETOOTH,CONNECTIVITY_WIFI_BLUETOOTH,False,CONNECTIVITY_WIFI_BLUETOOTH,PROCEED
CASE_007506,@AppleSupport are there reported issues with iPhone X and Bluetooth ? iOS 11.1.2 (15B202) keeps dropping BT connection to Parrot 3200 car ki,AUDIO_SOUND_SPEAKER,AUDIO_SOUND_SPEAKER,AUDIO_SOUND_SPEAKER,True,"CONNECTIVITY_WIFI_BLUETOOTH, AUDIO_SOUND_SPEAKER",ESCALATE_MULTI_ISSUE
CASE_006558,"@AppleSupport auto brightness is m.i.a., how do I find it? https://t.co/SiI0hQG5bv",DISPLAY_TOUCH_SCREEN,DISPLAY_TOUCH_SCREEN,DISPLAY_TOUCH_SCREEN,True,"DISPLAY_TOUCH_SCREEN, HOW_TO_SETTINGS_CONFIGURATION",ESCALATE_MULTI_ISSUE
CASE_005794,As much as I love @115858 . I fucking hate #iTunes. It literally ruined my day and almost gave me a heart attack today. @AppleSupport I acci,APP_STORE_PURCHASES_BILLING,HOW_TO_SETTINGS_CONFIGURATION,HOW_TO_SETTINGS_CONFIGURATION,True,"APP_STORE_PURCHASES_BILLING, HOW_TO_SETTINGS_CONFIGURATION",ESCALATE_MULTI_ISSUE
CASE_005669,These boxes are so annoying @115858 fix it! @AppleSupport Thanks you!,GENERAL_DEVICE_INQUIRY,GENERAL_DEVICE_INQUIRY,GENERAL_DEVICE_INQUIRY,False,,PROCEED
CASE_007547,"i️ i️ i️ i️ i️ i️ i️ i️ i️ i️ i️ i️ i️ i️ i️ i️ i️ i️ i️ i️ i️ i️ i️ i️ i️ i️ i️ i️ i️ i️ i️ i️ i️ i️ i️ i️ i️ i️ i️ 

i️ wanna say a big FU",GENERAL_DEVICE_INQUIRY,GENERAL_DEVICE_INQUIRY,GENERAL_DEVICE_INQUIRY,False,,PROCEED
CASE_004477,"Μετά το update στο #ios11, δεν έχω κινητό. Σταθερό έχω! @115858 please fix the battery issue! Thank you! @AppleSupport Thank you for replyin",BATTERY_CHARGING_POWER,BATTERY_CHARGING_POWER,BATTERY_CHARGING_POWER,False,BATTERY_CHARGING_POWER,PROCEED
CASE_007640,@AppleSupport What’s the best way to care for my new iPhone’s battery? Is it best to leave it on charge when I’m at work and all night or sh,BATTERY_CHARGING_POWER,BATTERY_CHARGING_POWER,BATTERY_CHARGING_POWER,False,BATTERY_CHARGING_POWER,PROCEED
CASE_005512,"But seriously, how long does it take to shoot out an update to fix this mother flipping glitch, @115858?!",OS_UPDATE_SYSTEM_PERFORMANCE,OS_UPDATE_SYSTEM_PERFORMANCE,OS_UPDATE_SYSTEM_PERFORMANCE,False,,PROCEED
CASE_007674,"@AppleSupport the iOS stock app has been glitching for months now, When turned to landscape it.",GENERAL_DEVICE_INQUIRY,OS_UPDATE_SYSTEM_PERFORMANCE,OS_UPDATE_SYSTEM_PERFORMANCE,False,,PROCEED
CASE_001467,@AppleSupport @115948 my Apple Music keeps crashing and won’t let me play any music @AppleSupport IOS 11.1. It started this morning but I de,APP_STORE_PURCHASES_BILLING,APP_STORE_PURCHASES_BILLING,APP_STORE_PURCHASES_BILLING,True,"APP_STORE_PURCHASES_BILLING, APP_CRASH_AND_DOWNLOAD",ESCALATE_MULTI_ISSUE
CASE_005082,@AppleSupport attempting to verify for 11.1 update on a 6+S - several attempts tell me I am not connected to the internet. Yet I am? @AppleS,OS_UPDATE_SYSTEM_PERFORMANCE,CONNECTIVITY_WIFI_BLUETOOTH,OS_UPDATE_SYSTEM_PERFORMANCE,False,,PROCEED
CASE_007706,@AppleSupport pls inform how to stop auto-brightness. No option coming in Display &amp; Brightness https://t.co/XNZXGLiOxn,DISPLAY_TOUCH_SCREEN,DISPLAY_TOUCH_SCREEN,DISPLAY_TOUCH_SCREEN,True,"DISPLAY_TOUCH_SCREEN, HOW_TO_SETTINGS_CONFIGURATION",ESCALATE_MULTI_ISSUE
CASE_001238,@AppleSupport my phone is restarting every few seconds ios 11.1.2 iphone 7,OS_UPDATE_SYSTEM_PERFORMANCE,HOW_TO_SETTINGS_CONFIGURATION,OS_UPDATE_SYSTEM_PERFORMANCE,False,,PROCEED
CASE_003799,"WHY is my iphone and ipad autocorrecting ""I"" to ""A [?]""
?!?!!?!?!?!?!?!?!
@AppleSupport #iPhone #iPad #autocorrectfail @AppleSupport thanks.",GENERAL_DEVICE_INQUIRY,KEYBOARD_TYPING_AUTOCORRECT,GENERAL_DEVICE_INQUIRY,False,,PROCEED
CASE_006481,@AppleSupport Can we make our Safari Favorites page our home page?  Seems natural that someone might want that. Thanks. @AppleSupport Thanks,GENERAL_DEVICE_INQUIRY,OS_UPDATE_SYSTEM_PERFORMANCE,GENERAL_DEVICE_INQUIRY,False,,PROCEED
CASE_004190,"Apple, I️ need you to stop fucking things up. @AppleSupport can you explain this. Thanks.",GENERAL_DEVICE_INQUIRY,GENERAL_DEVICE_INQUIRY,GENERAL_DEVICE_INQUIRY,False,,PROCEED
CASE_000759,Some please tell me what the duck this means @AppleSupport @115948 https://t.co/sZrCFvTBdv @AppleSupport I fixed it,GENERAL_DEVICE_INQUIRY,GENERAL_DEVICE_INQUIRY,GENERAL_DEVICE_INQUIRY,False,,PROCEED
CASE_004216,@115858 updated to iOS11.1. WiFi keeps turning on itself although I turned it off in control center. In fact it is On in settings. @AppleSup,CONNECTIVITY_WIFI_BLUETOOTH,CONNECTIVITY_WIFI_BLUETOOTH,CONNECTIVITY_WIFI_BLUETOOTH,True,"CONNECTIVITY_WIFI_BLUETOOTH, HOW_TO_SETTINGS_CONFIGURATION",ESCALATE_MULTI_ISSUE
CASE_000422,@AppleSupport VM is full and can't delete them help please. @AppleSupport iOS 10.3.3. When I delete them they come right back @AppleSupport ,OS_UPDATE_SYSTEM_PERFORMANCE,ACCOUNT_APPLEID_ICLOUD,ACCOUNT_APPLEID_ICLOUD,False,,PROCEED
CASE_004583,hi @AppleSupport @115858 whenever i️ type and “i️” it changes fix it please thanks xoxoxo @AppleSupport thanks! it happening with everyone’s,GENERAL_DEVICE_INQUIRY,KEYBOARD_TYPING_AUTOCORRECT,KEYBOARD_TYPING_AUTOCORRECT,False,,PROCEED
CASE_001151,"#iPhoneX resprings every 20 seconds showing a black screen with a turning gear, no solution at @AppleSupport so far.. #help #crash #gettingc",DISPLAY_TOUCH_SCREEN,DISPLAY_TOUCH_SCREEN,APP_CRASH_AND_DOWNLOAD,True,"DISPLAY_TOUCH_SCREEN, APP_CRASH_AND_DOWNLOAD",ESCALATE_MULTI_ISSUE
CASE_002389,What the hell @115858. I have no app search ability with this new update. Finding apps on my iPad is so hard now. Please bring back my app s,OS_UPDATE_SYSTEM_PERFORMANCE,OS_UPDATE_SYSTEM_PERFORMANCE,OS_UPDATE_SYSTEM_PERFORMANCE,False,,PROCEED
CASE_004623,Excuse me @115858 can you fix the ? In boxes.. @AppleSupport How about you just put a new update to fix it 🤔,OS_UPDATE_SYSTEM_PERFORMANCE,OS_UPDATE_SYSTEM_PERFORMANCE,OS_UPDATE_SYSTEM_PERFORMANCE,False,,PROCEED
CASE_005203,help @AppleSupport https://t.co/hN5Pfvb4bl @AppleSupport i soft reset my phone and it is working now,OS_UPDATE_SYSTEM_PERFORMANCE,GENERAL_DEVICE_INQUIRY,GENERAL_DEVICE_INQUIRY,False,,PROCEED
CASE_003507,@AppleSupport i have the iPad Air 1 in my movies section i have some movies showing up in 4k can i still watch them on my iPad Air 1? @Apple,APP_STORE_PURCHASES_BILLING,APP_STORE_PURCHASES_BILLING,APP_STORE_PURCHASES_BILLING,False,APP_STORE_PURCHASES_BILLING,PROCEED
CASE_004921,@1313 hello do you support any more @115858 watch? Because crashing all time and is slow!! @579587 @1313 @115858 I’ve been asking the same q,APP_CRASH_AND_DOWNLOAD,APP_CRASH_AND_DOWNLOAD,APP_CRASH_AND_DOWNLOAD,False,APP_CRASH_AND_DOWNLOAD,PROCEED
CASE_004810,@AppleSupport can import audio from Memos to a Photos moments movie ? @AppleSupport Thanks,AUDIO_SOUND_SPEAKER,OS_UPDATE_SYSTEM_PERFORMANCE,AUDIO_SOUND_SPEAKER,False,AUDIO_SOUND_SPEAKER,PROCEED
CASE_004570,ok hello @115858 y’all are one of the biggest tech companies in the world it shouldn’t be that hard to roll out a fix for this i️ glitch thx,OS_UPDATE_SYSTEM_PERFORMANCE,OS_UPDATE_SYSTEM_PERFORMANCE,OS_UPDATE_SYSTEM_PERFORMANCE,False,,PROCEED
CASE_006619,"@AppleSupport, my wife had to end a call in about 20 mins because her #iPhone7Plus got very hot. Of course, the battery had drained at a rap",BATTERY_CHARGING_POWER,BATTERY_CHARGING_POWER,BATTERY_CHARGING_POWER,False,BATTERY_CHARGING_POWER,PROCEED
CASE_006291,"Why when i type i it changes to I️ please help @115858 @AppleSupport How is that going to help though? @AppleSupport Oh
Thanks then",GENERAL_DEVICE_INQUIRY,GENERAL_DEVICE_INQUIRY,KEYBOARD_TYPING_AUTOCORRECT,False,,PROCEED
CASE_002283,"@AppleSupport Just updated to IOS11.3 and my Apple Music library has gone 😐 @AppleSupport Thanks for the reply, they’ve all come back now!",APP_STORE_PURCHASES_BILLING,APP_STORE_PURCHASES_BILLING,APP_STORE_PURCHASES_BILLING,False,APP_STORE_PURCHASES_BILLING,PROCEED
CASE_007160,Why is it so hard to watch movies that I download from the Apple store? I’ve paid for it and yet phone can never seem to download it. Now it,DISPLAY_TOUCH_SCREEN,APP_STORE_PURCHASES_BILLING,DISPLAY_TOUCH_SCREEN,False,DISPLAY_TOUCH_SCREEN,PROCEED
CASE_003484,"Hmmm. I've updated to iOS 11.1 but my emojis haven't updated. Any bright sparks know why? @AppleSupport? @AppleSupport It's OK, I fixed it! ",KEYBOARD_TYPING_AUTOCORRECT,GENERAL_DEVICE_INQUIRY,KEYBOARD_TYPING_AUTOCORRECT,False,KEYBOARD_TYPING_AUTOCORRECT,PROCEED
CASE_003114,@AppleSupport How do I update my shipping address for my iPhone X order? @AppleSupport Gee thanks. I was already on the phone with them for ,AUDIO_SOUND_SPEAKER,CONNECTIVITY_WIFI_BLUETOOTH,GENERAL_DEVICE_INQUIRY,True,"AUDIO_SOUND_SPEAKER, HOW_TO_SETTINGS_CONFIGURATION",ESCALATE_MULTI_ISSUE
CASE_004396,Yo?? What happened to the “Call Forwarding” option? It disappeared ??@115990 @115725 @AppleSupport,GENERAL_DEVICE_INQUIRY,GENERAL_DEVICE_INQUIRY,GENERAL_DEVICE_INQUIRY,False,,PROCEED
CASE_001436,Okay @115858 I get that the new IPhone X is out now but my 6s should not be glitching this fucking bad. It took me 3 times to open up twitte,GENERAL_DEVICE_INQUIRY,KEYBOARD_TYPING_AUTOCORRECT,GENERAL_DEVICE_INQUIRY,False,,PROCEED
CASE_004046,@115858 @AppleSupport Why is it taking 6 months for you to unlock an iPhone 7 that I have PROVEN to you that I own? @AppleSupport Really? Ca,ACCOUNT_APPLEID_ICLOUD,ACCOUNT_APPLEID_ICLOUD,GENERAL_DEVICE_INQUIRY,False,,PROCEED
CASE_003427,@AppleSupport i'm trying to play audio on my phone but it says headphones and there are no headphones in the jack and bluetooth is off,AUDIO_SOUND_SPEAKER,AUDIO_SOUND_SPEAKER,AUDIO_SOUND_SPEAKER,True,"CONNECTIVITY_WIFI_BLUETOOTH, AUDIO_SOUND_SPEAKER",ESCALATE_MULTI_ISSUE
CASE_007817,Super disappointed how I backed up my phone and photos on iCloud and somehow didn’t get my photos on my new replacement @115858 @AppleSuppor,ACCOUNT_APPLEID_ICLOUD,ACCOUNT_APPLEID_ICLOUD,ACCOUNT_APPLEID_ICLOUD,False,ACCOUNT_APPLEID_ICLOUD,PROCEED
CASE_001618,@AppleSupport I have found a display bug in iOS 11 where the portrait orientation lock doesn’t always work when its enabled. Where would I r,DISPLAY_TOUCH_SCREEN,DISPLAY_TOUCH_SCREEN,DISPLAY_TOUCH_SCREEN,True,"DISPLAY_TOUCH_SCREEN, HOW_TO_SETTINGS_CONFIGURATION",ESCALATE_MULTI_ISSUE
CASE_005476,.@AppleSupport-consecutive updates have affected screen display. Device opens in horizontal mode. Flips to vertical when opening apps. 😡 @Ap,DISPLAY_TOUCH_SCREEN,OS_UPDATE_SYSTEM_PERFORMANCE,DISPLAY_TOUCH_SCREEN,False,DISPLAY_TOUCH_SCREEN,PROCEED
CASE_002166,"@AppleSupport I have a problem with a print product I ordered through Photos for Mac OS, what’s the best point of contact? @AppleSupport I’m",GENERAL_DEVICE_INQUIRY,OS_UPDATE_SYSTEM_PERFORMANCE,OS_UPDATE_SYSTEM_PERFORMANCE,False,,PROCEED
CASE_004054,".@AppleSupport I️ made a joke tweet about this annoying “I️” glitch like a week ago, but now I’m f’real. When are you fixing it? @AppleSuppo",OS_UPDATE_SYSTEM_PERFORMANCE,OS_UPDATE_SYSTEM_PERFORMANCE,OS_UPDATE_SYSTEM_PERFORMANCE,False,,PROCEED
CASE_004887,@115858 iOS 11.0.3 update is terrible. Phone battery not lasting plus phone spontaneously mutes itself! Any help please?!?,BATTERY_CHARGING_POWER,AUDIO_SOUND_SPEAKER,BATTERY_CHARGING_POWER,False,BATTERY_CHARGING_POWER,PROCEED
CASE_003347,"Oh here we go again, @AppleSupport, 1GB+ of iOS update being pushed to my phone over and over, forcing manual deletion. Same for 11 as 10. @",OS_UPDATE_SYSTEM_PERFORMANCE,APP_STORE_PURCHASES_BILLING,OS_UPDATE_SYSTEM_PERFORMANCE,False,HOW_TO_SETTINGS_CONFIGURATION,PROCEED
CASE_002047,"@AppleSupport I have an i7+ and os11 is the buggiest software ever!  Jurkey, battery sucking, mess!  Stop move to  palace and kill bugs. @Ap",BATTERY_CHARGING_POWER,KEYBOARD_TYPING_AUTOCORRECT,GENERAL_DEVICE_INQUIRY,False,BATTERY_CHARGING_POWER,PROCEED
CASE_000894,"@AppleSupport Any idea why my iPhone 6 is showing my caller id even though I have that switched off? Since ios11. Use it for Work , 😞",OS_UPDATE_SYSTEM_PERFORMANCE,OS_UPDATE_SYSTEM_PERFORMANCE,OS_UPDATE_SYSTEM_PERFORMANCE,False,,PROCEED
CASE_004939,@AppleSupport i think the bug with music is still occuring. using spotify but it doesn’t appear on the lock screen or scroll up bar https://,DISPLAY_TOUCH_SCREEN,DISPLAY_TOUCH_SCREEN,APP_STORE_PURCHASES_BILLING,True,"DISPLAY_TOUCH_SCREEN, APP_STORE_PURCHASES_BILLING",ESCALATE_MULTI_ISSUE
CASE_000368,@AppleSupport need a quick update from 11.0.1 IOS to a better future. This version sucks battery like the greatest fellatio. Please update! ,BATTERY_CHARGING_POWER,BATTERY_CHARGING_POWER,BATTERY_CHARGING_POWER,True,"BATTERY_CHARGING_POWER, HOW_TO_SETTINGS_CONFIGURATION",ESCALATE_MULTI_ISSUE
CASE_004520,👁’m gonna use 👁 when 👁 got tweet some shit that start with 👁 til @115858 get they shit together,GENERAL_DEVICE_INQUIRY,KEYBOARD_TYPING_AUTOCORRECT,KEYBOARD_TYPING_AUTOCORRECT,False,,PROCEED
CASE_003688,@115858 fix ur shit i’m tired of typing i️ and boxes coming up @AppleSupport i️ have done that but in some apps it will show the boxes even ,KEYBOARD_TYPING_AUTOCORRECT,KEYBOARD_TYPING_AUTOCORRECT,KEYBOARD_TYPING_AUTOCORRECT,False,KEYBOARD_TYPING_AUTOCORRECT,PROCEED
CASE_007130,@AppleSupport bug report Apple Music not showing on lock screen. 11.0.3 6S+. Tried multiple outputs and hard reset. https://t.co/i7zO8EShFM ,DISPLAY_TOUCH_SCREEN,DISPLAY_TOUCH_SCREEN,DISPLAY_TOUCH_SCREEN,True,"DISPLAY_TOUCH_SCREEN, APP_STORE_PURCHASES_BILLING",ESCALATE_MULTI_ISSUE
CASE_006902,Plus This Is My 3rd iPhone In 3 Months I’m Seriously Fed Up With @115858 x @AppleSupport @AppleSupport MY PHONE WONT CHARGE. IT FREEZES. GLI,CONNECTIVITY_WIFI_BLUETOOTH,GENERAL_DEVICE_INQUIRY,BATTERY_CHARGING_POWER,True,"BATTERY_CHARGING_POWER, CONNECTIVITY_WIFI_BLUETOOTH",ESCALATE_MULTI_ISSUE
CASE_005061,"Dear @115858: Fix this damn problem with the letter ‘I’ on my phone. Now! @AppleSupport Done. Thank you. This is still rather frustrating, t",GENERAL_DEVICE_INQUIRY,GENERAL_DEVICE_INQUIRY,GENERAL_DEVICE_INQUIRY,False,,PROCEED
CASE_004135,@AppleSupport everytime I️ type an “I️” it corrects it to this and I️ can’t stop it?? https://t.co/vrW7TTBcwx @AppleSupport thank you!,GENERAL_DEVICE_INQUIRY,HOW_TO_SETTINGS_CONFIGURATION,KEYBOARD_TYPING_AUTOCORRECT,False,,PROCEED
CASE_003232,@AppleSupport how I can force iCloud sync on Photos on macOS? 'Last Updated 30 min ago' yet there are photos in iCloud but not on my mac. @A,ACCOUNT_APPLEID_ICLOUD,ACCOUNT_APPLEID_ICLOUD,ACCOUNT_APPLEID_ICLOUD,False,ACCOUNT_APPLEID_ICLOUD,PROCEED
CASE_005442,Come on Apple get it together.  #iphoneproblems @AppleSupport https://t.co/psr5h5XzKO,GENERAL_DEVICE_INQUIRY,GENERAL_DEVICE_INQUIRY,GENERAL_DEVICE_INQUIRY,False,,PROCEED
CASE_002091,"@AppleSupport just me or is Display Calibrator Assistant broken in 10.13, skips past ""Set Up"" stage so you can only alter the white point? @",DISPLAY_TOUCH_SCREEN,GENERAL_DEVICE_INQUIRY,DISPLAY_TOUCH_SCREEN,False,DISPLAY_TOUCH_SCREEN,PROCEED
CASE_003186,Dear @AppleSupport is it possible to have Shared catalogue in iCloud Drive when family plan is active? Like Family album in Photos app? @App,ACCOUNT_APPLEID_ICLOUD,ACCOUNT_APPLEID_ICLOUD,ACCOUNT_APPLEID_ICLOUD,False,ACCOUNT_APPLEID_ICLOUD,PROCEED
CASE_005764,Am I️ the only idiot that didn’t know the iCloud app won’t work if you update your iOS and don’t have the new phone? @115858 🤔 @AppleSupport,ACCOUNT_APPLEID_ICLOUD,DISPLAY_TOUCH_SCREEN,ACCOUNT_APPLEID_ICLOUD,False,ACCOUNT_APPLEID_ICLOUD,PROCEED
CASE_000370,@115858 Videos in my photos are not playing ..I am using iPhone SE .. please help me playing my videos ! Thanks.,GENERAL_DEVICE_INQUIRY,OS_UPDATE_SYSTEM_PERFORMANCE,GENERAL_DEVICE_INQUIRY,False,,PROCEED
CASE_003967,"@AppleSupport WHY CANT I️ TYPE THE LETTER “I️” WYD ?!,!,!!?!,!, @AppleSupport GOD FUCKING DAMMIT HDJHXHAJS https://t.co/6Frb6EulW6",GENERAL_DEVICE_INQUIRY,KEYBOARD_TYPING_AUTOCORRECT,KEYBOARD_TYPING_AUTOCORRECT,False,,PROCEED
CASE_006227,@115858 😡 damn you - your stupid update wiped out my AppleMusic playlists...frustrated!!,OS_UPDATE_SYSTEM_PERFORMANCE,APP_STORE_PURCHASES_BILLING,APP_STORE_PURCHASES_BILLING,False,,PROCEED
CASE_007629,Yo @AppleSupport y’all can’t get shit right huh? I’m trying to say “it” not I.T,GENERAL_DEVICE_INQUIRY,GENERAL_DEVICE_INQUIRY,GENERAL_DEVICE_INQUIRY,False,,PROCEED
CASE_002348,"Help! @AppleSupport iMovie keeps crashing! On forums I read people face same issues… can’t edit, export, whatever… re-install did not work. ",APP_STORE_PURCHASES_BILLING,APP_CRASH_AND_DOWNLOAD,APP_CRASH_AND_DOWNLOAD,True,"APP_STORE_PURCHASES_BILLING, APP_CRASH_AND_DOWNLOAD",ESCALATE_MULTI_ISSUE
CASE_007419,@AppleSupport my 7+  just blacked out and popped up with an itunes symbol. only way to fix it was to restore it. wassup with that? @AppleSup,DISPLAY_TOUCH_SCREEN,DISPLAY_TOUCH_SCREEN,DISPLAY_TOUCH_SCREEN,True,"DISPLAY_TOUCH_SCREEN, APP_STORE_PURCHASES_BILLING",ESCALATE_MULTI_ISSUE
CASE_003473,@AppleSupport 2/2 My name is there but not the apps I've purchased. We were able to share apps in iOS 10. @AppleSupport Thanks!,GENERAL_DEVICE_INQUIRY,OS_UPDATE_SYSTEM_PERFORMANCE,OS_UPDATE_SYSTEM_PERFORMANCE,False,,PROCEED
CASE_000123,Why can’t I listen to my music in the car since updating #ineedanswers @115858 @AppleSupport It’s says it’s “indexing” and won’t play my mus,APP_STORE_PURCHASES_BILLING,APP_STORE_PURCHASES_BILLING,APP_STORE_PURCHASES_BILLING,False,,PROCEED
CASE_006428,"@AppleSupport good evening, I think my battery is getting low too fast. Can you run a test, please? @AppleSupport Thank you for your quick a",BATTERY_CHARGING_POWER,BATTERY_CHARGING_POWER,BATTERY_CHARGING_POWER,False,BATTERY_CHARGING_POWER,PROCEED
CASE_001015,.@AppleSupport Why isn’t Sierra available in my past purchases like every other OS release? Need to re-image a work machine. Not ready to be,GENERAL_DEVICE_INQUIRY,GENERAL_DEVICE_INQUIRY,GENERAL_DEVICE_INQUIRY,False,,PROCEED
CASE_002162,@AppleSupport y’all updatesbe messing up a sista’s phone 😤😩😫 @AppleSupport I went to the apple store and they fixed the issue,GENERAL_DEVICE_INQUIRY,OS_UPDATE_SYSTEM_PERFORMANCE,OS_UPDATE_SYSTEM_PERFORMANCE,False,,PROCEED
CASE_001701,@AppleSupport Is there a way to prevent my iPhone from downloading the iOS 11 update over and over again? It eats up my bandwidth and storag,CONNECTIVITY_WIFI_BLUETOOTH,CONNECTIVITY_WIFI_BLUETOOTH,CONNECTIVITY_WIFI_BLUETOOTH,False,CONNECTIVITY_WIFI_BLUETOOTH,PROCEED
CASE_007546,Hey @AppleSupport the new version of iTunes has erased all the special ring tones from my iPhone and there's no way to get them back! Please,APP_STORE_PURCHASES_BILLING,HOW_TO_SETTINGS_CONFIGURATION,APP_STORE_PURCHASES_BILLING,False,APP_STORE_PURCHASES_BILLING,PROCEED
CASE_004595,"I️ vote like someone who is concerned that the bands they like to listen to are popular among too large a group. By the way, Twitter, I️ see",GENERAL_DEVICE_INQUIRY,OS_UPDATE_SYSTEM_PERFORMANCE,KEYBOARD_TYPING_AUTOCORRECT,False,,PROCEED
CASE_005421,@AppleSupport Hi! Apparently Numbers will export .csv with commas or semicolons as separators depending on your language settings. Why can’t,HOW_TO_SETTINGS_CONFIGURATION,OS_UPDATE_SYSTEM_PERFORMANCE,OS_UPDATE_SYSTEM_PERFORMANCE,False,HOW_TO_SETTINGS_CONFIGURATION,PROCEED
CASE_002167,"@AppleSupport how to get rid of familyshare setting_it’s upsetting me every time when I try to update any app from my one iPhone, and it ask",ACCOUNT_APPLEID_ICLOUD,APP_STORE_PURCHASES_BILLING,ACCOUNT_APPLEID_ICLOUD,True,"ACCOUNT_APPLEID_ICLOUD, HOW_TO_SETTINGS_CONFIGURATION",ESCALATE_MULTI_ISSUE
CASE_000572,@AppleSupport hi is your Apple TV down ? @AppleSupport Now my contacts have issues thanks for nothing Apple,GENERAL_DEVICE_INQUIRY,GENERAL_DEVICE_INQUIRY,GENERAL_DEVICE_INQUIRY,False,,PROCEED
CASE_003523,@AppleSupport my ios 11.1 won't install and I have no access to a computer. How do I fix it?,OS_UPDATE_SYSTEM_PERFORMANCE,OS_UPDATE_SYSTEM_PERFORMANCE,OS_UPDATE_SYSTEM_PERFORMANCE,False,HOW_TO_SETTINGS_CONFIGURATION,PROCEED
CASE_000047,@115858 need a update for iOS 11 where the WiFi doesn’t turn itself on ALL THE TIME- Tia @AppleSupport I’m turning it off from the control c,CONNECTIVITY_WIFI_BLUETOOTH,CONNECTIVITY_WIFI_BLUETOOTH,CONNECTIVITY_WIFI_BLUETOOTH,False,CONNECTIVITY_WIFI_BLUETOOTH,PROCEED
CASE_005616,@115858 please fix the I️ am issue it’s driving me nuts. @AppleSupport 🙏🏼 thank you!!!,GENERAL_DEVICE_INQUIRY,HOW_TO_SETTINGS_CONFIGURATION,GENERAL_DEVICE_INQUIRY,False,,PROCEED
CASE_007279,@115858 or@Facebook help me please something has happened to my Facebook and tumblr app can't re install them they wouldn't finish updating ,CONNECTIVITY_WIFI_BLUETOOTH,CONNECTIVITY_WIFI_BLUETOOTH,CONNECTIVITY_WIFI_BLUETOOTH,False,,PROCEED
CASE_006201,@AppleSupport the activity feature on my watch has been acting up since daylight savings time ended on nov 5. I️ already tried restarting it,HOW_TO_SETTINGS_CONFIGURATION,GENERAL_DEVICE_INQUIRY,OS_UPDATE_SYSTEM_PERFORMANCE,False,,PROCEED
CASE_003830,@AppleSupport @115948 WHAT THE FUCK is this i️ i️ i️,GENERAL_DEVICE_INQUIRY,GENERAL_DEVICE_INQUIRY,GENERAL_DEVICE_INQUIRY,False,,PROCEED
CASE_004378,Hey @115858 can you please fix this “I️” glitch? I’m looking like an idiot when i text. @AppleSupport Ok thanks I appreciate it,OS_UPDATE_SYSTEM_PERFORMANCE,OS_UPDATE_SYSTEM_PERFORMANCE,GENERAL_DEVICE_INQUIRY,False,,PROCEED
CASE_003872,"Has anyone else’s letter “eye” been correcting to I️ like wtf. @115858 @AppleSupport Oh damn it worked lol thanks @AppleSupport Wait, I @App",GENERAL_DEVICE_INQUIRY,GENERAL_DEVICE_INQUIRY,GENERAL_DEVICE_INQUIRY,False,,PROCEED
CASE_000379,"@AppleSupport My phone came back from Apple service centre and now, I can’t find any of my Apple Music songs or playlist even after log in. ",ACCOUNT_APPLEID_ICLOUD,APP_STORE_PURCHASES_BILLING,APP_STORE_PURCHASES_BILLING,False,APP_STORE_PURCHASES_BILLING,PROCEED
CASE_007098,@AppleSupport my Apple Music isn’t adding songs to my library. Using latest iOS iPhone 7 @AppleSupport It says added to library and has the ,APP_STORE_PURCHASES_BILLING,APP_STORE_PURCHASES_BILLING,APP_STORE_PURCHASES_BILLING,False,APP_STORE_PURCHASES_BILLING,PROCEED
CASE_007495,"@AppleSupport so, iPhone X and Watch 3 - my Nike and Nokia Health apps won’t sign in - I use both daily, please help I’ve tried everything. ",ACCOUNT_APPLEID_ICLOUD,APP_STORE_PURCHASES_BILLING,ACCOUNT_APPLEID_ICLOUD,False,,PROCEED
CASE_003762,so are ya gonna make an update that fixes the stupid question marks in the damn boxes when i️ text/tweet/etc????? or???? @115858 @AppleSuppo,OS_UPDATE_SYSTEM_PERFORMANCE,OS_UPDATE_SYSTEM_PERFORMANCE,OS_UPDATE_SYSTEM_PERFORMANCE,False,,PROCEED
CASE_007788,Every single #iOS new update is making my iPhone6 slow as hell after in installs. What’s up with this buggy software OS @AppleSupport??,OS_UPDATE_SYSTEM_PERFORMANCE,OS_UPDATE_SYSTEM_PERFORMANCE,OS_UPDATE_SYSTEM_PERFORMANCE,False,,PROCEED
CASE_006092,@AppleSupport I still have to switch WiFi off on my iPhone like 50 times a day since it keeps switching on automatically. What’s the deal??,CONNECTIVITY_WIFI_BLUETOOTH,CONNECTIVITY_WIFI_BLUETOOTH,CONNECTIVITY_WIFI_BLUETOOTH,False,CONNECTIVITY_WIFI_BLUETOOTH,PROCEED
CASE_003933,@AppleSupport what’s your problem??? Too busy making pretty videos to fix your shit #ovetpricedforstupidmistakes https://t.co/wYYmN2bM8y @Ap,GENERAL_DEVICE_INQUIRY,GENERAL_DEVICE_INQUIRY,GENERAL_DEVICE_INQUIRY,False,,PROCEED
CASE_001767,MY IPHONE JUST GAVE ME A DAMN HEART ATTACK BY DELETING EVERYTHING IN MY CAMERA ROLL! Now it’s trying to restore everything. Omg fuck @115858,DISPLAY_TOUCH_SCREEN,GENERAL_DEVICE_INQUIRY,GENERAL_DEVICE_INQUIRY,False,,PROCEED
CASE_002241,"@AppleSupport i have an iphone 8 plus and my reachability has stopped working. should i restart the phone? @AppleSupport thanks, it helped! ",OS_UPDATE_SYSTEM_PERFORMANCE,GENERAL_DEVICE_INQUIRY,GENERAL_DEVICE_INQUIRY,False,,PROCEED
CASE_001152,"Dear @115858, 

My six-year old son Just asked Siri, (on my locked phone) whilst holding down the ‘home bottom’ to call his mum, and she did",OS_UPDATE_SYSTEM_PERFORMANCE,GENERAL_DEVICE_INQUIRY,GENERAL_DEVICE_INQUIRY,False,,PROCEED
CASE_007867,"Phone died at 80%, turned back on itself at 10%,turned straight off,then back on itself at 25%,turned off and back on at 43% and continued t",BATTERY_CHARGING_POWER,BATTERY_CHARGING_POWER,BATTERY_CHARGING_POWER,False,BATTERY_CHARGING_POWER,PROCEED
CASE_005807,@115858 why your update mess my phone up? Always replacing my I’s with this. https://t.co/iP51he7zwl,OS_UPDATE_SYSTEM_PERFORMANCE,GENERAL_DEVICE_INQUIRY,GENERAL_DEVICE_INQUIRY,False,,PROCEED
CASE_002462,Thanks @115858... iOS 11 is working great! https://t.co/jnLXLZzO2b @AppleSupport Lots of goofy things like this happen. did you guys give iO,OS_UPDATE_SYSTEM_PERFORMANCE,OS_UPDATE_SYSTEM_PERFORMANCE,OS_UPDATE_SYSTEM_PERFORMANCE,False,,PROCEED
CASE_001110,@115858 please fix this auto brightness. Drains my battery @AppleSupport Thank You!,BATTERY_CHARGING_POWER,DISPLAY_TOUCH_SCREEN,DISPLAY_TOUCH_SCREEN,True,"BATTERY_CHARGING_POWER, DISPLAY_TOUCH_SCREEN",ESCALATE_MULTI_ISSUE
CASE_002726,Dear @115858 how am I supposed to do an update when every time I click the install update button it says unable to install try later? 😡 @App,OS_UPDATE_SYSTEM_PERFORMANCE,OS_UPDATE_SYSTEM_PERFORMANCE,OS_UPDATE_SYSTEM_PERFORMANCE,False,,PROCEED
CASE_001704,@115858 @AppleSupport que puedo hacer con el lag del teclado en iOS 11 en un iPhone 6Plus?? @AppleSupport Thanks!,OS_UPDATE_SYSTEM_PERFORMANCE,OS_UPDATE_SYSTEM_PERFORMANCE,OS_UPDATE_SYSTEM_PERFORMANCE,False,,PROCEED
CASE_002715,"Hola @AppleSupport para cuando #applepay compatible con tarjetas ING? @48556 
Gracias. @AppleSupport Ah okey, dont worry i can in english. Q",GENERAL_DEVICE_INQUIRY,OS_UPDATE_SYSTEM_PERFORMANCE,GENERAL_DEVICE_INQUIRY,False,,PROCEED
CASE_001079,"@123765 @115858 Well, so I write this nice tweet about our favorite Japanese restaurant. I decide to geo-locate. Twitter wants permission to",KEYBOARD_TYPING_AUTOCORRECT,GENERAL_DEVICE_INQUIRY,GENERAL_DEVICE_INQUIRY,False,KEYBOARD_TYPING_AUTOCORRECT,PROCEED
CASE_004970,@AppleSupport #iPhone6SPlus suffers serious #battery loss after new iOS11.1 upgrade #iOS11 #iOS11TH how long is battery life in #iPhoneX 😱😅 ,BATTERY_CHARGING_POWER,BATTERY_CHARGING_POWER,BATTERY_CHARGING_POWER,False,BATTERY_CHARGING_POWER,PROCEED
CASE_004246,@AppleSupport Pathetic ! Need  solutions asap,GENERAL_DEVICE_INQUIRY,GENERAL_DEVICE_INQUIRY,GENERAL_DEVICE_INQUIRY,False,,PROCEED
CASE_005375,@AppleSupport why when is it when you use the letter I it’s changed @AppleSupport Thank you i think it worked,KEYBOARD_TYPING_AUTOCORRECT,KEYBOARD_TYPING_AUTOCORRECT,KEYBOARD_TYPING_AUTOCORRECT,False,KEYBOARD_TYPING_AUTOCORRECT,PROCEED
CASE_003228,"@AppleSupport hi, I can’t get any apps to download. I’ve tried a forced restart, changing and resetting the language etc - any suggestions? ",OS_UPDATE_SYSTEM_PERFORMANCE,APP_STORE_PURCHASES_BILLING,APP_STORE_PURCHASES_BILLING,False,,PROCEED
CASE_000623,Getting distorted outgoing Voice msg quality w the last update to #iPhone &amp; #WhatsApp @4305 @AppleSupport Bluetooth is off but sounds on,CONNECTIVITY_WIFI_BLUETOOTH,AUDIO_SOUND_SPEAKER,CONNECTIVITY_WIFI_BLUETOOTH,False,CONNECTIVITY_WIFI_BLUETOOTH,PROCEED
CASE_007045,Ae @115858 que diabo é isso que geral inclusive eu com BUG na hora de digitar I’m ou I️ ou sei lá q caralho é esse que aparece uma interroga,GENERAL_DEVICE_INQUIRY,KEYBOARD_TYPING_AUTOCORRECT,KEYBOARD_TYPING_AUTOCORRECT,False,,PROCEED
CASE_002635,"@AppleSupport hi Apple support, I can hear “people” talking to me whilst I am using the music app on my iPhone 6s can you check it out plz x",AUDIO_SOUND_SPEAKER,AUDIO_SOUND_SPEAKER,AUDIO_SOUND_SPEAKER,False,AUDIO_SOUND_SPEAKER,PROCEED
CASE_003766,Hey @115858 ... fix your operating system and fire the incompetent people that made it. #iOS #iOS11 I️ I️ I️ I️ I️,OS_UPDATE_SYSTEM_PERFORMANCE,GENERAL_DEVICE_INQUIRY,GENERAL_DEVICE_INQUIRY,False,,PROCEED
CASE_005833,"Clemens finds Marcus McCoy for a 36-yard touchdown. The two-point attempt is good, but I️t didn’t look like I️t. Refs are horrible today. 31",KEYBOARD_TYPING_AUTOCORRECT,OS_UPDATE_SYSTEM_PERFORMANCE,OS_UPDATE_SYSTEM_PERFORMANCE,False,,PROCEED
CASE_006272,"@115858  @AppleSupport why haven’t you done anything about this “I️ “ @AppleSupport Great! I’m on the public beta, see there’s an update rea",OS_UPDATE_SYSTEM_PERFORMANCE,GENERAL_DEVICE_INQUIRY,GENERAL_DEVICE_INQUIRY,False,,PROCEED
CASE_000160,@AppleSupport I’m still having major battery issues since downloading 11.0.3 despite 3 trips to an Apple store and a complete reset done by ,BATTERY_CHARGING_POWER,BATTERY_CHARGING_POWER,BATTERY_CHARGING_POWER,False,BATTERY_CHARGING_POWER,PROCEED
CASE_000472,I need to submit an bug report to @115858 in regards to their iOS 11 update. I have more infor on the podcast app not working. @AppleSupport,OS_UPDATE_SYSTEM_PERFORMANCE,OS_UPDATE_SYSTEM_PERFORMANCE,OS_UPDATE_SYSTEM_PERFORMANCE,False,,PROCEED
CASE_002048,@AppleSupport Is there to set up a Genius Bar appointment through the Apple Store app? Or is it through the website? @AppleSupport I didn't ,GENERAL_DEVICE_INQUIRY,ACCOUNT_APPLEID_ICLOUD,GENERAL_DEVICE_INQUIRY,False,,PROCEED
CASE_006609,@115858 would I be asked to verify my bank details and personal details suddenly? Is this legitimately @AppleSupport how do I know it’s not ,HOW_TO_SETTINGS_CONFIGURATION,GENERAL_DEVICE_INQUIRY,ACCOUNT_APPLEID_ICLOUD,False,HOW_TO_SETTINGS_CONFIGURATION,PROCEED
CASE_006965,"For whatever reason, my iPhone doesn't want me to type the letter ""I"" without this popping up. Idk why. https://t.co/mjFa72Sgqp And this is ",OS_UPDATE_SYSTEM_PERFORMANCE,GENERAL_DEVICE_INQUIRY,GENERAL_DEVICE_INQUIRY,False,,PROCEED
CASE_006231,let me know there is any fix for it. Thanks https://t.co/psGLJjhlV2 @AppleSupport @120366 outlook works now! Just downloaded a new office pa,GENERAL_DEVICE_INQUIRY,GENERAL_DEVICE_INQUIRY,GENERAL_DEVICE_INQUIRY,False,,PROCEED
CASE_004698,@130474 @115858 @AppleSupport ios 11 bug on camera.....apple must answer https://t.co/UdWIrJvaDo,OS_UPDATE_SYSTEM_PERFORMANCE,OS_UPDATE_SYSTEM_PERFORMANCE,OS_UPDATE_SYSTEM_PERFORMANCE,False,,PROCEED
CASE_007306,These boxes killing me @AppleSupport 😒 @AppleSupport Fresh outta suggestions or?,GENERAL_DEVICE_INQUIRY,GENERAL_DEVICE_INQUIRY,GENERAL_DEVICE_INQUIRY,False,,PROCEED
CASE_007791,"@116333 @AppleSupport It seems like Game Center issues are not being escalated. More users reporting issues, no statement about what has hap",GENERAL_DEVICE_INQUIRY,ACCOUNT_APPLEID_ICLOUD,ACCOUNT_APPLEID_ICLOUD,False,,PROCEED
CASE_004588,Let's try this again. @AppleSupport my iPod is stuck on this screen. It won't update or restore through iTunes. Please help https://t.co/IRV,DISPLAY_TOUCH_SCREEN,BATTERY_CHARGING_POWER,APP_STORE_PURCHASES_BILLING,True,"DISPLAY_TOUCH_SCREEN, APP_STORE_PURCHASES_BILLING",ESCALATE_MULTI_ISSUE
CASE_007068,"hey @AppleSupport why does my phone keep showing i️ when i️ type the letter that comes after h in the alphabet plz fix @AppleSupport 11.0.3,",GENERAL_DEVICE_INQUIRY,KEYBOARD_TYPING_AUTOCORRECT,KEYBOARD_TYPING_AUTOCORRECT,False,,PROCEED
CASE_005455,I wonder what these random ? marks mean. I can’t see the emoji but i definitely dont trust @AppleSupport &amp; @115858 to do another awful u,OS_UPDATE_SYSTEM_PERFORMANCE,GENERAL_DEVICE_INQUIRY,GENERAL_DEVICE_INQUIRY,False,,PROCEED
CASE_006854,@AppleSupport https://t.co/nD489AZnJ7 @AppleSupport IPhone X ios 11 yesteday @AppleSupport I've already updated to iOS 11.1.1. the problem o,OS_UPDATE_SYSTEM_PERFORMANCE,OS_UPDATE_SYSTEM_PERFORMANCE,OS_UPDATE_SYSTEM_PERFORMANCE,False,,PROCEED
CASE_000206,"What’s going with #iphone7plus batteries? Over the last few days my battery has been losing power, without being used much, at a rate I’ve n",BATTERY_CHARGING_POWER,BATTERY_CHARGING_POWER,BATTERY_CHARGING_POWER,False,BATTERY_CHARGING_POWER,PROCEED
CASE_005501,"RUS phishing for my Apple ID. @AppleSupport #scam https://t.co/fOnIw7vTaL @AppleSupport Perfect, sent you what I had. Thank you.",ACCOUNT_APPLEID_ICLOUD,GENERAL_DEVICE_INQUIRY,ACCOUNT_APPLEID_ICLOUD,False,ACCOUNT_APPLEID_ICLOUD,PROCEED
CASE_003133,@AppleSupport volume randomly increased in my right Airpod. I have to slide over to the left to balance out the audio. Any ideas? https://t.,AUDIO_SOUND_SPEAKER,AUDIO_SOUND_SPEAKER,AUDIO_SOUND_SPEAKER,False,AUDIO_SOUND_SPEAKER,PROCEED
CASE_007185,"I think I’m getting sick @757907 Ugh me too, I just downed hella orange juice like I️t was gonna save me @757907 Okay this “i” shit still no",KEYBOARD_TYPING_AUTOCORRECT,KEYBOARD_TYPING_AUTOCORRECT,GENERAL_DEVICE_INQUIRY,False,,PROCEED
CASE_003724,@115858 you guys need to fix texts. I’m tired of typing “i” and getting this I️ @AppleSupport That worked!! Thank you so much!!!,KEYBOARD_TYPING_AUTOCORRECT,OS_UPDATE_SYSTEM_PERFORMANCE,KEYBOARD_TYPING_AUTOCORRECT,False,KEYBOARD_TYPING_AUTOCORRECT,PROCEED
CASE_004476,"@AppleSupport can’t use home automation based on people grayed out, any idea ? https://t.co/ERgrHrznHz @AppleSupport Hi, iOS 11, TvOS 11 (al",OS_UPDATE_SYSTEM_PERFORMANCE,OS_UPDATE_SYSTEM_PERFORMANCE,GENERAL_DEVICE_INQUIRY,False,,PROCEED
CASE_003559,Hey @115858 why is everyone having issues with the capital I️? and it’s happening on twitter and now I’ve seen it on Facebook. @AppleSupport,KEYBOARD_TYPING_AUTOCORRECT,OS_UPDATE_SYSTEM_PERFORMANCE,KEYBOARD_TYPING_AUTOCORRECT,False,KEYBOARD_TYPING_AUTOCORRECT,PROCEED
CASE_003464,@AppleSupport since getting the update my phone keeps switching itself on silent randomly...  how does this get fixed? @AppleSupport I have ,AUDIO_SOUND_SPEAKER,AUDIO_SOUND_SPEAKER,AUDIO_SOUND_SPEAKER,True,"DISPLAY_TOUCH_SCREEN, AUDIO_SOUND_SPEAKER",ESCALATE_MULTI_ISSUE
CASE_001788,@AppleSupport why can’t I control music I’m listening to from the lock screen anymore? https://t.co/Z5i6sd32SH,DISPLAY_TOUCH_SCREEN,DISPLAY_TOUCH_SCREEN,DISPLAY_TOUCH_SCREEN,False,DISPLAY_TOUCH_SCREEN,PROCEED
CASE_007396,Does anyone else with an iPhone have #wifi problems? It’s always “connected” but several times a day I have to turn WiFi off &amp; back on f,CONNECTIVITY_WIFI_BLUETOOTH,CONNECTIVITY_WIFI_BLUETOOTH,CONNECTIVITY_WIFI_BLUETOOTH,False,CONNECTIVITY_WIFI_BLUETOOTH,PROCEED
CASE_002557,"Hmm, not seeing the iPhone upgrade program pre-qualify in the Apple store app for my Tmobile phone, @AppleSupport @AppleSupport Thanks! The ",GENERAL_DEVICE_INQUIRY,GENERAL_DEVICE_INQUIRY,GENERAL_DEVICE_INQUIRY,False,,PROCEED
CASE_002588,"@AppleSupport is this compatible with any other apple products ex: iphone 7, ipods, ipads? https://t.co/bFLwTslmyR @AppleSupport @115858 @Ap",GENERAL_DEVICE_INQUIRY,GENERAL_DEVICE_INQUIRY,GENERAL_DEVICE_INQUIRY,False,,PROCEED
CASE_004856,@AppleSupport Hi.Updated from iPhone 5 to 8 &amp; now cannot connect headphones 🎧 to 8 via Bluetooth never had probs on 5. What’s gone wrong,AUDIO_SOUND_SPEAKER,CONNECTIVITY_WIFI_BLUETOOTH,CONNECTIVITY_WIFI_BLUETOOTH,True,"CONNECTIVITY_WIFI_BLUETOOTH, AUDIO_SOUND_SPEAKER",ESCALATE_MULTI_ISSUE
CASE_002970,Any help appreciated: My original @AppleSupport headphones volume control don’t work on my iPhone6s. They work on other phones so issue 1/2 ,AUDIO_SOUND_SPEAKER,AUDIO_SOUND_SPEAKER,AUDIO_SOUND_SPEAKER,False,AUDIO_SOUND_SPEAKER,PROCEED
CASE_004784,"Dear @AppleSupport since last ios update my iPhone has gone bit mad. 
It is now very dramatic &amp; high maintenance. I am not happy about i",OS_UPDATE_SYSTEM_PERFORMANCE,OS_UPDATE_SYSTEM_PERFORMANCE,OS_UPDATE_SYSTEM_PERFORMANCE,False,,PROCEED
CASE_001510,@AppleSupport correct family sharing but your saying we can’t update apps cause payment details are wrong? @AppleSupport Think the issue has,APP_STORE_PURCHASES_BILLING,OS_UPDATE_SYSTEM_PERFORMANCE,APP_STORE_PURCHASES_BILLING,False,,PROCEED
CASE_002510,@AppleSupport any way to disable the unified media keys on High Sierra? Thanks @AppleSupport Okay thanks you,GENERAL_DEVICE_INQUIRY,APP_STORE_PURCHASES_BILLING,HOW_TO_SETTINGS_CONFIGURATION,False,,PROCEED
CASE_005580,@115858 wtf I️ this damn question box I️ keep typing 🙄🙄 https://t.co/6lZ2Icyavf,KEYBOARD_TYPING_AUTOCORRECT,GENERAL_DEVICE_INQUIRY,KEYBOARD_TYPING_AUTOCORRECT,False,KEYBOARD_TYPING_AUTOCORRECT,PROCEED
CASE_005330,Apple’s iOS updated screws up my “i’s” 😒😒😒@AppleSupport stupid @AppleSupport @629332 How about u just fix it. 👌🏽 @629333 @AppleSupport I️ se,GENERAL_DEVICE_INQUIRY,GENERAL_DEVICE_INQUIRY,GENERAL_DEVICE_INQUIRY,False,,PROCEED
CASE_005251,@AppleSupport Hi! Found a bug in iOS 11.1 running on iPhone X. The top part screen becomes unresponsive and unusable after ending a call htt,DISPLAY_TOUCH_SCREEN,DISPLAY_TOUCH_SCREEN,DISPLAY_TOUCH_SCREEN,False,DISPLAY_TOUCH_SCREEN,PROCEED
CASE_007714,"Is this a bug, @115858? Or have @118936 buttons learned how to dance? @AppleSupport https://t.co/N8OHkRrJKQ @AppleSupport Hey! It’s on iOS 1",APP_STORE_PURCHASES_BILLING,OS_UPDATE_SYSTEM_PERFORMANCE,OS_UPDATE_SYSTEM_PERFORMANCE,True,"APP_STORE_PURCHASES_BILLING, HOW_TO_SETTINGS_CONFIGURATION",ESCALATE_MULTI_ISSUE
CASE_001217,@AppleSupport what’s happening to iPhone resetting back to lock screens??? 🤬,GENERAL_DEVICE_INQUIRY,OS_UPDATE_SYSTEM_PERFORMANCE,GENERAL_DEVICE_INQUIRY,False,,PROCEED
CASE_005017,"A todos se les traba horrible el iPhone con el nuevo iOS, o solo a mi? 😰😡 @AppleSupport qué pasa? @AppleSupport Thanks!! 🙏🏼🙌🏼",GENERAL_DEVICE_INQUIRY,OS_UPDATE_SYSTEM_PERFORMANCE,GENERAL_DEVICE_INQUIRY,False,,PROCEED
CASE_002825,@AppleSupport @115858 something smells phishy. https://t.co/O4ElNtJHBD @AppleSupport Can’t tell you how many I get. 80% look authentic. @App,GENERAL_DEVICE_INQUIRY,GENERAL_DEVICE_INQUIRY,GENERAL_DEVICE_INQUIRY,False,,PROCEED
CASE_007660,@AppleSupport how do you stop it changing to I.T ????? @AppleSupport Brill thanks,HOW_TO_SETTINGS_CONFIGURATION,HOW_TO_SETTINGS_CONFIGURATION,HOW_TO_SETTINGS_CONFIGURATION,False,,PROCEED
CASE_006853,hey uh @115858 can u pls make it so that I don't have to see gd notifications for ppl reacting to things in the group chat 😩I have never onc,KEYBOARD_TYPING_AUTOCORRECT,GENERAL_DEVICE_INQUIRY,GENERAL_DEVICE_INQUIRY,False,,PROCEED
CASE_007100,Fkn iPhone battery’s are shit I was watching my battery the other day and every minute it went down 1% @115858 what the fuck @AppleSupport U,BATTERY_CHARGING_POWER,BATTERY_CHARGING_POWER,BATTERY_CHARGING_POWER,False,BATTERY_CHARGING_POWER,PROCEED
CASE_000531,Anyone having issues sending iMessages over Cellular Data after going to 11.0.2 @AppleSupport @AppleSupport @174420 Mine or my bf’s won’t wo,CONNECTIVITY_WIFI_BLUETOOTH,OS_UPDATE_SYSTEM_PERFORMANCE,CONNECTIVITY_WIFI_BLUETOOTH,False,CONNECTIVITY_WIFI_BLUETOOTH,PROCEED
CASE_006970,"i️ am SO sick and fucking TIRED of having a shitty president, presidential family, vice president, and all of the evil minions they fucking ",GENERAL_DEVICE_INQUIRY,GENERAL_DEVICE_INQUIRY,GENERAL_DEVICE_INQUIRY,False,,PROCEED
CASE_003220,"Unable to install iOS update. Gee, thanks @AppleSupport https://t.co/cwpy2hMLaQ @AppleSupport Thanks. That worked. Settings-General-iPhone S",OS_UPDATE_SYSTEM_PERFORMANCE,OS_UPDATE_SYSTEM_PERFORMANCE,OS_UPDATE_SYSTEM_PERFORMANCE,False,HOW_TO_SETTINGS_CONFIGURATION,PROCEED
CASE_007664,"@115858 My IPhone 7 Is stuck on a picture of my homescreen and it wont shut down no matter what I do, even when i try to force shut it down ",AUDIO_SOUND_SPEAKER,AUDIO_SOUND_SPEAKER,AUDIO_SOUND_SPEAKER,True,"AUDIO_SOUND_SPEAKER, HOW_TO_SETTINGS_CONFIGURATION",ESCALATE_MULTI_ISSUE
CASE_001011,All of a sudden at the 24 month mark🤔 my @AppleSupport #iphone6 started to freeze &amp; shut off randomly even when fully charged. I cant us,BATTERY_CHARGING_POWER,GENERAL_DEVICE_INQUIRY,BATTERY_CHARGING_POWER,False,APP_STORE_PURCHASES_BILLING,PROCEED
CASE_007673,First I.T was the “i” glitch and now my phone keeps changing “it” to I.T @115858 wtfffff,OS_UPDATE_SYSTEM_PERFORMANCE,OS_UPDATE_SYSTEM_PERFORMANCE,OS_UPDATE_SYSTEM_PERFORMANCE,False,,PROCEED
CASE_007424,"My iPhone 6S+ freezes after some time, then start working normally and then freezes again, this started after I installed this latest update",OS_UPDATE_SYSTEM_PERFORMANCE,OS_UPDATE_SYSTEM_PERFORMANCE,OS_UPDATE_SYSTEM_PERFORMANCE,False,,PROCEED
CASE_003959,haaate this new update. @AppleSupport when are we getting a new update to fix this? @AppleSupport The letter “i” doesn’t show up @AppleSuppo,OS_UPDATE_SYSTEM_PERFORMANCE,GENERAL_DEVICE_INQUIRY,GENERAL_DEVICE_INQUIRY,False,,PROCEED
CASE_002844,Hi i'm having a hard time with my account how do i solve this? @AppleSupport @115858 https://t.co/xEajRoSzXu @AppleSupport Solved. Thank you,HOW_TO_SETTINGS_CONFIGURATION,ACCOUNT_APPLEID_ICLOUD,ACCOUNT_APPLEID_ICLOUD,False,HOW_TO_SETTINGS_CONFIGURATION,PROCEED
CASE_003208,@AppleSupport why since the latest iOS update does my phone continuously #freeze #crash #havetoreset 😡😡,OS_UPDATE_SYSTEM_PERFORMANCE,CONNECTIVITY_WIFI_BLUETOOTH,APP_CRASH_AND_DOWNLOAD,False,APP_CRASH_AND_DOWNLOAD,PROCEED
CASE_000549,Ever since I downloaded the High Sierra update for my MacBook I've had nothing but problems trying to connect to the internet @115858 @Apple,CONNECTIVITY_WIFI_BLUETOOTH,CONNECTIVITY_WIFI_BLUETOOTH,CONNECTIVITY_WIFI_BLUETOOTH,False,,PROCEED
CASE_002056,😕 @AppleSupport this seems less than ideal after updating a mid 2010 MacBook Pro to High Sierra https://t.co/44xz5DZBbp @AppleSupport Just c,GENERAL_DEVICE_INQUIRY,GENERAL_DEVICE_INQUIRY,GENERAL_DEVICE_INQUIRY,False,,PROCEED
CASE_002298,"Ever since I updated my phone, it’s been sooo slow and keeps crashing! @AppleSupport @AppleSupport Yes 11",OS_UPDATE_SYSTEM_PERFORMANCE,BATTERY_CHARGING_POWER,APP_CRASH_AND_DOWNLOAD,False,APP_CRASH_AND_DOWNLOAD,PROCEED
CASE_007255,@AppleSupport ... There won't be any issues during the installation after download if my area experiences internet outage. @AppleSupport Tha,GENERAL_DEVICE_INQUIRY,GENERAL_DEVICE_INQUIRY,CONNECTIVITY_WIFI_BLUETOOTH,False,,PROCEED
CASE_003317,Does anyone want to tell me why I just got a call from my own number? It’s not October anymore @AppleSupport stop tryna be spooky @AppleSupp,OS_UPDATE_SYSTEM_PERFORMANCE,GENERAL_DEVICE_INQUIRY,GENERAL_DEVICE_INQUIRY,False,,PROCEED
CASE_005591,@115858 why is my iPhone requiring 3 charges per day? @AppleSupport 11.1.1. iPhone 6. Both my daughter and I are having this issue since las,BATTERY_CHARGING_POWER,BATTERY_CHARGING_POWER,BATTERY_CHARGING_POWER,False,BATTERY_CHARGING_POWER,PROCEED
CASE_007887,"Why is it that every time I turn on my @AppleSupport iPad does it keep notifying me of old, previously notified messages?",GENERAL_DEVICE_INQUIRY,GENERAL_DEVICE_INQUIRY,GENERAL_DEVICE_INQUIRY,False,,PROCEED
CASE_007675,I use the talk-to-text function to get through my daily life but this update has rendered it essentially useless. It won’t even register the,OS_UPDATE_SYSTEM_PERFORMANCE,OS_UPDATE_SYSTEM_PERFORMANCE,OS_UPDATE_SYSTEM_PERFORMANCE,False,,PROCEED
CASE_007665,"@AppleSupport @115948 ☹️☹️ https://t.co/byLnUWjYaI @AppleSupport No, I didn’t restart it and everything else seems to be working fine.
I’ll ",OS_UPDATE_SYSTEM_PERFORMANCE,GENERAL_DEVICE_INQUIRY,GENERAL_DEVICE_INQUIRY,False,,PROCEED
CASE_001243,😡😡😡😡😡 @AppleSupport @115858 every 2 mins! https://t.co/O0fqbX0ITq,GENERAL_DEVICE_INQUIRY,GENERAL_DEVICE_INQUIRY,GENERAL_DEVICE_INQUIRY,False,,PROCEED
CASE_001614,@AppleSupport Does MacBook Air 2015 support Dual-Band Wi-Fi and if so where can I conform it? @AppleSupport I had looked at that ! Before Tw,CONNECTIVITY_WIFI_BLUETOOTH,CONNECTIVITY_WIFI_BLUETOOTH,CONNECTIVITY_WIFI_BLUETOOTH,False,CONNECTIVITY_WIFI_BLUETOOTH,PROCEED
CASE_002926,@AppleSupport Hi! I got a new phone and I set it up as a new iPhone and logged into I'm iCloud after but I've only got some of my contacts @,ACCOUNT_APPLEID_ICLOUD,ACCOUNT_APPLEID_ICLOUD,ACCOUNT_APPLEID_ICLOUD,False,ACCOUNT_APPLEID_ICLOUD,PROCEED
CASE_002029,"Oi, @AppleSupport ...where are my Email &amp; phone icons?.... https://t.co/orwoVC1gNO @AppleSupport Splendid...had 11.0.3 to update...worke",OS_UPDATE_SYSTEM_PERFORMANCE,GENERAL_DEVICE_INQUIRY,OS_UPDATE_SYSTEM_PERFORMANCE,False,,PROCEED
CASE_003814,@115858 what are your service hours? I have an issue with billing. @AppleSupport It's iTunes. @AppleSupport What's the reply time? I sent an,CONNECTIVITY_WIFI_BLUETOOTH,APP_STORE_PURCHASES_BILLING,APP_STORE_PURCHASES_BILLING,False,APP_STORE_PURCHASES_BILLING,PROCEED
CASE_004674,"Sweet update, @AppleSupport 😠 https://t.co/uqfZaPKsjw @AppleSupport I’ve restarted it. It comes and goes since I downloaded the new update",OS_UPDATE_SYSTEM_PERFORMANCE,APP_STORE_PURCHASES_BILLING,OS_UPDATE_SYSTEM_PERFORMANCE,False,,PROCEED
CASE_005885,@115858 do you guys hate Taylor Swift? Because after I did the last update my new Taylor Swift album is gone! That combined with all these o,APP_STORE_PURCHASES_BILLING,APP_STORE_PURCHASES_BILLING,APP_STORE_PURCHASES_BILLING,False,,PROCEED
CASE_004310,@115858 fix this I️ @AppleSupport Appreciate it 💯,GENERAL_DEVICE_INQUIRY,GENERAL_DEVICE_INQUIRY,GENERAL_DEVICE_INQUIRY,False,,PROCEED
CASE_004200,@AppleSupport thanks for giving me this typo glitch A[?].. it’s making me look like a real tweaking dunce cap idiot to others. FIX IT MEOW. ,OS_UPDATE_SYSTEM_PERFORMANCE,OS_UPDATE_SYSTEM_PERFORMANCE,KEYBOARD_TYPING_AUTOCORRECT,False,,PROCEED
CASE_005328,@AppleSupport I️ AM TIRED OF THIS GLITCH @AppleSupport Thank you. I have resolved the issue for the time being,OS_UPDATE_SYSTEM_PERFORMANCE,OS_UPDATE_SYSTEM_PERFORMANCE,GENERAL_DEVICE_INQUIRY,False,,PROCEED
CASE_004541,@AppleSupport fix this I️ shit already please @AppleSupport Thanks apple,GENERAL_DEVICE_INQUIRY,GENERAL_DEVICE_INQUIRY,GENERAL_DEVICE_INQUIRY,False,,PROCEED
CASE_006209,@115858 @AppleSupport what is this? Since you’ve not fixed this glitch. https://t.co/eI7FtG9kOD @AppleSupport Just needed to update it. Than,OS_UPDATE_SYSTEM_PERFORMANCE,OS_UPDATE_SYSTEM_PERFORMANCE,OS_UPDATE_SYSTEM_PERFORMANCE,False,,PROCEED
CASE_001884,@AppleSupport can I get rid of the new update? It has seriously messed up my phone. It freezes every few minutes and I cant hear phone calls,AUDIO_SOUND_SPEAKER,OS_UPDATE_SYSTEM_PERFORMANCE,OS_UPDATE_SYSTEM_PERFORMANCE,False,,PROCEED
CASE_001051,"@AppleSupport iphone8 works fine, Series 2 Watch works fine, everything’s perfect apart from my activity and workouts aren’t syncing since T",CONNECTIVITY_WIFI_BLUETOOTH,OS_UPDATE_SYSTEM_PERFORMANCE,CONNECTIVITY_WIFI_BLUETOOTH,False,CONNECTIVITY_WIFI_BLUETOOTH,PROCEED
CASE_000592,@115858 @AppleSupport thanks for rolling out an update that broke my perfectly phone and lost all my memories. You’re criminal! #fuckapple @,ACCOUNT_APPLEID_ICLOUD,ACCOUNT_APPLEID_ICLOUD,ACCOUNT_APPLEID_ICLOUD,False,ACCOUNT_APPLEID_ICLOUD,PROCEED
CASE_005960,Sure wish @AppleSupport would fix the letter change problem when the I️’s 😒 it should turn into this I️ @AppleSupport I’ll do that thanks 👌🏽,GENERAL_DEVICE_INQUIRY,KEYBOARD_TYPING_AUTOCORRECT,KEYBOARD_TYPING_AUTOCORRECT,False,,PROCEED
CASE_006083,I’ve grown so much in the past 8 months and it feels SO DAMN GOOD to be a better version of myself  than I️ was just a year ago 🖤 Lol thanks,OS_UPDATE_SYSTEM_PERFORMANCE,GENERAL_DEVICE_INQUIRY,GENERAL_DEVICE_INQUIRY,False,,PROCEED
CASE_001017,@AppleSupport Is iMessage currently down in canada @AppleSupport Cannot send an iMessage from my iMac. Happened suddenly worked earlier toda,GENERAL_DEVICE_INQUIRY,CONNECTIVITY_WIFI_BLUETOOTH,CONNECTIVITY_WIFI_BLUETOOTH,False,,PROCEED
CASE_001118,"@AppleSupport How can I turn off Live mode on my camera? @AppleSupport I had turned it off, but it still automatically turns on when I open ",DISPLAY_TOUCH_SCREEN,DISPLAY_TOUCH_SCREEN,HOW_TO_SETTINGS_CONFIGURATION,False,HOW_TO_SETTINGS_CONFIGURATION,PROCEED
CASE_003816,Hey @AppleSupport @115858 - what’s up with the keyboard?! Autocorrecting I️ to some weird symbol?? @AppleSupport Thanks! Just set this up.,KEYBOARD_TYPING_AUTOCORRECT,KEYBOARD_TYPING_AUTOCORRECT,KEYBOARD_TYPING_AUTOCORRECT,False,KEYBOARD_TYPING_AUTOCORRECT,PROCEED
CASE_002942,@115858 @AppleSupport why does my 4/5 month old iPhone 7 go red hot after a 13 minute phone call? And the battery life is awful?! @AppleSupp,BATTERY_CHARGING_POWER,BATTERY_CHARGING_POWER,BATTERY_CHARGING_POWER,True,"BATTERY_CHARGING_POWER, CONNECTIVITY_WIFI_BLUETOOTH",ESCALATE_MULTI_ISSUE
CASE_004267,@AppleSupport can you fix this issue we’re having every time I️ type this box with an A shows up and no one knows what the hell im saying 😫 ,GENERAL_DEVICE_INQUIRY,GENERAL_DEVICE_INQUIRY,KEYBOARD_TYPING_AUTOCORRECT,False,,PROCEED
CASE_004346,@AppleSupport  Update bricked my daughters' phone . She is sitting at genius bar and no one knows what to do. @AppleSupport I phone support ,OS_UPDATE_SYSTEM_PERFORMANCE,OS_UPDATE_SYSTEM_PERFORMANCE,GENERAL_DEVICE_INQUIRY,False,,PROCEED
CASE_002608,"@AppleSupport didn’t receive my MacBook order today, it was delivered to wrong add apparently. Not what you expect after spending £1k do ya?",GENERAL_DEVICE_INQUIRY,APP_STORE_PURCHASES_BILLING,GENERAL_DEVICE_INQUIRY,False,,PROCEED
CASE_004632,"@115858 May you please fix this I️ issue with my phone I’m trying to type the letter I!!!! @AppleSupport Thank you, hopefully you guys fix t",KEYBOARD_TYPING_AUTOCORRECT,KEYBOARD_TYPING_AUTOCORRECT,KEYBOARD_TYPING_AUTOCORRECT,False,KEYBOARD_TYPING_AUTOCORRECT,PROCEED
CASE_000931,"@115858 @AppleSupport when i search contact on imessage, there some trouble. Like stuck on keyboard and going so heavy to choice anycontact ",KEYBOARD_TYPING_AUTOCORRECT,OS_UPDATE_SYSTEM_PERFORMANCE,KEYBOARD_TYPING_AUTOCORRECT,False,KEYBOARD_TYPING_AUTOCORRECT,PROCEED
CASE_002486,"@AppleSupport after update to ios 11, i don’t get notif for new posts, and receive the notif only after opening WhatsApp, plese fix it ASAP!",BATTERY_CHARGING_POWER,KEYBOARD_TYPING_AUTOCORRECT,APP_STORE_PURCHASES_BILLING,True,"BATTERY_CHARGING_POWER, APP_STORE_PURCHASES_BILLING",ESCALATE_MULTI_ISSUE
CASE_006050,"@AppleSupport 
i have aproplem in both devices ( iphon 7 &amp; 6s plus ) after last update .
The devices stuck black screen and apple logo .",DISPLAY_TOUCH_SCREEN,OS_UPDATE_SYSTEM_PERFORMANCE,DISPLAY_TOUCH_SCREEN,False,DISPLAY_TOUCH_SCREEN,PROCEED
CASE_000918,"having prob with my app store, cant even download a single app! please fix it @AppleSupport 😪 @AppleSupport Nope, it keeps loading. It doesn",APP_STORE_PURCHASES_BILLING,APP_STORE_PURCHASES_BILLING,APP_STORE_PURCHASES_BILLING,False,APP_STORE_PURCHASES_BILLING,PROCEED
CASE_000891,@115858 @AppleSupport since recent software upgrade my phone alarm rings at FULL VOLUME no matter if the sounds off or it’s on silent. why 😧,AUDIO_SOUND_SPEAKER,AUDIO_SOUND_SPEAKER,AUDIO_SOUND_SPEAKER,False,AUDIO_SOUND_SPEAKER,PROCEED
CASE_005544,Oh great the stupid Apple glitch is showing up on my phone @115858 FIX THIS PLEASE,OS_UPDATE_SYSTEM_PERFORMANCE,OS_UPDATE_SYSTEM_PERFORMANCE,GENERAL_DEVICE_INQUIRY,False,,PROCEED
CASE_002413,@AppleSupport my touch bar isn't working! https://t.co/Exw41Bcg2p @AppleSupport yes it works in my other programs @AppleSupport ok that sett,DISPLAY_TOUCH_SCREEN,GENERAL_DEVICE_INQUIRY,DISPLAY_TOUCH_SCREEN,True,"DISPLAY_TOUCH_SCREEN, APP_STORE_PURCHASES_BILLING",ESCALATE_MULTI_ISSUE
CASE_003565,"Just updated to iOS 11.1 &amp; iPhone will recognize it’s being charged for under 1 min then stops charging. What’s up with that, @AppleSupp",BATTERY_CHARGING_POWER,BATTERY_CHARGING_POWER,BATTERY_CHARGING_POWER,True,"BATTERY_CHARGING_POWER, APP_STORE_PURCHASES_BILLING",ESCALATE_MULTI_ISSUE
CASE_006465,"@AppleSupport How do you play , recent bought songs in a row?? It seams impossible, on iPhone.  In iTunes , Please just tell me straight for",APP_STORE_PURCHASES_BILLING,OS_UPDATE_SYSTEM_PERFORMANCE,APP_STORE_PURCHASES_BILLING,False,APP_STORE_PURCHASES_BILLING,PROCEED
CASE_002850,@AppleSupport What’s happening with WiFi?  All of a sudden in new iOS can’t connect to WiFi spots at hotels etc. All my devices. @AppleSuppo,CONNECTIVITY_WIFI_BLUETOOTH,CONNECTIVITY_WIFI_BLUETOOTH,CONNECTIVITY_WIFI_BLUETOOTH,False,CONNECTIVITY_WIFI_BLUETOOTH,PROCEED
CASE_004668,"Also, impatiently waiting for @115858 to fix this annoying glitch shit @533924 @115858 complaining about it isn't gonna fix it, just sayin' ",KEYBOARD_TYPING_AUTOCORRECT,OS_UPDATE_SYSTEM_PERFORMANCE,GENERAL_DEVICE_INQUIRY,False,,PROCEED
CASE_003571,I️ fucked up doki doki HONESTLY I️ am about to fucking call @115858 and complain @AppleSupport thank you!! is this just like a weird bug wit,OS_UPDATE_SYSTEM_PERFORMANCE,OS_UPDATE_SYSTEM_PERFORMANCE,OS_UPDATE_SYSTEM_PERFORMANCE,False,,PROCEED
CASE_006846,stop automatically putting my wifi &amp; bluetooth on @115858 @AppleSupport i know how to turn them off… you guys keep turning them on autom,CONNECTIVITY_WIFI_BLUETOOTH,CONNECTIVITY_WIFI_BLUETOOTH,CONNECTIVITY_WIFI_BLUETOOTH,False,"CONNECTIVITY_WIFI_BLUETOOTH, HOW_TO_SETTINGS_CONFIGURATION",PROCEED
CASE_004922,"merci @115858 depuis que j’ai fais votre dernière MAJ sur mon Iphone 6S , ca bug autant que snapchat et la batterie iphone @AppleSupport tha",OS_UPDATE_SYSTEM_PERFORMANCE,OS_UPDATE_SYSTEM_PERFORMANCE,GENERAL_DEVICE_INQUIRY,False,,PROCEED
CASE_001302,Apps keep randomly crashing on my phone I can’t do anything FIX THIS @AppleSupport @AppleSupport Does anyone know how to fix this I can’t ge,APP_CRASH_AND_DOWNLOAD,APP_CRASH_AND_DOWNLOAD,APP_CRASH_AND_DOWNLOAD,False,"APP_CRASH_AND_DOWNLOAD, HOW_TO_SETTINGS_CONFIGURATION",PROCEED
