query,actual_intent,predicted_intent,confidence,top_3_intents,top_3_scores,error_category
"@AppleSupport HELP !🙏🏻 I’ve updated my IPhone 6S and I received a message asking me to change my password to unlock my IPhone, using capital letters, lower case and digits. But now I can’t unlock my iPhone because the keyboard shows only digits. What can I do? 😭 @AppleSupport Thank you for your help, I have just sent you a DM 🙂",KEYBOARD_TYPING_AUTOCORRECT,ACCOUNT_APPLEID_ICLOUD,0.4258,"['ACCOUNT_APPLEID_ICLOUD', 'KEYBOARD_TYPING_AUTOCORRECT', 'GENERAL_DEVICE_INQUIRY']","[0.4258, 0.1247, 0.0929]",LEXICAL_OVERLAP_AMBIGUITY
".@115858 this I️ glitch is the worst thing ever. How is this not fixed yet??? @AppleSupport Thank you for your response.  I have done that, but seriously...  This is an all-time awful problem. In my opinion, the all time worst non-security related problem.",OS_UPDATE_SYSTEM_PERFORMANCE,GENERAL_DEVICE_INQUIRY,0.3349,"['GENERAL_DEVICE_INQUIRY', 'OS_UPDATE_SYSTEM_PERFORMANCE', 'KEYBOARD_TYPING_AUTOCORRECT']","[0.3349, 0.3292, 0.1082]",MULTI_INTENT_COLLISION
#IphoneXPreOrder #iPhoneX @AppleSupport still no confirmation email in regards to my ‘reserved’ iPhone because of ‘couldn’t reach carrier’ @432099 @AppleSupport Same @AppleSupport Thank u @AppleSupport @432099 That’s baloney.  I contacted Apple support and all they could say was to be patient- it’s been over 10 hours - Apple support is useless @AppleSupport @432273 I am too @AppleSupport @432273 I’m waiting as well and Apple support just tells you to be patient- I think 10+ hours is more than patient to get a confirmation email @AppleSupport All good! Got my email! Thanks! @432274 @AppleSupport @432273 I’ve been waiting 10+ hours with no email to confirm order. @AppleSupport @432273 Still haven't gotten my email #IphoneXPreOrder #iPhoneX,CONNECTIVITY_WIFI_BLUETOOTH,GENERAL_DEVICE_INQUIRY,0.351,"['GENERAL_DEVICE_INQUIRY', 'APP_STORE_PURCHASES_BILLING', 'CONNECTIVITY_WIFI_BLUETOOTH']","[0.351, 0.1676, 0.1296]",SUBTLE_SYMPTOM_DISTINCTION
"So @AppleSupport, I thought login screens were a solved problem https://t.co/jsrq8i1aQA @AppleSupport Restart resolves it, but as a developer, loads of work context is in terminals. This is uncool... Hope it’s a KI fixed in High Sierra @AppleSupport N.b thanks for replying, this is just frustration after several times it happened over the last 3mo...",ACCOUNT_APPLEID_ICLOUD,OS_UPDATE_SYSTEM_PERFORMANCE,0.2624,"['OS_UPDATE_SYSTEM_PERFORMANCE', 'GENERAL_DEVICE_INQUIRY', 'KEYBOARD_TYPING_AUTOCORRECT']","[0.2624, 0.225, 0.1062]",MULTI_INTENT_COLLISION
"@AppleSupport what’s ap notification is not working.i have to open what’s ap for msg and calls.pls advise @AppleSupport Thanks.i noticed it is happening to another app as well.reinstalled and checked ,but result is the same @AppleSupport Yes updated the latest version.but still the same",KEYBOARD_TYPING_AUTOCORRECT,GENERAL_DEVICE_INQUIRY,0.2411,"['GENERAL_DEVICE_INQUIRY', 'OS_UPDATE_SYSTEM_PERFORMANCE', 'KEYBOARD_TYPING_AUTOCORRECT']","[0.2411, 0.1358, 0.107]",LEXICAL_OVERLAP_AMBIGUITY
"@AppleSupport Trying to install the free SAMs app but iTunes won’t let me. This is crazy, and my card is good. https://t.co/q58j2A0Ktf @AppleSupport Just tried it over cellular, it worked this time. What could the problem be?",CONNECTIVITY_WIFI_BLUETOOTH,APP_STORE_PURCHASES_BILLING,0.3987,"['APP_STORE_PURCHASES_BILLING', 'GENERAL_DEVICE_INQUIRY', 'CONNECTIVITY_WIFI_BLUETOOTH']","[0.3987, 0.1819, 0.1552]",SUBTLE_SYMPTOM_DISTINCTION
"The @115858 store at #TheGrove has the worst customer service I’ve EVER experienced in my life! I don’t like to make things racial but a white guy went in the store with the same issue as me, and let’s just say his issue got resolved and mine didn’t.",CONNECTIVITY_WIFI_BLUETOOTH,GENERAL_DEVICE_INQUIRY,0.2718,"['GENERAL_DEVICE_INQUIRY', 'CONNECTIVITY_WIFI_BLUETOOTH', 'APP_STORE_PURCHASES_BILLING']","[0.2718, 0.163, 0.1425]",MULTI_INTENT_COLLISION
"Photos in #macOS High Sierra is SO buggy — I can't imagine it was in a hand of a single QA. And I even waited till 10.13.1. @AppleSupport you either charge for upgrades again or keep the half-done stuff for yourself. As a paying customer I say 👎 @AppleSupport Thanks! The problems are: freezes during just browsing photos (with arrow keys), SUPER SLOW editing of RAWs (iMac 27"" mid 2017), and random crashes if I keep using the app without restarts (all reports sent) 😓 @AppleSupport These problems are not specific to my case, but you know it probably https://t.co/UHXqi83PNg",BATTERY_CHARGING_POWER,OS_UPDATE_SYSTEM_PERFORMANCE,0.1856,"['OS_UPDATE_SYSTEM_PERFORMANCE', 'GENERAL_DEVICE_INQUIRY', 'APP_CRASH_AND_DOWNLOAD']","[0.1856, 0.1732, 0.1673]",MULTI_INTENT_COLLISION
"Prospective wallpaper doesn’t work on #iPhone with #iOS11, #ios1111 WHY? 😕 #iPhone8 #IphoneX #apple @115858 @AppleSupport @AppleSupport Reduce motion is off, I think this is a problem.. when I move my iPhone the prospective wallpaper doesn’t move.. I don’t talk about Live Photos..",OS_UPDATE_SYSTEM_PERFORMANCE,GENERAL_DEVICE_INQUIRY,0.2375,"['GENERAL_DEVICE_INQUIRY', 'OS_UPDATE_SYSTEM_PERFORMANCE', 'DISPLAY_TOUCH_SCREEN']","[0.2375, 0.1945, 0.1588]",LEXICAL_OVERLAP_AMBIGUITY
"Hey @AppleSupport why am I constantly getting pop ups on Safari that I can’t clear? @AppleSupport iPhone 6s. 11.1.2 @AppleSupport Yea that’s lazy advice and thanks for your tepid suggestions. For further information, please refer to my article on how @115858 no longer gives a damn about its customers.",GENERAL_DEVICE_INQUIRY,OS_UPDATE_SYSTEM_PERFORMANCE,0.1716,"['OS_UPDATE_SYSTEM_PERFORMANCE', 'GENERAL_DEVICE_INQUIRY', 'CONNECTIVITY_WIFI_BLUETOOTH']","[0.1716, 0.1593, 0.1485]",MULTI_INTENT_COLLISION
Hey @115858 fix this bullshit bug with typing “I” and showing up as something else,KEYBOARD_TYPING_AUTOCORRECT,GENERAL_DEVICE_INQUIRY,0.6626,"['GENERAL_DEVICE_INQUIRY', 'KEYBOARD_TYPING_AUTOCORRECT', 'OS_UPDATE_SYSTEM_PERFORMANCE']","[0.6626, 0.1091, 0.0821]",SUBTLE_SYMPTOM_DISTINCTION
My phone just deleted my entire camera roll.........  I’m devasted 😭😭😭😭😭 Update - my pictures randomly are downloading back to my phone from iCloud. Wtf is up @AppleSupport          #THANKFULthough,DISPLAY_TOUCH_SCREEN,ACCOUNT_APPLEID_ICLOUD,0.5271,"['ACCOUNT_APPLEID_ICLOUD', 'DISPLAY_TOUCH_SCREEN', 'OS_UPDATE_SYSTEM_PERFORMANCE']","[0.5271, 0.235, 0.0981]",LEXICAL_OVERLAP_AMBIGUITY
iOS 11 is the worst update @115858 has released. My phone has been living on the charger. @AppleSupport Thank you!,BATTERY_CHARGING_POWER,OS_UPDATE_SYSTEM_PERFORMANCE,0.7038,"['OS_UPDATE_SYSTEM_PERFORMANCE', 'BATTERY_CHARGING_POWER', 'AUDIO_SOUND_SPEAKER']","[0.7038, 0.2474, 0.0092]",LEXICAL_OVERLAP_AMBIGUITY
"Hey @AppleSupport, Mail on #HighSierra is a broken mess that crashes whenever I try to compose an email would be appreciated if you fixed it",APP_CRASH_AND_DOWNLOAD,GENERAL_DEVICE_INQUIRY,0.4331,"['GENERAL_DEVICE_INQUIRY', 'APP_CRASH_AND_DOWNLOAD', 'OS_UPDATE_SYSTEM_PERFORMANCE']","[0.4331, 0.183, 0.0823]",APP_CRASH_VS_SYSTEM_PERFORMANCE
@118721 @AppleSupport I’ve been trying to buy an album for half an hour now and it’s just coming up with the square?????? https://t.co/ghctrcs0yx,APP_STORE_PURCHASES_BILLING,GENERAL_DEVICE_INQUIRY,0.4122,"['GENERAL_DEVICE_INQUIRY', 'APP_STORE_PURCHASES_BILLING', 'OS_UPDATE_SYSTEM_PERFORMANCE']","[0.4122, 0.2158, 0.0887]",SUBTLE_SYMPTOM_DISTINCTION
"I’m getting very tired of this $1000 Iphone acting up ever since the iOS 11 update and 3 more updates and it’s still giving me fits @AppleSupport @AppleSupport 7 Plus 3 months old , I have to keep rebooting due to screen freezing, messages acting up, many things. I’ve installed every update sent and never had a problem before IOS 11 @782410 @782411 @AppleSupport Same here! Camera stopped working properly. A big blur @AppleSupport Yes that version was updated an hour ago.
In messages when I try to exit w/back button top left it fades and won’t exit. Sometimes won’t send or receive, there have been many issues I can’t think of right now but thought the updates would fix. Didn’t @AppleSupport @782410 Should I upgrade my IPhone 6 Plus to OIS 11? Thank you. @AppleSupport Whatever it came with new from Best Buy @AppleSupport Yes it happens randomly @AppleSupport Don’t recall using any apps when it happens @AppleSupport I know it was IOS 10. ? @AppleSupport It worked fine prior to IOS 11 and with all the hype over IOS 11 I couldn’t wait and then regretted it. Not sure what this version does that’s supposed to be so great but, it hasn’t been pleasant for me.",DISPLAY_TOUCH_SCREEN,OS_UPDATE_SYSTEM_PERFORMANCE,0.4534,"['OS_UPDATE_SYSTEM_PERFORMANCE', 'DISPLAY_TOUCH_SCREEN', 'AUDIO_SOUND_SPEAKER']","[0.4534, 0.2014, 0.097]",LEXICAL_OVERLAP_AMBIGUITY
@AppleSupport my (photo) apps shut themselves all-the-time on my ipad pro. Frustrating!! Can't do my work. What's going on? #ios11 @AppleSupport Yes. Safari is crashing &amp; my icloud was closing this morning.never had a problem with my ipad before.Is it an other problem than te update?🤔 @AppleSupport My Photos app but also other apps like Photoshop. I restarted my ipad (twice) and deleted and reinstalled some apps and that seems to work.. @AppleSupport Thank you!!!,ACCOUNT_APPLEID_ICLOUD,OS_UPDATE_SYSTEM_PERFORMANCE,0.4021,"['OS_UPDATE_SYSTEM_PERFORMANCE', 'ACCOUNT_APPLEID_ICLOUD', 'APP_CRASH_AND_DOWNLOAD']","[0.4021, 0.2645, 0.1271]",LEXICAL_OVERLAP_AMBIGUITY
"@AppleSupport - Can Apple Gift Card, issued after recycling iPad, be used online at Apple against price for new iPod? TYVM! @AppleSupport Done and done. Thank you very much!",GENERAL_DEVICE_INQUIRY,APP_STORE_PURCHASES_BILLING,0.3194,"['APP_STORE_PURCHASES_BILLING', 'GENERAL_DEVICE_INQUIRY', 'OS_UPDATE_SYSTEM_PERFORMANCE']","[0.3194, 0.2939, 0.1147]",MULTI_INTENT_COLLISION
"@115858 !!!!! Fix this I️ nonsense!!! 
COME. ON. @497393 @497395 @115858 I know how to fix it @497394 @497393 @115858 If I have to change all kinda shit, no thanks. They need to fix it. @497395 @497393 @115858 Well, here it is anyways https://t.co/gqx7vHSVzL @497394 @497395 @115858 Oh! That’s not bad. But I️ presume they’re working on it? It’s annoying AF. @497393 @497394 @497395 @115858 i did that and it worked for 2 seconds then went right back the bullshit box @AppleSupport I just want you to fix the question mark box crap.",HOW_TO_SETTINGS_CONFIGURATION,GENERAL_DEVICE_INQUIRY,0.4312,"['GENERAL_DEVICE_INQUIRY', 'KEYBOARD_TYPING_AUTOCORRECT', 'HOW_TO_SETTINGS_CONFIGURATION']","[0.4312, 0.1662, 0.1208]",SETTINGS_VS_GENERAL_DISAMBIGUATION
"@AppleSupport so, you let me buy a book, pay for it, then tell me I’m not allowed to read it...
Please fix this or refund my $15. https://t.co/DAJxxPxFtX @AppleSupport Thanks. The internet version of “let me transfer you” except, even more useless",APP_STORE_PURCHASES_BILLING,GENERAL_DEVICE_INQUIRY,0.396,"['GENERAL_DEVICE_INQUIRY', 'APP_STORE_PURCHASES_BILLING', 'KEYBOARD_TYPING_AUTOCORRECT']","[0.396, 0.1875, 0.1009]",SUBTLE_SYMPTOM_DISTINCTION
"@115858 how do you get a notification to disappear without a home button on the iPhone X? Nobody at Cardiff Apple store knew!!!!! #coulddoitonthe6plus @AppleSupport Thanks for such a prompt response. However, that help page was more about notifications on a lock screen. I mean when you’re on an app &amp; a notification appears how do I get it to disappear without a home button and without having to reach to up to swipe it away...... @AppleSupport Again thanks. I suppose my point is there’s a feature I’ve lost choosing the X 🤷🏼‍♀️",KEYBOARD_TYPING_AUTOCORRECT,HOW_TO_SETTINGS_CONFIGURATION,0.5059,"['HOW_TO_SETTINGS_CONFIGURATION', 'DISPLAY_TOUCH_SCREEN', 'KEYBOARD_TYPING_AUTOCORRECT']","[0.5059, 0.2817, 0.09]",SUBTLE_SYMPTOM_DISTINCTION
"@115948 @AppleSupport hey guys, we've applied to Apple Music Connect but haven't heard back - what is your turnaround time? Cheers @AppleSupport thanks @115948 only snag is, is there an option for a windows based PC to be able to update the artists profile, music, videos etc? @AppleSupport Command?  Call me cooky or whacky but i have no idea where the command key is.  Will this enable be me to update our artist page? @AppleSupport thanks guys, looks like, according to the guide, only works if you have a mac or apple product.  Pity but thanks all the same",CONNECTIVITY_WIFI_BLUETOOTH,APP_STORE_PURCHASES_BILLING,0.3756,"['APP_STORE_PURCHASES_BILLING', 'OS_UPDATE_SYSTEM_PERFORMANCE', 'CONNECTIVITY_WIFI_BLUETOOTH']","[0.3756, 0.1413, 0.1029]",LEXICAL_OVERLAP_AMBIGUITY
"@AppleSupport iMessage its not working on my iPhone 7, neither push notifications of Whatsapp and Facebook. Is the service down? @AppleSupport 11.1.2",CONNECTIVITY_WIFI_BLUETOOTH,KEYBOARD_TYPING_AUTOCORRECT,0.2367,"['KEYBOARD_TYPING_AUTOCORRECT', 'CONNECTIVITY_WIFI_BLUETOOTH', 'GENERAL_DEVICE_INQUIRY']","[0.2367, 0.1986, 0.1116]",MULTI_INTENT_COLLISION
"Hey, @AppleSupport: please don't mess with the playlists I spent years painstakingly compiling: songs labeled ""explicit"" keep disappearing. @AppleSupport I will, thanks for the prompt reply.",APP_STORE_PURCHASES_BILLING,GENERAL_DEVICE_INQUIRY,0.3942,"['GENERAL_DEVICE_INQUIRY', 'APP_STORE_PURCHASES_BILLING', 'KEYBOARD_TYPING_AUTOCORRECT']","[0.3942, 0.2148, 0.0896]",SUBTLE_SYMPTOM_DISTINCTION
the iOS 11 update got my phone dying every 10 minutes🤦🏽‍♀️ @AppleSupport @AppleSupport 11.0.3,BATTERY_CHARGING_POWER,OS_UPDATE_SYSTEM_PERFORMANCE,0.592,"['OS_UPDATE_SYSTEM_PERFORMANCE', 'BATTERY_CHARGING_POWER', 'CONNECTIVITY_WIFI_BLUETOOTH']","[0.592, 0.1586, 0.0535]",LEXICAL_OVERLAP_AMBIGUITY
"@AppleSupport my phone is tripping @AppleSupport Doesn’t let me drop my notifications bar, keeps freezing and not letting my print through and and doesn’t let me lock it.",GENERAL_DEVICE_INQUIRY,APP_CRASH_AND_DOWNLOAD,0.233,"['APP_CRASH_AND_DOWNLOAD', 'GENERAL_DEVICE_INQUIRY', 'OS_UPDATE_SYSTEM_PERFORMANCE']","[0.233, 0.147, 0.1219]",MULTI_INTENT_COLLISION
Why MY pictures in MY camera roll have to load? Pictures be blurry and shit. I️ be thinking my stuff came out trash but they buffering. @115858 fix it my G @AppleSupport I️ have the last update and I️ use iCloud Photo Library.,DISPLAY_TOUCH_SCREEN,ACCOUNT_APPLEID_ICLOUD,0.5824,"['ACCOUNT_APPLEID_ICLOUD', 'DISPLAY_TOUCH_SCREEN', 'GENERAL_DEVICE_INQUIRY']","[0.5824, 0.0939, 0.0763]",LEXICAL_OVERLAP_AMBIGUITY
Update failed continuously please help @115858 #apple #appleindia https://t.co/1GXRcPyYkX @115858 Thank you for your quick reply. Problem solved automatically next day @AppleSupport Sure. Thanks for your quick service,OS_UPDATE_SYSTEM_PERFORMANCE,GENERAL_DEVICE_INQUIRY,0.329,"['GENERAL_DEVICE_INQUIRY', 'CONNECTIVITY_WIFI_BLUETOOTH', 'OS_UPDATE_SYSTEM_PERFORMANCE']","[0.329, 0.1902, 0.1533]",LEXICAL_OVERLAP_AMBIGUITY
"@AppleSupport my iPhone has a weird white/grey line that goes from the bottom to the middle of the screen, and the volume box is stuck in the middle of the screen. How do I troubleshoot/fix this? @AppleSupport Thanks! I’ve restarted it a few times and my software version is 10.0.1",AUDIO_SOUND_SPEAKER,DISPLAY_TOUCH_SCREEN,0.769,"['DISPLAY_TOUCH_SCREEN', 'AUDIO_SOUND_SPEAKER', 'HOW_TO_SETTINGS_CONFIGURATION']","[0.769, 0.067, 0.0446]",SUBTLE_SYMPTOM_DISTINCTION
"Hey .@115858 fix the I️ that becomes an A. @AppleSupport @643239 What about fixing I.t ????? @AppleSupport @643239 Do I️ really need to back up my stuff to update my phone? 😏 @AppleSupport @643239 You do realise that every time you issue a fix, you create new ones. Like this i/A problem that was never a problem before until you started improvising updates @AppleSupport @643239 About damn time @AppleSupport @643239 @88137 @AppleSupport Hey this update doesn’t work! @AppleSupport Thanks! @AppleSupport @643239 A[?] don’t get it @AppleSupport @643239 Hello, my iphone got stuck on a bootloop after the 11.1.1 update. @AppleSupport @643239 Im becoming closer to switching. This is at least the third update and it’s still bogged down in addition to working better before the update. Obvious what’s going on. @AppleSupport @643239 And why?? Lol @232087 @AppleSupport @643239 There’s a new update to fix the “I” bug @643240 @AppleSupport @643239 How did the big even happen! @AppleSupport I tried the itunes one but i got an error while downloading the update why? @232087 @AppleSupport @643239 Idk lol just update your phone @643240 @AppleSupport @643239 Lmao 😐 I’ll do that tomorrow. But will I️ lose my stuff if I️ don’t back it up? @AppleSupport Download can't be completed @232087 @AppleSupport @643239 No? I don’t ever back up my phone lol @643240 @AppleSupport @643239 Well then why is @AppleSupport saying to do so 🤔 lol yeah I’ve never backed mine up for updates",APP_STORE_PURCHASES_BILLING,OS_UPDATE_SYSTEM_PERFORMANCE,0.5591,"['OS_UPDATE_SYSTEM_PERFORMANCE', 'APP_STORE_PURCHASES_BILLING', 'KEYBOARD_TYPING_AUTOCORRECT']","[0.5591, 0.0758, 0.0742]",LEXICAL_OVERLAP_AMBIGUITY
This new iOS update crash my phone @AppleSupport 😠😠 so mad!!! It won’t even turn back on! @AppleSupport It worked! Thanks a lot! 🙏🏽,APP_CRASH_AND_DOWNLOAD,OS_UPDATE_SYSTEM_PERFORMANCE,0.3254,"['OS_UPDATE_SYSTEM_PERFORMANCE', 'APP_CRASH_AND_DOWNLOAD', 'BATTERY_CHARGING_POWER']","[0.3254, 0.165, 0.122]",LEXICAL_OVERLAP_AMBIGUITY
"#Apple making go round in circles when I reported problem in IPhone 7 Plus, guess they are too busy promoting their IPhone10 @AppleSupport @AppleSupport My new #Apple IPhone 7plus, despite visiting service centres from Delhi to Bangalore,my mobile hang issues are still continue @AppleSupport I have done this exercise many times over with your support team on DM as well as had many rounds in your service centres @585060 @AppleSupport customer support and satisfaction is very essential",GENERAL_DEVICE_INQUIRY,CONNECTIVITY_WIFI_BLUETOOTH,0.3089,"['CONNECTIVITY_WIFI_BLUETOOTH', 'GENERAL_DEVICE_INQUIRY', 'BATTERY_CHARGING_POWER']","[0.3089, 0.1945, 0.0969]",MULTI_INTENT_COLLISION
@115858 FIX THIS I️ BS. It’s annoying as hell. @AppleSupport Thank you. I will give that a try. So far I keep selecting the real “I” to the left in predictive text to overcome it but I forget sometimes,KEYBOARD_TYPING_AUTOCORRECT,GENERAL_DEVICE_INQUIRY,0.38,"['GENERAL_DEVICE_INQUIRY', 'KEYBOARD_TYPING_AUTOCORRECT', 'OS_UPDATE_SYSTEM_PERFORMANCE']","[0.38, 0.3761, 0.0575]",SUBTLE_SYMPTOM_DISTINCTION
I️ need to figure out how to fix my phone. This glitch is pissing me off. FIX IT! @115858 @AppleSupport Thank you!,OS_UPDATE_SYSTEM_PERFORMANCE,HOW_TO_SETTINGS_CONFIGURATION,0.3941,"['HOW_TO_SETTINGS_CONFIGURATION', 'OS_UPDATE_SYSTEM_PERFORMANCE', 'GENERAL_DEVICE_INQUIRY']","[0.3941, 0.2244, 0.1004]",SUBTLE_SYMPTOM_DISTINCTION
@AppleSupport why does iOS 11.1.1 insist on turning on my bluetooth without my consent? Anytime I get near a bluetooth device it turns on. Anytime I restart the phone it’s on. @AppleSupport I know how to use bluetooth. I know how to turn it off and on. I reached over t because I dont like the continuity feature. No wonder the battery life is not very good. Thanks,BATTERY_CHARGING_POWER,CONNECTIVITY_WIFI_BLUETOOTH,0.4442,"['CONNECTIVITY_WIFI_BLUETOOTH', 'BATTERY_CHARGING_POWER', 'HOW_TO_SETTINGS_CONFIGURATION']","[0.4442, 0.3349, 0.0844]",LEXICAL_OVERLAP_AMBIGUITY
@115858 well you’ve outdone yourselves on shocking service for a faulty 3 month old iPhone that I’m stuck with yet you have my money. @1647 @AppleSupport Thanks I’ve done so,APP_CRASH_AND_DOWNLOAD,CONNECTIVITY_WIFI_BLUETOOTH,0.3024,"['CONNECTIVITY_WIFI_BLUETOOTH', 'GENERAL_DEVICE_INQUIRY', 'APP_STORE_PURCHASES_BILLING']","[0.3024, 0.1758, 0.1012]",MULTI_INTENT_COLLISION
"I’m assuming someone has told @115858 that the latest iOS update is terrible @342218 @115858 My phone and iPad have turned into very expensive paperweights. @342218 @115858 I’ve had a lot of performance issues @342218 @115858 Having troubles with my iPhone immediately after updating. Phone sticks when texting, trying to get voicemail etc @342218 @115858 @115858 fix your release or my next phone is a Samsung. Planned obsolescence = ecological irresponsibility @342218 @115858 Does anyone else have their apps pop open randomly? @342218 @115858 What’s so terrible about giving my phone battery such an exercise and constantly rotating to the wrong screen orientation??? @342218 @115858 Yeah, my battery drains so much faster after the update @342218 @115858 Amen. Any fix for the battery drain? @342218 @115858 It’s terrible. So many bugs still. Can’t get the fix updates right either. @115858....get it together. @342218 @115858 Enlarged pics in apps won’t return to normal size. @342218 @346741 @115858 It is awful. Phone is hypersensitive. Constantly closing apps and shifting screens @342218 @115858 And by the way, six of my apps (from the App Store) no longer work because this new iOS has decided they're no longer compatible. @342218 @115858 The new update literally sucks. It has made my phone so effin slow. @342218 @115858 Two iPhones here suffering from severe battery drain since updating to iOS 11, not to mention the dozens of bugs. No fix in sight. @342218 @351248 @115858 The iOS update totally screwed up my phone! I plug it into my Bluetooth in my car and nothing comes through the system. Ready to dump it @342218 @115858 Phone so slow. Dead battery in 8 hours. COGNOS no longer works on iPad. Bad juju @342218 @351248 @115858 Love that the sideways screen never turns back around. @342218 @43925 @115858 FIOS Mobile and CNN Live don’t function properly on my iPad if i’m away from home...either won’t play or I get the apps to play, shuts down. @342218 @351248 @115858 Has anyone had any problems with text messages coming through and recent calls not updating @342218 @43925 @115858 Wow, my battery drains super fast after updating and I thought it was just me @342218 @351248 @115858 I would love to tell @115858 IOS 11 is terrible but my phone locked up when I loaded it. @342218 @115858 Sucks the battery. I could go a whole day before now I’ve got it in the charger 2-3 times a day. Ughhhh. @342218 @115858 @AppleSupport can we please have our ringtones back? @AppleSupport @342216 Alarm clock won't work. Battery dies. I refused update @AppleSupport Sounds like a plan @AppleSupport Love the new location btw https://t.co/HDyzUySM4g @AppleSupport @325308 My phone just shuts it self down for no reason @AppleSupport @325308 It will not go to the next one...stays on the one you just listened to 😡 @AppleSupport I’m using the only keyboard I’ve ever known. It’s not an external it’s the one that comes up when you wanna text @AppleSupport @325308 I’m having a problem with my gmail notifications not updating. It’s always wrong. Tells me I have new emails when I don’t. @AppleSupport @325308 My new iPad Pro is glitching from simple stuff like multiple app drag and drop function, to orientation issues. @AppleSupport @325308 My phone battery is being drained while my Apple charger case is not @AppleSupport @342368 Anyone disappointed in new iPhone 8. Seems like Samsung has been leading after the iPhone 6 @AppleSupport @342368 Should we turn off background refresh? @AppleSupport @342368 Messenger app keeps freezing @AppleSupport @342368 Due to the update, for the first time ever I looked into getting a Samsung. @AppleSupport iPad orientation does not move when the iPad does any longer,  charge don’t last, podcast update is horrible @AppleSupport @342368 Everyone is listing their issues just start reading @AppleSupport!!! @AppleSupport @342368 I have a 6s and am not updating till I read positive reviews on updates or newer phone models.  No DM's necessary. @AppleSupport @342368 My camera keeps switching itself back to live mode even after I turn it off. Live mode won't stay off. @AppleSupport @342368 My Acura no longer downloads my phones address book. @AppleSupport @561553 Gah! @AppleSupport @561553 The public isn't your QA team. These issues should be worked out before official release. All that money and you release a beta version. @AppleSupport @561553 AYFKM? People are CLEARLY tweeting about the issues they are experiencing. You must have been getting tech data from hundreds of users. @AppleSupport @561553 I’m having big problems since the update. Siri has taken over my phone. She’s calling my contacts and being abusive to them. @AppleSupport @561553 When I read your responses, Apple support, it is in the voice of Hal. @AppleSupport @342744 Same issue here.  Software is up to date. iPhone 6 @AppleSupport @354442 Why do you want a DM? Why not list it here so everyone can benefit from what you have to say? @AppleSupport @354442 Automated reply. I was on the phone with them for two hours – they’re acting like they haven’t heard of this. 🙄 @AppleSupport @354442 I just tried to dm but the same thing keeps happening. My iPhone 7 keeps locking up. Would not send my message to you. Happens in all areas @AppleSupport @354442 The keyboard blocks my texts - can’t see what I’m typing @AppleSupport @354442 @43297 @43298 
#inspiration @AppleSupport @354442 never needed support for my $20 android... no problems... @AppleSupport @354442 Given the original tweet, I’m going to assume that we are all using @115858 devices. Many will be saying ‘were using’ soon if this keeps up. @AppleSupport @354442 This sucks!  Others on our phone plan are now getting all my texts sent to their phones.  Don’t want them seeing my texts @AppleSupport @347208 DM you? Haha @applesupport just do some Google and Twitter searches re this update their are specific complaints EVERYWHERE! #applesucks @AppleSupport @559775 Can’t you just come out with another update to fix this? @AppleSupport Already contacted support by phone. Spent time diagnosing and tried various things, restore as new etc.. Nothing worked on either phone @AppleSupport @563430 It’s your updates it is killing everyone’s battery I have nothing even on anymore I can get thru 3pm without it dying @AppleSupport 6.5 and yes v11.0.3 @AppleSupport 6S and yes, v11.0.3 @342395 @AppleSupport @325308 I had the same issue. It might a problem with the battery. @561556 @AppleSupport @561553 AGREED! Phone manufacturers need to stop using the public as beta testers! @561556 @AppleSupport @561553 Problem is the public is lazy and stupid, and doesn’t bother to learn their device. They are great at complaining though... @342370 @AppleSupport @354442 😊😊😊 That’s exactly what they don’t want, of course. @342370 @AppleSupport @354442 How about telling us how to undo this update!!! It is awful, pics hard to save, email visually difficult, everything is huge! @342370 @AppleSupport @354442 I guess none of you realize you are talking to an AppleBot. @342370 @AppleSupport @354442 their looking for $$$... throw that apple in the dumpster and get an Android... @342370 @AppleSupport @354442 uppity and snooty attitude also... @342370 @AppleSupport @354442 Because if it is a DM then nobody will know if they actually address the issue. @342370 @AppleSupport @354442 Possibly they want the one on one for confidentiality &amp; personal conversation. I’m for that. BTY, my iPhone is running great since update. @342373 @AppleSupport @354442 buy a $20 android... @354440 @AppleSupport @354442 apples new feature... keeps people sharp.... @AppleSupport @342395 Yeah, I DMed you and it didn’t help. @AppleSupport @342395 Hey Apple. Fix the problems not one phone at a time @AppleSupport iOS 11.0.3 @AppleSupport @342368 DM, DM, DM. Why not tell everyone? @AppleSupport @342368 I restart every week. This has not changed the issue @AppleSupport @342368 My iPhone locks up. Won’t let me dm. I typed message to you but locks and won’t send. @561600 @342370 @AppleSupport @354442 throw in nearest dumpster and get an Android... @342373 @AppleSupport @354442 Apple does a great job convincing people they need stuff they don't need... @AppleSupport @354440 Same here! Battery life is terrible @AppleSupport In messaging - can’t see my text - covered by keyboard - also the done button does not work @AppleSupport Yes and I think yes. @342370 @AppleSupport @342368 Just DM them, screenshot it and post it. @AppleSupport @342401 Our entire information technology department has warned us not to upgrade to the latest iOS version. Normally they're nagging us to do it @AppleSupport @342401 APPLE NEEDS TO ANSWER MY DM!! Liars!! @AppleSupport 11.0.3",KEYBOARD_TYPING_AUTOCORRECT,BATTERY_CHARGING_POWER,0.6105,"['BATTERY_CHARGING_POWER', 'AUDIO_SOUND_SPEAKER', 'OS_UPDATE_SYSTEM_PERFORMANCE']","[0.6105, 0.0888, 0.0862]",LEXICAL_OVERLAP_AMBIGUITY
"My ipod is having issues loading songs. Oddly only the songs I didnt rip from CDs are affected.  Well played @115858 well played..... @AppleSupport it's likely my hard drive guys, I've worked with you for weeks to figure it out and nothing seems to fix it.  went as high as a senior staff member.  you guys couldn't find anything wrong with your systems. @AppleSupport I was trying to be witty.  because I'm hoping a new hard drive will fix it.  didn't expect you guys to actually answer  :)  tweeting about my problems in a funny ""poke fun at myself"" way. @AppleSupport Im waiting on black friday deals to get a new HD. Already got a new cord, did diagnostics/virus scan nothing fixed it. Moved library to main drive and it transferred. So gonna try a new external this one is from 2015. @AppleSupport If that doesnt work, I will be back. Because the only things left to replace is the actual computer and the actual ipod. Ipod is almost 2 years old now, computer is maybe 3. @AppleSupport Ipod seems fine, laptop seems fine too after i did all that. So gonna try this approach",APP_STORE_PURCHASES_BILLING,GENERAL_DEVICE_INQUIRY,0.1951,"['GENERAL_DEVICE_INQUIRY', 'APP_STORE_PURCHASES_BILLING', 'OS_UPDATE_SYSTEM_PERFORMANCE']","[0.1951, 0.1545, 0.1233]",MULTI_INTENT_COLLISION
"WTF...I can't switch to my new phone because iTunes says the backup from my iPhone 7 isn't compatible with iPhone X. What gives, @AppleSupport? https://t.co/xfyK4jTdUB",APP_STORE_PURCHASES_BILLING,GENERAL_DEVICE_INQUIRY,0.2704,"['GENERAL_DEVICE_INQUIRY', 'APP_STORE_PURCHASES_BILLING', 'ACCOUNT_APPLEID_ICLOUD']","[0.2704, 0.2475, 0.1151]",MULTI_INTENT_COLLISION
"@AppleSupport my headphones don’t want to work properly since updating to iOS 11, please help @AppleSupport They’re working right now",AUDIO_SOUND_SPEAKER,OS_UPDATE_SYSTEM_PERFORMANCE,0.3338,"['OS_UPDATE_SYSTEM_PERFORMANCE', 'AUDIO_SOUND_SPEAKER', 'APP_STORE_PURCHASES_BILLING']","[0.3338, 0.2678, 0.0761]",LEXICAL_OVERLAP_AMBIGUITY
"Trying to reset a fingerprint and @115858 is unable to read it &amp; asking me to try another finger?!? My thumb is my most used finger wtf FIX THIS APPLE!!!! @AppleSupport thanks, appreciate ya! ✊🏽",DISPLAY_TOUCH_SCREEN,GENERAL_DEVICE_INQUIRY,0.3791,"['GENERAL_DEVICE_INQUIRY', 'ACCOUNT_APPLEID_ICLOUD', 'OS_UPDATE_SYSTEM_PERFORMANCE']","[0.3791, 0.1475, 0.1141]",SUBTLE_SYMPTOM_DISTINCTION
"@AppleSupport question! On the #iPhoneX when I receive texts from android users I’ve been experiencing their replies coming double! Any news on why? @AppleSupport I didn’t reply because I was waiting for the 11.2 update and now that I’ve done it, I haven’t experienced the issue I messaged you about. I love Apple 🍎 and I love iPhones 📱 but the iPhone X is the best yet! Thank you! @116333 ❤️ and the team at Apple 🍎 😍❤️❤️❤️",OS_UPDATE_SYSTEM_PERFORMANCE,GENERAL_DEVICE_INQUIRY,0.3096,"['GENERAL_DEVICE_INQUIRY', 'OS_UPDATE_SYSTEM_PERFORMANCE', 'CONNECTIVITY_WIFI_BLUETOOTH']","[0.3096, 0.2484, 0.0705]",LEXICAL_OVERLAP_AMBIGUITY
"My iphone 6s keeps on crashing after the ios11.1.2 update. Help pls @AppleSupport @AppleSupport Thanks @AppleSupport . I disallowed all notifications, backed up the phone and installed iOS 11.2. It’s all good so far.",APP_CRASH_AND_DOWNLOAD,OS_UPDATE_SYSTEM_PERFORMANCE,0.6242,"['OS_UPDATE_SYSTEM_PERFORMANCE', 'APP_CRASH_AND_DOWNLOAD', 'BATTERY_CHARGING_POWER']","[0.6242, 0.1445, 0.0535]",LEXICAL_OVERLAP_AMBIGUITY
"#Xcode crashes when trying to change #UITableView Style to Grouped. Did anyone face this issue before? #iOS #iPhone @115858 #iosDeveloper https://t.co/4g5GOkzDDs @AppleSupport @AppleSupport reported, thanks!",APP_CRASH_AND_DOWNLOAD,OS_UPDATE_SYSTEM_PERFORMANCE,0.2402,"['OS_UPDATE_SYSTEM_PERFORMANCE', 'GENERAL_DEVICE_INQUIRY', 'DISPLAY_TOUCH_SCREEN']","[0.2402, 0.1632, 0.1379]",LEXICAL_OVERLAP_AMBIGUITY
Ok now that iOS 11 is out how do I turn off auto brightness @AppleSupport @AppleSupport I know how to do that but my brightness automatically goes up and down and it’s killing my battery I remember you could turn it off @AppleSupport Thank you,BATTERY_CHARGING_POWER,DISPLAY_TOUCH_SCREEN,0.5923,"['DISPLAY_TOUCH_SCREEN', 'BATTERY_CHARGING_POWER', 'HOW_TO_SETTINGS_CONFIGURATION']","[0.5923, 0.2938, 0.0698]",LEXICAL_OVERLAP_AMBIGUITY
Started my MacBook software update. Then this happened..... and it is still going on! What now? 🙈 @115858 https://t.co/uLXZh2D1Jf @AppleSupport Thank you but the screen won’t even switch on...... I am taking it in tomorrow @AppleSupport Read the entire document 🙈 and now trying the recovery. Thank you for your assistance! @AppleSupport Thank you! All sorted! You guys are awesome!,DISPLAY_TOUCH_SCREEN,OS_UPDATE_SYSTEM_PERFORMANCE,0.2726,"['OS_UPDATE_SYSTEM_PERFORMANCE', 'DISPLAY_TOUCH_SCREEN', 'GENERAL_DEVICE_INQUIRY']","[0.2726, 0.2251, 0.2065]",LEXICAL_OVERLAP_AMBIGUITY
"I wanted to say the #iPhoneX is awesome but I can’t. It sucks; no one can hear me &amp; it does not play voicemails. Stores won’t take it back. @AppleSupport @115858 @115714 @AppleSupport Thank you, will do right now.",AUDIO_SOUND_SPEAKER,GENERAL_DEVICE_INQUIRY,0.3111,"['GENERAL_DEVICE_INQUIRY', 'AUDIO_SOUND_SPEAKER', 'APP_STORE_PURCHASES_BILLING']","[0.3111, 0.2156, 0.0905]",MULTI_INTENT_COLLISION
"@AppleSupport how do I add my battery percentage to always show on iPhone X? @AppleSupport @782215 Where? https://t.co/VcfklJgSay @AppleSupport No.  I want it show in the header like I could with every other iPhone. :/ @782216 @AppleSupport @782215  https://t.co/IDwrpeZPn3 @782217 @AppleSupport @782215 Thanks! @AppleSupport No. There is no option for it on the 10. The option is missing.  Needs to be added in fir the next update please. https://t.co/MzDysxVJiW @782216 @782217 @AppleSupport Yeah, but it should be on the main screen. I don’t like to have to access it. :/ @AppleSupport I already did DM you. There isn’t a solution for it. Please add it to the next update. :)",BATTERY_CHARGING_POWER,DISPLAY_TOUCH_SCREEN,0.2951,"['DISPLAY_TOUCH_SCREEN', 'BATTERY_CHARGING_POWER', 'HOW_TO_SETTINGS_CONFIGURATION']","[0.2951, 0.2774, 0.1573]",LEXICAL_OVERLAP_AMBIGUITY
"@AppleSupport hello, I've received an email which I think is spam, do you have a department that deals with phishing emails? I can't see any details in my Apple account relating to the subscription I've apparently taken out - I've not clicked anything in the email. @AppleSupport Great, thanks! It is a phishing email - don't know why I didn't just check the email address it came from! D'oh! Have sent it on to the phishing email address anyway.",APP_STORE_PURCHASES_BILLING,GENERAL_DEVICE_INQUIRY,0.4514,"['GENERAL_DEVICE_INQUIRY', 'ACCOUNT_APPLEID_ICLOUD', 'APP_STORE_PURCHASES_BILLING']","[0.4514, 0.2366, 0.1585]",SUBTLE_SYMPTOM_DISTINCTION
"By the way in running on an old mbp retina 13-inch, late 2012. @AppleSupport @115858 @AppleSupport Thanks! I solved the problem. There were too many devices connected via bluetooth. It was slowing down my cursor movement. Thanks again!",CONNECTIVITY_WIFI_BLUETOOTH,GENERAL_DEVICE_INQUIRY,0.3021,"['GENERAL_DEVICE_INQUIRY', 'CONNECTIVITY_WIFI_BLUETOOTH', 'OS_UPDATE_SYSTEM_PERFORMANCE']","[0.3021, 0.2413, 0.077]",MULTI_INTENT_COLLISION
"@AppleSupport can u please fix the bug for iphone 6 and lower in which whenevr u restart the phone, notifications for unread messages keep poping up even though messages are months old. @AppleSupport V 11.0.2",KEYBOARD_TYPING_AUTOCORRECT,OS_UPDATE_SYSTEM_PERFORMANCE,0.4076,"['OS_UPDATE_SYSTEM_PERFORMANCE', 'KEYBOARD_TYPING_AUTOCORRECT', 'APP_CRASH_AND_DOWNLOAD']","[0.4076, 0.1689, 0.0955]",SUBTLE_SYMPTOM_DISTINCTION
"@AppleSupport Can you help me with a 10.5” iPad Pro Apple keyboard bug? Type but no output on screen. Happens about three times a day. Toggling to lock screen and back helps. Also, once a week it starts deleting text like you’re holding delete key. Would appreciate any help. @AppleSupport Hi. It looks like it’s resolved but thank you. D @AppleSupport Thanks. Running 11.1.2. Noticed for ages, months.",KEYBOARD_TYPING_AUTOCORRECT,DISPLAY_TOUCH_SCREEN,0.4527,"['DISPLAY_TOUCH_SCREEN', 'KEYBOARD_TYPING_AUTOCORRECT', 'BATTERY_CHARGING_POWER']","[0.4527, 0.436, 0.025]",MULTI_INTENT_COLLISION
"Anyone else’s iPhone running like a heap of shit since software upgrade? @AppleSupport @AppleSupport I would like to say thanks to Apple support, down loading OS 11.1 has fixed the bugs.",GENERAL_DEVICE_INQUIRY,OS_UPDATE_SYSTEM_PERFORMANCE,0.207,"['OS_UPDATE_SYSTEM_PERFORMANCE', 'GENERAL_DEVICE_INQUIRY', 'DISPLAY_TOUCH_SCREEN']","[0.207, 0.1724, 0.1225]",MULTI_INTENT_COLLISION
@AppleSupport ay man yall wrong for freezing my phone and deleting all my messages! @AppleSupport Say no more. Thank you.,APP_CRASH_AND_DOWNLOAD,GENERAL_DEVICE_INQUIRY,0.4601,"['GENERAL_DEVICE_INQUIRY', 'OS_UPDATE_SYSTEM_PERFORMANCE', 'APP_CRASH_AND_DOWNLOAD']","[0.4601, 0.1425, 0.1412]",APP_CRASH_VS_SYSTEM_PERFORMANCE
Why is this “ I️n “ still even a thing??? Shouldn’t @115858 have fixed I️t yet @AppleSupport @4150 bless you,KEYBOARD_TYPING_AUTOCORRECT,GENERAL_DEVICE_INQUIRY,0.672,"['GENERAL_DEVICE_INQUIRY', 'KEYBOARD_TYPING_AUTOCORRECT', 'OS_UPDATE_SYSTEM_PERFORMANCE']","[0.672, 0.1084, 0.0552]",SUBTLE_SYMPTOM_DISTINCTION
"@AppleSupport @115948 a lot of my music is “Unavailable” unless I delete it and re add it to my playlist/music library is there a way around this so I don’t have to do this for 100 songs https://t.co/b75R3OnXKN @AppleSupport Neat yeah I had to turn off and on the ICloud music, thanks much appreciated!",ACCOUNT_APPLEID_ICLOUD,APP_STORE_PURCHASES_BILLING,0.5123,"['APP_STORE_PURCHASES_BILLING', 'ACCOUNT_APPLEID_ICLOUD', 'CONNECTIVITY_WIFI_BLUETOOTH']","[0.5123, 0.3253, 0.0281]",SUBTLE_SYMPTOM_DISTINCTION
.@AppleSupport $78 or $79 accidental purchase..please assist. @AppleSupport Thanks,APP_STORE_PURCHASES_BILLING,GENERAL_DEVICE_INQUIRY,0.3681,"['GENERAL_DEVICE_INQUIRY', 'APP_STORE_PURCHASES_BILLING', 'OS_UPDATE_SYSTEM_PERFORMANCE']","[0.3681, 0.3267, 0.0616]",MULTI_INTENT_COLLISION
"@115858 - please fix this problem with ios 11.1.2 https://t.co/0t8fpSJWyE @AppleSupport Issue is on iPhone6s. I am facing issue for email alerts. @AppleSupport Gmail aap.  Last email notification has issue. PFB new snapshot. Please fix it.
Device : iPhone6s https://t.co/05XKxOG9i2 @766048 @AppleSupport Money, Love and Luck.. Looks like you are into everything. 👍 @AppleSupport Its resolved",OS_UPDATE_SYSTEM_PERFORMANCE,KEYBOARD_TYPING_AUTOCORRECT,0.272,"['KEYBOARD_TYPING_AUTOCORRECT', 'GENERAL_DEVICE_INQUIRY', 'OS_UPDATE_SYSTEM_PERFORMANCE']","[0.272, 0.2104, 0.2046]",LEXICAL_OVERLAP_AMBIGUITY
Gutted my #iphone6Plus has died completely after update @115858 I can't even get life linking it to #Mac - can you help? please! @AppleSupport Thank you so much - have sent the details. Much appreciated,OS_UPDATE_SYSTEM_PERFORMANCE,GENERAL_DEVICE_INQUIRY,0.3103,"['GENERAL_DEVICE_INQUIRY', 'OS_UPDATE_SYSTEM_PERFORMANCE', 'KEYBOARD_TYPING_AUTOCORRECT']","[0.3103, 0.2363, 0.0866]",LEXICAL_OVERLAP_AMBIGUITY
Hi! @AppleSupport AirPods appear to be either not charging correctly or losing battery fast. This is recent behavior. (1) @AppleSupport Less than half an hour on the phone. I'll have to observe and report back to see if it continues. Thanks.,AUDIO_SOUND_SPEAKER,BATTERY_CHARGING_POWER,0.8195,"['BATTERY_CHARGING_POWER', 'AUDIO_SOUND_SPEAKER', 'GENERAL_DEVICE_INQUIRY']","[0.8195, 0.0678, 0.0304]",SUBTLE_SYMPTOM_DISTINCTION
Since #iOS11 my notifications have been messed up. Can you sort it out please @115858 @AppleSupport It’s not everyday what version. Bye.,KEYBOARD_TYPING_AUTOCORRECT,OS_UPDATE_SYSTEM_PERFORMANCE,0.3115,"['OS_UPDATE_SYSTEM_PERFORMANCE', 'KEYBOARD_TYPING_AUTOCORRECT', 'GENERAL_DEVICE_INQUIRY']","[0.3115, 0.2697, 0.1047]",LEXICAL_OVERLAP_AMBIGUITY
"@AppleSupport My iPhone won't backup to iCloud whenever I plug in. I've been trying all week and nothing will work. When I go to settings and click back up now, it never finishes. Would resetting all the settings fix things? @AppleSupport I've never backed up to iTunes, but yes I have a Mac that has iTunes and I've considered doing that before I reset the settings. But I bought this phone about 3 or 4 months ago, its a 7 plus, and it's never been backed up. @AppleSupport Im attempting a backup now. Got about 2 hours left but thought I'd try it again and set the lock screen to never so I can keep an eye on it. but when I've done it before, all it's told me is that the backup couldn't be completed @AppleSupport hey guys, the backup I did worked... but is there a way to make sure that it back ups automatically when I plug my phone in?",DISPLAY_TOUCH_SCREEN,ACCOUNT_APPLEID_ICLOUD,0.4732,"['ACCOUNT_APPLEID_ICLOUD', 'DISPLAY_TOUCH_SCREEN', 'APP_STORE_PURCHASES_BILLING']","[0.4732, 0.1388, 0.092]",SUBTLE_SYMPTOM_DISTINCTION
"@115858 @AppleSupport my phone is freezing after this new update. When I go through suspended apps and select one it stops. Have to press home button twice then unlock, kill app and reopen",ACCOUNT_APPLEID_ICLOUD,OS_UPDATE_SYSTEM_PERFORMANCE,0.3503,"['OS_UPDATE_SYSTEM_PERFORMANCE', 'APP_CRASH_AND_DOWNLOAD', 'DISPLAY_TOUCH_SCREEN']","[0.3503, 0.33, 0.0697]",LEXICAL_OVERLAP_AMBIGUITY
You’ve been complaining about this for 30 minutes now. Come on https://t.co/dfCHdkA5rA @503153 I’m hoping @115858 will hear my complaints too and fixed it 😉🙃,AUDIO_SOUND_SPEAKER,GENERAL_DEVICE_INQUIRY,0.4505,"['GENERAL_DEVICE_INQUIRY', 'AUDIO_SOUND_SPEAKER', 'OS_UPDATE_SYSTEM_PERFORMANCE']","[0.4505, 0.15, 0.1172]",SUBTLE_SYMPTOM_DISTINCTION
"@AppleSupport hey guys, the native music app crashes continually. I wouldn’t  restore my iphone. Any suggestion? @AppleSupport Thank you for helping. I just fixed it by updating to iO11.2",APP_CRASH_AND_DOWNLOAD,APP_STORE_PURCHASES_BILLING,0.482,"['APP_STORE_PURCHASES_BILLING', 'APP_CRASH_AND_DOWNLOAD', 'GENERAL_DEVICE_INQUIRY']","[0.482, 0.1736, 0.1006]",SUBTLE_SYMPTOM_DISTINCTION
"Not at all happy with @115858 iOS 11.0.3. Updated yesterday, already had phone lock up twice, and WiFi connections are #fubar. Should have stuck with iOS 10 for my #iphone 7. @AppleSupport If I can’t connect to a WiFi, I turn it off so the phone’s battery doesn’t drain. iOS 11.0.3 will automatically turn WiFi back on and try to connect to new network. That defeats the entire purpose of turning it off. @AppleSupport Then why even have the option to turn it off when you swipe to the right from the home screen? @AppleSupport Will @AppleSupport address this in the next iOS update?",BATTERY_CHARGING_POWER,CONNECTIVITY_WIFI_BLUETOOTH,0.8678,"['CONNECTIVITY_WIFI_BLUETOOTH', 'BATTERY_CHARGING_POWER', 'DISPLAY_TOUCH_SCREEN']","[0.8678, 0.0879, 0.0274]",LEXICAL_OVERLAP_AMBIGUITY
"@AppleSupport Been facing this weird animation bug on iMessage and mail app ever since I updated to ios 11 on my iPhone 6 which has now carried over to my iPhone X. Only a reboot fixes this! I have tried resetting my settings but to no avail.Been driving me crazy!Any suggestions? https://t.co/QpvFZimUwJ @AppleSupport This issue was present even on my iPhone 6 and after updating to ios 11. After purchasing my iPhone X, I set it up from an iCloud backup of my iPhone 6. I still face the issue intermittently and it typically crops up every 2-3 days. It goes away only after rebooting the phone. @AppleSupport I did a settings reset on my phone which did not work.Also,closing the app from the app switching screen does not resolve the issue. I have been trying to isolate the cause which might be doing this but so far have failed to figure anything out.It seems to pop up randomly so far. @AppleSupport Thanks. I'll keep an eye out and try to isolate the cause. It might be due to some rogue app!!",DISPLAY_TOUCH_SCREEN,OS_UPDATE_SYSTEM_PERFORMANCE,0.3114,"['OS_UPDATE_SYSTEM_PERFORMANCE', 'DISPLAY_TOUCH_SCREEN', 'CONNECTIVITY_WIFI_BLUETOOTH']","[0.3114, 0.1838, 0.1206]",LEXICAL_OVERLAP_AMBIGUITY
"@AppleSupport Can @115858 implement a shortcut ""low power mode"" to the quick access icons 🙏 https://t.co/7c5hxjSKJd @AppleSupport 6; 10.3.2. I mean, even @198874 has this feature. 😂 @AppleSupport Nice 👌",HOW_TO_SETTINGS_CONFIGURATION,GENERAL_DEVICE_INQUIRY,0.2773,"['GENERAL_DEVICE_INQUIRY', 'HOW_TO_SETTINGS_CONFIGURATION', 'OS_UPDATE_SYSTEM_PERFORMANCE']","[0.2773, 0.1636, 0.1305]",SETTINGS_VS_GENERAL_DISAMBIGUATION
Yo why tf y’all ain’t fix this I️t shit yet @115858,KEYBOARD_TYPING_AUTOCORRECT,GENERAL_DEVICE_INQUIRY,0.8325,"['GENERAL_DEVICE_INQUIRY', 'KEYBOARD_TYPING_AUTOCORRECT', 'OS_UPDATE_SYSTEM_PERFORMANCE']","[0.8325, 0.0461, 0.0342]",SUBTLE_SYMPTOM_DISTINCTION
@AppleSupport Gmail via exchange stopped syncing. So deleted to add via Google in Add Account. Logged in but window closes immediately wo finishing setup. Pls advise. @AppleSupport Went to store and sorted it out. Tx,APP_CRASH_AND_DOWNLOAD,GENERAL_DEVICE_INQUIRY,0.2771,"['GENERAL_DEVICE_INQUIRY', 'APP_STORE_PURCHASES_BILLING', 'ACCOUNT_APPLEID_ICLOUD']","[0.2771, 0.1896, 0.1308]",APP_CRASH_VS_SYSTEM_PERFORMANCE
"@115858 why is my phone constantly freezing? help?? @AppleSupport Like i’ll be watching youtube and every 5 minuets it freezes my phone and i have to turn lock the phone again, for it to take another 2 minuets for the lockscreen to work and let me on the phone. it’s never happened before so i don’t think it’s a problem with the phone. :| @AppleSupport No not really. @AppleSupport Thanks!!",APP_CRASH_AND_DOWNLOAD,OS_UPDATE_SYSTEM_PERFORMANCE,0.1964,"['OS_UPDATE_SYSTEM_PERFORMANCE', 'DISPLAY_TOUCH_SCREEN', 'BATTERY_CHARGING_POWER']","[0.1964, 0.1414, 0.1129]",APP_CRASH_VS_SYSTEM_PERFORMANCE
@AppleSupport what’s with the “i “ autocorrection to i️,GENERAL_DEVICE_INQUIRY,OS_UPDATE_SYSTEM_PERFORMANCE,0.3348,"['OS_UPDATE_SYSTEM_PERFORMANCE', 'GENERAL_DEVICE_INQUIRY', 'ACCOUNT_APPLEID_ICLOUD']","[0.3348, 0.2557, 0.0694]",MULTI_INTENT_COLLISION
"Since the latest iOS update my phone keeps turning WiFi back on after I’ve disabled it. Anyone @AppleSupport seen this before? @160214 @AppleSupport mine keeps changing my screen brightness ? @AppleSupport no, i think it was 11.01 @AppleSupport updating to iOS 11.0.2 didn’t fix it ... still changing my screen brightness @160213 @AppleSupport Turn off auto brightness in settings, iOS 11 turns it back on for some weird reason 🙄 @173694 @AppleSupport thank you Haseena, but i don’t seem to have an option to switch it off ? just the slider thingy https://t.co/sCNZm2dLQG @160213 @AppleSupport Go into accessibility from settings then go onto display accommodations and see if your auto brightness is on :) https://t.co/9JZRdS1eyn @AppleSupport i eventually found it, but it would be much better if it was actually with the screen brightness slider, Apple need to think logically @160213 @173694 @AppleSupport They’ve moved it to accessibility now. Auto brightness. Not the actual brightness. Makes perfect sense. @173694 @AppleSupport thank you Haseena ... it’s worked 😊 @173695 @173694 @AppleSupport whoever thought it was a good idea to move it, should be fired for being completely incompetent @160213 @173694 @AppleSupport Yep. It’s clearly a display setting.",CONNECTIVITY_WIFI_BLUETOOTH,DISPLAY_TOUCH_SCREEN,0.9585,"['DISPLAY_TOUCH_SCREEN', 'CONNECTIVITY_WIFI_BLUETOOTH', 'BATTERY_CHARGING_POWER']","[0.9585, 0.0184, 0.0057]",LEXICAL_OVERLAP_AMBIGUITY
So is Apple just not gonna fix this I️ “I️” thing? @AppleSupport it’s really messing up my text flow!! @AppleSupport Thank you. Just took the update.,OS_UPDATE_SYSTEM_PERFORMANCE,GENERAL_DEVICE_INQUIRY,0.3543,"['GENERAL_DEVICE_INQUIRY', 'OS_UPDATE_SYSTEM_PERFORMANCE', 'KEYBOARD_TYPING_AUTOCORRECT']","[0.3543, 0.3413, 0.1109]",LEXICAL_OVERLAP_AMBIGUITY
"@AppleSupport I'm trying to recover my mom's iphone account can I speed up the process by going in store? The current recovery date is Dec 4th. @AppleSupport Thank you. So after the account recovery is successful I should be able to log her into a new iPhone? Her phone was lost so I'm trying to transfer service to another one. @AppleSupport Another question, if we buy her a new iPhone will this problem prevent it from being activated (or being used as a phone with her existing number)? @AppleSupport Ok, thank you for all your help.",GENERAL_DEVICE_INQUIRY,ACCOUNT_APPLEID_ICLOUD,0.3605,"['ACCOUNT_APPLEID_ICLOUD', 'GENERAL_DEVICE_INQUIRY', 'OS_UPDATE_SYSTEM_PERFORMANCE']","[0.3605, 0.2376, 0.0879]",MULTI_INTENT_COLLISION
Seen this pop up in #iOS11 on #iPhone? Help! Repeatedly popping up every 90 seconds. Super annoying! @AppleSupport @316189 https://t.co/FoTTPToIX3 @AppleSupport Thanks for offering to help. I can’t recall a recent purchase. Is there a way to check in AppStore if something is attempting to download and failing?,APP_STORE_PURCHASES_BILLING,GENERAL_DEVICE_INQUIRY,0.2808,"['GENERAL_DEVICE_INQUIRY', 'OS_UPDATE_SYSTEM_PERFORMANCE', 'APP_STORE_PURCHASES_BILLING']","[0.2808, 0.1804, 0.1735]",LEXICAL_OVERLAP_AMBIGUITY
"@AppleSupport if I have a streak going on my watch series2, then I upgrade to watch series 3 &amp; restore backup, do I lose or keep streak? @AppleSupport Okay cool, thanks for the info guys. I appreciate it a lot. 😊👍",OS_UPDATE_SYSTEM_PERFORMANCE,GENERAL_DEVICE_INQUIRY,0.3877,"['GENERAL_DEVICE_INQUIRY', 'OS_UPDATE_SYSTEM_PERFORMANCE', 'ACCOUNT_APPLEID_ICLOUD']","[0.3877, 0.0965, 0.0944]",SUBTLE_SYMPTOM_DISTINCTION
"@AppleSupport cant make or hear phone calls since the iOS 11.03 update along with a list of other faults. When’s the next one with fixes? @AppleSupport Didn’t work, it worked fine before the update.",AUDIO_SOUND_SPEAKER,OS_UPDATE_SYSTEM_PERFORMANCE,0.4945,"['OS_UPDATE_SYSTEM_PERFORMANCE', 'AUDIO_SOUND_SPEAKER', 'CONNECTIVITY_WIFI_BLUETOOTH']","[0.4945, 0.3631, 0.0355]",LEXICAL_OVERLAP_AMBIGUITY
"@AppleSupport hi, are you able to make the app animation the same like ios10 I’m getting headaches from changing apps &amp; Dots for connection @AppleSupport It’s much better now thanks. Still not the same like iOS 10 😢 but it’s better.  I really miss the dots for the cellphone cornectin.",CONNECTIVITY_WIFI_BLUETOOTH,OS_UPDATE_SYSTEM_PERFORMANCE,0.1765,"['OS_UPDATE_SYSTEM_PERFORMANCE', 'GENERAL_DEVICE_INQUIRY', 'KEYBOARD_TYPING_AUTOCORRECT']","[0.1765, 0.1725, 0.1127]",LEXICAL_OVERLAP_AMBIGUITY
"My I Phone 7 hot spot is not connecting my laptop or any other devices 

@AppleSupport @115858 @AppleSupport No... it is not connecting at all... not showing any msg... plz help @AppleSupport  https://t.co/SB86Vr94FX @AppleSupport Steps given in DM were not useful. Plz solve my problem as I am in big trouble coz can not use internet @AppleSupport Thanks a lot for all your help. Problem is solved. Proud i Phone user",BATTERY_CHARGING_POWER,GENERAL_DEVICE_INQUIRY,0.3759,"['GENERAL_DEVICE_INQUIRY', 'CONNECTIVITY_WIFI_BLUETOOTH', 'BATTERY_CHARGING_POWER']","[0.3759, 0.129, 0.1057]",SUBTLE_SYMPTOM_DISTINCTION
"@115858 my iPhone is frozen. Can’t hard reset. Screen isn’t registering my touch. FIGURE YOUR UPDATES OUT @AppleSupport Thank you. No I️t still won’t work while plugged in the power. The phone asks to type in my password, and only takes a screen shot when I attempt to force restart @AppleSupport And now my work phone, from which I’m tweeting from now, is having that weird ! ? Error",KEYBOARD_TYPING_AUTOCORRECT,DISPLAY_TOUCH_SCREEN,0.8399,"['DISPLAY_TOUCH_SCREEN', 'ACCOUNT_APPLEID_ICLOUD', 'AUDIO_SOUND_SPEAKER']","[0.8399, 0.0392, 0.0247]",LEXICAL_OVERLAP_AMBIGUITY
"@115858 @AppleSupport hey guys, I recently receive this email and I just want to know if this is real or fake...looks kind a unreal for me https://t.co/Gvxg1c21uH @115858 @AppleSupport I’m a little worried to be honest...so i appreciate the support with my doubt, because I don’t want to be in trouble with my account. Tks @115858 @AppleSupport After receive that email, I checked all the info in settings, iCloud and all that I receive is a message like this...please help!😢 https://t.co/at1VSVC8Hj @115858 @AppleSupport Beyond all that, my phone is working normally...please give some information and assistance about this situation. Tks 🙏🙏🙏 @115858 @AppleSupport This is what I can see about the email address after hit in the FROM icon of this message...I don’t think is legit... https://t.co/pAUIkWWJnt @115858 @AppleSupport This is the complete information about that email in the last image:

__email__

Help 🙏😢😰 @AppleSupport Thank you so much guys! Indeed, was a phishing email...the link that you send me with the information about was so helpful in this case 👌👍👊",ACCOUNT_APPLEID_ICLOUD,GENERAL_DEVICE_INQUIRY,0.416,"['GENERAL_DEVICE_INQUIRY', 'ACCOUNT_APPLEID_ICLOUD', 'APP_STORE_PURCHASES_BILLING']","[0.416, 0.3805, 0.0469]",MULTI_INTENT_COLLISION
"@AppleSupport Do you guys know if the in-app purchase service is down? I haven’t been able to buy anything in-app for a few days now. @AppleSupport It’s every app I’ve tried but specifically Fire Emblem: Heroes, PlayerXtreme, and Organ Trial @AppleSupport And the iPhone 7 Plus @AppleSupport Awesome, thank you!",CONNECTIVITY_WIFI_BLUETOOTH,APP_STORE_PURCHASES_BILLING,0.4065,"['APP_STORE_PURCHASES_BILLING', 'GENERAL_DEVICE_INQUIRY', 'CONNECTIVITY_WIFI_BLUETOOTH']","[0.4065, 0.1204, 0.095]",SUBTLE_SYMPTOM_DISTINCTION
"tfw - your iPad won’t charge &amp; the @115858 store genius bar has no appts. until tomorrow. https://t.co/3KhXdun0Ft @AppleSupport Yes, I’ve done all that and tried *several* Apple approved lightning cords. It charges *very* slowly or not at all. @AppleSupport just sent you the DM, thank you for reaching out.",BATTERY_CHARGING_POWER,GENERAL_DEVICE_INQUIRY,0.2817,"['GENERAL_DEVICE_INQUIRY', 'BATTERY_CHARGING_POWER', 'APP_STORE_PURCHASES_BILLING']","[0.2817, 0.277, 0.0971]",MULTI_INTENT_COLLISION
"Hey @AppleSupport where did visual voicemail go with iOS 11?! Um, am I missing something here?! @AppleSupport I have T-Mobile and this is what my visual voicemail on iOS 11 shows now that I updated my iPhone 6s https://t.co/WqJ2F0r8XH @AppleSupport I did the reset of network setting many times now @AppleSupport iOS 11.2 beta 5 fixed the issue with visual voicemail being inaccessible! Thanks for the help this morning! Cheers xx ❤️🤙🏻 @177578 @AppleSupport Not for me, I wish it was fixed.",CONNECTIVITY_WIFI_BLUETOOTH,OS_UPDATE_SYSTEM_PERFORMANCE,0.561,"['OS_UPDATE_SYSTEM_PERFORMANCE', 'CONNECTIVITY_WIFI_BLUETOOTH', 'KEYBOARD_TYPING_AUTOCORRECT']","[0.561, 0.1542, 0.0654]",LEXICAL_OVERLAP_AMBIGUITY
"Am I the only one that finds @115858 safari tracks my location even though my phone location is always switched off along with my internet location .. it really is frustrating! 😤 @AppleSupport Morning, I've got the 10.3.2 I tried updating before but it wouldn't let me do I just left it as 🤷🏾‍♀️ @AppleSupport Hiya, so before when I tried to update. It had the notification alert on. But when it checked for an update it said the phone is up to date. It’s a model 6 and I’ve just managed to get it to update :)",APP_STORE_PURCHASES_BILLING,OS_UPDATE_SYSTEM_PERFORMANCE,0.3662,"['OS_UPDATE_SYSTEM_PERFORMANCE', 'CONNECTIVITY_WIFI_BLUETOOTH', 'KEYBOARD_TYPING_AUTOCORRECT']","[0.3662, 0.1521, 0.0829]",LEXICAL_OVERLAP_AMBIGUITY
"Dear @AppleSupport, we noticed a *HUGE* security issue at MacOS High Sierra. Anyone can login as ""root"" with empty password after clicking on login button several times. Are you aware of it @115858? @135589 @AppleSupport @115858 it's even worse after the latest security update. the system login as administrator automatically after restart or shutdown. without asking for password.???????????😯 @AppleSupport @115858 You can access it via System Preferences&gt;Users &amp; Groups&gt;Click the lock to make changes. Then use ""root"" with no password. And try it for several times. Result is unbelievable! https://t.co/m11qrEvECs @135589 @AppleSupport @115858 Not even multiple times, just hit enter, and off it goes... @135589 @AppleSupport @115858 I can confirm the behavior on my machine running 10.13.1. Absolutely unbelievable! @135589 @AppleSupport @115858 Confirmed on multiple machines. You can set a password for the root account to mitigate in the short term, but this is pretty serious :/ @135589 @AppleSupport @115858 Works with Keychain Access... OMG @135589 @AppleSupport @115858 Same goes for keychain as well as sensitive root level access items.

Really surprised @115858 didn't discover this in security QA.

What gives @115858 ? https://t.co/BRPRr5g8Zv @135589 @AppleSupport @115858 I keep getting requests to upgrade to High Sierra.  Maybe those requests should stop until you fix this bug? @135589 @157036 @AppleSupport @115858 Um, not on High Sierra machines at my work - are you sure that isn’t someone’s management setup (as bad as that is)? @135589 @AppleSupport @115858 Confirmed in High Sierra 10.13.1.
Must click really fast, but it can be reproduced rather easily @135589 @AppleSupport @115858 Everyone with a Mac needs to set a root password NOW.
As a user with admin access, type the following command from the Terminal.

sudo passwd -u root

Enter your password then a new password for the root user.
Anyone got a better fix?
@157036 @805468 @15555 @135589 @295241 @AppleSupport @115858 Can confirm on 10.13.2 Beta (17C79a) that's pretty bad @135589 @AppleSupport @115858 Multiple times? :D https://t.co/IIUbaQdWkc @135589 @AppleSupport @115858 No need to try it several times. Just type in `root` and press enter. https://t.co/1s7xwBV8An @135589 @AppleSupport @115858 @135589 how can you change the root password? @AppleSupport @135589 While you are fixing OS X, could you also make ""Automatically adjust brightness"" checkbox ""off"" state work again? @AppleSupport @135589 It also crashed my 2012 macbook pro within 1 month of installation. Login would reset and eventually could not be accessed at all had to use Recovery, still didn't work Firmly believe you guys did this to get people off computer that allowed new hard drive installation #THECLOUD @AppleSupport @135589 Dear #Apple, I hope you don't even pay him any money for making this vulnerability public BEFORE giving you the opportunity to fix it. What an amateur! @AppleSupport @135589 There are many ppl on this thread. Act like humans, stop telling users to DM you here. Ffs. @805193 @135589 @AppleSupport @115858 Sometimes works the first time, sometimes takes a few tries.

Something's rotten in the authentication layer! @805191 @135589 @157036 @AppleSupport @115858 It works for us. This is not gr8. @805191 @135589 @157036 @AppleSupport @115858 100000% true and tested and it give us full control over Apple device #quitApple @805191 @135589 @157036 @AppleSupport @115858 I can’t login from a restart with just root, but I can unlock sys pref with it. @805467 @135589 @AppleSupport @115858 @157036 @805468 @15555 Can confirm this works fine to stop the problem for now. cc @218968 https://t.co/mahAbIdhKA @788097 @AppleSupport @135589 Reset your SMC. @788097 @AppleSupport @135589 And every Bluetooth keyboard that for some reason needs to be reconnected EVERY TIME now. @696964 @135589 @AppleSupport @115858 And as someone else stated, I was even able to login from main login windows using root and no password just hit enter….serious bug! @218968 @805191 @135589 @157036 @AppleSupport @115858 Just checked, works, on first try.

This is not good. @AppleSupport @805160 reported for spam @AppleSupport @166518 Get outta here Apple you fucked up own up to it Publically for a change. @804173 @788097 @AppleSupport @135589 sure, resetting SMC is exactly the user friendly fix we all expect from Apple. @804174 @788097 @AppleSupport @135589 Reset your expectations. @804174 @804173 @788097 @AppleSupport @135589 it literally takes about three seconds, and if it fixes your issue: it’s not the OS’ fault. @AppleSupport @805168 It's not a bug it's a feature.. you wanted to login.. so you can just click login a few times and there you go your logged in 😊 @AppleSupport @805168 I mean, the whole internet kinda wants to know now, so maybe meet us here? @AppleSupport In case anyone who sees this doesn't know how to fix this (at least temporarily) or haven't seen the fix posted elsewhere, here's how to - 

https://t.co/X5sHlmkzVl @AppleSupport @805168 My computer was just hacked and the hacker transferred 86,000 dollars out of my bank account!!!!! PISSSEEEEDDDDDD!!!! @AppleSupport @805168 Doesn’t sound automated and robotic at all! @AppleSupport @805168 This is the same message I got regarding its stocks app. They want your full personal info even though the problem is obvious and affects everyone. They won’t look into anything unless you provide them with your personal info. @AppleSupport @805168 We want to know too. Keep it public please. @AppleSupport @805168 Also, someone apparently hacked your design labs, and removed the Headphone Jack from the iPhone. It appears to have gone unnoticed for the last few builds. @AppleSupport @805168 Time to hackkkkkkkkkkkkk something 🤔 @AppleSupport @805168 I replicated this every time on my 2016 MBP. This in no way can be classified as a ""BUG"". @AppleSupport @805168 Зачем вам какие-то данные кроме версии системы? @AppleSupport @805168 By ""together"" you mean, the millions of users to whom you ever sold a mac ? (As you strut about your computers being always updated with the latest system : high sierrra, the one with the big whole in it)... @AppleSupport @805168 Corporate speak bollox! @AppleSupport your Tweet was quoted in an article by @121927  https://t.co/YbHNYniK4E @AppleSupport @805168 hopefully you guys are also working hard on IOS 11, too many problems to mention.......NOT GOOD! @AppleSupport @805168 *slides in dms like* https://t.co/NKYqQVot1e @AppleSupport @805168 Being honest here @AppleSupport you guys need to hire somebody who understands critical bugs. I've reported several critical bugs to you and you always give this ""how can we help you troubleshoot"" response that is dramatically ignorant. @AppleSupport @805168 just tried on my mac, worked the first time. This isn't great. @AppleSupport @805168 But macs dont get hacked? @804173 @804174 @788097 @AppleSupport @135589  https://t.co/dMoQBN9XGk @804173 @804174 @788097 @AppleSupport @135589 For the prices Apple charge, my expectations are that it just works @804173 @788097 @AppleSupport @135589 haha yeah i will. @805171 @AppleSupport @805168 Would be kinda translucent… @805171 @AppleSupport @805168 LOOOOOOOOOOOL!!!! @805171 @AppleSupport @805168 LOL, well put. @805171 @AppleSupport @805168 😂 @805171 @AppleSupport @805168 this cool ""hey we'll meet you there bucko"" like someone just texted you abt a party instead of immediately addressing the point is sickening @805171 @AppleSupport @805168 ..... following with interest! 
Reaching out to the customer without a DM!
I think I'll have a ringside seat! @805171 @AppleSupport @805168 wasnt sure how to feel about responsible disclosure vs public shame argument, guess this makes it kind of easy lol. 🤦‍♂️🤦‍♂️🤦‍♂️🤦‍♂️

https://t.co/Xn7PMqTeaB @805171 @AppleSupport @805168 Becomes hard to criticize android or any other platform for keeping our user data, when Mac OS just hands it to everyone on a silver platter with bugs like this.... @805168 @AppleSupport Can confirm. Don't disable root user because OSX reenables it after a few login attempts. @AppleSupport @805168 Also the hacker uninstalled iTunes somehow.

He can keep the 86,000 dollars. It's worth it. @682279 @AppleSupport @805168 Same for @113638 Won't act on a bug report unless you give them your license info. Very poor! @234108 @AppleSupport @805168 Your doing it wrong.. apple support is not the route 😉 @805189 @AppleSupport Software update that fixes this is available, update ASAP. @804176 @804173 @804174 @788097 @AppleSupport @135589 Man is salty @805176 @805171 @AppleSupport @805168 On the bright side no Chromebook has this issue. @805176 @805171 @AppleSupport @805168 Last time I check ahold host of different devices to choose from slide on over to @122609 sure they’ll welcome you with open arms and leave the @AppleSupport camp alone. They have better issues to tend to like animal emojis @805181 @805171 @AppleSupport No platform is perfect. @804177 @804176 @804173 @804174 @788097 @AppleSupport @135589 Heaven forbid he has to actually _do_ something :o @805177 @805176 @805171 @AppleSupport @805168 But it is still a Chromebook @805177 @805176 @805171 @AppleSupport @805168 Well of course not.

No one buys them, so Chromebooks have no issues. @804178 @804177 @804176 @804173 @804174 @788097 @AppleSupport @135589 On a $500 laptop I can overlook that. If I’m spending a few grand? No that shit better work. @804178 @804177 @804176 @804173 @788097 @AppleSupport @135589 well, this is definitely _something_: https://t.co/ZY5vQsNhdq @805179 @805177 @805176 @805171 @AppleSupport @805168 @118936 @AppleSupport is the @10218 Software @805178 @805176 @805171 @AppleSupport @805168 I have 3 Chromebooks. Work great. @805179 @805177 @805176 @805171 @AppleSupport @805168 @118936 @10218 But unfortunately my MacBook Air got #TKO",KEYBOARD_TYPING_AUTOCORRECT,ACCOUNT_APPLEID_ICLOUD,0.3061,"['ACCOUNT_APPLEID_ICLOUD', 'KEYBOARD_TYPING_AUTOCORRECT', 'CONNECTIVITY_WIFI_BLUETOOTH']","[0.3061, 0.1484, 0.0922]",LEXICAL_OVERLAP_AMBIGUITY
"@AppleSupport My iPhone6 with iOS10.2 can't connect with my airpods well, always failed to connect, I need to restart my phone every time!! @AppleSupport Thanks, already fixed, just updated to iOS11... https://t.co/gjo4olJhl5",AUDIO_SOUND_SPEAKER,OS_UPDATE_SYSTEM_PERFORMANCE,0.3477,"['OS_UPDATE_SYSTEM_PERFORMANCE', 'AUDIO_SOUND_SPEAKER', 'CONNECTIVITY_WIFI_BLUETOOTH']","[0.3477, 0.2425, 0.1228]",LEXICAL_OVERLAP_AMBIGUITY
@AppleSupport the sound the voice text button makes is SO annoying!!!!! how do I turn it oFF?!! 😳 https://t.co/reb2qQnkhQ @AppleSupport loud noise doesn’t turn off when system sounds are turned off.. https://t.co/UYtS3bjwX0 @AppleSupport thank you! just wanted to make sure I didn’t overlook a setting.,AUDIO_SOUND_SPEAKER,HOW_TO_SETTINGS_CONFIGURATION,0.3263,"['HOW_TO_SETTINGS_CONFIGURATION', 'AUDIO_SOUND_SPEAKER', 'GENERAL_DEVICE_INQUIRY']","[0.3263, 0.1862, 0.1676]",MULTI_INTENT_COLLISION
@AppleSupport both my mom and I were transferred to an Apple care rep from Verizon. After being on hold for ~10 minutes the line went dead. Lazy Apple care reps tonight? @AppleSupport We have a new iPhone 6s that won’t receive calls or texts. Can make and send them just fine but when calling it from any phone says “user busy” @AppleSupport It was a backup from an old device. The 6s has always been in the state of not receiving calls. The old iPhone it is replacing worked. @AppleSupport The SIM card was brand new given to us when we got the device. @AppleSupport It was purchased in store at a Best Buy,OS_UPDATE_SYSTEM_PERFORMANCE,APP_STORE_PURCHASES_BILLING,0.2177,"['APP_STORE_PURCHASES_BILLING', 'GENERAL_DEVICE_INQUIRY', 'CONNECTIVITY_WIFI_BLUETOOTH']","[0.2177, 0.1646, 0.1554]",MULTI_INTENT_COLLISION
iOS11 WhatsApp notifications not working on iphone7  @115858 @AppleSupport Okay thank you for your interest. I sent a message.,KEYBOARD_TYPING_AUTOCORRECT,GENERAL_DEVICE_INQUIRY,0.2192,"['GENERAL_DEVICE_INQUIRY', 'KEYBOARD_TYPING_AUTOCORRECT', 'OS_UPDATE_SYSTEM_PERFORMANCE']","[0.2192, 0.2151, 0.1801]",LEXICAL_OVERLAP_AMBIGUITY
"@AppleSupport Could you provide a customer service email please? @AppleSupport Thanks, I had a very bad situation with iMac and I’d like to let you know my complain and suggestions @AppleSupport Thanks, of course let’s chat.",CONNECTIVITY_WIFI_BLUETOOTH,GENERAL_DEVICE_INQUIRY,0.5046,"['GENERAL_DEVICE_INQUIRY', 'CONNECTIVITY_WIFI_BLUETOOTH', 'KEYBOARD_TYPING_AUTOCORRECT']","[0.5046, 0.1672, 0.0539]",SUBTLE_SYMPTOM_DISTINCTION
@AppleSupport my Iphone 6s suddenly turned off And not turning on @AppleSupport Yes . Phone stuck in boot loading @AppleSupport Phone stuck in boot loading https://t.co/2LBYE6m5KM @AppleSupport Thank you Service center resolved The problem,GENERAL_DEVICE_INQUIRY,CONNECTIVITY_WIFI_BLUETOOTH,0.3525,"['CONNECTIVITY_WIFI_BLUETOOTH', 'DISPLAY_TOUCH_SCREEN', 'GENERAL_DEVICE_INQUIRY']","[0.3525, 0.1078, 0.1044]",SUBTLE_SYMPTOM_DISTINCTION
OMFG @115858 your programming team needs to be fired!!! I’ve updated and everything. My iPhone is still working like ass!! @115858 Thanks for pushing me over to @117159 i pay too much money for you to be unreliable!!!! Fuck @115858,GENERAL_DEVICE_INQUIRY,APP_STORE_PURCHASES_BILLING,0.3774,"['APP_STORE_PURCHASES_BILLING', 'GENERAL_DEVICE_INQUIRY', 'OS_UPDATE_SYSTEM_PERFORMANCE']","[0.3774, 0.1903, 0.072]",LEXICAL_OVERLAP_AMBIGUITY
"So my iphone 8 screen has just gone off for no reason whatsoever the sound still works when I get notifications im so annoyed @AppleSupport @AppleSupport Had it for a few days and it manages to mess up from absolutely nothing 🙃🙃🙃🙃🙃🙃🙃 @AppleSupport Thank you that has worked and my iPhone is now working, I wasn’t sure how to force reset on the iPhone 8 @AppleSupport Thank you",AUDIO_SOUND_SPEAKER,DISPLAY_TOUCH_SCREEN,0.3044,"['DISPLAY_TOUCH_SCREEN', 'AUDIO_SOUND_SPEAKER', 'KEYBOARD_TYPING_AUTOCORRECT']","[0.3044, 0.2406, 0.1526]",MULTI_INTENT_COLLISION
"Yes @115858 y’all need a new update I can’t see my notifications thanks @AppleSupport 6S and ISO 11.1.1 @AppleSupport So when I pull the screen down to reveal my notifications nothing will show up. I’ll get the notification, but if I go to my notification screen none of them will show up @AppleSupport Got it! Thank you!",KEYBOARD_TYPING_AUTOCORRECT,DISPLAY_TOUCH_SCREEN,0.4356,"['DISPLAY_TOUCH_SCREEN', 'KEYBOARD_TYPING_AUTOCORRECT', 'OS_UPDATE_SYSTEM_PERFORMANCE']","[0.4356, 0.3578, 0.0628]",LEXICAL_OVERLAP_AMBIGUITY
"Most annoying part of the iPhone X experience by far is the lack of glance-able power Info by percentage. Please @115858 add that back? @AppleSupport Thank you. I like my phone. I don’t like forms, though. Please consider my angry cry into the æther to be my feedback.",BATTERY_CHARGING_POWER,GENERAL_DEVICE_INQUIRY,0.4477,"['GENERAL_DEVICE_INQUIRY', 'OS_UPDATE_SYSTEM_PERFORMANCE', 'BATTERY_CHARGING_POWER']","[0.4477, 0.0938, 0.0884]",SUBTLE_SYMPTOM_DISTINCTION
So @AppleSupport my phone just reset all my email accounts and numbers in my phone book Fam.. @AppleSupport Well I guess two of the 3 accounts came back but my contacts haven’t came back I now have a text log full of just numbers and “Maybe:John etc”,OS_UPDATE_SYSTEM_PERFORMANCE,GENERAL_DEVICE_INQUIRY,0.3034,"['GENERAL_DEVICE_INQUIRY', 'ACCOUNT_APPLEID_ICLOUD', 'OS_UPDATE_SYSTEM_PERFORMANCE']","[0.3034, 0.2382, 0.0985]",MULTI_INTENT_COLLISION
@AppleSupport my billing address somehow defaulted to my shipping address when I placed my order &amp; I can’t change it. Will it get cancelled? @AppleSupport Thanks but online chat  and the  phone number both say they are too busy to take my call/chat. I’ve tried several times.,APP_STORE_PURCHASES_BILLING,GENERAL_DEVICE_INQUIRY,0.3463,"['GENERAL_DEVICE_INQUIRY', 'APP_STORE_PURCHASES_BILLING', 'CONNECTIVITY_WIFI_BLUETOOTH']","[0.3463, 0.155, 0.0981]",SUBTLE_SYMPTOM_DISTINCTION
"@AppleSupport Something is wrong with your update verification server. Check out this message. Also I deleted and reinstalled the update and have internet. Thanks. https://t.co/hIrBmSMMLd @AppleSupport @603667 Same thing is happening to me. Can’t even update through iTunes either. @__MissVee__ @AppleSupport Try it again, their servers might be working now. @603667 @AppleSupport Yup just did it and it worked 👍🏼",APP_STORE_PURCHASES_BILLING,OS_UPDATE_SYSTEM_PERFORMANCE,0.4658,"['OS_UPDATE_SYSTEM_PERFORMANCE', 'APP_STORE_PURCHASES_BILLING', 'ACCOUNT_APPLEID_ICLOUD']","[0.4658, 0.1471, 0.0712]",LEXICAL_OVERLAP_AMBIGUITY
.@115858 #iOS11 just dropped and there’s already been two updates. How about you update the automatic brightness? I know how bright I want it @AppleSupport I have iOS 11.02 and not one of these apps are on my phone. Am I missing something? https://t.co/2U91b1EHWO,DISPLAY_TOUCH_SCREEN,OS_UPDATE_SYSTEM_PERFORMANCE,0.4225,"['OS_UPDATE_SYSTEM_PERFORMANCE', 'DISPLAY_TOUCH_SCREEN', 'BATTERY_CHARGING_POWER']","[0.4225, 0.2677, 0.0976]",LEXICAL_OVERLAP_AMBIGUITY
"@AppleSupport real issues with making phone calls since the update. They can’t hear me I can’t hear them. Battery replaced, still going on! @AppleSupport 6s just updated 10 mins ago to iOS 11.0.2 so I’ll give this one 24hrs to see what it’s like thanks to apple for doing the battery on recall!",AUDIO_SOUND_SPEAKER,BATTERY_CHARGING_POWER,0.6077,"['BATTERY_CHARGING_POWER', 'AUDIO_SOUND_SPEAKER', 'OS_UPDATE_SYSTEM_PERFORMANCE']","[0.6077, 0.2692, 0.0566]",LEXICAL_OVERLAP_AMBIGUITY
"My phone calls are being randomly cut off and I get this notification.. is it just me or.. ? @AppleSupport https://t.co/VvslxspBL4 @AppleSupport I’m using iOS 11.0.1 
it’s been happening a lot this week and it happens in many places not just one specific location @AppleSupport Will do. Thanks a lot",KEYBOARD_TYPING_AUTOCORRECT,OS_UPDATE_SYSTEM_PERFORMANCE,0.2826,"['OS_UPDATE_SYSTEM_PERFORMANCE', 'GENERAL_DEVICE_INQUIRY', 'KEYBOARD_TYPING_AUTOCORRECT']","[0.2826, 0.1634, 0.1609]",LEXICAL_OVERLAP_AMBIGUITY
"eughhhh yeah im gonna have to take my laptop into the store later this week :( starting up after leaving it off for the day the lines are darker + bigger + took longer to disappear its not a huge deal and like,,,im really hoping it doesnt become one before i can take it in, since every forum discussion about this problem basically says its a known, common hardware issue and theres no real fix. 3 month old laptop thanks @115858 😎✌️",DISPLAY_TOUCH_SCREEN,GENERAL_DEVICE_INQUIRY,0.3307,"['GENERAL_DEVICE_INQUIRY', 'APP_STORE_PURCHASES_BILLING', 'OS_UPDATE_SYSTEM_PERFORMANCE']","[0.3307, 0.1072, 0.0987]",SUBTLE_SYMPTOM_DISTINCTION
"@AppleSupport is this a glitch? “No older Notifications” seems off https://t.co/7ZSbyPp53l @AppleSupport I’m sorry but are you a bot because obviously there is literally no separation from the two texts. Are you Honestly not noticing what I’m showing here in the picture @AppleSupport It’s literally touching https://t.co/IFQnnCVp9s @AppleSupport Thank you! I’m sorry for sounding a little upset I was just annoyed that the Apple support person couldn’t identify what I was showing them. I have restarted my device and still occurring, started directly after the latest update. @AppleSupport Just so you understand this is not hurting my day-to-day life I just wanted to let you know so you can resolve the issue in a later update. iOS Rocks, Not trying to down it in anyway",KEYBOARD_TYPING_AUTOCORRECT,OS_UPDATE_SYSTEM_PERFORMANCE,0.4456,"['OS_UPDATE_SYSTEM_PERFORMANCE', 'CONNECTIVITY_WIFI_BLUETOOTH', 'GENERAL_DEVICE_INQUIRY']","[0.4456, 0.0916, 0.0892]",LEXICAL_OVERLAP_AMBIGUITY
"@AppleSupport This appears whenever I’m using my phone and closes all my apps it just happend and Won’t stop from happening https://t.co/dkV5a0EC0c @AppleSupport It happens every 2 minutes and it lasts about 5 seconds, my phone has become unusable please help @AppleSupport I did the first 2 steps « turning off notifications » and surprisingly the phone didn’t reboot again, now waiting for the update to fully download, thanks for the help I’ll see if it will be fixed after updating to 11.2 https://t.co/hJyTJ2gHf4",APP_CRASH_AND_DOWNLOAD,OS_UPDATE_SYSTEM_PERFORMANCE,0.3202,"['OS_UPDATE_SYSTEM_PERFORMANCE', 'KEYBOARD_TYPING_AUTOCORRECT', 'APP_CRASH_AND_DOWNLOAD']","[0.3202, 0.1983, 0.1109]",LEXICAL_OVERLAP_AMBIGUITY
"@115858 can you please fix the App Store. I can’t update any apps or download new ones. #ios @AppleSupport Thank you! iPhone 7 using iOS 11.0.3. And when downloading the circle spins like its thinking but then it never downloads. @AppleSupport And when trying to update apps, the update screen in the App Store is blank. @AppleSupport  https://t.co/FGmYwjoAVs @AppleSupport  https://t.co/jIXEcHvaJb",DISPLAY_TOUCH_SCREEN,OS_UPDATE_SYSTEM_PERFORMANCE,0.386,"['OS_UPDATE_SYSTEM_PERFORMANCE', 'APP_STORE_PURCHASES_BILLING', 'DISPLAY_TOUCH_SCREEN']","[0.386, 0.3831, 0.0949]",LEXICAL_OVERLAP_AMBIGUITY
@AppleSupport Hi 🍎 Since 11. 0.2 (15A421) my iphone needs at least 2 charges within 24h. How can you help me please ? Thx. @AppleSupport Ok thx,HOW_TO_SETTINGS_CONFIGURATION,GENERAL_DEVICE_INQUIRY,0.2461,"['GENERAL_DEVICE_INQUIRY', 'OS_UPDATE_SYSTEM_PERFORMANCE', 'HOW_TO_SETTINGS_CONFIGURATION']","[0.2461, 0.1346, 0.1285]",SETTINGS_VS_GENERAL_DISAMBIGUATION
Anyone else experiencing airdrop problems between iphone6 and macbookpro since iOS11 update? @applesupport @AppleSupport That seems to have solved the problem. Thank you!,CONNECTIVITY_WIFI_BLUETOOTH,OS_UPDATE_SYSTEM_PERFORMANCE,0.52,"['OS_UPDATE_SYSTEM_PERFORMANCE', 'CONNECTIVITY_WIFI_BLUETOOTH', 'GENERAL_DEVICE_INQUIRY']","[0.52, 0.1519, 0.0888]",LEXICAL_OVERLAP_AMBIGUITY
Stupid apple you update my phone while I’m sleeping and this shits lagging now hella slower I can tell when I type it won’t read what I’m typing as fast.... @AppleSupport explain,KEYBOARD_TYPING_AUTOCORRECT,OS_UPDATE_SYSTEM_PERFORMANCE,0.6327,"['OS_UPDATE_SYSTEM_PERFORMANCE', 'GENERAL_DEVICE_INQUIRY', 'KEYBOARD_TYPING_AUTOCORRECT']","[0.6327, 0.0958, 0.0916]",LEXICAL_OVERLAP_AMBIGUITY
@AppleSupport Upgraded Mac (retina 4k 27” late 2014) to High Sierra this week. Photos app is nightmare. Editing virtually impossible as adjustments take 30secs – 1 min to appear. Photos frequently crashes too. Help please? @AppleSupport Thank you!,APP_CRASH_AND_DOWNLOAD,GENERAL_DEVICE_INQUIRY,0.4727,"['GENERAL_DEVICE_INQUIRY', 'APP_CRASH_AND_DOWNLOAD', 'OS_UPDATE_SYSTEM_PERFORMANCE']","[0.4727, 0.1319, 0.1111]",APP_CRASH_VS_SYSTEM_PERFORMANCE
@AppleSupport hi this is probably a stupid question would an iphone 5s connect to my apple watch series 1 @AppleSupport Thank you,CONNECTIVITY_WIFI_BLUETOOTH,GENERAL_DEVICE_INQUIRY,0.4699,"['GENERAL_DEVICE_INQUIRY', 'CONNECTIVITY_WIFI_BLUETOOTH', 'OS_UPDATE_SYSTEM_PERFORMANCE']","[0.4699, 0.1862, 0.0815]",SUBTLE_SYMPTOM_DISTINCTION
"@AppleSupport Login to Push Certificate Portal impossible. Tried multiple AppleIDs, multiple browsers from multiple locations. Please check!",ACCOUNT_APPLEID_ICLOUD,GENERAL_DEVICE_INQUIRY,0.3548,"['GENERAL_DEVICE_INQUIRY', 'ACCOUNT_APPLEID_ICLOUD', 'KEYBOARD_TYPING_AUTOCORRECT']","[0.3548, 0.1851, 0.0795]",SUBTLE_SYMPTOM_DISTINCTION
@AppleSupport screen reading frequently stops working after the first paragraph of text on multiple sites and apps. #bug #iOS11.0.3 https://t.co/ygAOso9o5v @AppleSupport OS update seams to have fixed it.,DISPLAY_TOUCH_SCREEN,OS_UPDATE_SYSTEM_PERFORMANCE,0.5633,"['OS_UPDATE_SYSTEM_PERFORMANCE', 'DISPLAY_TOUCH_SCREEN', 'KEYBOARD_TYPING_AUTOCORRECT']","[0.5633, 0.3346, 0.027]",LEXICAL_OVERLAP_AMBIGUITY
So i just purchased @115948 again and this bs happens🙃 https://t.co/dOM5nSLhKr @115948 @115858 @AppleSupport @115948 like can i get a refund????,APP_STORE_PURCHASES_BILLING,GENERAL_DEVICE_INQUIRY,0.4332,"['GENERAL_DEVICE_INQUIRY', 'APP_STORE_PURCHASES_BILLING', 'KEYBOARD_TYPING_AUTOCORRECT']","[0.4332, 0.2527, 0.072]",SUBTLE_SYMPTOM_DISTINCTION
Cracked iPhone X already @115858 @116333 help w brother out :( https://t.co/kGih8u2qEc @AppleSupport Thank you!! I replied! @AppleSupport I responded in your dms,DISPLAY_TOUCH_SCREEN,GENERAL_DEVICE_INQUIRY,0.7963,"['GENERAL_DEVICE_INQUIRY', 'OS_UPDATE_SYSTEM_PERFORMANCE', 'APP_STORE_PURCHASES_BILLING']","[0.7963, 0.042, 0.026]",SUBTLE_SYMPTOM_DISTINCTION
@AppleSupport My iPhone 6s froze twice after closing from my messages and trying to open up Instagram. Had to hard-shut off. Any tips? @AppleSupport iOS 11.0.2 @AppleSupport Thanks! Didn’t know there was a new Update!,APP_CRASH_AND_DOWNLOAD,OS_UPDATE_SYSTEM_PERFORMANCE,0.6667,"['OS_UPDATE_SYSTEM_PERFORMANCE', 'DISPLAY_TOUCH_SCREEN', 'APP_CRASH_AND_DOWNLOAD']","[0.6667, 0.0693, 0.057]",LEXICAL_OVERLAP_AMBIGUITY
@115858 what is up with this software? It has a lot of glitches that need to be fixed. I would like to use my phone properly. Thanks! @AppleSupport I just updated it to the software version 11.0.3.,GENERAL_DEVICE_INQUIRY,OS_UPDATE_SYSTEM_PERFORMANCE,0.4242,"['OS_UPDATE_SYSTEM_PERFORMANCE', 'GENERAL_DEVICE_INQUIRY', 'BATTERY_CHARGING_POWER']","[0.4242, 0.2082, 0.0648]",LEXICAL_OVERLAP_AMBIGUITY
@AppleSupport Safari doesn’t work after updating MacBook Air to latest HighSierra. Tabs don’t load. @AppleSupport Yes. I also tried resetting the NVRAM. Was having zero problems with Safari until I installed 10.13.1 just now @AppleSupport I will try tomorrow. Chrome works fine. @AppleSupport I cleaned all caches and did some maintenance using Onyx and now it works,GENERAL_DEVICE_INQUIRY,CONNECTIVITY_WIFI_BLUETOOTH,0.179,"['CONNECTIVITY_WIFI_BLUETOOTH', 'OS_UPDATE_SYSTEM_PERFORMANCE', 'AUDIO_SOUND_SPEAKER']","[0.179, 0.143, 0.1181]",MULTI_INTENT_COLLISION
@AppleSupport I would like to report a spam email I just received regarding my apple account. Let me know where can I Foward the email. #Apple #Spam https://t.co/yn2f1nFIHU @AppleSupport Thanks for your quick response! 😉,HOW_TO_SETTINGS_CONFIGURATION,GENERAL_DEVICE_INQUIRY,0.3938,"['GENERAL_DEVICE_INQUIRY', 'ACCOUNT_APPLEID_ICLOUD', 'HOW_TO_SETTINGS_CONFIGURATION']","[0.3938, 0.2933, 0.0671]",SETTINGS_VS_GENERAL_DISAMBIGUATION
#BlackFriday @115858 should roll back #iOS updates. #iphone keeps typing all these characters for different letters I️ #ITRTG @AppleSupport https://t.co/w2sxuDydgs,KEYBOARD_TYPING_AUTOCORRECT,GENERAL_DEVICE_INQUIRY,0.4317,"['GENERAL_DEVICE_INQUIRY', 'KEYBOARD_TYPING_AUTOCORRECT', 'OS_UPDATE_SYSTEM_PERFORMANCE']","[0.4317, 0.1242, 0.1032]",LEXICAL_OVERLAP_AMBIGUITY
"Hi @AppleSupport, How can I buy apple care for my iPhone X I’ve already ordered? Many thanks @AppleSupport Thanks guys fixed it!",HOW_TO_SETTINGS_CONFIGURATION,GENERAL_DEVICE_INQUIRY,0.3451,"['GENERAL_DEVICE_INQUIRY', 'HOW_TO_SETTINGS_CONFIGURATION', 'APP_STORE_PURCHASES_BILLING']","[0.3451, 0.1981, 0.1064]",SETTINGS_VS_GENERAL_DISAMBIGUATION
@115858 say my nigga wassup with all these squares and question marks and shit?? I️ Pay good money all my shit should work y’all trippin! @AppleSupport That shit worked for 10 minutes try again,APP_STORE_PURCHASES_BILLING,GENERAL_DEVICE_INQUIRY,0.5254,"['GENERAL_DEVICE_INQUIRY', 'OS_UPDATE_SYSTEM_PERFORMANCE', 'APP_STORE_PURCHASES_BILLING']","[0.5254, 0.1161, 0.0946]",SUBTLE_SYMPTOM_DISTINCTION
"@AppleSupport I’m having trouble with sms messages failing... 

is this a carrier problem with @122326 or with my iPhone? 

It seems if recipients are not in my contacts I can’t text them? https://t.co/3RKlo9jZq1 @AppleSupport Done all of those things already before contacting you... this has only started recently so it’s either due to an iOS update or due to my carrier as I’ve taken out a new contract recently with @122326 @AppleSupport Thanks guys 👍🏻 
I’ve been waiting most of the day to get a response from them 🤔 
How about it @121121 @122326",CONNECTIVITY_WIFI_BLUETOOTH,OS_UPDATE_SYSTEM_PERFORMANCE,0.26,"['OS_UPDATE_SYSTEM_PERFORMANCE', 'CONNECTIVITY_WIFI_BLUETOOTH', 'KEYBOARD_TYPING_AUTOCORRECT']","[0.26, 0.1917, 0.1045]",LEXICAL_OVERLAP_AMBIGUITY
"@AppleSupport Iphone 5S on IOS 10 keeps crashing everytime I enter the messages app. i tried resetting all settings, deleted all texts and soft reset (pressing home +power button) and still crashes :( @AppleSupport I think someone send me one of those annoying videos that makes your phone crash. However they send it via facebook's messenger not sandard message. I didnt open the link just deleted the message. This all happen yesterday. That's the only thing that I can (1) @AppleSupport (2) recall to be the thing that caused it. I also downloaded the Anomal Crossing app but i dont think that was it. After the video my phone's message app has been acting up and nothing seems to fix it. I have not tried with wifi yet as I dont have wifi today. Tomorrow I will. @AppleSupport Will let you know when I do that if it solves the problem as I'm still having issues with te phone",CONNECTIVITY_WIFI_BLUETOOTH,APP_CRASH_AND_DOWNLOAD,0.3487,"['APP_CRASH_AND_DOWNLOAD', 'CONNECTIVITY_WIFI_BLUETOOTH', 'AUDIO_SOUND_SPEAKER']","[0.3487, 0.3314, 0.06]",LEXICAL_OVERLAP_AMBIGUITY
"@AppleSupport hi there , i lost my password , how can i reset to my Email? The password you entered to unlock your iPhone backup was incorrect. Please try again. @AppleSupport Oh wow , thanks a lot. But if you can add this feature in reset for removes the encrypted backup password.
it's better,because it's boring to rebuild my screen  apps and my folders, 
Thanks again.",DISPLAY_TOUCH_SCREEN,ACCOUNT_APPLEID_ICLOUD,0.8198,"['ACCOUNT_APPLEID_ICLOUD', 'DISPLAY_TOUCH_SCREEN', 'HOW_TO_SETTINGS_CONFIGURATION']","[0.8198, 0.0914, 0.0315]",SUBTLE_SYMPTOM_DISTINCTION
@115858 @115948 just done a phone update and it’s deleted all my playlists and downloaded songs ffs 😡😡😡,APP_STORE_PURCHASES_BILLING,OS_UPDATE_SYSTEM_PERFORMANCE,0.4956,"['OS_UPDATE_SYSTEM_PERFORMANCE', 'APP_STORE_PURCHASES_BILLING', 'GENERAL_DEVICE_INQUIRY']","[0.4956, 0.2584, 0.0619]",LEXICAL_OVERLAP_AMBIGUITY
"@AppleSupport my right AirPod doesn’t charge, any idea troubleshooting tips to fix this? @AppleSupport Yes the status light comes on but the right AirPod won’t charge. The left one charges without a issue",AUDIO_SOUND_SPEAKER,BATTERY_CHARGING_POWER,0.3922,"['BATTERY_CHARGING_POWER', 'GENERAL_DEVICE_INQUIRY', 'OS_UPDATE_SYSTEM_PERFORMANCE']","[0.3922, 0.1675, 0.0956]",SUBTLE_SYMPTOM_DISTINCTION
"@116333 My MacBook Pro 15"" Retina (Mid 2014) started crashing on macOS High Sierra but working perfectly on Win 10 Apple Service Centre unable to diagnose (all test pass) and advised Logic Board change #apple #failed @139370 will switch to Microsoft completely. @AppleSupport Sent PM with details. Looking forward for your extended support. As of now it’s at worst situation. I uninstalled MacOS today and using Windows 10. @AppleSupport I did steps you told and reinstalled High Sierra. It crashed within minutes of start. How could Windows 10 worked perfectly for 3-4 days without any issue. Something is seriously wrong with Apple. cc @116333 @AppleSupport @116333 I’m going to give opportunity to Apple to diagnose issue with MacOS as compared to Windows 10 by submitting my machine at Service Center. This is your chance to see what exactly is causing crashes which Windows is able to handle. I hope it will help you to improve. @AppleSupport @116333 Is it so, MacOS needs more graphics than Windows 10? This is reason I got from Apple Support. Whatever it is, it should support minor faults if you can’t give exact reasons. #apple #failed #bad #cx #CustomerExperience",APP_CRASH_AND_DOWNLOAD,CONNECTIVITY_WIFI_BLUETOOTH,0.1754,"['CONNECTIVITY_WIFI_BLUETOOTH', 'APP_CRASH_AND_DOWNLOAD', 'GENERAL_DEVICE_INQUIRY']","[0.1754, 0.1613, 0.1127]",MULTI_INTENT_COLLISION
@115858 @AppleSupport what the heck is with this weird autocorrect every time I️ type the word “I️”??? @AppleSupport Thanks sent a DM. I️,KEYBOARD_TYPING_AUTOCORRECT,GENERAL_DEVICE_INQUIRY,0.4953,"['GENERAL_DEVICE_INQUIRY', 'KEYBOARD_TYPING_AUTOCORRECT', 'OS_UPDATE_SYSTEM_PERFORMANCE']","[0.4953, 0.3428, 0.0442]",SUBTLE_SYMPTOM_DISTINCTION
"@116333 @115858 Mac shuts down when put in Sleep, High Sierra bricked Mac, AirPods DO NOT connect automatically, Mac Messages not deleted via cloud, Calculator defaults to 172, Root vulnerabilities. Is this the new Apple quality? Or, is it just about the $ and investors now? @AppleSupport NO, I am not going to waste anytime with @AppleSupport I worked in the IT sector for decades and can fix or work around #Apple issues. And, support does not offer any real solutions beside wipe systems and reinstall! My Tweet really addresses lack of leadership in Apple now...",AUDIO_SOUND_SPEAKER,GENERAL_DEVICE_INQUIRY,0.2754,"['GENERAL_DEVICE_INQUIRY', 'AUDIO_SOUND_SPEAKER', 'KEYBOARD_TYPING_AUTOCORRECT']","[0.2754, 0.1939, 0.0965]",MULTI_INTENT_COLLISION
"@AppleSupport live wallpapers aren’t working. I’m running 11.1.2 on my new #iPhoneX. I’ve tried restarting and also switching to a still then switching back to a live. Help, please. @AppleSupport Thx for getting back to me. Unfortunately, that's not the problem. I've checked and Reduce Motion is not turned on. Any other ideas? :) @AppleSupport I figured it out. I had to adjust the 3D Touch sensitivity. Thanks anyway!",GENERAL_DEVICE_INQUIRY,DISPLAY_TOUCH_SCREEN,0.3188,"['DISPLAY_TOUCH_SCREEN', 'GENERAL_DEVICE_INQUIRY', 'CONNECTIVITY_WIFI_BLUETOOTH']","[0.3188, 0.1618, 0.0975]",SUBTLE_SYMPTOM_DISTINCTION
"Hey @AppleSupport what’s with iPhones not being able to make calls?  I know 9 people who go to make calls and nothing happens. All have most recent iOS update. I don’t really like using the phone, but sometimes you have to. @AppleSupport AT&amp;T @AppleSupport I reset my phone but now some calls go right to voicemail. Others still disconnect immediately @AppleSupport DM sent. Thank you!",OS_UPDATE_SYSTEM_PERFORMANCE,AUDIO_SOUND_SPEAKER,0.2384,"['AUDIO_SOUND_SPEAKER', 'OS_UPDATE_SYSTEM_PERFORMANCE', 'GENERAL_DEVICE_INQUIRY']","[0.2384, 0.2255, 0.1417]",LEXICAL_OVERLAP_AMBIGUITY
@115858 Microphone of iphone stopped working post software update. There is lot of noise during call. Can see few more similar complaints. @AppleSupport Responded. @AppleSupport Not resolved yet. Please help.!,AUDIO_SOUND_SPEAKER,OS_UPDATE_SYSTEM_PERFORMANCE,0.2647,"['OS_UPDATE_SYSTEM_PERFORMANCE', 'AUDIO_SOUND_SPEAKER', 'GENERAL_DEVICE_INQUIRY']","[0.2647, 0.2213, 0.1366]",LEXICAL_OVERLAP_AMBIGUITY
@AppleSupport why does my phone always act up every time Apple releases a new phone? Why? @AppleSupport I have an iPhone 6. My apps keep force closing. My podcast library keeps having to be restored. My text thread is out of order. @AppleSupport My calls keep deleting. Messages that I send delete from the thread. @AppleSupport And there isn't any internal damage. And I cannot figure out how to use these dang .99 storage I pay for @AppleSupport No. I haven't been able to because of storage issues. But I pay for extra storage so I don't understand. @AppleSupport What is the point of buying more storage then? @AppleSupport This is a scam lol thanks friends,HOW_TO_SETTINGS_CONFIGURATION,GENERAL_DEVICE_INQUIRY,0.3388,"['GENERAL_DEVICE_INQUIRY', 'APP_STORE_PURCHASES_BILLING', 'AUDIO_SOUND_SPEAKER']","[0.3388, 0.1081, 0.0788]",SETTINGS_VS_GENERAL_DISAMBIGUATION
@AppleSupport ios 11.0.3 on 6s. Cannot adjust alarm volume so waking up all in my house and neighbours despite ringer being set to minimum! @AppleSupport It’s sorted. Thanks. iOS update needed a change and hard reboot,AUDIO_SOUND_SPEAKER,OS_UPDATE_SYSTEM_PERFORMANCE,0.4516,"['OS_UPDATE_SYSTEM_PERFORMANCE', 'AUDIO_SOUND_SPEAKER', 'CONNECTIVITY_WIFI_BLUETOOTH']","[0.4516, 0.3368, 0.0409]",LEXICAL_OVERLAP_AMBIGUITY
"@AppleSupport how do I change my ringer/notifications volume? Using the volume keys on the home screen used to display “ringer”, now it says “volume”. What’s the deal? @AppleSupport Thanks",AUDIO_SOUND_SPEAKER,DISPLAY_TOUCH_SCREEN,0.4705,"['DISPLAY_TOUCH_SCREEN', 'AUDIO_SOUND_SPEAKER', 'HOW_TO_SETTINGS_CONFIGURATION']","[0.4705, 0.3584, 0.0621]",MULTI_INTENT_COLLISION
"@AppleSupport Hi, how can I check on my iPhone when the last backup was? I cannot seem to find out with the iOS 11 update.. Please assist @AppleSupport Thank you! My phone was set to backup when the device was plugged in to charge rather than manual backup. How can I check these settings? @AppleSupport Got it, thank you!",APP_STORE_PURCHASES_BILLING,OS_UPDATE_SYSTEM_PERFORMANCE,0.2232,"['OS_UPDATE_SYSTEM_PERFORMANCE', 'BATTERY_CHARGING_POWER', 'HOW_TO_SETTINGS_CONFIGURATION']","[0.2232, 0.2215, 0.1792]",LEXICAL_OVERLAP_AMBIGUITY
"Apple notes has become unusable on my phone. Notes haven't synced since September, I tried turning off and on iCloud and now NONE sync. I'm seriously getting to the point where I've fucking had enough of Apple. Their stuff gets worse and worse every year. iOS11==Windows Vista Memo to @AppleSupport : how do I get my iCloud notes back on my phone?!!? https://t.co/z1mZ6xcNow @AppleSupport thanks support folks. I got them to come back finally when i got back to wifi.  But https://t.co/XLg2wOY2O7 doesn't even do notes anymore! https://t.co/bXoTviFGmL",CONNECTIVITY_WIFI_BLUETOOTH,ACCOUNT_APPLEID_ICLOUD,0.3508,"['ACCOUNT_APPLEID_ICLOUD', 'CONNECTIVITY_WIFI_BLUETOOTH', 'HOW_TO_SETTINGS_CONFIGURATION']","[0.3508, 0.2014, 0.1978]",LEXICAL_OVERLAP_AMBIGUITY
@AppleSupport @115858 Got this email. I haven't logged in in months. Reported to phishing email for Apple just in case. Scammer? See screen shot below. Thanks! https://t.co/pf2nHkPNkk @AppleSupport Awesome! Thanks!,DISPLAY_TOUCH_SCREEN,GENERAL_DEVICE_INQUIRY,0.3526,"['GENERAL_DEVICE_INQUIRY', 'DISPLAY_TOUCH_SCREEN', 'ACCOUNT_APPLEID_ICLOUD']","[0.3526, 0.2838, 0.1339]",MULTI_INTENT_COLLISION
"Dear @115858 can we expect in your next Keynote to come up with a Solution for that little lot? Its the second charger in one year! https://t.co/UfUky50sZB @141099 @115858 Mine too,Three chargers this yr same fking problem. £20 each in London where else I don’t know?
The price you pay for phone and this happens @AppleSupport Thanks I might just do that.👍🏻",BATTERY_CHARGING_POWER,GENERAL_DEVICE_INQUIRY,0.3554,"['GENERAL_DEVICE_INQUIRY', 'BATTERY_CHARGING_POWER', 'APP_STORE_PURCHASES_BILLING']","[0.3554, 0.1938, 0.081]",SUBTLE_SYMPTOM_DISTINCTION
My hotspot has not worked since I updated my ipad and iphone to iOS 11 @AppleSupport @ATT @117735,CONNECTIVITY_WIFI_BLUETOOTH,OS_UPDATE_SYSTEM_PERFORMANCE,0.4803,"['OS_UPDATE_SYSTEM_PERFORMANCE', 'CONNECTIVITY_WIFI_BLUETOOTH', 'BATTERY_CHARGING_POWER']","[0.4803, 0.1275, 0.1148]",LEXICAL_OVERLAP_AMBIGUITY
Anybody else have notification blurring on their iPhone X? I get it constantly. @AppleSupport ?? https://t.co/tMDj3xHl96 @AppleSupport 11.1.2 but I’ve been seeing it for a while,KEYBOARD_TYPING_AUTOCORRECT,GENERAL_DEVICE_INQUIRY,0.2622,"['GENERAL_DEVICE_INQUIRY', 'KEYBOARD_TYPING_AUTOCORRECT', 'OS_UPDATE_SYSTEM_PERFORMANCE']","[0.2622, 0.2039, 0.0995]",SUBTLE_SYMPTOM_DISTINCTION
Honestly @115858 this “ I️ “ scenario is really annoying. I’ve fixed It and It keeps coming back. Y’all need a hotfix/update quickly... for the love.,OS_UPDATE_SYSTEM_PERFORMANCE,GENERAL_DEVICE_INQUIRY,0.346,"['GENERAL_DEVICE_INQUIRY', 'OS_UPDATE_SYSTEM_PERFORMANCE', 'KEYBOARD_TYPING_AUTOCORRECT']","[0.346, 0.297, 0.0621]",LEXICAL_OVERLAP_AMBIGUITY
@AppleSupport please advise. Can I get my voicemail to be visible as it was before the update? How do I get voicemail notifications? https://t.co/1bx3MHBSTx @AppleSupport Thanks. Will do.,KEYBOARD_TYPING_AUTOCORRECT,HOW_TO_SETTINGS_CONFIGURATION,0.4245,"['HOW_TO_SETTINGS_CONFIGURATION', 'KEYBOARD_TYPING_AUTOCORRECT', 'OS_UPDATE_SYSTEM_PERFORMANCE']","[0.4245, 0.1532, 0.1089]",LEXICAL_OVERLAP_AMBIGUITY
"iPhone 6 randomly restarts, camera roll frequently won’t open, screen orientation issues when in messages app. #ios11 @AppleSupport @AppleSupport IOS 11 first started and I have IOS 11.1.1 Apple Care Warrantied the phone over issues already so it’s a new device. @AppleSupport Fresh iphone, clean install of apps, no restore. It’s a waste of time to troubleshoot any further. I’ll keep an eye out for more instances of software glitches...",DISPLAY_TOUCH_SCREEN,OS_UPDATE_SYSTEM_PERFORMANCE,0.4873,"['OS_UPDATE_SYSTEM_PERFORMANCE', 'DISPLAY_TOUCH_SCREEN', 'BATTERY_CHARGING_POWER']","[0.4873, 0.3281, 0.0409]",LEXICAL_OVERLAP_AMBIGUITY
@115858 Momma Kate thinks this glitch is stupid and would like to know when it will be resolved. Please advise when I should inform her it will be fixed. 😂😂 https://t.co/jXylCz68fa,OS_UPDATE_SYSTEM_PERFORMANCE,GENERAL_DEVICE_INQUIRY,0.4101,"['GENERAL_DEVICE_INQUIRY', 'OS_UPDATE_SYSTEM_PERFORMANCE', 'KEYBOARD_TYPING_AUTOCORRECT']","[0.4101, 0.2644, 0.0828]",MULTI_INTENT_COLLISION
"@116333 I had the worst shoppingexperience ever at the applestore in Munich buying an iphone 8+. Losing trust in Applebrand. #switching @AppleSupport Will do later when I get home. I‘ll write it all down.
4 1/2 hours in an applestore .... the service was... BAD. @AppleSupport can‘t DM you since you don‘t follow me. Would you be so kind to follow me or give me an e-mailaddy I can write to. @AppleSupport I have written it all down and sent you a DM. Hope to hear some feedback. @AppleSupport ok, thank you. Will do later.",AUDIO_SOUND_SPEAKER,GENERAL_DEVICE_INQUIRY,0.2659,"['GENERAL_DEVICE_INQUIRY', 'AUDIO_SOUND_SPEAKER', 'CONNECTIVITY_WIFI_BLUETOOTH']","[0.2659, 0.1525, 0.1284]",MULTI_INTENT_COLLISION
Hey @115858 can you guys fix Maps. Half the screen becomes useless while horizontal. @AppleSupport 8,DISPLAY_TOUCH_SCREEN,GENERAL_DEVICE_INQUIRY,0.3961,"['GENERAL_DEVICE_INQUIRY', 'DISPLAY_TOUCH_SCREEN', 'KEYBOARD_TYPING_AUTOCORRECT']","[0.3961, 0.3746, 0.0742]",MULTI_INTENT_COLLISION
.@AppleSupport how do I make it so my bluetooth doesn’t automatically turn on? @AppleSupport That doesn’t answer my question. I know how to turn it off. How do I make it so it doesn’t turn on unless I turn it on?,CONNECTIVITY_WIFI_BLUETOOTH,HOW_TO_SETTINGS_CONFIGURATION,0.8004,"['HOW_TO_SETTINGS_CONFIGURATION', 'CONNECTIVITY_WIFI_BLUETOOTH', 'DISPLAY_TOUCH_SCREEN']","[0.8004, 0.0744, 0.0524]",SUBTLE_SYMPTOM_DISTINCTION
"@115858 please fix the bug when sharing locations. Can’t share location with my family anymore. Tells me it’s unable to connect to server #pleaseandthankyou @AppleSupport @115858 Yes, we have. We through all options on sharing locations but nothing. @AppleSupport  https://t.co/mjlnZn4zRu @AppleSupport It was two weeks ago. We both recently bought new phones. 8 Plus @AppleSupport We got it taken care of! Thanks a bunch! 🍎💕👍🏽",CONNECTIVITY_WIFI_BLUETOOTH,GENERAL_DEVICE_INQUIRY,0.3444,"['GENERAL_DEVICE_INQUIRY', 'CONNECTIVITY_WIFI_BLUETOOTH', 'APP_STORE_PURCHASES_BILLING']","[0.3444, 0.1567, 0.1037]",SUBTLE_SYMPTOM_DISTINCTION
#Hannity is anyone else’s iPad keyboard messing up since update @115858 @AppleSupport I will call support tomorrow. Thank you,KEYBOARD_TYPING_AUTOCORRECT,OS_UPDATE_SYSTEM_PERFORMANCE,0.3839,"['OS_UPDATE_SYSTEM_PERFORMANCE', 'KEYBOARD_TYPING_AUTOCORRECT', 'GENERAL_DEVICE_INQUIRY']","[0.3839, 0.3749, 0.0463]",LEXICAL_OVERLAP_AMBIGUITY
"@AppleSupport can you make iOS Music app remember what i was listening to and resume? I’m not sure why it doesn’t do this… @AppleSupport I never kill the app. It likely gets suspended between uses. I don’t see why any of this should matter though. Why not save playing state between uses?
Last music i played was in car 2 days ago. Today in shower i turned on Bluetooth speaker and hit play. One would expect resume @AppleSupport … And thanks for your time 😃",AUDIO_SOUND_SPEAKER,APP_STORE_PURCHASES_BILLING,0.392,"['APP_STORE_PURCHASES_BILLING', 'AUDIO_SOUND_SPEAKER', 'CONNECTIVITY_WIFI_BLUETOOTH']","[0.392, 0.2679, 0.127]",LEXICAL_OVERLAP_AMBIGUITY
. @AppleSupport hallo. I got a mail a out a purchase I never made. Is this spam or? I'm not even using my 🍎ID on that email https://t.co/0O97MPapiu @AppleSupport Thank you for the response 😊,APP_STORE_PURCHASES_BILLING,GENERAL_DEVICE_INQUIRY,0.4331,"['GENERAL_DEVICE_INQUIRY', 'APP_STORE_PURCHASES_BILLING', 'ACCOUNT_APPLEID_ICLOUD']","[0.4331, 0.1891, 0.1646]",SUBTLE_SYMPTOM_DISTINCTION
"Say hello to the future. Pre-order iPhone X. @115858 How about you fix my 6 Plus?  Ever since I downloaded IOS 11, and then the updates, it’s been going crazy. So close to over it. @115858 Your products suck.  Two iPhone 7s died on me within one month and all your ""geniuses"" could say was that it was ""weird."" @115858 iPhone 8 is the WORST phone I’ve ever owned. So disappointed. @115858 Fix the battery drain/slow performance on the iPhone 6, no way I buy a new one unless this gets fixed.  V11.0.3 @115858 I would just like my iPhone 7 to work like it did before IOS 11, what a horrible mess @576606 @115858 It’s the update that wrecked it.. I’ve been to the Genius Bar 2x in the last 4 Days with software issues and the entire store was filled w/ @AppleSupport @576606 The hapless end user can also find a “genius” to replace it at the local Apple store.  
During the store’s off-peak hours—it should not take any longer than checking-in/boarding an international flight with marginally sedated pets with incomplete vaccination documents. @AppleSupport @576606 These asshats told me to restore my phone and set it up as new so I’ll lose all of my personal data. Nope fuck apple getting a Samsung @576606 @115858 Thx Apple for purposely screwing up my phone... you suck! @AppleSupport No thanks.  Already switched to another company. @AppleSupport @576658 Smart move Eric. They way Apple is releasing flawed iOS makes you wonder how premium the Apple brand really is @576658 @AppleSupport Cry me a river!",BATTERY_CHARGING_POWER,OS_UPDATE_SYSTEM_PERFORMANCE,0.3756,"['OS_UPDATE_SYSTEM_PERFORMANCE', 'BATTERY_CHARGING_POWER', 'AUDIO_SOUND_SPEAKER']","[0.3756, 0.2864, 0.1002]",LEXICAL_OVERLAP_AMBIGUITY
"@AppleSupport In Swift 3 or 4 for macOS, is it possible to reveal hidden text field text? NSSecureTextEntryCell and .echosBullets won't work @AppleSupport Thanks very much",HOW_TO_SETTINGS_CONFIGURATION,GENERAL_DEVICE_INQUIRY,0.3737,"['GENERAL_DEVICE_INQUIRY', 'KEYBOARD_TYPING_AUTOCORRECT', 'OS_UPDATE_SYSTEM_PERFORMANCE']","[0.3737, 0.2116, 0.0862]",SETTINGS_VS_GENERAL_DISAMBIGUATION
@AppleSupport Why is the 1st track of this album that I purchased missing? It’s the same on both my Mac and my iPhone. https://t.co/B4koDlvzam @AppleSupport Thanks. I just figured out the issue a bit ago. Sent the explanation in a DM. https://t.co/wDPjgQ5Agp,APP_STORE_PURCHASES_BILLING,GENERAL_DEVICE_INQUIRY,0.4819,"['GENERAL_DEVICE_INQUIRY', 'APP_STORE_PURCHASES_BILLING', 'OS_UPDATE_SYSTEM_PERFORMANCE']","[0.4819, 0.1452, 0.1018]",SUBTLE_SYMPTOM_DISTINCTION
"How is it possible blue circle stay at zero?! 😳 #Apple #AppleWatch @AppleSupport https://t.co/xUHkg5l0b9 @AppleSupport Yes, everything is ok. It’s friend activity through sharing, not mine. @AppleSupport Thank you but I think it’s bug. With all other sharing friends, any problem. @AppleSupport No, just with one friend… @AppleSupport Ok. No problem. Thank you. @AppleSupport Thank you. Have a nice day",HOW_TO_SETTINGS_CONFIGURATION,GENERAL_DEVICE_INQUIRY,0.4503,"['GENERAL_DEVICE_INQUIRY', 'OS_UPDATE_SYSTEM_PERFORMANCE', 'HOW_TO_SETTINGS_CONFIGURATION']","[0.4503, 0.0998, 0.0891]",SETTINGS_VS_GENERAL_DISAMBIGUATION
Predictive text fail.  No = Slime Man??? Is this April 1st? Help me with this @115858 !! https://t.co/FwfNPhhB9V @AppleSupport Apparently my 17-year old son @8969 was playing a prank on his dear old mom. @applesupport https://t.co/YiNCrVV017,KEYBOARD_TYPING_AUTOCORRECT,GENERAL_DEVICE_INQUIRY,0.5747,"['GENERAL_DEVICE_INQUIRY', 'KEYBOARD_TYPING_AUTOCORRECT', 'APP_STORE_PURCHASES_BILLING']","[0.5747, 0.1646, 0.0413]",SUBTLE_SYMPTOM_DISTINCTION
"@AppleSupport Hey. All of a sudden my playlists wont sync. This is a big problem for me. Please help. https://t.co/i0fW2kbbLN @AppleSupport Thanks, have DM'd",HOW_TO_SETTINGS_CONFIGURATION,GENERAL_DEVICE_INQUIRY,0.622,"['GENERAL_DEVICE_INQUIRY', 'APP_STORE_PURCHASES_BILLING', 'OS_UPDATE_SYSTEM_PERFORMANCE']","[0.622, 0.0856, 0.0643]",SETTINGS_VS_GENERAL_DISAMBIGUATION
@AppleSupport Hello.  Been having an issue with Apple Pay since July.  Can I please DM you the case number to get this escalated so it can be fixed for once and for all? @AppleSupport @AppleSupport Thank you very much.  I just sent you a DM with the case number.,APP_STORE_PURCHASES_BILLING,GENERAL_DEVICE_INQUIRY,0.3016,"['GENERAL_DEVICE_INQUIRY', 'APP_STORE_PURCHASES_BILLING', 'OS_UPDATE_SYSTEM_PERFORMANCE']","[0.3016, 0.2553, 0.0791]",MULTI_INTENT_COLLISION
"@AppleSupport Hey guys, I’ve the iPhone 8 and sometimes my background photo flickers and alters it’s size by itself. Is there anything I could do? Thanks heaps! @AppleSupport You’re welcome. Yes, it happens with any. I’ve done a reset to factory settings and re-started the phone without iCloud, and then downloading everything by signing in on iCloud. Same thing :-/ @AppleSupport No, just on the home screen.",DISPLAY_TOUCH_SCREEN,ACCOUNT_APPLEID_ICLOUD,0.5933,"['ACCOUNT_APPLEID_ICLOUD', 'DISPLAY_TOUCH_SCREEN', 'CONNECTIVITY_WIFI_BLUETOOTH']","[0.5933, 0.1616, 0.0688]",SUBTLE_SYMPTOM_DISTINCTION
@AppleSupport added a screenshot of a note as couldnt write it all on here. Id be definitely grateful if i could get a bit of help. Thanks https://t.co/yARyPK0RdU @AppleSupport I’m on 11.0.1 but no wifi to be able to update 😭 &amp; the only thing i can thing of is it went into a cup of water 11mths ago but had no issues @AppleSupport I also just slightly pushed down a lil harder than i normally would on my screen whilst i was holding it &amp; my phone clicked 🤦🏼‍♀️,CONNECTIVITY_WIFI_BLUETOOTH,DISPLAY_TOUCH_SCREEN,0.3327,"['DISPLAY_TOUCH_SCREEN', 'CONNECTIVITY_WIFI_BLUETOOTH', 'OS_UPDATE_SYSTEM_PERFORMANCE']","[0.3327, 0.2653, 0.0956]",LEXICAL_OVERLAP_AMBIGUITY
Okay listen @115858 y’all need to send another fucking update out &amp; fix this shit! Got us looking like androids when they couldn’t see emojis https://t.co/uNcZrYbzzU @AppleSupport Yeah so I did that &amp; I️t worked for less than a few hours now it’s back 🙄,KEYBOARD_TYPING_AUTOCORRECT,GENERAL_DEVICE_INQUIRY,0.3214,"['GENERAL_DEVICE_INQUIRY', 'OS_UPDATE_SYSTEM_PERFORMANCE', 'KEYBOARD_TYPING_AUTOCORRECT']","[0.3214, 0.2477, 0.1297]",LEXICAL_OVERLAP_AMBIGUITY
"@115858 #Maps #navigation is still not working in the #UAE even on #iOS11. @200998 navigation works on a cheap &amp; old @122609 5 device. 🤔 @AppleSupport Thank you. I have just checked and confirmed; the #Apple #Maps Directions and Turn-by-Turn Navigation are (still) not available in the #UAE. @200996 @AppleSupport Kok bisa jek disana belum ada supportnya @200997 @AppleSupport Exactly. Apple Maps on #CarPlay also doesn’t work in the #UAE. And rather than taking the feedback, the support team give a ‘helpful’ link 😅",OS_UPDATE_SYSTEM_PERFORMANCE,CONNECTIVITY_WIFI_BLUETOOTH,0.2251,"['CONNECTIVITY_WIFI_BLUETOOTH', 'GENERAL_DEVICE_INQUIRY', 'OS_UPDATE_SYSTEM_PERFORMANCE']","[0.2251, 0.1877, 0.1183]",LEXICAL_OVERLAP_AMBIGUITY
"@AppleSupport why won’t the podcast app automatically play the next episode? #iOS11 encourages me to mess w/ my phone while driving. @AppleSupport Thank you, this is very helpful.  Is there a way to view the queue and make changes? @AppleSupport Ah, okay. This is will take some getting used to, but it’s starting to make sense. Thank you so much for taking the time to help me. 😁",OS_UPDATE_SYSTEM_PERFORMANCE,GENERAL_DEVICE_INQUIRY,0.2407,"['GENERAL_DEVICE_INQUIRY', 'OS_UPDATE_SYSTEM_PERFORMANCE', 'APP_STORE_PURCHASES_BILLING']","[0.2407, 0.1735, 0.0911]",LEXICAL_OVERLAP_AMBIGUITY
@AppleSupport How can fix “Payment Delined” issue? I already made a new account but i  think that the old one is still saved somewhere. https://t.co/nuJo1ZS45o,APP_STORE_PURCHASES_BILLING,HOW_TO_SETTINGS_CONFIGURATION,0.2806,"['HOW_TO_SETTINGS_CONFIGURATION', 'GENERAL_DEVICE_INQUIRY', 'APP_STORE_PURCHASES_BILLING']","[0.2806, 0.2094, 0.1796]",MULTI_INTENT_COLLISION
@AppleSupport How do I permanently switch off the ‘Live Photo’ and permanently keep on HDR? They both keep resetting after I have used my camera it’s so frustrating 😡 @AppleSupport Thank you for your help,DISPLAY_TOUCH_SCREEN,HOW_TO_SETTINGS_CONFIGURATION,0.4558,"['HOW_TO_SETTINGS_CONFIGURATION', 'DISPLAY_TOUCH_SCREEN', 'GENERAL_DEVICE_INQUIRY']","[0.4558, 0.1974, 0.1156]",SUBTLE_SYMPTOM_DISTINCTION
"@AppleSupport my songs aren’t downloading, it just keeps spinning https://t.co/rRmt4q48Ud @AppleSupport Fixed, why didn’t I try that lol thank you",APP_CRASH_AND_DOWNLOAD,GENERAL_DEVICE_INQUIRY,0.4243,"['GENERAL_DEVICE_INQUIRY', 'APP_STORE_PURCHASES_BILLING', 'KEYBOARD_TYPING_AUTOCORRECT']","[0.4243, 0.2264, 0.0654]",APP_CRASH_VS_SYSTEM_PERFORMANCE
"Is my #iPhone’s constant &amp; prolonged freezing an attempt to coerce me to buy the new #iPhone8? If so, it’s having a different effect @115858. @324688 @115858 There's something wrong with your phone.  I'm running ios11 on a 6s and it's fine. @324687 @324688 @115858 I’m running a 6, and since the iOS 11 update, its gone from a perfectly usable phone to an unreliable POS. Constant freezing.",APP_CRASH_AND_DOWNLOAD,OS_UPDATE_SYSTEM_PERFORMANCE,0.4315,"['OS_UPDATE_SYSTEM_PERFORMANCE', 'BATTERY_CHARGING_POWER', 'CONNECTIVITY_WIFI_BLUETOOTH']","[0.4315, 0.1399, 0.1361]",LEXICAL_OVERLAP_AMBIGUITY
Hey @AppleSupport how do I permanently turn off that ‘live’ thing on my iphones camera? It keeps turning back on and I hate it.,DISPLAY_TOUCH_SCREEN,HOW_TO_SETTINGS_CONFIGURATION,0.4966,"['HOW_TO_SETTINGS_CONFIGURATION', 'DISPLAY_TOUCH_SCREEN', 'GENERAL_DEVICE_INQUIRY']","[0.4966, 0.2035, 0.0769]",SUBTLE_SYMPTOM_DISTINCTION
@115858 updated to 11.1 on iPhone 7 and now it won’t connect to the App Store. Known issue? @AppleSupport App store now appears to be working,CONNECTIVITY_WIFI_BLUETOOTH,APP_STORE_PURCHASES_BILLING,0.5898,"['APP_STORE_PURCHASES_BILLING', 'CONNECTIVITY_WIFI_BLUETOOTH', 'AUDIO_SOUND_SPEAKER']","[0.5898, 0.1179, 0.072]",LEXICAL_OVERLAP_AMBIGUITY
"@AppleSupport hello everyone , now i am facing the worst experince using iphone 6 after the ios 11 software update , thats really horrible @AppleSupport IOS 11.0.2 , i really can’t find words to describe how upset and angry i feel @AppleSupport I think that is not effective bescause i have the same errors with the iOS 11, 11.0.1 , 11.0.2 then you see that solution in iOS 11.0.3 !!!! @AppleSupport I already backed up my phone before i update to 11.0.2 so this is really not making any difference @AppleSupport @328062 IOS 11 11.0.1 11.0.2 11.0.3 are junk I have a ipad mini 4 basically the same as a 6 and it is horrid now Apple you know the truth why do @AppleSupport Ok and what if the problem is still exist after updating , so what will be your solution for that ???) @AppleSupport Here find some of what i face here , my phone switched off suddenly without any reason , (2) while am using any app and i received a call @AppleSupport The screen freeze on the app while the phone is ringing and when its allow me to answer guess what ? The phone call freeze too and drop off @AppleSupport And when find something else , while am trying to open settings its take looong time to load settings screen , really ???! @AppleSupport @328062 You keep telling people to do methods that won't work? I mean seriously @AppleSupport I really was need your help and you help me with nothing , then thank you so much for that useless and unprofessional support , @AppleSupport @AppleSupport and i will really will spread my horrible experince with you , so thank you again for being do not care about your customers!! @176402 @AppleSupport @328062 Mine works fine @328063 @AppleSupport @328062 I am glad you are not having issues kush but thousands and thousands of people are though.",DISPLAY_TOUCH_SCREEN,OS_UPDATE_SYSTEM_PERFORMANCE,0.4525,"['OS_UPDATE_SYSTEM_PERFORMANCE', 'DISPLAY_TOUCH_SCREEN', 'AUDIO_SOUND_SPEAKER']","[0.4525, 0.2083, 0.0937]",LEXICAL_OVERLAP_AMBIGUITY
@AppleSupport Hello ! I have another problem : I've bought music like 2 or 3 years ago on my iTunes account but I can't find it anymore :( @AppleSupport It works ! Thanks ! @AppleSupport You too :-),ACCOUNT_APPLEID_ICLOUD,APP_STORE_PURCHASES_BILLING,0.7012,"['APP_STORE_PURCHASES_BILLING', 'ACCOUNT_APPLEID_ICLOUD', 'GENERAL_DEVICE_INQUIRY']","[0.7012, 0.1184, 0.0374]",SUBTLE_SYMPTOM_DISTINCTION
"@AppleSupport I asked the watch to start a dance workout. Clicked ‘+’ at the end to start another and it’s saved the dance workout as other https://t.co/rHmGgK9vOO @AppleSupport Can I rename this workout now it has auto saved? @AppleSupport No. First time. I’m running up to date OS on both phone and watch. @AppleSupport Thanks. I know that bit, but because I clicked this (blue arrow) it just saved the workout. Didn’t realise it was “other” until after. https://t.co/lb1Wi3HG3b @AppleSupport It’d be great if next update allows you to rename after saving...",OS_UPDATE_SYSTEM_PERFORMANCE,GENERAL_DEVICE_INQUIRY,0.284,"['GENERAL_DEVICE_INQUIRY', 'OS_UPDATE_SYSTEM_PERFORMANCE', 'APP_STORE_PURCHASES_BILLING']","[0.284, 0.201, 0.0931]",LEXICAL_OVERLAP_AMBIGUITY
Since #IOS11 I’m pretty much always charging a device. It’s out of hand. When will we get an update with a fix? @115858 @AppleSupport @AppleSupport iOS 11.1 Not only that but my memory usage is 100% even if There’s no apps running in the background...,BATTERY_CHARGING_POWER,OS_UPDATE_SYSTEM_PERFORMANCE,0.6391,"['OS_UPDATE_SYSTEM_PERFORMANCE', 'BATTERY_CHARGING_POWER', 'CONNECTIVITY_WIFI_BLUETOOTH']","[0.6391, 0.2184, 0.0306]",LEXICAL_OVERLAP_AMBIGUITY
Uh…@AppleSupport …my phone says that my system is up to date with iOS 11.1.2 but apparently there’s an iOS 11.2 out with Apple Pay in messages. I updated this morning. 🤷🏾‍♂️ @AppleSupport Thanks. …but that doesn’t explain why I don’t see the Apple Pay in messages feature. @AppleSupport Thanks.,APP_STORE_PURCHASES_BILLING,OS_UPDATE_SYSTEM_PERFORMANCE,0.39,"['OS_UPDATE_SYSTEM_PERFORMANCE', 'APP_STORE_PURCHASES_BILLING', 'DISPLAY_TOUCH_SCREEN']","[0.39, 0.2873, 0.0473]",LEXICAL_OVERLAP_AMBIGUITY
"@115858 fix or replace you damned Apple TV remote. This thing has to be the WORST remote control I’ve ever used. @AppleSupport There’s nothing to be done. It’s just a TERRIBLE design. Easy to lose. Difficult to orient. Not enough buttons for the task at hand. Too small. No charge indicator. Dodgy touch interface that my cat triggers all the time. Just the absolutely WORST remote ever designed. @AppleSupport Thanks. Although since Jonny Ive didn’t come up with my ideas, I’m sure this is just a placebo.",APP_STORE_PURCHASES_BILLING,GENERAL_DEVICE_INQUIRY,0.2417,"['GENERAL_DEVICE_INQUIRY', 'OS_UPDATE_SYSTEM_PERFORMANCE', 'BATTERY_CHARGING_POWER']","[0.2417, 0.1648, 0.1571]",MULTI_INTENT_COLLISION
Trying to add an email account andddd I️ cannot find the option in my settings anymore @AppleSupport wasssupp?,HOW_TO_SETTINGS_CONFIGURATION,ACCOUNT_APPLEID_ICLOUD,0.2672,"['ACCOUNT_APPLEID_ICLOUD', 'GENERAL_DEVICE_INQUIRY', 'APP_STORE_PURCHASES_BILLING']","[0.2672, 0.2393, 0.101]",MULTI_INTENT_COLLISION
"@115858 Here's a thought: new phone numbers in iOS default to ""home fax."" Maybe that's something you could fix please, or is an inside joke? @AppleSupport iPhone SE version 10.3.1. As far as I know this is something that happens with my friends' iPhones as well, so haven't tried anything... @AppleSupport Everyone I ask sees the same thing, seems to be a default setting on the OS. I'm not interested in troubleshooting my specific phone thanks!",GENERAL_DEVICE_INQUIRY,OS_UPDATE_SYSTEM_PERFORMANCE,0.2199,"['OS_UPDATE_SYSTEM_PERFORMANCE', 'GENERAL_DEVICE_INQUIRY', 'DISPLAY_TOUCH_SCREEN']","[0.2199, 0.2041, 0.0934]",LEXICAL_OVERLAP_AMBIGUITY
First time i hot frustrated with new #macOSHighSierra its so annoying everything got stop working it make so difficult to use 😒😒@115858 @AppleSupport I cant use my ntfs hard drive and third party software are also not working i already downgrading it to #macoshighsierrainstall @AppleSupport Yeah @AppleSupport Because macos high seirra is nit stable yet there are several problems in it so i planned to downgrade it @AppleSupport Thanks for the help from my side i already did the downgrade part and i know how to handle it 😊,BATTERY_CHARGING_POWER,OS_UPDATE_SYSTEM_PERFORMANCE,0.1703,"['OS_UPDATE_SYSTEM_PERFORMANCE', 'HOW_TO_SETTINGS_CONFIGURATION', 'GENERAL_DEVICE_INQUIRY']","[0.1703, 0.1404, 0.1313]",MULTI_INTENT_COLLISION
Hey @AppleSupport @115858  since the last update every time I️ type the letter “I️” I️ get this *please see pic* https://t.co/k5SbJKOzsk,OS_UPDATE_SYSTEM_PERFORMANCE,GENERAL_DEVICE_INQUIRY,0.3777,"['GENERAL_DEVICE_INQUIRY', 'OS_UPDATE_SYSTEM_PERFORMANCE', 'KEYBOARD_TYPING_AUTOCORRECT']","[0.3777, 0.2129, 0.1942]",LEXICAL_OVERLAP_AMBIGUITY
@applesupport @115858 iPhone 6s becomes unresponsive when I try to enter an address in location on a calendar event https://t.co/BxyGScu6xU @AppleSupport version 11.1.1  restarting now.,DISPLAY_TOUCH_SCREEN,GENERAL_DEVICE_INQUIRY,0.2964,"['GENERAL_DEVICE_INQUIRY', 'DISPLAY_TOUCH_SCREEN', 'OS_UPDATE_SYSTEM_PERFORMANCE']","[0.2964, 0.2009, 0.1222]",MULTI_INTENT_COLLISION
"Hey @115858— this new update just auto correct capitalizes random words. Like Tour. Ugh. Can you please get the whole of your capitalization issues resolved please? @AppleSupport Thanks! Yes, I’m currently on iOS 11.1.1.",KEYBOARD_TYPING_AUTOCORRECT,OS_UPDATE_SYSTEM_PERFORMANCE,0.5464,"['OS_UPDATE_SYSTEM_PERFORMANCE', 'KEYBOARD_TYPING_AUTOCORRECT', 'DISPLAY_TOUCH_SCREEN']","[0.5464, 0.1931, 0.0669]",LEXICAL_OVERLAP_AMBIGUITY
"My Apple Watch tripping. How’d i do an intense 60 min spin class and it says I burned 27 calories and worked out for 3 min?!?! I need answers @115858 @AppleSupport @AppleSupport First time this has happened. I reset it yesterday bc it wouldn’t pair with my new iPhone. It says version 4.1 @AppleSupport I already set it up. When I worked out for an hour today, the calories didn’t track nor did the time. Even though I kept checking it",OS_UPDATE_SYSTEM_PERFORMANCE,HOW_TO_SETTINGS_CONFIGURATION,0.1833,"['HOW_TO_SETTINGS_CONFIGURATION', 'GENERAL_DEVICE_INQUIRY', 'ACCOUNT_APPLEID_ICLOUD']","[0.1833, 0.1486, 0.1022]",MULTI_INTENT_COLLISION
"Hi @AppleSupport why does my Bluetooth keep turning itself on in iOS11.1.1, and how can I stop it? @731425 @AppleSupport Actually, my Bluetooth and WiFi turning themselves on draining my battery... how can I downgrade to iOS 10.3? @AppleSupport Thanks!",BATTERY_CHARGING_POWER,CONNECTIVITY_WIFI_BLUETOOTH,0.6028,"['CONNECTIVITY_WIFI_BLUETOOTH', 'BATTERY_CHARGING_POWER', 'HOW_TO_SETTINGS_CONFIGURATION']","[0.6028, 0.3427, 0.0145]",LEXICAL_OVERLAP_AMBIGUITY
"@AppleSupport Hi, i got an iphone 6, it worked perfectly for 3 years, but since the new IOS 11 i have so many bugs, my phone don't charge correctly, it's very slow, and writting is the worst, letter appear 3 secs after i type... plz help me :(",BATTERY_CHARGING_POWER,OS_UPDATE_SYSTEM_PERFORMANCE,0.4649,"['OS_UPDATE_SYSTEM_PERFORMANCE', 'BATTERY_CHARGING_POWER', 'GENERAL_DEVICE_INQUIRY']","[0.4649, 0.2058, 0.0643]",LEXICAL_OVERLAP_AMBIGUITY
@115858 @AppleSupport I downloaded 11.0.3 and ever since then my camera defaults to Live Photo’s now and I hate it! Please correct it! @AppleSupport This is what I see https://t.co/NZmrROcwpZ @AppleSupport Will do! I appreciate the help,DISPLAY_TOUCH_SCREEN,GENERAL_DEVICE_INQUIRY,0.3233,"['GENERAL_DEVICE_INQUIRY', 'OS_UPDATE_SYSTEM_PERFORMANCE', 'DISPLAY_TOUCH_SCREEN']","[0.3233, 0.1944, 0.1058]",MULTI_INTENT_COLLISION
"@156470 I recently got an iphone 8+ and touch id doesn’t work. Are you having this problem? @115858 FIX THIS! @AppleSupport When I am charging the device and I put my finger on the home button it tells me to try again, but when I’m not charging my 8+ the fingerprint scanner works perfectly. I’ve tried restarting the device in addition to-adding new fingerprints.",BATTERY_CHARGING_POWER,DISPLAY_TOUCH_SCREEN,0.3062,"['DISPLAY_TOUCH_SCREEN', 'BATTERY_CHARGING_POWER', 'GENERAL_DEVICE_INQUIRY']","[0.3062, 0.2035, 0.0911]",MULTI_INTENT_COLLISION
"I need to reconsider who I️ follow on here. My timeline was full of assholes and pussy. @671055 I️ blame this on you. @671055 Fucking @115858 with the I glitch @AppleSupport I fixed it by buying a new phone. Thank you though. Never thought apple would reply hahaha. Hey could you put our podcast in the new and noteworthy? Thanks in advance lol @671055 @353620 @AppleSupport  https://t.co/fEjAl7ByZ4 @671055 @353620 @AppleSupport Putin is such a confusing cat. I want to like the guy, even though he is a Bond villain. I still want his autograph",OS_UPDATE_SYSTEM_PERFORMANCE,KEYBOARD_TYPING_AUTOCORRECT,0.846,"['KEYBOARD_TYPING_AUTOCORRECT', 'OS_UPDATE_SYSTEM_PERFORMANCE', 'GENERAL_DEVICE_INQUIRY']","[0.846, 0.0535, 0.0346]",SUBTLE_SYMPTOM_DISTINCTION
@AppleSupport run this up to your developers on the iPhone X if the phone freezes after but dialing someone at 1AM just eject the SIM car. Cuz holding the damn power button doesn’t do it. The power button can’t do its job now? No it’s a puzzle to try and shut the phone off. @AppleSupport Like I said a puzzle kinda missing the point there!,GENERAL_DEVICE_INQUIRY,AUDIO_SOUND_SPEAKER,0.2267,"['AUDIO_SOUND_SPEAKER', 'GENERAL_DEVICE_INQUIRY', 'BATTERY_CHARGING_POWER']","[0.2267, 0.1223, 0.1182]",MULTI_INTENT_COLLISION
"@AppleSupport just entered in a calendar date but by doing so it has deleted my whole years calendars dates, how can I retrieve these? @AppleSupport Great, thank you. I have DM'd you . Look forward to hearing from you",HOW_TO_SETTINGS_CONFIGURATION,GENERAL_DEVICE_INQUIRY,0.3486,"['GENERAL_DEVICE_INQUIRY', 'HOW_TO_SETTINGS_CONFIGURATION', 'OS_UPDATE_SYSTEM_PERFORMANCE']","[0.3486, 0.1624, 0.1393]",SETTINGS_VS_GENERAL_DISAMBIGUATION
@AppleSupport I have a spinning wheel running nonstop since upgrading to ios11. Apps are closed and I shut off all background app refresh?! @AppleSupport I executed a “hard reset” and that seems to have fixed the issue. Not sure if that is common knowledge. @AppleSupport A simple restart did not fix it.,APP_CRASH_AND_DOWNLOAD,OS_UPDATE_SYSTEM_PERFORMANCE,0.2507,"['OS_UPDATE_SYSTEM_PERFORMANCE', 'APP_CRASH_AND_DOWNLOAD', 'GENERAL_DEVICE_INQUIRY']","[0.2507, 0.1536, 0.0956]",LEXICAL_OVERLAP_AMBIGUITY
@AppleSupport please bring support for #Gmail aliases to the #iOS #Mail app! Exists in #MacOS already... @AppleSupport Thanks guys! 👍😊,GENERAL_DEVICE_INQUIRY,OS_UPDATE_SYSTEM_PERFORMANCE,0.294,"['OS_UPDATE_SYSTEM_PERFORMANCE', 'GENERAL_DEVICE_INQUIRY', 'APP_STORE_PURCHASES_BILLING']","[0.294, 0.2916, 0.0739]",LEXICAL_OVERLAP_AMBIGUITY
@AppleSupport  Watch on os4 does not change time to reflect local time zone after coming off airplane mode. Phone adjusts. They do connect. @AppleSupport No. Right now watch show east coast time but phone shows central time @AppleSupport It has worked regularly in the past. First trip since update to os4 @AppleSupport 4.0 (15R372) @AppleSupport Phone loaded 11.0.3 update after I got home. Watch went to correct local time without restarting watch @AppleSupport Given how seamlessly this worked before I’m not sure restarting devices every time I cross time zones is a long-term answer,CONNECTIVITY_WIFI_BLUETOOTH,OS_UPDATE_SYSTEM_PERFORMANCE,0.2241,"['OS_UPDATE_SYSTEM_PERFORMANCE', 'CONNECTIVITY_WIFI_BLUETOOTH', 'DISPLAY_TOUCH_SCREEN']","[0.2241, 0.2023, 0.0995]",LEXICAL_OVERLAP_AMBIGUITY
"@116333  system say my membership already expired , but I am sure my membership is still alive , I can’t listen to any music right now😭 https://t.co/LCrbfV6clz @AppleSupport iphone6s+ and iphone 7, yesterday AM still working fine !
Today all my music is dead !
This is a disaster!😭
Tried login and out and restart",ACCOUNT_APPLEID_ICLOUD,APP_STORE_PURCHASES_BILLING,0.7153,"['APP_STORE_PURCHASES_BILLING', 'GENERAL_DEVICE_INQUIRY', 'AUDIO_SOUND_SPEAKER']","[0.7153, 0.0517, 0.051]",SUBTLE_SYMPTOM_DISTINCTION
"@AppleSupport are there reported issues with iPhone X and Bluetooth ? iOS 11.1.2 (15B202) keeps dropping BT connection to Parrot 3200 car kit, Bose OE soundlink headphones, Bose soundlink mini etc ? @AppleSupport Dm sent including details, getting late here now so will pickup any replies in the morning, thanks.",AUDIO_SOUND_SPEAKER,CONNECTIVITY_WIFI_BLUETOOTH,0.4548,"['CONNECTIVITY_WIFI_BLUETOOTH', 'AUDIO_SOUND_SPEAKER', 'OS_UPDATE_SYSTEM_PERFORMANCE']","[0.4548, 0.2426, 0.0887]",LEXICAL_OVERLAP_AMBIGUITY
"@AppleSupport the iOS stock app has been glitching for months now, When turned to landscape it.",GENERAL_DEVICE_INQUIRY,OS_UPDATE_SYSTEM_PERFORMANCE,0.2566,"['OS_UPDATE_SYSTEM_PERFORMANCE', 'GENERAL_DEVICE_INQUIRY', 'KEYBOARD_TYPING_AUTOCORRECT']","[0.2566, 0.2121, 0.0807]",LEXICAL_OVERLAP_AMBIGUITY
help @AppleSupport https://t.co/hN5Pfvb4bl @AppleSupport i soft reset my phone and it is working now,OS_UPDATE_SYSTEM_PERFORMANCE,GENERAL_DEVICE_INQUIRY,0.4095,"['GENERAL_DEVICE_INQUIRY', 'OS_UPDATE_SYSTEM_PERFORMANCE', 'ACCOUNT_APPLEID_ICLOUD']","[0.4095, 0.1166, 0.0677]",SUBTLE_SYMPTOM_DISTINCTION
@1313 hello do you support any more @115858 watch? Because crashing all time and is slow!! @579587 @1313 @115858 I’ve been asking the same question over and over again..no response yet..really frustrating we're not receiving support on this platform @AppleSupport The problem is not with your product...it's with a third party app that runs slow and buggy on the Apple Watch...thanks for your response!,APP_CRASH_AND_DOWNLOAD,GENERAL_DEVICE_INQUIRY,0.2703,"['GENERAL_DEVICE_INQUIRY', 'APP_CRASH_AND_DOWNLOAD', 'OS_UPDATE_SYSTEM_PERFORMANCE']","[0.2703, 0.1767, 0.135]",APP_CRASH_VS_SYSTEM_PERFORMANCE
"Why when i type i it changes to I️ please help @115858 @AppleSupport How is that going to help though? @AppleSupport Oh
Thanks then",GENERAL_DEVICE_INQUIRY,KEYBOARD_TYPING_AUTOCORRECT,0.9619,"['KEYBOARD_TYPING_AUTOCORRECT', 'GENERAL_DEVICE_INQUIRY', 'OS_UPDATE_SYSTEM_PERFORMANCE']","[0.9619, 0.0126, 0.0086]",SUBTLE_SYMPTOM_DISTINCTION
Why is it so hard to watch movies that I download from the Apple store? I’ve paid for it and yet phone can never seem to download it. Now it’s ‘does not support format’...... @AppleSupport @AppleSupport I don’t know. I rented it on my iPhone this morning and now when I try and watch it just shows this screen https://t.co/vA081OmWSK,DISPLAY_TOUCH_SCREEN,APP_STORE_PURCHASES_BILLING,0.3158,"['APP_STORE_PURCHASES_BILLING', 'DISPLAY_TOUCH_SCREEN', 'GENERAL_DEVICE_INQUIRY']","[0.3158, 0.2854, 0.1518]",MULTI_INTENT_COLLISION
@AppleSupport How do I update my shipping address for my iPhone X order? @AppleSupport Gee thanks. I was already on the phone with them for an hour. Then disconnected! Not happy!!! @AppleSupport Now I’m being told “Due to high volume...” and hung up on. Not good @115858!!,AUDIO_SOUND_SPEAKER,HOW_TO_SETTINGS_CONFIGURATION,0.1978,"['HOW_TO_SETTINGS_CONFIGURATION', 'AUDIO_SOUND_SPEAKER', 'OS_UPDATE_SYSTEM_PERFORMANCE']","[0.1978, 0.168, 0.156]",LEXICAL_OVERLAP_AMBIGUITY
@115858 @AppleSupport Why is it taking 6 months for you to unlock an iPhone 7 that I have PROVEN to you that I own? @AppleSupport Really? Cause every time I try to get the problem resolved I’m told I’ll have to wait “a week or two” and here we are six months later @AppleSupport SO IM KINDA FUCKING PISSED AT THIS POINT @AppleSupport I’m guessing you’ll take the info and once again sweep it under the rug I NEED IT FIXED NOW,ACCOUNT_APPLEID_ICLOUD,GENERAL_DEVICE_INQUIRY,0.2291,"['GENERAL_DEVICE_INQUIRY', 'KEYBOARD_TYPING_AUTOCORRECT', 'DISPLAY_TOUCH_SCREEN']","[0.2291, 0.1627, 0.1033]",MULTI_INTENT_COLLISION
".@AppleSupport I️ made a joke tweet about this annoying “I️” glitch like a week ago, but now I’m f’real. When are you fixing it? @AppleSupport Thank you! 🙏🏽",OS_UPDATE_SYSTEM_PERFORMANCE,GENERAL_DEVICE_INQUIRY,0.3907,"['GENERAL_DEVICE_INQUIRY', 'OS_UPDATE_SYSTEM_PERFORMANCE', 'KEYBOARD_TYPING_AUTOCORRECT']","[0.3907, 0.3061, 0.1342]",MULTI_INTENT_COLLISION
@AppleSupport need a quick update from 11.0.1 IOS to a better future. This version sucks battery like the greatest fellatio. Please update! @AppleSupport I got the update under Settings already. Thanks for the update guys.,BATTERY_CHARGING_POWER,OS_UPDATE_SYSTEM_PERFORMANCE,0.4605,"['OS_UPDATE_SYSTEM_PERFORMANCE', 'BATTERY_CHARGING_POWER', 'KEYBOARD_TYPING_AUTOCORRECT']","[0.4605, 0.3876, 0.0326]",LEXICAL_OVERLAP_AMBIGUITY
Plus This Is My 3rd iPhone In 3 Months I’m Seriously Fed Up With @115858 x @AppleSupport @AppleSupport MY PHONE WONT CHARGE. IT FREEZES. GLITCHES. THE WIFI WONT TURN OFF. ALL. @ ONCE. 3rd PHONE SINCE SEPTEMBER 😴😴,CONNECTIVITY_WIFI_BLUETOOTH,BATTERY_CHARGING_POWER,0.4125,"['BATTERY_CHARGING_POWER', 'CONNECTIVITY_WIFI_BLUETOOTH', 'OS_UPDATE_SYSTEM_PERFORMANCE']","[0.4125, 0.3065, 0.0616]",MULTI_INTENT_COLLISION
"Help! @AppleSupport iMovie keeps crashing! On forums I read people face same issues… can’t edit, export, whatever… re-install did not work. @AppleSupport The software iMovie keeps crashing… following the link it ends saying its not free to get phone support. And ends. @AppleSupport This is wierd! I reinstalled imovie. Appears to be 10.1.7 but bug report only offers 10.1.6? https://t.co/QSGDDyNx1L @AppleSupport Anyway, i want to edit a simple 15 min video and for days I am struggling to get at least iMovie working. Not my normal @115858 experience 😥 @AppleSupport In the App store you see many people complaining it crashes and can not be used anymore. Since 5 Oct orso. I can not edit movies anymore. @AppleSupport Submit bug report. Following url for ""discussion "", get a ""page not found"". You might want to test the user experience end2end here too 😉🤔😥 https://t.co/O2C3Tp33ZX @AppleSupport thanks Seems phoning is only step left. I will schedule a phonecall with support. thanks for reply.",APP_STORE_PURCHASES_BILLING,APP_CRASH_AND_DOWNLOAD,0.4041,"['APP_CRASH_AND_DOWNLOAD', 'APP_STORE_PURCHASES_BILLING', 'OS_UPDATE_SYSTEM_PERFORMANCE']","[0.4041, 0.2215, 0.0759]",SUBTLE_SYMPTOM_DISTINCTION
@AppleSupport 2/2 My name is there but not the apps I've purchased. We were able to share apps in iOS 10. @AppleSupport Thanks!,GENERAL_DEVICE_INQUIRY,OS_UPDATE_SYSTEM_PERFORMANCE,0.2004,"['OS_UPDATE_SYSTEM_PERFORMANCE', 'APP_STORE_PURCHASES_BILLING', 'GENERAL_DEVICE_INQUIRY']","[0.2004, 0.1869, 0.1788]",LEXICAL_OVERLAP_AMBIGUITY
Hey @AppleSupport the new version of iTunes has erased all the special ring tones from my iPhone and there's no way to get them back! Please fix this terrible change!,APP_STORE_PURCHASES_BILLING,GENERAL_DEVICE_INQUIRY,0.3096,"['GENERAL_DEVICE_INQUIRY', 'APP_STORE_PURCHASES_BILLING', 'KEYBOARD_TYPING_AUTOCORRECT']","[0.3096, 0.1679, 0.1183]",MULTI_INTENT_COLLISION
"@AppleSupport Hi! Apparently Numbers will export .csv with commas or semicolons as separators depending on your language settings. Why can’t it be consistent worldwide?
I opened a topic. https://t.co/Kx29Vl0Cq2 @AppleSupport Thanks.",HOW_TO_SETTINGS_CONFIGURATION,GENERAL_DEVICE_INQUIRY,0.5271,"['GENERAL_DEVICE_INQUIRY', 'HOW_TO_SETTINGS_CONFIGURATION', 'KEYBOARD_TYPING_AUTOCORRECT']","[0.5271, 0.0721, 0.0692]",SETTINGS_VS_GENERAL_DISAMBIGUATION
@AppleSupport my ios 11.1 won't install and I have no access to a computer. How do I fix it?,OS_UPDATE_SYSTEM_PERFORMANCE,HOW_TO_SETTINGS_CONFIGURATION,0.6893,"['HOW_TO_SETTINGS_CONFIGURATION', 'OS_UPDATE_SYSTEM_PERFORMANCE', 'APP_STORE_PURCHASES_BILLING']","[0.6893, 0.1514, 0.0334]",LEXICAL_OVERLAP_AMBIGUITY
@115858 or@Facebook help me please something has happened to my Facebook and tumblr app can't re install them they wouldn't finish updating and when I turned phone off and on they came up looking like this what do I do please? https://t.co/eGpqqj83gJ @AppleSupport Thanks for replying but unfortunately nothing has worked also some extra info I have an iPhone 5s and I haven't updated to iOS 11 yet because I don't have room yet couldn't of it be that? @AppleSupport Got rid of loads of stuff so I could download iOS 11 to see if it helps downloaded it but now it keeps saying iOS 11 is unable to be installed yet again later after download still have some storage space and my signal is fine so I don't know what to do now.,CONNECTIVITY_WIFI_BLUETOOTH,OS_UPDATE_SYSTEM_PERFORMANCE,0.3083,"['OS_UPDATE_SYSTEM_PERFORMANCE', 'APP_STORE_PURCHASES_BILLING', 'CONNECTIVITY_WIFI_BLUETOOTH']","[0.3083, 0.1222, 0.1218]",LEXICAL_OVERLAP_AMBIGUITY
@AppleSupport the activity feature on my watch has been acting up since daylight savings time ended on nov 5. I️ already tried restarting it. Any suggestions?,HOW_TO_SETTINGS_CONFIGURATION,GENERAL_DEVICE_INQUIRY,0.2461,"['GENERAL_DEVICE_INQUIRY', 'HOW_TO_SETTINGS_CONFIGURATION', 'DISPLAY_TOUCH_SCREEN']","[0.2461, 0.175, 0.0943]",SETTINGS_VS_GENERAL_DISAMBIGUATION
"@AppleSupport My phone came back from Apple service centre and now, I can’t find any of my Apple Music songs or playlist even after log in. @AppleSupport Ok, you just fixed this. Thank you!
Maybe you can streamline this process.",ACCOUNT_APPLEID_ICLOUD,APP_STORE_PURCHASES_BILLING,0.6761,"['APP_STORE_PURCHASES_BILLING', 'ACCOUNT_APPLEID_ICLOUD', 'CONNECTIVITY_WIFI_BLUETOOTH']","[0.6761, 0.0816, 0.0785]",SUBTLE_SYMPTOM_DISTINCTION
"@AppleSupport so, iPhone X and Watch 3 - my Nike and Nokia Health apps won’t sign in - I use both daily, please help I’ve tried everything. @77189 @129913 @AppleSupport @77189 @129913  https://t.co/VZUJphdsvR @AppleSupport Sure - both the latest updates @AppleSupport  https://t.co/IB7bcsnhvv @AppleSupport  https://t.co/cBJnV2gWmK @AppleSupport I’ve updated from iPhone 8 Plus recently -
Something may have happened during the upgrade to the X @AppleSupport Disagree. Why are loads of apps all doing the same since I upgraded to iPhone X - all worked fine before. @AppleSupport You want me to contact a dozen App developers... odd suggestion. @AppleSupport All these apps can not connect to iPhone https://t.co/emQ0rHCZrj @AppleSupport It’s a Watch / iPhone X problem. @AppleSupport All apps with a log in won’t log in to iPhone https://t.co/oTMpqjIKWb @AppleSupport Even your own https://t.co/9WQPEzafnZ @AppleSupport Done - when will I get a reply ? (Been waiting 15mins on DM)",ACCOUNT_APPLEID_ICLOUD,CONNECTIVITY_WIFI_BLUETOOTH,0.2517,"['CONNECTIVITY_WIFI_BLUETOOTH', 'ACCOUNT_APPLEID_ICLOUD', 'GENERAL_DEVICE_INQUIRY']","[0.2517, 0.1613, 0.1536]",LEXICAL_OVERLAP_AMBIGUITY
MY IPHONE JUST GAVE ME A DAMN HEART ATTACK BY DELETING EVERYTHING IN MY CAMERA ROLL! Now it’s trying to restore everything. Omg fuck @115858. You’re hopeless. @115858 Oh my god thank you so much for restoring my photos after you deleted them @115858. But now they’re all out of order &amp; I have to sort through over 3000+ pics &amp; videos. THANK YOU. Fanfuckingtastic. https://t.co/Qh66GqJxFN,DISPLAY_TOUCH_SCREEN,GENERAL_DEVICE_INQUIRY,0.4501,"['GENERAL_DEVICE_INQUIRY', 'OS_UPDATE_SYSTEM_PERFORMANCE', 'DISPLAY_TOUCH_SCREEN']","[0.4501, 0.1567, 0.1219]",SUBTLE_SYMPTOM_DISTINCTION
"@AppleSupport hi, I can’t get any apps to download. I’ve tried a forced restart, changing and resetting the language etc - any suggestions? @AppleSupport Thanks - when I try to click to download it the wee circle just spins and nothing happens other than that.",OS_UPDATE_SYSTEM_PERFORMANCE,GENERAL_DEVICE_INQUIRY,0.1808,"['GENERAL_DEVICE_INQUIRY', 'ACCOUNT_APPLEID_ICLOUD', 'APP_STORE_PURCHASES_BILLING']","[0.1808, 0.1545, 0.1464]",MULTI_INTENT_COLLISION
"Clemens finds Marcus McCoy for a 36-yard touchdown. The two-point attempt is good, but I️t didn’t look like I️t. Refs are horrible today. 31-15 BU with 55 seconds left in the third quarter. Hey @115858 can we get this stupid glitch fixed please?",KEYBOARD_TYPING_AUTOCORRECT,OS_UPDATE_SYSTEM_PERFORMANCE,0.3636,"['OS_UPDATE_SYSTEM_PERFORMANCE', 'GENERAL_DEVICE_INQUIRY', 'KEYBOARD_TYPING_AUTOCORRECT']","[0.3636, 0.2874, 0.1139]",SUBTLE_SYMPTOM_DISTINCTION
"RUS phishing for my Apple ID. @AppleSupport #scam https://t.co/fOnIw7vTaL @AppleSupport Perfect, sent you what I had. Thank you.",ACCOUNT_APPLEID_ICLOUD,GENERAL_DEVICE_INQUIRY,0.4564,"['GENERAL_DEVICE_INQUIRY', 'ACCOUNT_APPLEID_ICLOUD', 'DISPLAY_TOUCH_SCREEN']","[0.4564, 0.4181, 0.032]",MULTI_INTENT_COLLISION
"I think I’m getting sick @757907 Ugh me too, I just downed hella orange juice like I️t was gonna save me @757907 Okay this “i” shit still not resolved?!.. @115858",KEYBOARD_TYPING_AUTOCORRECT,GENERAL_DEVICE_INQUIRY,0.6228,"['GENERAL_DEVICE_INQUIRY', 'KEYBOARD_TYPING_AUTOCORRECT', 'OS_UPDATE_SYSTEM_PERFORMANCE']","[0.6228, 0.1286, 0.0459]",SUBTLE_SYMPTOM_DISTINCTION
@115858 you guys need to fix texts. I’m tired of typing “i” and getting this I️ @AppleSupport That worked!! Thank you so much!!!,KEYBOARD_TYPING_AUTOCORRECT,GENERAL_DEVICE_INQUIRY,0.5921,"['GENERAL_DEVICE_INQUIRY', 'KEYBOARD_TYPING_AUTOCORRECT', 'OS_UPDATE_SYSTEM_PERFORMANCE']","[0.5921, 0.1821, 0.1124]",SUBTLE_SYMPTOM_DISTINCTION
@AppleSupport since getting the update my phone keeps switching itself on silent randomly...  how does this get fixed? @AppleSupport I have the most recent iOS update and an IPhone 6 and now on top of that the time and info never shows on my home screen https://t.co/AXNuWvSx2p @AppleSupport For 3 weeks and now when I change ringer volume the display panel with volume levels doesn’t come up!,AUDIO_SOUND_SPEAKER,DISPLAY_TOUCH_SCREEN,0.5018,"['DISPLAY_TOUCH_SCREEN', 'AUDIO_SOUND_SPEAKER', 'OS_UPDATE_SYSTEM_PERFORMANCE']","[0.5018, 0.3029, 0.0529]",LEXICAL_OVERLAP_AMBIGUITY
"@AppleSupport Hi.Updated from iPhone 5 to 8 &amp; now cannot connect headphones 🎧 to 8 via Bluetooth never had probs on 5. What’s gone wrong? @AppleSupport hi I worked from this menu b4 I contacted you. All up to date, turned off/on Btooth phone on/off even did network reset @AppleSupport 
Current version iOS 11.0.3",AUDIO_SOUND_SPEAKER,CONNECTIVITY_WIFI_BLUETOOTH,0.657,"['CONNECTIVITY_WIFI_BLUETOOTH', 'AUDIO_SOUND_SPEAKER', 'OS_UPDATE_SYSTEM_PERFORMANCE']","[0.657, 0.1227, 0.0675]",LEXICAL_OVERLAP_AMBIGUITY
@115858 wtf I️ this damn question box I️ keep typing 🙄🙄 https://t.co/6lZ2Icyavf,KEYBOARD_TYPING_AUTOCORRECT,GENERAL_DEVICE_INQUIRY,0.7634,"['GENERAL_DEVICE_INQUIRY', 'KEYBOARD_TYPING_AUTOCORRECT', 'OS_UPDATE_SYSTEM_PERFORMANCE']","[0.7634, 0.139, 0.0401]",SUBTLE_SYMPTOM_DISTINCTION
"Is this a bug, @115858? Or have @118936 buttons learned how to dance? @AppleSupport https://t.co/N8OHkRrJKQ @AppleSupport Hey! It’s on iOS 11.1.2 on an iPhone 8 Plus and only happens after updates have completed. @AppleSupport Yup! Everything works fine. Force quitting the App Store makes it stop. It doesn’t impact functionality, it’s just an odd UI glitch.",APP_STORE_PURCHASES_BILLING,OS_UPDATE_SYSTEM_PERFORMANCE,0.5028,"['OS_UPDATE_SYSTEM_PERFORMANCE', 'APP_STORE_PURCHASES_BILLING', 'CONNECTIVITY_WIFI_BLUETOOTH']","[0.5028, 0.1335, 0.0805]",LEXICAL_OVERLAP_AMBIGUITY
@AppleSupport what’s happening to iPhone resetting back to lock screens??? 🤬,GENERAL_DEVICE_INQUIRY,DISPLAY_TOUCH_SCREEN,0.245,"['DISPLAY_TOUCH_SCREEN', 'GENERAL_DEVICE_INQUIRY', 'OS_UPDATE_SYSTEM_PERFORMANCE']","[0.245, 0.2239, 0.0924]",MULTI_INTENT_COLLISION
"Ever since I updated my phone, it’s been sooo slow and keeps crashing! @AppleSupport @AppleSupport Yes 11",OS_UPDATE_SYSTEM_PERFORMANCE,APP_CRASH_AND_DOWNLOAD,0.5474,"['APP_CRASH_AND_DOWNLOAD', 'OS_UPDATE_SYSTEM_PERFORMANCE', 'BATTERY_CHARGING_POWER']","[0.5474, 0.1872, 0.0705]",LEXICAL_OVERLAP_AMBIGUITY
Does anyone want to tell me why I just got a call from my own number? It’s not October anymore @AppleSupport stop tryna be spooky @AppleSupport Update: they called me again and I answered but they hung up,OS_UPDATE_SYSTEM_PERFORMANCE,GENERAL_DEVICE_INQUIRY,0.2384,"['GENERAL_DEVICE_INQUIRY', 'APP_STORE_PURCHASES_BILLING', 'OS_UPDATE_SYSTEM_PERFORMANCE']","[0.2384, 0.2064, 0.1289]",LEXICAL_OVERLAP_AMBIGUITY
@115858 what are your service hours? I have an issue with billing. @AppleSupport It's iTunes. @AppleSupport What's the reply time? I sent an email on Friday. Thanks.,CONNECTIVITY_WIFI_BLUETOOTH,APP_STORE_PURCHASES_BILLING,0.2867,"['APP_STORE_PURCHASES_BILLING', 'CONNECTIVITY_WIFI_BLUETOOTH', 'GENERAL_DEVICE_INQUIRY']","[0.2867, 0.2557, 0.2005]",MULTI_INTENT_COLLISION
@AppleSupport can I get rid of the new update? It has seriously messed up my phone. It freezes every few minutes and I cant hear phone calls @AppleSupport I have an iphone 6 and yes I have the latest version of the iOS 11 update.,AUDIO_SOUND_SPEAKER,OS_UPDATE_SYSTEM_PERFORMANCE,0.7586,"['OS_UPDATE_SYSTEM_PERFORMANCE', 'AUDIO_SOUND_SPEAKER', 'APP_CRASH_AND_DOWNLOAD']","[0.7586, 0.1025, 0.0292]",LEXICAL_OVERLAP_AMBIGUITY
"@115858 @AppleSupport when i search contact on imessage, there some trouble. Like stuck on keyboard and going so heavy to choice anycontact @AppleSupport Like this video, this is normal ? Slow when i searching? https://t.co/fx1ecIeuU8 @AppleSupport Thank you for understanding what i mean. iMessage normally on ipad air, this happen on iOS 11.0 on iphone 7+ and little on iphone 5 10.3.3",KEYBOARD_TYPING_AUTOCORRECT,OS_UPDATE_SYSTEM_PERFORMANCE,0.3943,"['OS_UPDATE_SYSTEM_PERFORMANCE', 'KEYBOARD_TYPING_AUTOCORRECT', 'DISPLAY_TOUCH_SCREEN']","[0.3943, 0.3215, 0.0589]",LEXICAL_OVERLAP_AMBIGUITY
"@AppleSupport after update to ios 11, i don’t get notif for new posts, and receive the notif only after opening WhatsApp, plese fix it ASAP! @AppleSupport @360029 Do you frequently swipe up on WhatsApp to clear it? This prevents WhatsApp from showing notifications on iOS 11. @AppleSupport i rarely use other chat app,but for game notif it run normally.when i google it,not just me have same problem like this after updat to ios11 @360030 @AppleSupport I swipe down and swipe up just for check my notif, not to clear it, it is effect to my whatsapp notification? @360029 @AppleSupport Oh I was referring to swiping up to make the app go away after you tap the Home button twice. @AppleSupport not yet. i try to write a review about whatsapp on app store, but after fill my nickname, i cant send it and my review not show up @360030 @AppleSupport you suggest to let whatsapp on my backgroundapp,dont close it(with swipe up)? if i doing like that,my whatsappnotif will be normal as usual? @360029 @AppleSupport Yes please try that (don’t close it) and see if notifications go back to normal. I think battery usage will go down too. :) @360030 @AppleSupport oke. thanks.",BATTERY_CHARGING_POWER,KEYBOARD_TYPING_AUTOCORRECT,0.2579,"['KEYBOARD_TYPING_AUTOCORRECT', 'OS_UPDATE_SYSTEM_PERFORMANCE', 'BATTERY_CHARGING_POWER']","[0.2579, 0.2325, 0.1639]",LEXICAL_OVERLAP_AMBIGUITY
"Also, impatiently waiting for @115858 to fix this annoying glitch shit @533924 @115858 complaining about it isn't gonna fix it, just sayin' @533925 @115858 Well if I️ was smart enough to fix I️t, it’d already be fixed @AppleSupport Thanks I already did that",KEYBOARD_TYPING_AUTOCORRECT,GENERAL_DEVICE_INQUIRY,0.3276,"['GENERAL_DEVICE_INQUIRY', 'OS_UPDATE_SYSTEM_PERFORMANCE', 'KEYBOARD_TYPING_AUTOCORRECT']","[0.3276, 0.3087, 0.1872]",SUBTLE_SYMPTOM_DISTINCTION
Apps keep randomly crashing on my phone I can’t do anything FIX THIS @AppleSupport @AppleSupport Does anyone know how to fix this I can’t get to an Apple store until tomorrow :(,APP_CRASH_AND_DOWNLOAD,APP_STORE_PURCHASES_BILLING,0.2655,"['APP_STORE_PURCHASES_BILLING', 'HOW_TO_SETTINGS_CONFIGURATION', 'APP_CRASH_AND_DOWNLOAD']","[0.2655, 0.2054, 0.1261]",MULTI_INTENT_COLLISION
