case_id,customer_message,true_intent,predicted_intent,intent_confidence,top_similarity,intent_alignment,grounding_pass,grounding_severity,draft_reply,decision,reason_code,reason,ground_truth_label,ground_truth_rationale,classification_type
CASE_000294,@AppleSupport hi do you do additional memory for Ipad3? Thanks,GENERAL_DEVICE_INQUIRY,GENERAL_DEVICE_INQUIRY,0.2474352870921142,0.5704,0.3333,True,NONE,"We'd like to help get this sorted out. We'll help see why your iPad isn't syncing. Given the error, check out this article and see if it helps: https://t.co/czNgyf4Rgl Let us know if you have any questions along the way.",ESCALATE,WEAK_EVIDENCE,Top retrieval similarity (0.5704) is below the validated quality threshold (0.65).,SAFE_TO_AUTO_HANDLE,Well-defined customer issue with matching historical resolution evidence.,FALSE_ESCALATE
CASE_001498,"@AppleSupport HELP !🙏🏻 I’ve updated my IPhone 6S and I received a message asking me to change my password to unlock my IPhone, using capital letters, lower case and digits. But now I can’t unlock my iPhone because the keyboard shows only digits. What can I do? 😭 @AppleSupport Thank you for your help, I have just sent you a DM 🙂",KEYBOARD_TYPING_AUTOCORRECT,ACCOUNT_APPLEID_ICLOUD,0.33332639535040465,0.6391,0.3333,True,NONE,"We'd like to help get this sorted out. We want to help! Have you updated to iOS 11.1 yet? If not, we recommend starting there. DM us if you have further issues. That sounds like a good plan! Please keep us updated on what happens. https://t.co/GDrqU22YpT Let us know if you have any questions along the way.",ESCALATE,WEAK_EVIDENCE,Top retrieval similarity (0.6391) is below the validated quality threshold (0.65).,SAFE_TO_AUTO_HANDLE,Well-defined customer issue with matching historical resolution evidence.,FALSE_ESCALATE
CASE_005959,@115858 please fix this 👉🏽 I️ I️ I️ I️ @AppleSupport Thanks @AppleSupport my bug is fixed ❤️❤️,GENERAL_DEVICE_INQUIRY,GENERAL_DEVICE_INQUIRY,0.3737441801916295,0.8867,0.6667,True,NONE,We'd like to help get this sorted out. Here’s what you can do to work around the issue until it’s fixed in a future software update: https://t.co/xXaXeeSRt9 You're welcome. We hope you have a great day! Let us know if you have any questions along the way.,ESCALATE,LOW_INTENT_CONFIDENCE,Predicted intent confidence (0.3737) is below the validated confidence threshold (0.60).,SAFE_TO_AUTO_HANDLE,Well-defined customer issue with matching historical resolution evidence.,FALSE_ESCALATE
CASE_005217,@AppleSupport Is it okay to play online games with my iphone while charging the battery? @AppleSupport Thanks!,BATTERY_CHARGING_POWER,BATTERY_CHARGING_POWER,0.8758262489178967,0.6089,1.0,True,NONE,We'd be happy to help with this. That's a great question. Using your device while it's charging wouldn't affect your battery's life. Let us know if this helps resolve the issue.,ESCALATE,WEAK_EVIDENCE,Top retrieval similarity (0.6089) is below the validated quality threshold (0.65).,SAFE_TO_AUTO_HANDLE,Well-defined customer issue with matching historical resolution evidence.,FALSE_ESCALATE
CASE_006100,Why the search tool on iOS 11 doesn’t find apps by name if they’re partially written? @AppleSupport,OS_UPDATE_SYSTEM_PERFORMANCE,OS_UPDATE_SYSTEM_PERFORMANCE,0.719856153026762,0.7364,0.3333,True,NONE,"We'd like to help get this sorted out. Let's take a closer look at getting its search function working right. Which model is it and which exact iOS 11 version? If you check out the following link, do you have anything disabled in the Search settings? https://t.co/C5o3PCtNd0 We're glad to hear that you're back up and running. Reach out to us if you need further help in the future. Let us know if you have any questions along the way.",ESCALATE,CONFLICTING_EVIDENCE,Retrieved historical evidence contains conflicting troubleshooting paths or fragmented intents.,SAFE_TO_AUTO_HANDLE,Well-defined customer issue with matching historical resolution evidence.,FALSE_ESCALATE
CASE_003711,"Yo, @115858 and @AppleSupport, fix your uppercased letter “i” issue. @AppleSupport @485691 Go beta, @485691! 11.1 seems to have it fixed. I I i I i I i I i I i I i I i I.",GENERAL_DEVICE_INQUIRY,KEYBOARD_TYPING_AUTOCORRECT,0.5574990447854886,0.8645,0.0,True,NONE,We'd like to help get this sorted out. Here’s what you can do to work around the issue until it’s fixed in a future software update: https://t.co/xXaXeeSRt9 You're very welcome. Let us know if you have any questions along the way.,ESCALATE,INTENT_EVIDENCE_MISMATCH,Retrieved evidence intent alignment (0.00%) is below the validated alignment threshold (66.00%).,SAFE_TO_AUTO_HANDLE,Well-defined customer issue with matching historical resolution evidence.,FALSE_ESCALATE
CASE_005348,".@115858 this I️ glitch is the worst thing ever. How is this not fixed yet??? @AppleSupport Thank you for your response.  I have done that, but seriously...  This is an all-time awful problem. In my opinion, the all time worst non-security related problem.",OS_UPDATE_SYSTEM_PERFORMANCE,OS_UPDATE_SYSTEM_PERFORMANCE,0.2851023837144673,0.7391,1.0,True,NONE,We'd like to help get this sorted out. We understand how important being able to enter accurate text is. Please follow the steps here: https://t.co/sDSg93LaFu Let us know if you have any questions along the way.,ESCALATE,LOW_INTENT_CONFIDENCE,Predicted intent confidence (0.2851) is below the validated confidence threshold (0.60).,SAFE_TO_AUTO_HANDLE,Well-defined customer issue with matching historical resolution evidence.,FALSE_ESCALATE
CASE_007681,Somebody help a dude out. @115858 my iPod just completely froze like this for the last two hours and the touch screen doesn't work and I can't shut it down. Please help https://t.co/3Mq6WwYvwn @AppleSupport Thank you apple,DISPLAY_TOUCH_SCREEN,DISPLAY_TOUCH_SCREEN,0.5372076050284408,0.7101,0.3333,True,NONE,"We'd like to help get this sorted out. We'd like to help. DM us and tell us which version of iOS you're running under Settings &gt; General &gt; About. https://t.co/GDrqU22YpT Nice work. We're glad you got it working again. Should you have a question or concern in the future, we'll be here for you. Let us know if you have any questions along the way.",ESCALATE,INTENT_EVIDENCE_MISMATCH,Retrieved evidence intent alignment (33.33%) is below the validated alignment threshold (66.00%).,SAFE_TO_AUTO_HANDLE,Well-defined customer issue with matching historical resolution evidence.,FALSE_ESCALATE
CASE_003090,#IphoneXPreOrder #iPhoneX @AppleSupport still no confirmation email in regards to my ‘reserved’ iPhone because of ‘couldn’t reach carrier’ @432099 @AppleSupport Same @AppleSupport Thank u @AppleSupport @432099 That’s baloney.  I contacted Apple support and all they could say was to be patient- it’s been over 10 hours - Apple support is useless @AppleSupport @432273 I am too @AppleSupport @432273 I’m waiting as well and Apple support just tells you to be patient- I think 10+ hours is more than patient to get a confirmation email @AppleSupport All good! Got my email! Thanks! @432274 @AppleSupport @432273 I’ve been waiting 10+ hours with no email to confirm order. @AppleSupport @432273 Still haven't gotten my email #IphoneXPreOrder #iPhoneX,CONNECTIVITY_WIFI_BLUETOOTH,GENERAL_DEVICE_INQUIRY,0.21190715552846567,0.7779,0.6667,True,NONE,"We'd like to help get this sorted out. We want to help. Have you checked your Junk mail folders to see if it arrived there? Glad to hear that has appeared. For any questions about your shipping date, reach out to our sales team: https://t.co/8yjRd1Xo0i Let us know if you have any questions along the way.",ESCALATE,LOW_INTENT_CONFIDENCE,Predicted intent confidence (0.2119) is below the validated confidence threshold (0.60).,SAFE_TO_AUTO_HANDLE,Well-defined customer issue with matching historical resolution evidence.,FALSE_ESCALATE
CASE_003204,"Dear @917 and @115858, my iphone just died on 78% while trying to send a snap - WAGWAN? I love #snapchat but I feel I can't use it without my #iphone cutting out on me?!?! @AppleSupport Thank you! Yes only Snapchat, I'm using 11.0.3 @AppleSupport I have downloaded new software update. Just opened snapchat and my iPhone jumped from 73% to 20% :( as soon as I plugged it in to charge, it jumped straight up again :/ @AppleSupport So I have had my phone off and on again if that counts as restarting? I am happy to do a reset. Just now I sent a video snap and it went from 95% to 1% and then plugged it in and went up to 87%. Opened Twitter to reply and has dropped to 33%. V confusing!! @AppleSupport @442420 I had pretty much the same thing (Battery dropping from 70% to 0%). But not just Snapchat, rather all apps. Reason turned out to be battery burned out. They can test for that online. Got new battery installed at Apple store and everything back to normal",BATTERY_CHARGING_POWER,BATTERY_CHARGING_POWER,0.6418993250618397,0.6316,1.0,True,NONE,"We'd like to help get this sorted out. Let us look into this concern with your battery. This is absolutely not an expectation. What's the iPhone model? Can you let us know what version of iOS you’re using? To check, go to Settings &gt; General &gt; About. We have more battery optimization tips online here: https://t.co/bivpdfBNJ6 Send us a DM to keep us updated on what happens. https://t.co/GDrqU22YpT Sounds great. Let's reconnect if the issue persists. Feel free to DM us any time. Have a great day! https://t.co/GDrqU22YpT Let us know if you have any questions along the way.",ESCALATE,WEAK_EVIDENCE,Top retrieval similarity (0.6316) is below the validated quality threshold (0.65).,SAFE_TO_AUTO_HANDLE,Well-defined customer issue with matching historical resolution evidence.,FALSE_ESCALATE
CASE_005164,Can apple fix this iPhone glitch!!! I️ want to use my i’s without them being autocorrected every time @AppleSupport @115858 🙄🙄🙄 @AppleSupport Thank you!!!!,OS_UPDATE_SYSTEM_PERFORMANCE,OS_UPDATE_SYSTEM_PERFORMANCE,0.2435959645704656,0.8041,0.6667,True,NONE,"We'd like to help get this sorted out. Thanks for reaching out to us. We have released a newer iOS version to help with what you're experiencing. Make sure you have a recent backup, then update to iOS 11.1.2 as listed here: https://t.co/ahjigcvFRG Let us know if you have any questions along the way.",ESCALATE,LOW_INTENT_CONFIDENCE,Predicted intent confidence (0.2436) is below the validated confidence threshold (0.60).,SAFE_TO_AUTO_HANDLE,Well-defined customer issue with matching historical resolution evidence.,FALSE_ESCALATE
CASE_006666,@AppleSupport I am a technician helping a iPad user retrieve her Apple ID password. Does not have recovery email password and forgets the security questions. How can I get this password back? @AppleSupport This looks good but the iPad has been restored and is waiting for this password . Is there a way to do this on the web? @AppleSupport Thank you for this information,ACCOUNT_APPLEID_ICLOUD,ACCOUNT_APPLEID_ICLOUD,0.9663790257814723,0.7213,0.3333,True,NONE,We'd like to help get this sorted out. We understand your concern! Please follow these steps with encrypted iTunes backups: https://t.co/3qND7caI7Z Let us know if you have any questions along the way.,ESCALATE,CONFLICTING_EVIDENCE,Retrieved historical evidence contains conflicting troubleshooting paths or fragmented intents.,SAFE_TO_AUTO_HANDLE,Well-defined customer issue with matching historical resolution evidence.,FALSE_ESCALATE
CASE_004456,@AppleSupport how would I go about reporting a security (phishing) concern? @AppleSupport Thanks! Very much appreciated.,GENERAL_DEVICE_INQUIRY,GENERAL_DEVICE_INQUIRY,0.27287526862868544,0.7442,1.0,True,NONE,We'd like to help get this sorted out. Thank you for letting us know. See https://t.co/LNMCdqt6fD for details and there are steps there to forward the email to us. Let us know if you have any questions along the way.,ESCALATE,LOW_INTENT_CONFIDENCE,Predicted intent confidence (0.2729) is below the validated confidence threshold (0.60).,SAFE_TO_AUTO_HANDLE,Well-defined customer issue with matching historical resolution evidence.,FALSE_ESCALATE
CASE_006216,@AppleSupport I’m getting a little sick and tired of my phone restarting randomly all throughout the day @AppleSupport 11.0.2,GENERAL_DEVICE_INQUIRY,GENERAL_DEVICE_INQUIRY,0.24049298734512953,0.8745,0.6667,True,NONE,"We'd like to help get this sorted out. We've got the fix you need for that restart issue. Follow these steps here: https://t.co/osZOKKTalm to update your iPhone to iOS 11.2, and let us know if you see any other issues after that update. Let us know if you have any questions along the way.",ESCALATE,LOW_INTENT_CONFIDENCE,Predicted intent confidence (0.2405) is below the validated confidence threshold (0.60).,SAFE_TO_AUTO_HANDLE,Well-defined customer issue with matching historical resolution evidence.,FALSE_ESCALATE
CASE_002524,"@AppleSupport what’s ap notification is not working.i have to open what’s ap for msg and calls.pls advise @AppleSupport Thanks.i noticed it is happening to another app as well.reinstalled and checked ,but result is the same @AppleSupport Yes updated the latest version.but still the same",KEYBOARD_TYPING_AUTOCORRECT,GENERAL_DEVICE_INQUIRY,0.14574157242700003,0.6937,0.3333,True,NONE,"We'd like to help get this sorted out. We can certainly take a look at this with you. Please try the steps we have listed online here first: https://t.co/osZOKKTalm DM us if you're still having issues after this. https://t.co/GDrqU22YpT After the update has completed, we'll want to turn those notifications back on as mentioned in step 4 of the article provided. If you have any further questions, feel free to reach out. Let us know if you have any questions along the way.",ESCALATE,INTENT_EVIDENCE_MISMATCH,Retrieved evidence intent alignment (33.33%) is below the validated alignment threshold (66.00%).,SAFE_TO_AUTO_HANDLE,Well-defined customer issue with matching historical resolution evidence.,FALSE_ESCALATE
CASE_006775,this stupid glitch with the ! and the ?box gotta go. @115858 @AppleSupport !!!!!!!,OS_UPDATE_SYSTEM_PERFORMANCE,OS_UPDATE_SYSTEM_PERFORMANCE,0.4830550814027712,0.8284,1.0,True,NONE,We'd like to help get this sorted out. Here’s what you can do to work around the issue until it’s fixed in a future software update: https://t.co/xXaXeeSRt9 Let us know if you have any questions along the way.,ESCALATE,LOW_INTENT_CONFIDENCE,Predicted intent confidence (0.4831) is below the validated confidence threshold (0.60).,SAFE_TO_AUTO_HANDLE,Well-defined customer issue with matching historical resolution evidence.,FALSE_ESCALATE
CASE_007482,@115858 my iPhone 8 didn’t come with the headphones connected to the adapter. I have to use the adapter to connect it. But how comes others on their headphones it’s already on theirs in one piece? 🤔 @AppleSupport Am i right though? Does it come with one piece on the headphones? @AppleSupport Thank you,AUDIO_SOUND_SPEAKER,AUDIO_SOUND_SPEAKER,0.768893223617664,0.6069,0.6667,True,NONE,We'd like to help get this sorted out. Here’s what you can do to work around the issue until it’s fixed in a future software update: https://t.co/xXaXeeSRt9 Let us know if you have any questions along the way.,ESCALATE,WEAK_EVIDENCE,Top retrieval similarity (0.6069) is below the validated quality threshold (0.65).,SAFE_TO_AUTO_HANDLE,Well-defined customer issue with matching historical resolution evidence.,FALSE_ESCALATE
CASE_005083,"Downloaded latest IOS updates from @115858 &amp; phone hasn’t worked the same since. Forced to buy a new one. Coincidence? #Classy #Apple #iphone @AppleSupport That’s ok, I already spent 2 hours in an @115858 store, only to have the phone still function poorly.  Never a problem for a year and a half... 1 update and phone works like garbage.  How much money did Apple make in that last quarter? #joke",OS_UPDATE_SYSTEM_PERFORMANCE,OS_UPDATE_SYSTEM_PERFORMANCE,0.17695111766367316,0.7652,0.3333,True,NONE,We'd like to help get this sorted out. Thanks for letting us know. That’s not the experience we want you to have. Please let us know more via DM. https://t.co/GDrqU22YpT We're glad to hear the update helped resolve the issue. Reach back out to us if you need us. We'll be here to help. Let us know if you have any questions along the way.,ESCALATE,INTENT_EVIDENCE_MISMATCH,Retrieved evidence intent alignment (33.33%) is below the validated alignment threshold (66.00%).,SAFE_TO_AUTO_HANDLE,Well-defined customer issue with matching historical resolution evidence.,FALSE_ESCALATE
CASE_004304,"Photos in #macOS High Sierra is SO buggy — I can't imagine it was in a hand of a single QA. And I even waited till 10.13.1. @AppleSupport you either charge for upgrades again or keep the half-done stuff for yourself. As a paying customer I say 👎 @AppleSupport Thanks! The problems are: freezes during just browsing photos (with arrow keys), SUPER SLOW editing of RAWs (iMac 27"" mid 2017), and random crashes if I keep using the app without restarts (all reports sent) 😓 @AppleSupport These problems are not specific to my case, but you know it probably https://t.co/UHXqi83PNg",BATTERY_CHARGING_POWER,APP_CRASH_AND_DOWNLOAD,0.18388797038080856,0.8044,0.3333,True,NONE,We'd like to help get this sorted out. We're here to help. Let's gather some details to isolate this issue. DM us and let us know if you've tried any steps. https://t.co/GDrqU22YpT Glad to hear that. We're here for you if you need us in the future. Have a great rest of your day. Let us know if you have any questions along the way.,ESCALATE,CONFLICTING_EVIDENCE,Retrieved historical evidence contains conflicting troubleshooting paths or fragmented intents.,SAFE_TO_AUTO_HANDLE,Well-defined customer issue with matching historical resolution evidence.,FALSE_ESCALATE
CASE_001946,@AppleSupport @115858 is this fake? https://t.co/KNbAsKx8IV,GENERAL_DEVICE_INQUIRY,GENERAL_DEVICE_INQUIRY,0.5566178633475368,0.8952,1.0,True,NONE,We'd like to help get this sorted out. We're glad you reached out to check. That email is not coming from us. Please take a look here on how you can get it reported: https://t.co/LNMCdqt6fD Let us know if you have any questions along the way.,ESCALATE,LOW_INTENT_CONFIDENCE,Predicted intent confidence (0.5566) is below the validated confidence threshold (0.60).,SAFE_TO_AUTO_HANDLE,Well-defined customer issue with matching historical resolution evidence.,FALSE_ESCALATE
CASE_004220,@AppleSupport Is there an ETA for this glitch with the letter I ?? @AppleSupport Thank you!,KEYBOARD_TYPING_AUTOCORRECT,KEYBOARD_TYPING_AUTOCORRECT,0.6949221271801985,0.9061,0.3333,True,NONE,We'd like to help get this sorted out. We'd like to help and we have a workaround for this here: https://t.co/xXaXeeSRt9 DM us if you still need help. https://t.co/GDrqU22YpT We're glad to hear it. Don't hesitate to reach back out if you have any other questions or concerns for us. We're happy to help. Let us know if you have any questions along the way.,ESCALATE,CONFLICTING_EVIDENCE,Retrieved historical evidence contains conflicting troubleshooting paths or fragmented intents.,SAFE_TO_AUTO_HANDLE,Well-defined customer issue with matching historical resolution evidence.,FALSE_ESCALATE
CASE_003256,@AppleSupport Why the hell do you STILL require people to give you a card number to get FREE god damn apps?,GENERAL_DEVICE_INQUIRY,APP_STORE_PURCHASES_BILLING,0.2511507179681493,0.7309,1.0,True,NONE,We'd like to help get this sorted out. Let's see if we can help you resolve the issue with updating apps. Try the steps here: https://t.co/Y0YoIRcZa7 Questions? Let us know if you have any questions along the way.,ESCALATE,LOW_INTENT_CONFIDENCE,Predicted intent confidence (0.2512) is below the validated confidence threshold (0.60).,SAFE_TO_AUTO_HANDLE,Well-defined customer issue with matching historical resolution evidence.,FALSE_ESCALATE
CASE_005963,Dear Apple...... FIX THIS!!! I️ I️ I️ I️ @AppleSupport THANKS! @AppleSupport Thanks so much. 11.0.3 is the version. @AppleSupport Thank You! The update resolved the issue! You (Apple) is the best!,OS_UPDATE_SYSTEM_PERFORMANCE,OS_UPDATE_SYSTEM_PERFORMANCE,0.3126429066546571,0.8744,0.3333,True,NONE,We'd like to help get this sorted out. Here’s what you can do to work around the issue until it’s fixed in a future software update https://t.co/uQeXsrrlXJ Here’s what you can do to work around the issue until it’s fixed in a future software update: https://t.co/xXaXeeSRt9 Here’s what you can do to work around the issue until it’s fixed in a future software update: https://t.co/qODbOsp4wz Let us know if you have any questions along the way.,ESCALATE,INTENT_EVIDENCE_MISMATCH,Retrieved evidence intent alignment (33.33%) is below the validated alignment threshold (66.00%).,SAFE_TO_AUTO_HANDLE,Well-defined customer issue with matching historical resolution evidence.,FALSE_ESCALATE
CASE_005962,So did everyone accept the fact that the “I️” on apple devices is fucked or are we gonna get this shit resolved ? @AppleSupport,GENERAL_DEVICE_INQUIRY,GENERAL_DEVICE_INQUIRY,0.27171454119550925,0.7786,1.0,True,NONE,We'd like to help get this sorted out. Check out this article for assistance: https://t.co/xU1AGHStV6 Let us know if you have any questions along the way.,ESCALATE,LOW_INTENT_CONFIDENCE,Predicted intent confidence (0.2717) is below the validated confidence threshold (0.60).,SAFE_TO_AUTO_HANDLE,Well-defined customer issue with matching historical resolution evidence.,FALSE_ESCALATE
CASE_005041,@AppleSupport Why is my “I” defaulting to “I️”? #apple #iosproblems #Iworld #wantmyIback @AppleSupport Thank you for the resolution. I is back.,GENERAL_DEVICE_INQUIRY,GENERAL_DEVICE_INQUIRY,0.3899270990072844,0.8787,1.0,True,NONE,"We'd like to help get this sorted out. iOS 11.1.1 was recently released and it includes a fix for autocorrect issues. Be sure to back up your device prior to updating, and let us know if the issue persists afterwards. How to back up: https://t.co/ui8Itz8ESg Let us know if you have any questions along the way.",ESCALATE,LOW_INTENT_CONFIDENCE,Predicted intent confidence (0.3899) is below the validated confidence threshold (0.60).,SAFE_TO_AUTO_HANDLE,Well-defined customer issue with matching historical resolution evidence.,FALSE_ESCALATE
CASE_004215,"@AppleSupport after updating to latest iOS. Whenever I️ press ""i"" it gives me these strange characters. Can you help me? https://t.co/wxVWnRf1JZ @AppleSupport Thanks. That helped.",GENERAL_DEVICE_INQUIRY,GENERAL_DEVICE_INQUIRY,0.19137406017864514,0.8506,0.6667,True,NONE,We'd like to help get this sorted out. Check out this article and DM us if you have questions: https://t.co/xU1AGHStV6 https://t.co/GDrqU22YpT You're welcome! Have a great evening. DM us any questions if they come up. https://t.co/GDrqU22YpT Let us know if you have any questions along the way.,ESCALATE,LOW_INTENT_CONFIDENCE,Predicted intent confidence (0.1914) is below the validated confidence threshold (0.60).,SAFE_TO_AUTO_HANDLE,Well-defined customer issue with matching historical resolution evidence.,FALSE_ESCALATE
CASE_005848,@115858 hey guys WHEN IS THIS FUCKING I️ ISSUE GONNA BE FIXED,GENERAL_DEVICE_INQUIRY,GENERAL_DEVICE_INQUIRY,0.3711032976209182,0.8502,1.0,True,NONE,"We'd like to help get this sorted out. We heard complaints of this, and made it a priority to release a fix. Follow these steps to backup the device: https://t.co/tHicJHB57O Then look to update the iOS software. Feel free to let us know if we can be of any further assistance. https://t.co/GDrqU22YpT Let us know if you have any questions along the way.",ESCALATE,LOW_INTENT_CONFIDENCE,Predicted intent confidence (0.3711) is below the validated confidence threshold (0.60).,SAFE_TO_AUTO_HANDLE,Well-defined customer issue with matching historical resolution evidence.,FALSE_ESCALATE
CASE_006205,"Prospective wallpaper doesn’t work on #iPhone with #iOS11, #ios1111 WHY? 😕 #iPhone8 #IphoneX #apple @115858 @AppleSupport @AppleSupport Reduce motion is off, I think this is a problem.. when I move my iPhone the prospective wallpaper doesn’t move.. I don’t talk about Live Photos..",OS_UPDATE_SYSTEM_PERFORMANCE,HOW_TO_SETTINGS_CONFIGURATION,0.14717130516089244,0.6737,0.0,True,NONE,"We'd like to help get this sorted out. Try this: Tap Settings &gt; Camera &gt; Preserve Settings, then enable the option for Live Photo. This will ensure your last Camera setting is used, instead of reverting the Live Photo option to being on. Let us know if that helps! Let's meet up in Direct Message at the link below so we can continue working on this together. Send us a message with your current iOS 11 version that appears under Settings &gt; General &gt; About, to get started. https://t.co/GDrqU22YpT Let us know if you have any questions along the way.",ESCALATE,CONFLICTING_EVIDENCE,Retrieved historical evidence contains conflicting troubleshooting paths or fragmented intents.,SAFE_TO_AUTO_HANDLE,Well-defined customer issue with matching historical resolution evidence.,FALSE_ESCALATE
CASE_004943,What is with the weird I️ thing??? How do I stop it @583075 Dear @115858 I️ absolutely hate your iOS 11 update. I️ I️ I️ I️ I️ FIX THIS BALONEY NOW!!!! @AppleSupport @286953 hello sir i have iphone 7 i buy this phone from person in usa i work normaly but before turn off he was ask me to entre id and password for activation so he was locked icloud the problem i dont have any information about this person and im now in morocco i need to work with iphon @AppleSupport @286953 so sir pleaze help me  to unlock this phone or give me any information thank you Sir,ACCOUNT_APPLEID_ICLOUD,ACCOUNT_APPLEID_ICLOUD,0.5085052129725907,0.7091,0.6667,True,NONE,We'd like to help get this sorted out. We're happy to look into your options. Please meet us in DM and we'll gather a few pieces of information to determine the best options to have this sorted out. https://t.co/GDrqU22YpT Let us know if you have any questions along the way.,ESCALATE,LOW_INTENT_CONFIDENCE,Predicted intent confidence (0.5085) is below the validated confidence threshold (0.60).,SAFE_TO_AUTO_HANDLE,Well-defined customer issue with matching historical resolution evidence.,FALSE_ESCALATE
CASE_003510,"@AppleSupport Just got my iPhone X but activation is failing because the activation server is unavailable. Any help? @197224 @AppleSupport Having the same problem, on Verizon. @197224 @AppleSupport Same here on att @AppleSupport Thank you.  I got it working. @AppleSupport It worked after a few hours. Thansk. @AppleSupport 🙌",GENERAL_DEVICE_INQUIRY,GENERAL_DEVICE_INQUIRY,0.272799094722044,0.8942,0.6667,True,NONE,We'd like to help get this sorted out. Congrats on the new iPhone X! These steps can help with Activation issues: https://t.co/cJ57VP3gxT DM us if still an issue. https://t.co/GDrqU22YpT Let us know if you have any questions along the way.,ESCALATE,LOW_INTENT_CONFIDENCE,Predicted intent confidence (0.2728) is below the validated confidence threshold (0.60).,SAFE_TO_AUTO_HANDLE,Well-defined customer issue with matching historical resolution evidence.,FALSE_ESCALATE
CASE_002922,"What a great way to start the day, sent snaps to all my snap streaks close phone and now it wont come back on..... thanks @115858 😅 @AppleSupport no it just wouldn't come on but i had a friend come do magic and it works now",GENERAL_DEVICE_INQUIRY,HOW_TO_SETTINGS_CONFIGURATION,0.16128982009868775,0.5537,0.0,True,NONE,"We'd like to help get this sorted out. Do you mean physically broken, or not working like you expect it to? Either way, we're here for you, and we can help! That's great news! If you have any issues or concerns in the future please feel free to reach out. https://t.co/GDrqU2kzhr Let us know if you have any questions along the way.",ESCALATE,WEAK_EVIDENCE,Top retrieval similarity (0.5537) is below the validated quality threshold (0.65).,SAFE_TO_AUTO_HANDLE,Well-defined customer issue with matching historical resolution evidence.,FALSE_ESCALATE
CASE_002768,"@AppleSupport Hi! I’ve received an email from this email address, is it real or it’s a fishing one? Thanks https://t.co/LIdTIZ4iKo @AppleSupport Thanks :)",GENERAL_DEVICE_INQUIRY,GENERAL_DEVICE_INQUIRY,0.4410618414611421,0.8049,1.0,True,NONE,"We'd like to help get this sorted out. We are here to help. Please refer to the following article for steps to report these emails: https://t.co/yGvlh3cZ5Y You are most welcome. If there is anything we can do to assist you in the future, please don't hesitate to reach back out. Let us know if you have any questions along the way.",ESCALATE,LOW_INTENT_CONFIDENCE,Predicted intent confidence (0.4411) is below the validated confidence threshold (0.60).,SAFE_TO_AUTO_HANDLE,Well-defined customer issue with matching historical resolution evidence.,FALSE_ESCALATE
CASE_003733,"Hey @115858 fix this I️ @AppleSupport I️ don’t want to do this. I️ want my phone to work. I️ pay all this money &amp; I️ can’t even talk about myself. Ugh. Thanks, @115858 https://t.co/c2jv0VcDKT",GENERAL_DEVICE_INQUIRY,HOW_TO_SETTINGS_CONFIGURATION,0.26058788923143933,0.8158,0.0,True,NONE,"We'd like to help get this sorted out. We recently released an iOS update, 11.1.1, that contains a fix for autocorrect issues. Let’s be sure to back up your device prior to updating. How to back up: https://t.co/4f8hwT5to6 We’re glad we could assist you. Please feel free to contact us back if you have any other questions or concerns. Let us know if you have any questions along the way.",ESCALATE,CONFLICTING_EVIDENCE,Retrieved historical evidence contains conflicting troubleshooting paths or fragmented intents.,SAFE_TO_AUTO_HANDLE,Well-defined customer issue with matching historical resolution evidence.,FALSE_ESCALATE
CASE_007865,"Hey @AppleSupport why am I constantly getting pop ups on Safari that I can’t clear? @AppleSupport iPhone 6s. 11.1.2 @AppleSupport Yea that’s lazy advice and thanks for your tepid suggestions. For further information, please refer to my article on how @115858 no longer gives a damn about its customers.",GENERAL_DEVICE_INQUIRY,OS_UPDATE_SYSTEM_PERFORMANCE,0.167327429240963,0.6821,0.0,True,NONE,"We'd like to help get this sorted out. This isn't an Apple security alert. Did this appear when using Safari? If so, this shows how to close it: https://t.co/x0pwcuPbr6 Got it! Are you able to close out of the message using the steps in our last message? We're glad to hear that. Let us know if you need anything in the future. Let us know if you have any questions along the way.",ESCALATE,INTENT_EVIDENCE_MISMATCH,Retrieved evidence intent alignment (0.00%) is below the validated alignment threshold (66.00%).,SAFE_TO_AUTO_HANDLE,Well-defined customer issue with matching historical resolution evidence.,FALSE_ESCALATE
CASE_004231,@AppleSupport - I’ve had an email from Apple Support but I don’t think it’s a genuine email?,GENERAL_DEVICE_INQUIRY,GENERAL_DEVICE_INQUIRY,0.2644108336207817,0.8431,0.6667,True,NONE,We'd like to help get this sorted out. The email you received is not from Apple. Do not provide any personal information to the sender. https://t.co/6jbR6z2iEn Let us know if you have any questions along the way.,ESCALATE,LOW_INTENT_CONFIDENCE,Predicted intent confidence (0.2644) is below the validated confidence threshold (0.60).,SAFE_TO_AUTO_HANDLE,Well-defined customer issue with matching historical resolution evidence.,FALSE_ESCALATE
CASE_003891,Hey @115858 fix this bullshit bug with typing “I” and showing up as something else,KEYBOARD_TYPING_AUTOCORRECT,KEYBOARD_TYPING_AUTOCORRECT,0.4389345990513268,0.8304,0.3333,True,NONE,"We'd be happy to help with this. The issue was fixed in iOS 11.1.2. To update your iPhone, iPad, or iPod touch to the latest version of iOS, go to Settings &gt; General &gt; Software Update and tap Download and Install. Let us know if this helps resolve the issue.",ESCALATE,INTENT_EVIDENCE_MISMATCH,Retrieved evidence intent alignment (33.33%) is below the validated alignment threshold (66.00%).,SAFE_TO_AUTO_HANDLE,Well-defined customer issue with matching historical resolution evidence.,FALSE_ESCALATE
CASE_001375,@AppleSupport Why My Phone Be Dying So Fast Tho ?,BATTERY_CHARGING_POWER,BATTERY_CHARGING_POWER,0.33199621603779134,0.834,0.0,True,NONE,We'd be happy to help with this. We'd like to see what is going on with your iPhone. Which iOS version are you running? Check here: Settings &gt; General &gt; About. Let us know if this helps resolve the issue.,ESCALATE,INTENT_EVIDENCE_MISMATCH,Retrieved evidence intent alignment (0.00%) is below the validated alignment threshold (66.00%).,SAFE_TO_AUTO_HANDLE,Well-defined customer issue with matching historical resolution evidence.,FALSE_ESCALATE
CASE_004341,"@115858 this new update is so bad, it might be time to switch over to a Galaxy. @115858 11.1 and 6S. Everything is slow. Messenger locks up. Display/screen many time is tilted or different view. Worse update yet.",DISPLAY_TOUCH_SCREEN,DISPLAY_TOUCH_SCREEN,0.6262091864729182,0.7061,0.0,True,NONE,We'd be happy to help with this. We're happy to help. Is your iPhone running slow when using specific apps? Have you tried any steps to resolve this issue? Let us know if this helps resolve the issue.,ESCALATE,INTENT_EVIDENCE_MISMATCH,Retrieved evidence intent alignment (0.00%) is below the validated alignment threshold (66.00%).,SAFE_TO_AUTO_HANDLE,Well-defined customer issue with matching historical resolution evidence.,FALSE_ESCALATE
CASE_005427,My phone just deleted my entire camera roll.........  I’m devasted 😭😭😭😭😭 Update - my pictures randomly are downloading back to my phone from iCloud. Wtf is up @AppleSupport          #THANKFULthough,DISPLAY_TOUCH_SCREEN,ACCOUNT_APPLEID_ICLOUD,0.4544822488673767,0.7552,0.3333,True,NONE,We'd be happy to help with this. Did we see correctly that you have all your photos back? Glad to hear it! Let us know if you have any further issues. Let us know if this helps resolve the issue.,ESCALATE,INTENT_EVIDENCE_MISMATCH,Retrieved evidence intent alignment (33.33%) is below the validated alignment threshold (66.00%).,SAFE_TO_AUTO_HANDLE,Well-defined customer issue with matching historical resolution evidence.,FALSE_ESCALATE
CASE_005106,".@115858 completely screwed-up (THEIR OWN) weather &amp; clock apps with the last update. Thanks a lot. 🤨  

@AppleSupport #Apple #Iphone @AppleSupport Took the newest update (11.0.2)-It appears to have fixed the 2 issues w/the clock &amp; weather apps. Ea were working, but not correctly. Thanks",OS_UPDATE_SYSTEM_PERFORMANCE,OS_UPDATE_SYSTEM_PERFORMANCE,0.3310392427240227,0.6335,0.6667,True,NONE,"We'd like to help get this sorted out. We want you having the best experience with your device. Have you had a chance to back up and update to iOS 11.2? If not, let's do that now. Keep us posted on the results. Update the iOS software on your iPhone: https://t.co/80YRnjDFDk Great. Please don't hesitate to reach out if you need any assistance. Let us know if you have any questions along the way.",ESCALATE,WEAK_EVIDENCE,Top retrieval similarity (0.6335) is below the validated quality threshold (0.65).,SAFE_TO_AUTO_HANDLE,Well-defined customer issue with matching historical resolution evidence.,FALSE_ESCALATE
CASE_001448,"so disappointed by @115858. After upgrading my iPhone7(recommended by the company), everything now is messed up. The battery with the least of activity runs only for half of the day and since this morning every application crashes in the middle of using. verrry #annoying @AppleSupport Thanks, I updated my iPhone and it seems the problem is solved.",BATTERY_CHARGING_POWER,BATTERY_CHARGING_POWER,0.3860675821163557,0.7146,0.3333,True,NONE,"We'd like to help get this sorted out. Thanks for reaching out to us for support. We would love to help you. When you have a free moment, can you please tell us if you have your wife's phone in your possession currently? By crashing, do you mean that it's unexpectedly restarting or shutting down? Let us know in DM and we'll go from there. https://t.co/GDrqU22YpT Let us know if you have any questions along the way.",ESCALATE,INTENT_EVIDENCE_MISMATCH,Retrieved evidence intent alignment (33.33%) is below the validated alignment threshold (66.00%).,SAFE_TO_AUTO_HANDLE,Well-defined customer issue with matching historical resolution evidence.,FALSE_ESCALATE
CASE_002338,iOS 11 is the worst update @115858 has released. My phone has been living on the charger. @AppleSupport Thank you!,BATTERY_CHARGING_POWER,OS_UPDATE_SYSTEM_PERFORMANCE,0.6127572560475577,0.8091,0.0,True,NONE,We'd be happy to help with this. We can get this figured out together. Can you tell us the iOS 11 version you're currently using? To find it go to Settings &gt; General &gt; About. Let us know if this helps resolve the issue.,ESCALATE,INTENT_EVIDENCE_MISMATCH,Retrieved evidence intent alignment (0.00%) is below the validated alignment threshold (66.00%).,SAFE_TO_AUTO_HANDLE,Well-defined customer issue with matching historical resolution evidence.,FALSE_ESCALATE
CASE_006327,Why didn’t I consult Twitter before attempting the #HighSierra update. 36 hours and counting... @AppleSupport https://t.co/ZaLHKqVNRQ @AppleSupport Thanks for your message. I spoke to an apple chap on the phone who ran me through what to do. Up and running !,OS_UPDATE_SYSTEM_PERFORMANCE,OS_UPDATE_SYSTEM_PERFORMANCE,0.3158730301147049,0.7257,0.6667,True,NONE,"We'd be happy to help with this. We'd like to help. Is your MacBook Pro still in the process of installing macOS High Sierra? Is the loading bar moving or does it appear to be staying in the same place? You are welcome! We are happy to know that the issue was resolved. If you have any questions or concerns in the future, please reach out to us. Let us know if this helps resolve the issue.",ESCALATE,LOW_INTENT_CONFIDENCE,Predicted intent confidence (0.3159) is below the validated confidence threshold (0.60).,SAFE_TO_AUTO_HANDLE,Well-defined customer issue with matching historical resolution evidence.,FALSE_ESCALATE
CASE_005814,@115858 @AppleSupport how do I fix the “I.t” I just want to type “it” 😭😭,HOW_TO_SETTINGS_CONFIGURATION,GENERAL_DEVICE_INQUIRY,0.319783385190586,0.8006,0.6667,True,NONE,"We'd be happy to help with this. Thank you for reaching out. We want to help. To start, let’s go to Settings &gt; General &gt; About and see which version of iOS your iPhone is on please. Let us know if this helps resolve the issue.",ESCALATE,LOW_INTENT_CONFIDENCE,Predicted intent confidence (0.3198) is below the validated confidence threshold (0.60).,SAFE_TO_AUTO_HANDLE,Well-defined customer issue with matching historical resolution evidence.,FALSE_ESCALATE
CASE_003404,"You will not force me to upgrade, @115858. I️ will get @122986’s Pixel instead. Please address this predictive text for “I️”. It’s annoying. https://t.co/GYMfOD6xYc @AppleSupport Thank you for addressing the issue &amp; providing suggestions! Looking forward to a solution.",KEYBOARD_TYPING_AUTOCORRECT,KEYBOARD_TYPING_AUTOCORRECT,0.4401245220212037,0.7271,0.3333,True,NONE,We'd like to help get this sorted out. Here’s what you can do to work around the issue until it’s fixed in a future software update: https://t.co/xXaXeeSRt9 You're most welcome. Let us know if you have any questions along the way.,ESCALATE,CONFLICTING_EVIDENCE,Retrieved historical evidence contains conflicting troubleshooting paths or fragmented intents.,SAFE_TO_AUTO_HANDLE,Well-defined customer issue with matching historical resolution evidence.,FALSE_ESCALATE
CASE_004386,@115858 The “I️” problem ? Is there a fix? @AppleSupport @519465 mine was doing a question mark and I followed this and it fixed it mostly but still keeps happening once in a while. Try these steps... or maybe @AppleSupport can advise. @AppleSupport Thank you for reply,GENERAL_DEVICE_INQUIRY,GENERAL_DEVICE_INQUIRY,0.4801371361016886,0.8626,1.0,True,NONE,"We'd like to help get this sorted out. iOS 11.1.1 was recently released and it includes a fix for autocorrect issues. Be sure to back up your device prior to updating, and let us know if the issue persists afterwards. How to back up: https://t.co/4f8hwT5to6 You're welcome. If you need help again, feel free to let us know. Have a wonderful weekend. Let us know if you have any questions along the way.",ESCALATE,LOW_INTENT_CONFIDENCE,Predicted intent confidence (0.4801) is below the validated confidence threshold (0.60).,SAFE_TO_AUTO_HANDLE,Well-defined customer issue with matching historical resolution evidence.,FALSE_ESCALATE
CASE_005556,@118721 @AppleSupport I’ve been trying to buy an album for half an hour now and it’s just coming up with the square?????? https://t.co/ghctrcs0yx,APP_STORE_PURCHASES_BILLING,APP_STORE_PURCHASES_BILLING,0.2637166381503262,0.6961,1.0,True,NONE,"We'd be happy to help with this. We know it's exciting to listen to new music from your favorite artists, and we want to help. It looks like the content you're trying to add isn't available for streaming on Apple Music. You'll want to purchase that content through the iTunes Store app first. We're glad to hear that. Feel free to reach out again if you need us. Enjoy the rest of your day! Let us know if this helps resolve the issue.",ESCALATE,LOW_INTENT_CONFIDENCE,Predicted intent confidence (0.2637) is below the validated confidence threshold (0.60).,SAFE_TO_AUTO_HANDLE,Well-defined customer issue with matching historical resolution evidence.,FALSE_ESCALATE
CASE_006215,"@AppleSupport I woke my 10.13.1 macbook up from sleep and all my 4-finger trackpad gestures stopped working until I rebooted, pls fix @AppleSupport Nope, since rebooting the issue hasn’t come up again. This isn’t something that happened in 10.12, though.",GENERAL_DEVICE_INQUIRY,GENERAL_DEVICE_INQUIRY,0.17469717100707674,0.6135,0.3333,True,NONE,"We'd like to help get this sorted out. If that happens again, do an SMC and NVRAM reset on your Mac and reach out to us. We'll be happy to help. We've included the links to those resets. SMC Reset: https://t.co/460MSj5yQz NVRAM Reset: https://t.co/r68Tj20GnI Let us know if you have any questions along the way.",ESCALATE,CONFLICTING_EVIDENCE,Retrieved historical evidence contains conflicting troubleshooting paths or fragmented intents.,SAFE_TO_AUTO_HANDLE,Well-defined customer issue with matching historical resolution evidence.,FALSE_ESCALATE
CASE_007543,"I’m getting very tired of this $1000 Iphone acting up ever since the iOS 11 update and 3 more updates and it’s still giving me fits @AppleSupport @AppleSupport 7 Plus 3 months old , I have to keep rebooting due to screen freezing, messages acting up, many things. I’ve installed every update sent and never had a problem before IOS 11 @782410 @782411 @AppleSupport Same here! Camera stopped working properly. A big blur @AppleSupport Yes that version was updated an hour ago.
In messages when I try to exit w/back button top left it fades and won’t exit. Sometimes won’t send or receive, there have been many issues I can’t think of right now but thought the updates would fix. Didn’t @AppleSupport @782410 Should I upgrade my IPhone 6 Plus to OIS 11? Thank you. @AppleSupport Whatever it came with new from Best Buy @AppleSupport Yes it happens randomly @AppleSupport Don’t recall using any apps when it happens @AppleSupport I know it was IOS 10. ? @AppleSupport It worked fine prior to IOS 11 and with all the hype over IOS 11 I couldn’t wait and then regretted it. Not sure what this version does that’s supposed to be so great but, it hasn’t been pleasant for me.",DISPLAY_TOUCH_SCREEN,OS_UPDATE_SYSTEM_PERFORMANCE,0.2915634357730299,0.7295,0.0,True,NONE,We'd like to help get this sorted out. We're glad you reached out to us. We just released iOS 11.2 which should help with your issues. Let's go through the steps in the following article and DM us if you're still having problems: https://t.co/osZOKKTalm We'll be here for you. https://t.co/GDrqU22YpT Let us know if your issues persist after updating and we'll go from there. What issues are you experiencing with your camera? Is it only your native Camera app or also third party camera apps? DM us what exactly is happening when you use the camera and we'll work with you there. https://t.co/GDrqU2kzhr Let us know if you have any questions along the way.,ESCALATE,CONFLICTING_EVIDENCE,Retrieved historical evidence contains conflicting troubleshooting paths or fragmented intents.,SAFE_TO_AUTO_HANDLE,Well-defined customer issue with matching historical resolution evidence.,FALSE_ESCALATE
CASE_001260,"@AppleSupport Hi, since yesterday night my 6s is canceling every minute. Restart and backup doesn't solute this problem. Have you an idea? https://t.co/H5xoGA6oS9 @AppleSupport Thanks for your help. An update to iOS 11.2 solute the problem.",OS_UPDATE_SYSTEM_PERFORMANCE,OS_UPDATE_SYSTEM_PERFORMANCE,0.6164793020078513,0.7148,0.0,True,NONE,We'd like to help get this sorted out. We're sorry to hear this. Let's see what we can do to get it resolved. When did you start seeing these unexpected shutdowns? Let's get this resolved! This article goes over the steps that we'd like to start with: https://t.co/osZOKKTalm Give those a shot and keep us posted with your results. Feel free to reach out if you have any other questions. We're glad to hear this! We'll be here if you need us. Let us know if you have any questions along the way.,ESCALATE,INTENT_EVIDENCE_MISMATCH,Retrieved evidence intent alignment (0.00%) is below the validated alignment threshold (66.00%).,SAFE_TO_AUTO_HANDLE,Well-defined customer issue with matching historical resolution evidence.,FALSE_ESCALATE
CASE_004119,"My iPhone @115858 no longer types the letter I️. That letter would be the most used. As in, I️ can’t make a sentence without it. Frustrated! @AppleSupport Oh that’s great! Thank you!",KEYBOARD_TYPING_AUTOCORRECT,KEYBOARD_TYPING_AUTOCORRECT,0.5524875458087934,0.7828,0.3333,True,NONE,We'd like to help get this sorted out. Here’s what you can do to work around the issue until it’s fixed in a future software update: https://t.co/xXaXeeSRt9 Let us know if you have any questions along the way.,ESCALATE,INTENT_EVIDENCE_MISMATCH,Retrieved evidence intent alignment (33.33%) is below the validated alignment threshold (66.00%).,SAFE_TO_AUTO_HANDLE,Well-defined customer issue with matching historical resolution evidence.,FALSE_ESCALATE
CASE_003182,@AppleSupport I completed the new iOS update and all of my pictures have been removed and I cannot find them! Can you help? @AppleSupport thanks,OS_UPDATE_SYSTEM_PERFORMANCE,OS_UPDATE_SYSTEM_PERFORMANCE,0.37378996564288663,0.7744,0.0,True,NONE,"We'd like to help get this sorted out. We know how important the photos of your captured memories are. We'd like to help. DM us which iPhone and iOS version you're using here: https://t.co/GDrqU22YpT Are you using the native Twitter app? If so, please make sure it's the most up-to-date version. Let us know what you find out. Let us know if you have any questions along the way.",ESCALATE,INTENT_EVIDENCE_MISMATCH,Retrieved evidence intent alignment (0.00%) is below the validated alignment threshold (66.00%).,SAFE_TO_AUTO_HANDLE,Well-defined customer issue with matching historical resolution evidence.,FALSE_ESCALATE
CASE_006022,"Has anyone else noticed since updating your #iOS that your alarm is sooo quiet?? I’m afraid I’m going to sleep through it even though my volume is all the way up! @115858 #applechat #iphone @AppleSupport Texts, calls and music have been normal. Someone suggested going to settings to try ‘change with buttons’ so I’ll try that and see if it helps. Thanks for the response!",AUDIO_SOUND_SPEAKER,AUDIO_SOUND_SPEAKER,0.6407488678341047,0.7479,0.0,True,NONE,We'd like to help get this sorted out. Let's get to the bottom of this. Which version of iOS are you on? You can find that in Settings &gt; General &gt; About. https://t.co/nYknMGviju Let us know if you have any questions along the way.,ESCALATE,INTENT_EVIDENCE_MISMATCH,Retrieved evidence intent alignment (0.00%) is below the validated alignment threshold (66.00%).,SAFE_TO_AUTO_HANDLE,Well-defined customer issue with matching historical resolution evidence.,FALSE_ESCALATE
CASE_001270,@AppleSupport #iphone6 keeps rebooting and shows the loading screen. Happens every 2 mins! #Help!! @AppleSupport I’m on 11.1.2,DISPLAY_TOUCH_SCREEN,DISPLAY_TOUCH_SCREEN,0.6256078325442257,0.8026,0.0,True,NONE,We'd like to help get this sorted out. Let's look into this issue together. We recommend backing up the information on your device and following the steps laid out in this article: https://t.co/osZOKKTalm This article will walk you through backing up your device: https://t.co/4f8hwT5to6 Great to hear! Have a wonderful weekend. Let us know if you have any questions along the way.,ESCALATE,INTENT_EVIDENCE_MISMATCH,Retrieved evidence intent alignment (0.00%) is below the validated alignment threshold (66.00%).,SAFE_TO_AUTO_HANDLE,Well-defined customer issue with matching historical resolution evidence.,FALSE_ESCALATE
CASE_000792,@AppleSupport my (photo) apps shut themselves all-the-time on my ipad pro. Frustrating!! Can't do my work. What's going on? #ios11 @AppleSupport Yes. Safari is crashing &amp; my icloud was closing this morning.never had a problem with my ipad before.Is it an other problem than te update?🤔 @AppleSupport My Photos app but also other apps like Photoshop. I restarted my ipad (twice) and deleted and reinstalled some apps and that seems to work.. @AppleSupport Thank you!!!,ACCOUNT_APPLEID_ICLOUD,APP_CRASH_AND_DOWNLOAD,0.26939764622819706,0.7244,0.6667,True,NONE,We'd like to help get this sorted out. Let's meet up in DM to discuss what you're seeing and what you've tried already to find a solution. https://t.co/GDrqU22YpT Let us know if you have any questions along the way.,ESCALATE,LOW_INTENT_CONFIDENCE,Predicted intent confidence (0.2694) is below the validated confidence threshold (0.60).,SAFE_TO_AUTO_HANDLE,Well-defined customer issue with matching historical resolution evidence.,FALSE_ESCALATE
CASE_004687,@AppleSupport #ios11update - is still killing my battery within 12 hours - phone is 10 months old - it’s a disgrace - used to get 2 days @AppleSupport Latest version 😡😡 I have read the help page turned off virtually all apps and location svs too - but in typing this I dropped 3% life @AppleSupport Super help - problem solved 😀 once again in love with Apple,BATTERY_CHARGING_POWER,BATTERY_CHARGING_POWER,0.5392210246961356,0.7401,0.6667,True,NONE,We'd like to help get this sorted out. We'd be delighted to take a look at this with you. Which iOS version are we working with? That's in Settings &gt; General &gt; About. Let's backup the iPhone and update to iOS 11.0.3. Update the iOS software on your iPhone: https://t.co/80YRnjDFDk Let us know if you have any questions along the way.,ESCALATE,LOW_INTENT_CONFIDENCE,Predicted intent confidence (0.5392) is below the validated confidence threshold (0.60).,SAFE_TO_AUTO_HANDLE,Well-defined customer issue with matching historical resolution evidence.,FALSE_ESCALATE
CASE_003336,"Holy god, I can’t access a pages doc that was created in ios10 on my iPad. It won’t open in 11. Sos help. #Apple #iOS11 #iOS10 @115858 @AppleSupport @AppleSupport Thanks! Fixed!",OS_UPDATE_SYSTEM_PERFORMANCE,OS_UPDATE_SYSTEM_PERFORMANCE,0.24791296613211294,0.7178,1.0,True,NONE,"We'd like to help get this sorted out. Thank you for reaching out to us. That is not at all expected behavior. Let's work together to get this resolved. Just so we're clear, can you describe what happens when you try to open Pages? Any errors or specific behavior? We'd like to make sure your iPhone's iOS is up-to-date, as well as Pages. Can you tell us the exact iOS version you're using? You can find this by going to Settings &gt; General &gt; About. If you're already using iOS 11.1.2, can you check the App Store for updates? Our team that best helps with Pages would love to assist you from the following link: https://t.co/IBIY3vMgPj Make sure to select Apps &amp; Software &gt; iOS apps &gt; Pages for iOS to reach their team. Let us know if you have any questions along the way.",ESCALATE,LOW_INTENT_CONFIDENCE,Predicted intent confidence (0.2479) is below the validated confidence threshold (0.60).,SAFE_TO_AUTO_HANDLE,Well-defined customer issue with matching historical resolution evidence.,FALSE_ESCALATE
CASE_006042,"@AppleSupport, your last 2 updates have made my phone useless. Get your 💩 together and fix it",GENERAL_DEVICE_INQUIRY,GENERAL_DEVICE_INQUIRY,0.245993245327965,0.8051,0.0,True,NONE,We'd like to help get this sorted out. Here’s what you can do to work around the issue until it’s fixed in a future software update: https://t.co/xXaXeeSRt9 Let us know if you have any questions along the way.,ESCALATE,INTENT_EVIDENCE_MISMATCH,Retrieved evidence intent alignment (0.00%) is below the validated alignment threshold (66.00%).,SAFE_TO_AUTO_HANDLE,Well-defined customer issue with matching historical resolution evidence.,FALSE_ESCALATE
CASE_005990,"I really need @115858 to fix the letter I and the calculator glitch. 🙄. @AppleSupport Ok, thank you. I️ haven’t updated to that version yet.",KEYBOARD_TYPING_AUTOCORRECT,KEYBOARD_TYPING_AUTOCORRECT,0.31146397917304325,0.7699,0.3333,True,NONE,We'd like to help get this sorted out. We'd like to help and we have a workaround for this here: https://t.co/xXaXeeSRt9 DM us if you still need help. https://t.co/GDrqU22YpT We're glad to hear it. Don't hesitate to reach back out if you have any other questions or concerns for us. We're happy to help. Let us know if you have any questions along the way.,ESCALATE,CONFLICTING_EVIDENCE,Retrieved historical evidence contains conflicting troubleshooting paths or fragmented intents.,SAFE_TO_AUTO_HANDLE,Well-defined customer issue with matching historical resolution evidence.,FALSE_ESCALATE
CASE_005644,Wtf @115858 the latest iPhone updates have been terrible!! It takes me 10minutes to text someone because my keyboard keeps freezing!!! @AppleSupport 11.1.1 @AppleSupport Yes I have to restart my 7plus at least once a day to fix the freezing keyboard issue. It was fine before the 11.1 update...,KEYBOARD_TYPING_AUTOCORRECT,KEYBOARD_TYPING_AUTOCORRECT,0.5367648777315294,0.7996,0.6667,True,NONE,We'd like to help get this sorted out. We know how much your iPhone means to you. Let's work on it together. https://t.co/GDrqU22YpT We'd like to review this further for you. Please DM us to get started. https://t.co/GDrqU22YpT Let us know if you have any questions along the way.,ESCALATE,LOW_INTENT_CONFIDENCE,Predicted intent confidence (0.5368) is below the validated confidence threshold (0.60).,SAFE_TO_AUTO_HANDLE,Well-defined customer issue with matching historical resolution evidence.,FALSE_ESCALATE
CASE_006008,Can @115858 maybe fix this I️ bs yet or @AppleSupport Thank you very much!,GENERAL_DEVICE_INQUIRY,GENERAL_DEVICE_INQUIRY,0.4979640963150089,0.9309,0.6667,True,NONE,"We'd like to help get this sorted out. We recently released iOS 11.1.1 to address this issue. If you haven't updated yet, you can learn how here: https://t.co/80YRnjDFDk If the issue persists, send us a DM so we can help there. https://t.co/GDrqU22YpT We're always happy to help! Feel free to reach out to us if we can be of any further assistance. Our office hours are 7 days a week, from 5AM - 8PM PDT. If you contact us after business hours, rest assured we'll respond the following day. https://t.co/GDrqU22YpT Let us know if you have any questions along the way.",ESCALATE,LOW_INTENT_CONFIDENCE,Predicted intent confidence (0.4980) is below the validated confidence threshold (0.60).,SAFE_TO_AUTO_HANDLE,Well-defined customer issue with matching historical resolution evidence.,FALSE_ESCALATE
CASE_000437,Ever since I updated my phone to iOS 11 my phone has been slow AF. No @115858 you aren’t gonna make me buy the new iPhone I’m poor and totally fine with my iPhone 6!,OS_UPDATE_SYSTEM_PERFORMANCE,OS_UPDATE_SYSTEM_PERFORMANCE,0.383925503635346,0.8188,1.0,True,NONE,We'd be happy to help with this. We're happy to assist. Which iOS 11 version are you currently running? Go to Settings &gt; General &gt; About for the version. Let us know if this helps resolve the issue.,ESCALATE,LOW_INTENT_CONFIDENCE,Predicted intent confidence (0.3839) is below the validated confidence threshold (0.60).,SAFE_TO_AUTO_HANDLE,Well-defined customer issue with matching historical resolution evidence.,FALSE_ESCALATE
CASE_003927,"@115858 !!!!! Fix this I️ nonsense!!! 
COME. ON. @497393 @497395 @115858 I know how to fix it @497394 @497393 @115858 If I have to change all kinda shit, no thanks. They need to fix it. @497395 @497393 @115858 Well, here it is anyways https://t.co/gqx7vHSVzL @497394 @497395 @115858 Oh! That’s not bad. But I️ presume they’re working on it? It’s annoying AF. @497393 @497394 @497395 @115858 i did that and it worked for 2 seconds then went right back the bullshit box @AppleSupport I just want you to fix the question mark box crap.",HOW_TO_SETTINGS_CONFIGURATION,GENERAL_DEVICE_INQUIRY,0.4269023364850888,0.7545,1.0,True,NONE,We'd like to help get this sorted out. Thanks for reaching out. We currently have a workaround for this. Here's how: https://t.co/xXaXeeSRt9 Let us know if you have any questions along the way.,ESCALATE,LOW_INTENT_CONFIDENCE,Predicted intent confidence (0.4269) is below the validated confidence threshold (0.60).,SAFE_TO_AUTO_HANDLE,Well-defined customer issue with matching historical resolution evidence.,FALSE_ESCALATE
CASE_001349,"@AppleSupport this is serious, I take some cool pics with my phone and then they can’t be loaded... very upsetting smh rotten apple @AppleSupport iPhone 6 version 11.1.2 @AppleSupport I have this exclamation mark in the left bottom and the picture is blurred @AppleSupport I’m not finding it @AppleSupport I think I handled that, tanks.",GENERAL_DEVICE_INQUIRY,GENERAL_DEVICE_INQUIRY,0.14636015338290506,0.7872,0.3333,True,NONE,We'd like to help get this sorted out. Here’s what you can do to work around the issue until it’s fixed in a future software update: https://t.co/xXaXeeSRt9 You're very welcome. Feel free to reach out to us if you need anything in the future. We would like to offer some guidance with this. Please send us a DM and let us know which version of iOS you have. https://t.co/GDrqU22YpT Let us know if you have any questions along the way.,ESCALATE,CONFLICTING_EVIDENCE,Retrieved historical evidence contains conflicting troubleshooting paths or fragmented intents.,SAFE_TO_AUTO_HANDLE,Well-defined customer issue with matching historical resolution evidence.,FALSE_ESCALATE
CASE_002664,"@AppleSupport so, you let me buy a book, pay for it, then tell me I’m not allowed to read it...
Please fix this or refund my $15. https://t.co/DAJxxPxFtX @AppleSupport Thanks. The internet version of “let me transfer you” except, even more useless",APP_STORE_PURCHASES_BILLING,APP_STORE_PURCHASES_BILLING,0.2040883343399462,0.6047,1.0,True,NONE,We'd like to help get this sorted out. We can help you with this. DM us and let us know what the payment is for and we can look into it. https://t.co/GDrqU22YpT Let us know if you have any questions along the way.,ESCALATE,WEAK_EVIDENCE,Top retrieval similarity (0.6047) is below the validated quality threshold (0.65).,SAFE_TO_AUTO_HANDLE,Well-defined customer issue with matching historical resolution evidence.,FALSE_ESCALATE
CASE_000414,"As much as I love you @115858 IOS11.0.1 is really starting to bug me with all these crashes, might aswell have a windows phone #ios11problems",OS_UPDATE_SYSTEM_PERFORMANCE,APP_CRASH_AND_DOWNLOAD,0.3729246659338544,0.8348,0.6667,True,NONE,We'd like to help get this sorted out. Let's make sure all your apps are updated. Tap the App Store &gt; Updates. Install any there. Let us know the result. Can you tell us which version of iOS you're running as well? Check out this article: https://t.co/fUZ0NRJxcn Great! Check out the article we previously provided &amp; see if you can resolve that issue with it. Let us know how it goes. Let us know if you have any questions along the way.,ESCALATE,LOW_INTENT_CONFIDENCE,Predicted intent confidence (0.3729) is below the validated confidence threshold (0.60).,SAFE_TO_AUTO_HANDLE,Well-defined customer issue with matching historical resolution evidence.,FALSE_ESCALATE
CASE_000582,"Here’s a thing: I updated to the new iPhone 11 OS and at the moment my Photos app on my desktop won’t read new photos. @115858? @AppleSupport Thanks for responding. OS 11 update installed yesterday. The new photos I took since are not appearing for import in Photos. Old pics OK. @AppleSupport Dropbox could not import new OS 11 pics directly either, but uploading through Dropbox app worked. I guess there’s a very very new codec.",OS_UPDATE_SYSTEM_PERFORMANCE,OS_UPDATE_SYSTEM_PERFORMANCE,0.2203237329286063,0.7331,0.6667,True,NONE,We'd like to help get this sorted out. Let's get you in the right direction. Reach out to our iOS apps experts: https://t.co/IBIY3vMgPj They'll be able to assist you. Let us know if you have any questions along the way.,ESCALATE,LOW_INTENT_CONFIDENCE,Predicted intent confidence (0.2203) is below the validated confidence threshold (0.60).,SAFE_TO_AUTO_HANDLE,Well-defined customer issue with matching historical resolution evidence.,FALSE_ESCALATE
CASE_005015,"@AppleSupport Could you please help with this … been going on since yesterday 😒 https://t.co/2upE4uEAIi @AppleSupport Sure, let me wait 3-4 days for help … Thanks for nothing 🙄",GENERAL_DEVICE_INQUIRY,GENERAL_DEVICE_INQUIRY,0.38907260263277144,0.8586,1.0,True,NONE,"We'd like to help get this sorted out. We got your DM, and we will respond to you there. https://t.co/GDrqU22YpT Let us know if you have any questions along the way.",ESCALATE,LOW_INTENT_CONFIDENCE,Predicted intent confidence (0.3891) is below the validated confidence threshold (0.60).,SAFE_TO_AUTO_HANDLE,Well-defined customer issue with matching historical resolution evidence.,FALSE_ESCALATE
CASE_007092,@AppleSupport hi how do i clock billing info and update my payment information??? HELP I HAVENT HAD MUSIC FOR 2 WEEKS,APP_STORE_PURCHASES_BILLING,APP_STORE_PURCHASES_BILLING,0.7930630577214677,0.6204,0.6667,True,NONE,"We'd like to help get this sorted out. Information is still needed. If you can't select None, check out this article: https://t.co/rnB74Mia9W Let us know if you have any questions along the way.",ESCALATE,WEAK_EVIDENCE,Top retrieval similarity (0.6204) is below the validated quality threshold (0.65).,SAFE_TO_AUTO_HANDLE,Well-defined customer issue with matching historical resolution evidence.,FALSE_ESCALATE
CASE_000645,"@115858 I would like to turn off my Bluetooth and Wireless from the Quick Menu. As in turn off, not disconnect. Thank you! @AppleSupport Thank you for providing the link!",CONNECTIVITY_WIFI_BLUETOOTH,CONNECTIVITY_WIFI_BLUETOOTH,0.24513997459831066,0.6793,1.0,True,NONE,"We'd like to help get this sorted out. You can turn off Bluetooth through: Settings &gt; Bluetooth. To request a change, leave us feedback: https://t.co/eTPVYVFyd8 Let us know if you have any questions along the way.",ESCALATE,LOW_INTENT_CONFIDENCE,Predicted intent confidence (0.2451) is below the validated confidence threshold (0.60).,SAFE_TO_AUTO_HANDLE,Well-defined customer issue with matching historical resolution evidence.,FALSE_ESCALATE
CASE_007553,"@115858 @AppleSupport 
I’m scared to update my phone to the newest update because many people lost all their data on their mobile  and the biggest problem is that I don’t know how to use I Cloud. What should I do.💔 @AppleSupport Thank you so much 😻❤️",OS_UPDATE_SYSTEM_PERFORMANCE,OS_UPDATE_SYSTEM_PERFORMANCE,0.46655740026947196,0.7357,1.0,True,NONE,We'd like to help get this sorted out. Here’s what you can do to work around the issue until it’s fixed in a future software update: https://t.co/xXaXeeSRt9 Let us know if you have any questions along the way.,ESCALATE,LOW_INTENT_CONFIDENCE,Predicted intent confidence (0.4666) is below the validated confidence threshold (0.60).,SAFE_TO_AUTO_HANDLE,Well-defined customer issue with matching historical resolution evidence.,FALSE_ESCALATE
CASE_004274,Ok @AppleSupport I️ need y’all to fix this nonsense ! This question mark is driving me crazy! @AppleSupport Thank you !!,GENERAL_DEVICE_INQUIRY,GENERAL_DEVICE_INQUIRY,0.4283042149452726,0.7815,0.6667,True,NONE,"We'd like to help get this sorted out. Here’s what you can do to work around the issue until it’s fixed in a future software update: https://t.co/xXaXeeSRt9 You're welcome. If you have questions in the future, feel free to reach out to us here. Let us know if you have any questions along the way.",ESCALATE,LOW_INTENT_CONFIDENCE,Predicted intent confidence (0.4283) is below the validated confidence threshold (0.60).,SAFE_TO_AUTO_HANDLE,Well-defined customer issue with matching historical resolution evidence.,FALSE_ESCALATE
CASE_004147,@AppleSupport how can I air drop on iOS 11.0.3 @AppleSupport Thanks,OS_UPDATE_SYSTEM_PERFORMANCE,OS_UPDATE_SYSTEM_PERFORMANCE,0.582661044153694,0.7273,0.3333,True,NONE,"We'd like to help get this sorted out. We appreciate you reaching out to us. We received your DM, and we'll follow up there shortly. https://t.co/GDrqU22YpT Let us know if you have any questions along the way.",ESCALATE,INTENT_EVIDENCE_MISMATCH,Retrieved evidence intent alignment (33.33%) is below the validated alignment threshold (66.00%).,SAFE_TO_AUTO_HANDLE,Well-defined customer issue with matching historical resolution evidence.,FALSE_ESCALATE
CASE_006096,@AppleSupport  since morning !!! What happened apple ?? Should be every week format my iPhone ?? https://t.co/IbuFcelDso,GENERAL_DEVICE_INQUIRY,HOW_TO_SETTINGS_CONFIGURATION,0.23991653065101837,0.6924,0.0,True,NONE,We'd be happy to help with this. That's certainly not expected! Let's sort this out together. Was Face ID working on your iPhone X previously? Which iOS version is running on your iPhone? Tap on Settings &gt; General &gt; About to find out. Let us know if this helps resolve the issue.,ESCALATE,INTENT_EVIDENCE_MISMATCH,Retrieved evidence intent alignment (0.00%) is below the validated alignment threshold (66.00%).,SAFE_TO_AUTO_HANDLE,Well-defined customer issue with matching historical resolution evidence.,FALSE_ESCALATE
CASE_007635,"@115858 how do you get a notification to disappear without a home button on the iPhone X? Nobody at Cardiff Apple store knew!!!!! #coulddoitonthe6plus @AppleSupport Thanks for such a prompt response. However, that help page was more about notifications on a lock screen. I mean when you’re on an app &amp; a notification appears how do I get it to disappear without a home button and without having to reach to up to swipe it away...... @AppleSupport Again thanks. I suppose my point is there’s a feature I’ve lost choosing the X 🤷🏼‍♀️",KEYBOARD_TYPING_AUTOCORRECT,DISPLAY_TOUCH_SCREEN,0.35456768463189414,0.7059,0.0,True,NONE,"We'd like to help get this sorted out. Congratulations on your iPhone X! This is a great question. Have you tried swiping up on the actual notification box itself? Find the latest gestures you can use to navigate your iPhone X here: https://t.co/7GvmAUgrF1 If you'd like to share feedback, such as what you've described, please use this link here: https://t.co/eTPVYVFyd8 Let us know if you have any questions along the way.",ESCALATE,INTENT_EVIDENCE_MISMATCH,Retrieved evidence intent alignment (0.00%) is below the validated alignment threshold (66.00%).,SAFE_TO_AUTO_HANDLE,Well-defined customer issue with matching historical resolution evidence.,FALSE_ESCALATE
CASE_004490,@115858 y’all working on these empty boxes yet big fella? @AppleSupport Aye! Y’all real! I appreciate it!,GENERAL_DEVICE_INQUIRY,GENERAL_DEVICE_INQUIRY,0.48620404786190186,0.7091,1.0,True,NONE,We'd like to help get this sorted out. We have a fix for this issue here: https://t.co/xU1AGHStV6 You are very welcome! If you need anything else; hit us up! We're here every day from 5am-8pm Pacific time. Let us know if you have any questions along the way.,ESCALATE,LOW_INTENT_CONFIDENCE,Predicted intent confidence (0.4862) is below the validated confidence threshold (0.60).,SAFE_TO_AUTO_HANDLE,Well-defined customer issue with matching historical resolution evidence.,FALSE_ESCALATE
CASE_003491,"@115948 @AppleSupport hey guys, we've applied to Apple Music Connect but haven't heard back - what is your turnaround time? Cheers @AppleSupport thanks @115948 only snag is, is there an option for a windows based PC to be able to update the artists profile, music, videos etc? @AppleSupport Command?  Call me cooky or whacky but i have no idea where the command key is.  Will this enable be me to update our artist page? @AppleSupport thanks guys, looks like, according to the guide, only works if you have a mac or apple product.  Pity but thanks all the same",CONNECTIVITY_WIFI_BLUETOOTH,APP_STORE_PURCHASES_BILLING,0.5056501336252757,0.6496,0.6667,True,NONE,We'd like to help get this sorted out. We're happy to help. The steps here may help: https://t.co/6rKpA2Rl6I You're welcome! Please keep us in the know. Let us know if you have any questions along the way.,ESCALATE,WEAK_EVIDENCE,Top retrieval similarity (0.6496) is below the validated quality threshold (0.65).,SAFE_TO_AUTO_HANDLE,Well-defined customer issue with matching historical resolution evidence.,FALSE_ESCALATE
CASE_003934,"When I️ type the letter i, the letter A pops up, @AppleSupport @115858 can anyone figure this out",KEYBOARD_TYPING_AUTOCORRECT,KEYBOARD_TYPING_AUTOCORRECT,0.7988632633385883,0.8709,0.3333,True,NONE,We'd like to help get this sorted out. Thanks for reaching out to us about your keyboard. We recommend checking out this link: https://t.co/xU1AGIa4ME You're very welcome! Feel free to reach out to us again if you need us! Let us know if you have any questions along the way.,ESCALATE,CONFLICTING_EVIDENCE,Retrieved historical evidence contains conflicting troubleshooting paths or fragmented intents.,SAFE_TO_AUTO_HANDLE,Well-defined customer issue with matching historical resolution evidence.,FALSE_ESCALATE
CASE_007146,@115858 please fix your stupid glitch everytime I️ MYSELF try to type i it ruins my tweets @115858 oh look it did it,OS_UPDATE_SYSTEM_PERFORMANCE,OS_UPDATE_SYSTEM_PERFORMANCE,0.31110298089080235,0.8201,0.3333,True,NONE,"We'd like to help get this sorted out. This issue was fixed in iOS 11.1.1. To update to the latest version of iOS, go to Settings &gt; General &gt; Software Update and tap Download and Install. Make sure to back up your iPhone first: https://t.co/4f8hwT5to6 Let us know if you have any questions along the way.",ESCALATE,CONFLICTING_EVIDENCE,Retrieved historical evidence contains conflicting troubleshooting paths or fragmented intents.,SAFE_TO_AUTO_HANDLE,Well-defined customer issue with matching historical resolution evidence.,FALSE_ESCALATE
CASE_007873,"@AppleSupport iMessage its not working on my iPhone 7, neither push notifications of Whatsapp and Facebook. Is the service down? @AppleSupport 11.1.2",CONNECTIVITY_WIFI_BLUETOOTH,KEYBOARD_TYPING_AUTOCORRECT,0.23565606517901783,0.8089,0.3333,True,NONE,"We'd like to help get this sorted out. We'll be glad to help you get to the bottom of this issue. To get started, can you tell us which device and software are you using? We'll do everything we can to help resolve this issue. Have you tried a normal restart of the device? This simple step can resolve issues like this. This article explains how to do a normal restart: https://t.co/bc6P3CZFdY Thanks for confirming that. Are you currently connected to a good WI-Fi network or cellular data? We're happy to hear that worked. You know how to reach us if you ever need to again. We're online every day from 5am-8pm PST. Let us know if you have any questions along the way.",ESCALATE,CONFLICTING_EVIDENCE,Retrieved historical evidence contains conflicting troubleshooting paths or fragmented intents.,SAFE_TO_AUTO_HANDLE,Well-defined customer issue with matching historical resolution evidence.,FALSE_ESCALATE
CASE_004452,"@AppleSupport hi, when I go to ""Report a Problem"" about some of my receipts, I try to login and it keeps taking me back to login again @AppleSupport Being on a different browser helped, thanks!!",ACCOUNT_APPLEID_ICLOUD,ACCOUNT_APPLEID_ICLOUD,0.41938359462288616,0.6742,0.6667,True,NONE,"We'd like to help get this sorted out. Thanks for reaching out. We understand the importance of getting into your Mac. It looks like while you're seeing the unexpected text display, there's also a progress bar in the center. Does the progress bar move, and if so, is there any change when it's complete? Thanks for clarifying. It sounds like you power your Mac on, see the login screen, and the issue begins after logging in, while the system loads. Let's try booting your Mac into safe mode; this page explains what it does, and how to use it: https://t.co/PQ4LSYhUTY Let us know if you have any questions along the way.",ESCALATE,LOW_INTENT_CONFIDENCE,Predicted intent confidence (0.4194) is below the validated confidence threshold (0.60).,SAFE_TO_AUTO_HANDLE,Well-defined customer issue with matching historical resolution evidence.,FALSE_ESCALATE
CASE_002541,"Hey, @AppleSupport: please don't mess with the playlists I spent years painstakingly compiling: songs labeled ""explicit"" keep disappearing. @AppleSupport I will, thanks for the prompt reply.",APP_STORE_PURCHASES_BILLING,APP_STORE_PURCHASES_BILLING,0.21814097771042165,0.7796,1.0,True,NONE,We'd like to help get this sorted out. We'd be happy to help with your music. Can you DM us the device and version of OS we are working with? https://t.co/GDrqU22YpT Let us know if you have any questions along the way.,ESCALATE,LOW_INTENT_CONFIDENCE,Predicted intent confidence (0.2181) is below the validated confidence threshold (0.60).,SAFE_TO_AUTO_HANDLE,Well-defined customer issue with matching historical resolution evidence.,FALSE_ESCALATE
CASE_001949,"iOS 11 is the patience school I never went to, works at a pace on iPhone6+ which forces your to slow down &amp; notice life around you. @115858 @AppleSupport Hey Thanks for picking this up, sent the details across.",OS_UPDATE_SYSTEM_PERFORMANCE,OS_UPDATE_SYSTEM_PERFORMANCE,0.2819829851730926,0.7911,1.0,True,NONE,We'd be happy to help with this. We're happy to assist. Which iOS 11 version are you currently running? Go to Settings &gt; General &gt; About for the version. Let us know if this helps resolve the issue.,ESCALATE,LOW_INTENT_CONFIDENCE,Predicted intent confidence (0.2820) is below the validated confidence threshold (0.60).,SAFE_TO_AUTO_HANDLE,Well-defined customer issue with matching historical resolution evidence.,FALSE_ESCALATE
CASE_006935,Please @115858 fix the need to restart my 10.5 iPad Pro because the Smart Keyboard stops working. @AppleSupport I seem to get it when moving from new WiFi connection to another. I was at home.  Worked fine.  Then went to Panera.  iPad worked great but keyboard was not working.  Restart made it work.  Went to Starbucks.  New WiFi.  Keyboard stopped.  Restart made it work,KEYBOARD_TYPING_AUTOCORRECT,KEYBOARD_TYPING_AUTOCORRECT,0.4900865839108028,0.7216,1.0,True,NONE,We'd like to help get this sorted out. We'd like to help resolve any issues you're seeing with your Smart Keyboard and prevent it from reoccurring. Which version of iOS are you using on your iPad? This can be found under Settings &gt; General &gt; About. Let us know if this guide helps: https://t.co/eqRjET05nq Let us know if you have any questions along the way.,ESCALATE,LOW_INTENT_CONFIDENCE,Predicted intent confidence (0.4901) is below the validated confidence threshold (0.60).,SAFE_TO_AUTO_HANDLE,Well-defined customer issue with matching historical resolution evidence.,FALSE_ESCALATE
CASE_002788,the iOS 11 update got my phone dying every 10 minutes🤦🏽‍♀️ @AppleSupport @AppleSupport 11.0.3,BATTERY_CHARGING_POWER,OS_UPDATE_SYSTEM_PERFORMANCE,0.44347487631448634,0.8606,0.6667,True,NONE,We'd like to help get this sorted out. We'd be happy to help you maximize your battery life. What iPhone model and version of iOS 11 are we working with? DM us: https://t.co/GDrqU22YpT Let us know if you have any questions along the way.,ESCALATE,LOW_INTENT_CONFIDENCE,Predicted intent confidence (0.4435) is below the validated confidence threshold (0.60).,SAFE_TO_AUTO_HANDLE,Well-defined customer issue with matching historical resolution evidence.,FALSE_ESCALATE
CASE_004103,"@AppleSupport hey... fix the “A and the boxed question mark” thing. Plz. @AppleSupport Good stuff, thank you!",GENERAL_DEVICE_INQUIRY,GENERAL_DEVICE_INQUIRY,0.4868001697585347,0.8241,0.6667,True,NONE,"We'd like to help get this sorted out. Here’s what you can do to work around the issue until it’s fixed in a future software update: https://t.co/xXaXeeSRt9 You're welcome. If you have questions in the future, feel free to reach out to us here. Let us know if you have any questions along the way.",ESCALATE,LOW_INTENT_CONFIDENCE,Predicted intent confidence (0.4868) is below the validated confidence threshold (0.60).,SAFE_TO_AUTO_HANDLE,Well-defined customer issue with matching historical resolution evidence.,FALSE_ESCALATE
CASE_007465,Why MY pictures in MY camera roll have to load? Pictures be blurry and shit. I️ be thinking my stuff came out trash but they buffering. @115858 fix it my G @AppleSupport I️ have the last update and I️ use iCloud Photo Library.,DISPLAY_TOUCH_SCREEN,ACCOUNT_APPLEID_ICLOUD,0.452060143946778,0.7499,0.0,True,NONE,We'd like to help get this sorted out. We'd love to look into this with you. Which device are you trying to load them on? What happens when you try to load them? We'd be happy to help. Would you please join us in DM so we may continue assisting? https://t.co/GDrqU22YpT Let us know if you have any questions along the way.,ESCALATE,INTENT_EVIDENCE_MISMATCH,Retrieved evidence intent alignment (0.00%) is below the validated alignment threshold (66.00%).,SAFE_TO_AUTO_HANDLE,Well-defined customer issue with matching historical resolution evidence.,FALSE_ESCALATE
CASE_000060,Update failed continuously please help @115858 #apple #appleindia https://t.co/1GXRcPyYkX @115858 Thank you for your quick reply. Problem solved automatically next day @AppleSupport Sure. Thanks for your quick service,OS_UPDATE_SYSTEM_PERFORMANCE,GENERAL_DEVICE_INQUIRY,0.2315839142252535,0.7104,0.0,True,NONE,We'd be happy to help with this. We’ve received your DM and will continue there shortly. Thank you for your patience. Let us know if this helps resolve the issue.,ESCALATE,INTENT_EVIDENCE_MISMATCH,Retrieved evidence intent alignment (0.00%) is below the validated alignment threshold (66.00%).,SAFE_TO_AUTO_HANDLE,Well-defined customer issue with matching historical resolution evidence.,FALSE_ESCALATE
CASE_005470,"Hey .@115858 fix the I️ that becomes an A. @AppleSupport @643239 What about fixing I.t ????? @AppleSupport @643239 Do I️ really need to back up my stuff to update my phone? 😏 @AppleSupport @643239 You do realise that every time you issue a fix, you create new ones. Like this i/A problem that was never a problem before until you started improvising updates @AppleSupport @643239 About damn time @AppleSupport @643239 @88137 @AppleSupport Hey this update doesn’t work! @AppleSupport Thanks! @AppleSupport @643239 A[?] don’t get it @AppleSupport @643239 Hello, my iphone got stuck on a bootloop after the 11.1.1 update. @AppleSupport @643239 Im becoming closer to switching. This is at least the third update and it’s still bogged down in addition to working better before the update. Obvious what’s going on. @AppleSupport @643239 And why?? Lol @232087 @AppleSupport @643239 There’s a new update to fix the “I” bug @643240 @AppleSupport @643239 How did the big even happen! @AppleSupport I tried the itunes one but i got an error while downloading the update why? @232087 @AppleSupport @643239 Idk lol just update your phone @643240 @AppleSupport @643239 Lmao 😐 I’ll do that tomorrow. But will I️ lose my stuff if I️ don’t back it up? @AppleSupport Download can't be completed @232087 @AppleSupport @643239 No? I don’t ever back up my phone lol @643240 @AppleSupport @643239 Well then why is @AppleSupport saying to do so 🤔 lol yeah I’ve never backed mine up for updates",APP_STORE_PURCHASES_BILLING,OS_UPDATE_SYSTEM_PERFORMANCE,0.42083270239031756,0.7238,0.6667,True,NONE,We'd be happy to help with this. We’d like to offer our support. Can you tell us what you’ve experienced so far? Which iPhone and iOS version are you using? Locate your version by navigating to Settings &gt; General &gt; About. Let us know if this helps resolve the issue.,ESCALATE,LOW_INTENT_CONFIDENCE,Predicted intent confidence (0.4208) is below the validated confidence threshold (0.60).,SAFE_TO_AUTO_HANDLE,Well-defined customer issue with matching historical resolution evidence.,FALSE_ESCALATE
CASE_004747,This new iOS update crash my phone @AppleSupport 😠😠 so mad!!! It won’t even turn back on! @AppleSupport It worked! Thanks a lot! 🙏🏽,APP_CRASH_AND_DOWNLOAD,APP_CRASH_AND_DOWNLOAD,0.2122041059021997,0.815,1.0,True,NONE,"We'd like to help get this sorted out. We want your iPhone to run smoothly. Does this happen while using a particular app? Also, which iPhone model are you using? Thank you for providing those details. In DM, could you let us know the exact iOS version you're using? https://t.co/GDrqU22YpT Understood. Let’s keep working together on your situation via Direct Message. Use the following link. https://t.co/GDrqU22YpT Let us know if you have any questions along the way.",ESCALATE,LOW_INTENT_CONFIDENCE,Predicted intent confidence (0.2122) is below the validated confidence threshold (0.60).,SAFE_TO_AUTO_HANDLE,Well-defined customer issue with matching historical resolution evidence.,FALSE_ESCALATE
CASE_007549,@AppleSupport after updating to iOS 11.1 no service on my iPhone 7 Plus @AppleSupport Resolved it was carriers fault #sorry,CONNECTIVITY_WIFI_BLUETOOTH,CONNECTIVITY_WIFI_BLUETOOTH,0.31298255256356555,0.7853,0.6667,True,NONE,We'd like to help get this sorted out. Let's talk via DM and work on this together. We'll find the answer. Please tap here to continue: https://t.co/GDrqU22YpT You're very welcome! Let us know if you have any questions along the way.,ESCALATE,LOW_INTENT_CONFIDENCE,Predicted intent confidence (0.3130) is below the validated confidence threshold (0.60).,SAFE_TO_AUTO_HANDLE,Well-defined customer issue with matching historical resolution evidence.,FALSE_ESCALATE
CASE_003101,"i finally updated my mac. it should've updated to High Sierra but it updated to El Capitan so wtf @115858? @AppleSupport haha, thanks, but its all good, i don't need a new update, i can't wait 3 more hours. :) will do it someday else. thanks anyways. @AppleSupport thank you!!!!!!!",OS_UPDATE_SYSTEM_PERFORMANCE,OS_UPDATE_SYSTEM_PERFORMANCE,0.3063507200538896,0.7595,0.6667,True,NONE,"We'd like to help get this sorted out. We can help you. What issue(s) are you experiencing with your Mac after the update? Which macOS version did you update your device to? Got it, we'd like to take a deeper look into this with you. DM us and we'll get started there. https://t.co/GDrqU22YpT Let us know if you have any questions along the way.",ESCALATE,LOW_INTENT_CONFIDENCE,Predicted intent confidence (0.3064) is below the validated confidence threshold (0.60).,SAFE_TO_AUTO_HANDLE,Well-defined customer issue with matching historical resolution evidence.,FALSE_ESCALATE
CASE_005438,"This whole .@115858 glitch is an absolute nightmare. Please send an update for “I” ... sincerely, SID’s everywhere @AppleSupport It still shows up when you do that troubleshooting .@AppleSupport",OS_UPDATE_SYSTEM_PERFORMANCE,OS_UPDATE_SYSTEM_PERFORMANCE,0.48585083738530543,0.8955,1.0,True,NONE,"We'd like to help get this sorted out. We can help you. Make sure to back up and update your iPhone as our article explains: https://t.co/80YRnjDFDk Once you're running iOS 11.1.1, DM us if you still have issues typing the letter i. https://t.co/GDrqU22YpT You're very welcome. We're glad that we could help! Let us know if you have any questions along the way.",ESCALATE,LOW_INTENT_CONFIDENCE,Predicted intent confidence (0.4859) is below the validated confidence threshold (0.60).,SAFE_TO_AUTO_HANDLE,Well-defined customer issue with matching historical resolution evidence.,FALSE_ESCALATE
CASE_007109,@AppleSupport After updating I can’t select a provider on my SE anymore. Only WiFi on my phone noe. This is not funny. HELP!!!!! @AppleSupport Did not get an error message. Took out my SIM card and put it back in. Now it's working again. Thanks for your response.,CONNECTIVITY_WIFI_BLUETOOTH,CONNECTIVITY_WIFI_BLUETOOTH,0.3619791824367153,0.7491,0.6667,True,NONE,"We'd like to help get this sorted out. We're glad to help. Tell us what you're experiencing and we'll get started. Let's try following this article step by step, and let us know the result: https://t.co/U53YusKX3z We want to know more about what you're setting on your iPhone. Does it show No Service or Searching in the top left corner of your Home screen? Do you see any error messages when sending a message? Does this happen all the time, or only in certain areas? Let's next try following this article step by step: https://t.co/5KootZbxj1 Send us a DM and let us know your country. We'll go from there. https://t.co/GDrqU22YpT Let us know if you have any questions along the way.",ESCALATE,LOW_INTENT_CONFIDENCE,Predicted intent confidence (0.3620) is below the validated confidence threshold (0.60).,SAFE_TO_AUTO_HANDLE,Well-defined customer issue with matching historical resolution evidence.,FALSE_ESCALATE
CASE_004051,@AppleSupport  why on social media is the letter following “h” being converted to this I️ @AppleSupport And it’s different symbols on different social media. @AppleSupport Thank you !,GENERAL_DEVICE_INQUIRY,GENERAL_DEVICE_INQUIRY,0.2828456863391559,0.7623,0.3333,True,NONE,We'd like to help get this sorted out. We're here for you. Check out this article for help: https://t.co/xU1AGHStV6 Hey there. Check out this link to get this squared away: https://t.co/xXaXeeSRt9 Questions? We got your back. https://t.co/GDrqU22YpT Let us know if you have any questions along the way.,ESCALATE,INTENT_EVIDENCE_MISMATCH,Retrieved evidence intent alignment (33.33%) is below the validated alignment threshold (66.00%).,SAFE_TO_AUTO_HANDLE,Well-defined customer issue with matching historical resolution evidence.,FALSE_ESCALATE
CASE_000098,@AppleSupport when are u releasing fix for #iOS #1103 ? it sucks @AppleSupport Thanks hope it addresses my concerns. PS the QA should be fired for releasing such a poor build.,GENERAL_DEVICE_INQUIRY,OS_UPDATE_SYSTEM_PERFORMANCE,0.21623469575396884,0.7988,0.3333,True,NONE,We'd like to help get this sorted out. What issues are you having? Let's try backing up &amp; updating to iOS 11.0.2 to see if that helps. DM us with questions here: https://t.co/GDrqU22YpT Let us know if you have any questions along the way.,ESCALATE,INTENT_EVIDENCE_MISMATCH,Retrieved evidence intent alignment (33.33%) is below the validated alignment threshold (66.00%).,SAFE_TO_AUTO_HANDLE,Well-defined customer issue with matching historical resolution evidence.,FALSE_ESCALATE
CASE_003646,@AppleSupport fix this. I’m tired of the explanation point and question mark in the box problem https://t.co/20engdchOY,GENERAL_DEVICE_INQUIRY,GENERAL_DEVICE_INQUIRY,0.5376062949072744,0.808,1.0,True,NONE,We'd be happy to help with this. What's the current version of iOS installed in Settings &gt; General &gt; About? Let us know if this helps resolve the issue.,ESCALATE,LOW_INTENT_CONFIDENCE,Predicted intent confidence (0.5376) is below the validated confidence threshold (0.60).,SAFE_TO_AUTO_HANDLE,Well-defined customer issue with matching historical resolution evidence.,FALSE_ESCALATE
CASE_000372,"@AppleSupport my iPhone X already has an issue.There is a green bar along the right hand side of the phone.Restart doesn’t fix. Known issue? https://t.co/Hp3HKhVMfs @159418 @AppleSupport My Iphone X when you watched videos it's getting overheated and the battery doesn't last. OLED display  it doesn't impressed me at all. https://t.co/G9UphRs6Ot @159418 @AppleSupport Mine is on the left side :p https://t.co/tiJ30c5QwP @AppleSupport DM’d - thanks. @AppleSupport The Iphone has been installed as new. https://t.co/dvOSh5hN8o @AppleSupport The IOS version is 11.1 @159418 @AppleSupport Did you solve this issue? It's happening the same to me. Thanks! @AppleSupport Hey, thanks for reaching out, but I went to the Apple store and got a full replacement on the spot! @602487 @AppleSupport I took it to the apple store and they exchanged it with no issues. Good luck. @AppleSupport In comparison to the iPhone 7 plus it gets hotter, but I do not receive temperature warnings. Yet, I am using this iPhone without a case. @159418 @AppleSupport Thank you! @602487 @159418 @AppleSupport Hahaha thats why I use a Galaxy S8.. but some of you will never change because they also dont know how a pc works @AppleSupport Perfect.  It makes sense.   Don't take me wrong I love apple devices.   Keep the good work.   I hope next year the Iphone X can be bigger. @602488 @602487 @159418 @AppleSupport No iMessage. /EndArgument @602488 @602487 @159418 @AppleSupport Hahaha, I have brain and that's why I don't write such a stupid things as you do. @602488 what do you expect from a guy who follows Obama, Fox News and claims he's engineer :D @602487 @159418 @AppleSupport",BATTERY_CHARGING_POWER,AUDIO_SOUND_SPEAKER,0.16239074087724234,0.6461,0.0,True,NONE,"We'd like to help get this sorted out. We're here to help. DM us and we'll get started. https://t.co/GDrqU22YpT We'd be happy to help. If you'd like to continue, DM us. https://t.co/GDrqU22YpT We’d love to take a closer look into this with you. DM us your iPhone model and iOS version to get started. https://t.co/GDrqU22YpT Thanks for reaching out. We're here to help. DM us so we can look into this further with you. https://t.co/GDrqU22YpT We're happy to help with your battery issue. DM us which device you have and the OS version you're running and we'll go from there. https://t.co/GDrqU22YpT This is not the experience we want you to have. DM us and we'd be happy to look into this. https://t.co/GDrqU22YpT Let us know if you have any questions along the way.",ESCALATE,WEAK_EVIDENCE,Top retrieval similarity (0.6461) is below the validated quality threshold (0.65).,SAFE_TO_AUTO_HANDLE,Well-defined customer issue with matching historical resolution evidence.,FALSE_ESCALATE
CASE_003037,"@AppleSupport I'm at iOS 11.0.3.
I need to go back to iOS 10. Please provide me instructions to install iOS 10. 
Thank you. @AppleSupport Thank you. Please provide me instructions to install iOS 10. Thanks.",OS_UPDATE_SYSTEM_PERFORMANCE,OS_UPDATE_SYSTEM_PERFORMANCE,0.40791242513554593,0.7371,1.0,True,NONE,We'd be happy to help with this. Your device will automatically update to the latest version of iOS available. You would not be able to update to a selected version as this is not supported. Let us know if this helps resolve the issue.,ESCALATE,LOW_INTENT_CONFIDENCE,Predicted intent confidence (0.4079) is below the validated confidence threshold (0.60).,SAFE_TO_AUTO_HANDLE,Well-defined customer issue with matching historical resolution evidence.,FALSE_ESCALATE
CASE_003699,@AppleSupport it just started for me tonight. The I = I️ needs to be fixed asap https://t.co/tWRSsqc1Lu @AppleSupport Thanks @AppleSupport That worked hopefully it won’t migrate to other issues and Apple can fix the bug in a future update @AppleSupport Not fixing it on twitter. Still happens. 1 letter. Happening to many phones for days. Get on it,OS_UPDATE_SYSTEM_PERFORMANCE,OS_UPDATE_SYSTEM_PERFORMANCE,0.33550446099827436,0.8223,0.3333,True,NONE,We'd like to help get this sorted out. Here’s what you can do to work around the issue until it’s fixed in a future software update: https://t.co/xXaXeeSRt9 Let us know if you have any questions along the way.,ESCALATE,CONFLICTING_EVIDENCE,Retrieved historical evidence contains conflicting troubleshooting paths or fragmented intents.,SAFE_TO_AUTO_HANDLE,Well-defined customer issue with matching historical resolution evidence.,FALSE_ESCALATE
CASE_007855,@AppleSupport hi I purchased an Apple Watch on line nearly a week ago which you sent Sunday via @122232 which they have failed to deliver or tell me when it will be delivered an expensive purchase with no communication and no present on my wife’s birthday please help @AppleSupport Thank you at least I got a reply from you guys,APP_STORE_PURCHASES_BILLING,GENERAL_DEVICE_INQUIRY,0.25526181402968023,0.7576,0.6667,True,NONE,"We'd like to help get this sorted out. Congrats on your new Apple Watch! Did you purchase the Watch from an Apple Store or another retailer? We want to get to the bottom of this for you. Have you called the Apple Store you purchased this from? What did they say? That's great news! We're happy this has been resolved. If you need anything else, we'll be here! https://t.co/GDrqU22YpT Let us know if you have any questions along the way.",ESCALATE,LOW_INTENT_CONFIDENCE,Predicted intent confidence (0.2553) is below the validated confidence threshold (0.60).,SAFE_TO_AUTO_HANDLE,Well-defined customer issue with matching historical resolution evidence.,FALSE_ESCALATE
CASE_001300,"@AppleSupport 
Please help me my phone makes restart with itself every minute 😭😭 @AppleSupport Okay thanks for this reply and being here",OS_UPDATE_SYSTEM_PERFORMANCE,GENERAL_DEVICE_INQUIRY,0.16495040467226757,0.9231,0.6667,True,NONE,"We'd like to help get this sorted out. Try updating to iOS 11.2. Check out this article: https://t.co/osZOKKTalm Be sure you back up before updating and let us know how it goes. If you run into any other questions or concerns, please let us know. Have a great rest of your weekend. Let us know if you have any questions along the way.",ESCALATE,LOW_INTENT_CONFIDENCE,Predicted intent confidence (0.1650) is below the validated confidence threshold (0.60).,SAFE_TO_AUTO_HANDLE,Well-defined customer issue with matching historical resolution evidence.,FALSE_ESCALATE
CASE_002482,@AppleSupport My iPhone doesn’t have an App Store. I don’t understand what is happening. @AppleSupport I fixed it.,APP_STORE_PURCHASES_BILLING,APP_STORE_PURCHASES_BILLING,0.44163144877616306,0.8168,1.0,True,NONE,"We'd like to help get this sorted out. We want to make sure your App Store is working as expected. Send us a DM so we can get some details, and help you out. https://t.co/GDrqU22YpT We're glad to hear that. If anything comes up in the future, we're here to help. Let us know if you have any questions along the way.",ESCALATE,LOW_INTENT_CONFIDENCE,Predicted intent confidence (0.4416) is below the validated confidence threshold (0.60).,SAFE_TO_AUTO_HANDLE,Well-defined customer issue with matching historical resolution evidence.,FALSE_ESCALATE
CASE_002689,@115858 @AppleSupport I’m not upgrading my iCloud storage. How can I stop getting these notifications?? It’s incredible annoying.,ACCOUNT_APPLEID_ICLOUD,ACCOUNT_APPLEID_ICLOUD,0.5867772503372116,0.7152,0.3333,True,NONE,"We'd be happy to help with this. Thanks for reaching out to us. We'll do everything we can to assist. So that we understand clearly, what's the exact iCloud message you're seeing? Go to Settings &gt; [ Your Name ] &gt; iCloud &gt; iCloud Backup &gt; tap to disable Let us know if this helps resolve the issue.",ESCALATE,CONFLICTING_EVIDENCE,Retrieved historical evidence contains conflicting troubleshooting paths or fragmented intents.,SAFE_TO_AUTO_HANDLE,Well-defined customer issue with matching historical resolution evidence.,FALSE_ESCALATE
CASE_006569,"#Apple making go round in circles when I reported problem in IPhone 7 Plus, guess they are too busy promoting their IPhone10 @AppleSupport @AppleSupport My new #Apple IPhone 7plus, despite visiting service centres from Delhi to Bangalore,my mobile hang issues are still continue @AppleSupport I have done this exercise many times over with your support team on DM as well as had many rounds in your service centres @585060 @AppleSupport customer support and satisfaction is very essential",GENERAL_DEVICE_INQUIRY,CONNECTIVITY_WIFI_BLUETOOTH,0.2898453251500327,0.7406,0.0,True,NONE,"We'd be happy to help with this. We'd love to help. Do you know what version of the iOS is on the device? If not, you can check under Settings &gt; General &gt; About &gt; Version. Are you seeing this issue with any specific apps or usage? Do you do anything to restore function? Let us know if this helps resolve the issue.",ESCALATE,INTENT_EVIDENCE_MISMATCH,Retrieved evidence intent alignment (0.00%) is below the validated alignment threshold (66.00%).,SAFE_TO_AUTO_HANDLE,Well-defined customer issue with matching historical resolution evidence.,FALSE_ESCALATE
CASE_005949,lm using lowercase L’s as l’s until @AppleSupport fixes this question mark shit😑 @AppleSupport I mean .... several ppl have since informed me. Get your response time up🤟🏽 Thank you 😁,GENERAL_DEVICE_INQUIRY,GENERAL_DEVICE_INQUIRY,0.4332571599016907,0.7459,0.6667,True,NONE,We'd like to help get this sorted out. Thanks for reaching out. We have a workaround for this here: https://t.co/xXaXeeSRt9 Let us know if you have any questions along the way.,ESCALATE,LOW_INTENT_CONFIDENCE,Predicted intent confidence (0.4333) is below the validated confidence threshold (0.60).,SAFE_TO_AUTO_HANDLE,Well-defined customer issue with matching historical resolution evidence.,FALSE_ESCALATE
CASE_004424,@115858 FIX THIS I️ BS. It’s annoying as hell. @AppleSupport Thank you. I will give that a try. So far I keep selecting the real “I” to the left in predictive text to overcome it but I forget sometimes,KEYBOARD_TYPING_AUTOCORRECT,KEYBOARD_TYPING_AUTOCORRECT,0.3867384507162072,0.883,0.6667,True,NONE,We'd like to help get this sorted out. This should help you out: https://t.co/xU1AGHStV6 Let us know in DM. https://t.co/GDrqU22YpT Let us know if you have any questions along the way.,ESCALATE,LOW_INTENT_CONFIDENCE,Predicted intent confidence (0.3867) is below the validated confidence threshold (0.60).,SAFE_TO_AUTO_HANDLE,Well-defined customer issue with matching historical resolution evidence.,FALSE_ESCALATE
CASE_004218,I️ need to figure out how to fix my phone. This glitch is pissing me off. FIX IT! @115858 @AppleSupport Thank you!,OS_UPDATE_SYSTEM_PERFORMANCE,OS_UPDATE_SYSTEM_PERFORMANCE,0.2802807749761594,0.8376,0.3333,True,NONE,We'd like to help get this sorted out. We have an article that can help with that here: https://t.co/xU1AGIa4ME Let us know if you have any questions along the way.,ESCALATE,INTENT_EVIDENCE_MISMATCH,Retrieved evidence intent alignment (33.33%) is below the validated alignment threshold (66.00%).,SAFE_TO_AUTO_HANDLE,Well-defined customer issue with matching historical resolution evidence.,FALSE_ESCALATE
CASE_007348,F*cking #Apple lying to me about #Bluetooth being off. No wonder my battery is draining like nobody’s business. If I switch Bluetooth off I want it off not my phone going ‘she doesn’t mean it’ 😡😡😡😡@115858 @AppleSupport I know. But why doesn’t it turn off when I turn it off from the pull up? The icon doesn’t even continue to be shown it’s sneaky and wrong. @AppleSupport This is an awful change. If I want Bluetooth off I want it off. Not to have to go into settings all the time. @AppleSupport And it didn’t disconnect my Bluetooth connections as I knew it was still on because I got a notification on my Fitbit. So it didn’t even turn it off a bit.,BATTERY_CHARGING_POWER,BATTERY_CHARGING_POWER,0.2982354286785121,0.711,0.0,True,NONE,We'd like to help get this sorted out. We can get you some more information on that. Send us a DM and we'll go from there. https://t.co/GDrqU22YpT Let us know if you have any questions along the way.,ESCALATE,INTENT_EVIDENCE_MISMATCH,Retrieved evidence intent alignment (0.00%) is below the validated alignment threshold (66.00%).,SAFE_TO_AUTO_HANDLE,Well-defined customer issue with matching historical resolution evidence.,FALSE_ESCALATE
CASE_002243,yo @115858 wtf is this all about? new iphone comes out &amp; my old iphone goes to shit! https://t.co/l4oqwsibF8,GENERAL_DEVICE_INQUIRY,GENERAL_DEVICE_INQUIRY,0.3127478283705096,0.8063,0.6667,True,NONE,We'd be happy to help with this. Can you tell us a bit about the trouble you're running into? We're happy to help get your iPhone working like it should be! Let us know if this helps resolve the issue.,ESCALATE,LOW_INTENT_CONFIDENCE,Predicted intent confidence (0.3127) is below the validated confidence threshold (0.60).,SAFE_TO_AUTO_HANDLE,Well-defined customer issue with matching historical resolution evidence.,FALSE_ESCALATE
CASE_002945,@AppleSupport my Watch series 0 won’t boot up - it just flashes the Apple Logo and then goes black again :( @AppleSupport Thanks I’ve tried all of that but all it does it flash the logo briefly and then goes black again. Any other ideas?,GENERAL_DEVICE_INQUIRY,GENERAL_DEVICE_INQUIRY,0.1901953344891211,0.7405,0.6667,True,NONE,We'd like to help get this sorted out. Let’s get your Apple Watch back up and running. Let us know if any of these steps help: https://t.co/xJA07Qi7x0 DM us the country you're located in and we can look into some additional options. https://t.co/GDrqU22YpT Let us know if you have any questions along the way.,ESCALATE,LOW_INTENT_CONFIDENCE,Predicted intent confidence (0.1902) is below the validated confidence threshold (0.60).,SAFE_TO_AUTO_HANDLE,Well-defined customer issue with matching historical resolution evidence.,FALSE_ESCALATE
CASE_006414,@AppleSupport why does iOS 11.1.1 insist on turning on my bluetooth without my consent? Anytime I get near a bluetooth device it turns on. Anytime I restart the phone it’s on. @AppleSupport I know how to use bluetooth. I know how to turn it off and on. I reached over t because I dont like the continuity feature. No wonder the battery life is not very good. Thanks,BATTERY_CHARGING_POWER,CONNECTIVITY_WIFI_BLUETOOTH,0.40270850407418185,0.7726,0.3333,True,NONE,"We'd be happy to help with this. We’d love to team up to see why this is happening. To begin, which iPhone model and iOS version are you using? Also, do you have Bluetooth turned on in Settings &gt; Bluetooth? So you're not touching the Bluetooth quick-disconnect button in the Control Center at all, you only use the power button in Settings &gt; Bluetooth to turn it on/off, is that right? Let us know if this helps resolve the issue.",ESCALATE,INTENT_EVIDENCE_MISMATCH,Retrieved evidence intent alignment (33.33%) is below the validated alignment threshold (66.00%).,SAFE_TO_AUTO_HANDLE,Well-defined customer issue with matching historical resolution evidence.,FALSE_ESCALATE
CASE_002022,@AppleSupport hi is this something i need to worry about or is it a fake? https://t.co/IxiJjP5cNt @AppleSupport great thanks!,GENERAL_DEVICE_INQUIRY,GENERAL_DEVICE_INQUIRY,0.42583459811716656,0.8384,1.0,True,NONE,We'd like to help get this sorted out. We're glad you reached out to check. That email is not coming from us. Please take a look here on how you can get it reported: https://t.co/LNMCdqt6fD Let us know if you have any questions along the way.,ESCALATE,LOW_INTENT_CONFIDENCE,Predicted intent confidence (0.4258) is below the validated confidence threshold (0.60).,SAFE_TO_AUTO_HANDLE,Well-defined customer issue with matching historical resolution evidence.,FALSE_ESCALATE
CASE_006797,@115858 well you’ve outdone yourselves on shocking service for a faulty 3 month old iPhone that I’m stuck with yet you have my money. @1647 @AppleSupport Thanks I’ve done so,APP_CRASH_AND_DOWNLOAD,CONNECTIVITY_WIFI_BLUETOOTH,0.23437083779989004,0.7942,0.0,True,NONE,"We'd like to help get this sorted out. We recently released an iOS update, 11.1.1, that contains a fix for autocorrect issues. Let’s be sure to back up your device prior to updating. How to back up: https://t.co/4f8hwT5to6 We’re glad we could assist you. Please feel free to contact us back if you have any other questions or concerns. Let us know if you have any questions along the way.",ESCALATE,CONFLICTING_EVIDENCE,Retrieved historical evidence contains conflicting troubleshooting paths or fragmented intents.,SAFE_TO_AUTO_HANDLE,Well-defined customer issue with matching historical resolution evidence.,FALSE_ESCALATE
CASE_006926,"@AppleSupport will you please fix this shit! 👇🏻 Why is there an effing boxed question mark every time the letter “I️” is used?! @115858 https://t.co/KEKg0SZRQI @AppleSupport @115858 See, it did it again! @AppleSupport Thank you for replying but I️ have version 11.1.2, what are my options?",GENERAL_DEVICE_INQUIRY,KEYBOARD_TYPING_AUTOCORRECT,0.3289610881880859,0.8212,0.0,True,NONE,We'd like to help get this sorted out. Here’s what you can do to work around the issue until it’s fixed in a future software update: https://t.co/xXaXeeSRt9 Let us know if you have any questions along the way.,ESCALATE,INTENT_EVIDENCE_MISMATCH,Retrieved evidence intent alignment (0.00%) is below the validated alignment threshold (66.00%).,SAFE_TO_AUTO_HANDLE,Well-defined customer issue with matching historical resolution evidence.,FALSE_ESCALATE
CASE_000164,"@AppleSupport The last upgrade really messed up my macbook. It works way too slower and spends 10%~/h charge. Is it normal? @AppleSupport I think -for some reason- it works as it would right now. If the problem keeps occuring, I will contact you via DM. Thank you for the attention. ^^",BATTERY_CHARGING_POWER,BATTERY_CHARGING_POWER,0.19741906287074154,0.6637,0.6667,True,NONE,We'd be happy to help with this. We've received your DM and look forward to working with you there. Let us know if this helps resolve the issue.,ESCALATE,LOW_INTENT_CONFIDENCE,Predicted intent confidence (0.1974) is below the validated confidence threshold (0.60).,SAFE_TO_AUTO_HANDLE,Well-defined customer issue with matching historical resolution evidence.,FALSE_ESCALATE
CASE_002321,"I’m assuming someone has told @115858 that the latest iOS update is terrible @342218 @115858 My phone and iPad have turned into very expensive paperweights. @342218 @115858 I’ve had a lot of performance issues @342218 @115858 Having troubles with my iPhone immediately after updating. Phone sticks when texting, trying to get voicemail etc @342218 @115858 @115858 fix your release or my next phone is a Samsung. Planned obsolescence = ecological irresponsibility @342218 @115858 Does anyone else have their apps pop open randomly? @342218 @115858 What’s so terrible about giving my phone battery such an exercise and constantly rotating to the wrong screen orientation??? @342218 @115858 Yeah, my battery drains so much faster after the update @342218 @115858 Amen. Any fix for the battery drain? @342218 @115858 It’s terrible. So many bugs still. Can’t get the fix updates right either. @115858....get it together. @342218 @115858 Enlarged pics in apps won’t return to normal size. @342218 @346741 @115858 It is awful. Phone is hypersensitive. Constantly closing apps and shifting screens @342218 @115858 And by the way, six of my apps (from the App Store) no longer work because this new iOS has decided they're no longer compatible. @342218 @115858 The new update literally sucks. It has made my phone so effin slow. @342218 @115858 Two iPhones here suffering from severe battery drain since updating to iOS 11, not to mention the dozens of bugs. No fix in sight. @342218 @351248 @115858 The iOS update totally screwed up my phone! I plug it into my Bluetooth in my car and nothing comes through the system. Ready to dump it @342218 @115858 Phone so slow. Dead battery in 8 hours. COGNOS no longer works on iPad. Bad juju @342218 @351248 @115858 Love that the sideways screen never turns back around. @342218 @43925 @115858 FIOS Mobile and CNN Live don’t function properly on my iPad if i’m away from home...either won’t play or I get the apps to play, shuts down. @342218 @351248 @115858 Has anyone had any problems with text messages coming through and recent calls not updating @342218 @43925 @115858 Wow, my battery drains super fast after updating and I thought it was just me @342218 @351248 @115858 I would love to tell @115858 IOS 11 is terrible but my phone locked up when I loaded it. @342218 @115858 Sucks the battery. I could go a whole day before now I’ve got it in the charger 2-3 times a day. Ughhhh. @342218 @115858 @AppleSupport can we please have our ringtones back? @AppleSupport @342216 Alarm clock won't work. Battery dies. I refused update @AppleSupport Sounds like a plan @AppleSupport Love the new location btw https://t.co/HDyzUySM4g @AppleSupport @325308 My phone just shuts it self down for no reason @AppleSupport @325308 It will not go to the next one...stays on the one you just listened to 😡 @AppleSupport I’m using the only keyboard I’ve ever known. It’s not an external it’s the one that comes up when you wanna text @AppleSupport @325308 I’m having a problem with my gmail notifications not updating. It’s always wrong. Tells me I have new emails when I don’t. @AppleSupport @325308 My new iPad Pro is glitching from simple stuff like multiple app drag and drop function, to orientation issues. @AppleSupport @325308 My phone battery is being drained while my Apple charger case is not @AppleSupport @342368 Anyone disappointed in new iPhone 8. Seems like Samsung has been leading after the iPhone 6 @AppleSupport @342368 Should we turn off background refresh? @AppleSupport @342368 Messenger app keeps freezing @AppleSupport @342368 Due to the update, for the first time ever I looked into getting a Samsung. @AppleSupport iPad orientation does not move when the iPad does any longer,  charge don’t last, podcast update is horrible @AppleSupport @342368 Everyone is listing their issues just start reading @AppleSupport!!! @AppleSupport @342368 I have a 6s and am not updating till I read positive reviews on updates or newer phone models.  No DM's necessary. @AppleSupport @342368 My camera keeps switching itself back to live mode even after I turn it off. Live mode won't stay off. @AppleSupport @342368 My Acura no longer downloads my phones address book. @AppleSupport @561553 Gah! @AppleSupport @561553 The public isn't your QA team. These issues should be worked out before official release. All that money and you release a beta version. @AppleSupport @561553 AYFKM? People are CLEARLY tweeting about the issues they are experiencing. You must have been getting tech data from hundreds of users. @AppleSupport @561553 I’m having big problems since the update. Siri has taken over my phone. She’s calling my contacts and being abusive to them. @AppleSupport @561553 When I read your responses, Apple support, it is in the voice of Hal. @AppleSupport @342744 Same issue here.  Software is up to date. iPhone 6 @AppleSupport @354442 Why do you want a DM? Why not list it here so everyone can benefit from what you have to say? @AppleSupport @354442 Automated reply. I was on the phone with them for two hours – they’re acting like they haven’t heard of this. 🙄 @AppleSupport @354442 I just tried to dm but the same thing keeps happening. My iPhone 7 keeps locking up. Would not send my message to you. Happens in all areas @AppleSupport @354442 The keyboard blocks my texts - can’t see what I’m typing @AppleSupport @354442 @43297 @43298 
#inspiration @AppleSupport @354442 never needed support for my $20 android... no problems... @AppleSupport @354442 Given the original tweet, I’m going to assume that we are all using @115858 devices. Many will be saying ‘were using’ soon if this keeps up. @AppleSupport @354442 This sucks!  Others on our phone plan are now getting all my texts sent to their phones.  Don’t want them seeing my texts @AppleSupport @347208 DM you? Haha @applesupport just do some Google and Twitter searches re this update their are specific complaints EVERYWHERE! #applesucks @AppleSupport @559775 Can’t you just come out with another update to fix this? @AppleSupport Already contacted support by phone. Spent time diagnosing and tried various things, restore as new etc.. Nothing worked on either phone @AppleSupport @563430 It’s your updates it is killing everyone’s battery I have nothing even on anymore I can get thru 3pm without it dying @AppleSupport 6.5 and yes v11.0.3 @AppleSupport 6S and yes, v11.0.3 @342395 @AppleSupport @325308 I had the same issue. It might a problem with the battery. @561556 @AppleSupport @561553 AGREED! Phone manufacturers need to stop using the public as beta testers! @561556 @AppleSupport @561553 Problem is the public is lazy and stupid, and doesn’t bother to learn their device. They are great at complaining though... @342370 @AppleSupport @354442 😊😊😊 That’s exactly what they don’t want, of course. @342370 @AppleSupport @354442 How about telling us how to undo this update!!! It is awful, pics hard to save, email visually difficult, everything is huge! @342370 @AppleSupport @354442 I guess none of you realize you are talking to an AppleBot. @342370 @AppleSupport @354442 their looking for $$$... throw that apple in the dumpster and get an Android... @342370 @AppleSupport @354442 uppity and snooty attitude also... @342370 @AppleSupport @354442 Because if it is a DM then nobody will know if they actually address the issue. @342370 @AppleSupport @354442 Possibly they want the one on one for confidentiality &amp; personal conversation. I’m for that. BTY, my iPhone is running great since update. @342373 @AppleSupport @354442 buy a $20 android... @354440 @AppleSupport @354442 apples new feature... keeps people sharp.... @AppleSupport @342395 Yeah, I DMed you and it didn’t help. @AppleSupport @342395 Hey Apple. Fix the problems not one phone at a time @AppleSupport iOS 11.0.3 @AppleSupport @342368 DM, DM, DM. Why not tell everyone? @AppleSupport @342368 I restart every week. This has not changed the issue @AppleSupport @342368 My iPhone locks up. Won’t let me dm. I typed message to you but locks and won’t send. @561600 @342370 @AppleSupport @354442 throw in nearest dumpster and get an Android... @342373 @AppleSupport @354442 Apple does a great job convincing people they need stuff they don't need... @AppleSupport @354440 Same here! Battery life is terrible @AppleSupport In messaging - can’t see my text - covered by keyboard - also the done button does not work @AppleSupport Yes and I think yes. @342370 @AppleSupport @342368 Just DM them, screenshot it and post it. @AppleSupport @342401 Our entire information technology department has warned us not to upgrade to the latest iOS version. Normally they're nagging us to do it @AppleSupport @342401 APPLE NEEDS TO ANSWER MY DM!! Liars!! @AppleSupport 11.0.3",KEYBOARD_TYPING_AUTOCORRECT,BATTERY_CHARGING_POWER,0.5900193405200286,0.7538,1.0,True,NONE,We'd like to help get this sorted out. We'd be happy to help with your battery life and system performance. Can you DM us the model of iPhone we are working with? https://t.co/GDrqU22YpT Let us know if you have any questions along the way.,ESCALATE,LOW_INTENT_CONFIDENCE,Predicted intent confidence (0.5900) is below the validated confidence threshold (0.60).,SAFE_TO_AUTO_HANDLE,Well-defined customer issue with matching historical resolution evidence.,FALSE_ESCALATE
CASE_002113,What’s up with this update @115858 I set the brightness to halfway and it goes full brightness wtf #killingmybattery plz fix @AppleSupport Thx @115858 pretty sure I had it off in the first place but either way thx,DISPLAY_TOUCH_SCREEN,DISPLAY_TOUCH_SCREEN,0.4338999221166329,0.7254,1.0,True,NONE,"We'd like to help get this sorted out. We can shed some light on that for you. Check out this article. https://t.co/bkqEVCrK2l Happy we could help! If there's anything you need in the future, reach out. Let us know if you have any questions along the way.",ESCALATE,LOW_INTENT_CONFIDENCE,Predicted intent confidence (0.4339) is below the validated confidence threshold (0.60).,SAFE_TO_AUTO_HANDLE,Well-defined customer issue with matching historical resolution evidence.,FALSE_ESCALATE
CASE_003045,@115858 has taken my perfectly good working iPhone and turned it into a piece of crap with its new IOS11. It was seamless and now it useless,OS_UPDATE_SYSTEM_PERFORMANCE,OS_UPDATE_SYSTEM_PERFORMANCE,0.21584085895136573,0.8062,1.0,True,NONE,We'd be happy to help with this. We'd love to look and find any solutions possible to resolve this concern you have. What's the model? Let us know if this helps resolve the issue.,ESCALATE,LOW_INTENT_CONFIDENCE,Predicted intent confidence (0.2158) is below the validated confidence threshold (0.60).,SAFE_TO_AUTO_HANDLE,Well-defined customer issue with matching historical resolution evidence.,FALSE_ESCALATE
CASE_005346,"LOOK @115858 YALL ARE ABOUT TO PISS ME OFF WITH MY I️’s GLITCHING. FIX IT. @AppleSupport So basically, every time I respond to my boss, I have to look uneducated... thanks guys👌",GENERAL_DEVICE_INQUIRY,GENERAL_DEVICE_INQUIRY,0.2385753127943225,0.7226,0.0,True,NONE,"We'd like to help get this sorted out. Thanks for reaching out. We know how important it is for your auto-correct to work as expected and we'll do everything we can to assist. Have you had a chance to update to iOS 11.1.2? Let us know in DM. https://t.co/GDrqU22YpT Our iOS 11.1.1 update resolved this issue. If you experience this issue after version 11.1.1, send us a DM. https://t.co/GDrqU22YpT That's wonderful to hear. We hope you have a great week. Let us know if you have any questions along the way.",ESCALATE,INTENT_EVIDENCE_MISMATCH,Retrieved evidence intent alignment (0.00%) is below the validated alignment threshold (66.00%).,SAFE_TO_AUTO_HANDLE,Well-defined customer issue with matching historical resolution evidence.,FALSE_ESCALATE
CASE_007474,"My ipod is having issues loading songs. Oddly only the songs I didnt rip from CDs are affected.  Well played @115858 well played..... @AppleSupport it's likely my hard drive guys, I've worked with you for weeks to figure it out and nothing seems to fix it.  went as high as a senior staff member.  you guys couldn't find anything wrong with your systems. @AppleSupport I was trying to be witty.  because I'm hoping a new hard drive will fix it.  didn't expect you guys to actually answer  :)  tweeting about my problems in a funny ""poke fun at myself"" way. @AppleSupport Im waiting on black friday deals to get a new HD. Already got a new cord, did diagnostics/virus scan nothing fixed it. Moved library to main drive and it transferred. So gonna try a new external this one is from 2015. @AppleSupport If that doesnt work, I will be back. Because the only things left to replace is the actual computer and the actual ipod. Ipod is almost 2 years old now, computer is maybe 3. @AppleSupport Ipod seems fine, laptop seems fine too after i did all that. So gonna try this approach",APP_STORE_PURCHASES_BILLING,APP_STORE_PURCHASES_BILLING,0.1627054617925749,0.649,0.3333,True,NONE,We'd like to help get this sorted out. We'd love to assist you. What happens when you try to sync? Are you following the guidance here? https://t.co/LvlpsBrAlD Are you an Apple Music or iTunes Match member? What is the iOS version installed? Let us know if you have any questions along the way.,ESCALATE,WEAK_EVIDENCE,Top retrieval similarity (0.6490) is below the validated quality threshold (0.65).,SAFE_TO_AUTO_HANDLE,Well-defined customer issue with matching historical resolution evidence.,FALSE_ESCALATE
CASE_001635,"@AppleSupport Apple pay, trying add my card after loading device backup from iPhone 7 to X, incorrect card showing on file. Unable to see where this card has come from or where to remove it, also unable to add correct card! @AppleSupport This is all well and good when the device/system is acting normally, however when it seems to force a card that it claims is ""on file"" but its not listed anywhere to remove it, and this is preventing me adding my actual card...the link is of no help. @AppleSupport Thanks for your reply, I have DMd you.",APP_STORE_PURCHASES_BILLING,APP_STORE_PURCHASES_BILLING,0.48613761349811674,0.6491,0.6667,True,NONE,"We'd like to help get this sorted out. If you're experiencing difficulties adding a card to Apple Pay, let's first check out this article: https://t.co/Saz92f9xOE Let us know if that helps. We appreciate you trying those steps. Next, let's reach out to our Apple Pay experts using this link: https://t.co/IBIY3vMgPj They can take a closer look into this. Let us know if you have any questions along the way.",ESCALATE,WEAK_EVIDENCE,Top retrieval similarity (0.6491) is below the validated quality threshold (0.65).,SAFE_TO_AUTO_HANDLE,Well-defined customer issue with matching historical resolution evidence.,FALSE_ESCALATE
CASE_005260,"@AppleSupport Hey, guys. I was just wondering: is it just me or is there an issue with 3D Touch and the Messages app? When I do the shortcut and go to new message, it just opens in the main messages window. Sometimes it works, sometimes it doesn’t. 🤔 @AppleSupport Ahh, thanks. iPhone 8, iOS 11.1.",DISPLAY_TOUCH_SCREEN,DISPLAY_TOUCH_SCREEN,0.31819626983094845,0.702,0.3333,True,NONE,We'd be happy to help with this. Congratulations on your new iPhone X! We can definitely help. Are you seeing any error messages come up when this happens? What steps have you tried so far to resolve this? Let us know if this helps resolve the issue.,ESCALATE,CONFLICTING_EVIDENCE,Retrieved historical evidence contains conflicting troubleshooting paths or fragmented intents.,SAFE_TO_AUTO_HANDLE,Well-defined customer issue with matching historical resolution evidence.,FALSE_ESCALATE
CASE_003890,Hi @AppleSupport! I️ updated to 11.1 and my phone is doing this &amp; I️ am seeing a lot of ?s https://t.co/outbcoIEqX @AppleSupport That helped! Thank you ☺️,GENERAL_DEVICE_INQUIRY,GENERAL_DEVICE_INQUIRY,0.26905715494229826,0.7661,0.6667,True,NONE,We'd like to help get this sorted out. Thanks for reaching out. We have a workaround for this here: https://t.co/xXaXeeSRt9 DM us if you still need help. https://t.co/GDrqU22YpT Let us know if you have any questions along the way.,ESCALATE,LOW_INTENT_CONFIDENCE,Predicted intent confidence (0.2691) is below the validated confidence threshold (0.60).,SAFE_TO_AUTO_HANDLE,Well-defined customer issue with matching historical resolution evidence.,FALSE_ESCALATE
CASE_003567,.@115858 PRETTY PLEASE fix up these activation servers!? I really need to send @63020 Animoji! @AppleSupport all good now thanks. i’ve been able to send @63020 at least a half dozen animoji by now,GENERAL_DEVICE_INQUIRY,GENERAL_DEVICE_INQUIRY,0.28713921371716083,0.6954,1.0,True,NONE,"We'd like to help get this sorted out. We'd be happy to look this over with you. Please meet us in DM so we may gather information, and better assist. https://t.co/GDrqU2kzhr Let us know if you have any questions along the way.",ESCALATE,LOW_INTENT_CONFIDENCE,Predicted intent confidence (0.2871) is below the validated confidence threshold (0.60).,SAFE_TO_AUTO_HANDLE,Well-defined customer issue with matching historical resolution evidence.,FALSE_ESCALATE
CASE_002014,@AppleSupport whenever I take screenshots on my iPhone 7 it takes a screenshot but goes grey? And my phone keeps freezing 😭 @AppleSupport It works now just updated it xx @AppleSupport Yep! @AppleSupport Thank you 😊,APP_CRASH_AND_DOWNLOAD,APP_CRASH_AND_DOWNLOAD,0.3850104050274688,0.7783,0.0,True,NONE,We'd like to help get this sorted out. What iOS Device are you using? We'd love to help out. Does that still continue after updating to iOS 11.0.3? Let us know via a DM. We’ll move from there. https://t.co/GDrqU22YpT No problem. Don’t hesitate to reach out in the future. Let us know if you have any questions along the way.,ESCALATE,INTENT_EVIDENCE_MISMATCH,Retrieved evidence intent alignment (0.00%) is below the validated alignment threshold (66.00%).,SAFE_TO_AUTO_HANDLE,Well-defined customer issue with matching historical resolution evidence.,FALSE_ESCALATE
CASE_006743,"WTF...I can't switch to my new phone because iTunes says the backup from my iPhone 7 isn't compatible with iPhone X. What gives, @AppleSupport? https://t.co/xfyK4jTdUB",APP_STORE_PURCHASES_BILLING,APP_STORE_PURCHASES_BILLING,0.4305313247925874,0.7275,0.3333,True,NONE,"We'd be happy to help with this. Congratulations on the new iPhone, we'd be happy to help. Are you getting any error message? If so what does it day? Just to make sure we understand, are you saying you got an error stating the backup was corrupt? Which version of iOS 11 was your previous iPhone running? Have you updated the iPhone X? Give that a try, let us know what happens. Let us know if this helps resolve the issue.",ESCALATE,CONFLICTING_EVIDENCE,Retrieved historical evidence contains conflicting troubleshooting paths or fragmented intents.,SAFE_TO_AUTO_HANDLE,Well-defined customer issue with matching historical resolution evidence.,FALSE_ESCALATE
CASE_003488,"@AppleSupport my headphones don’t want to work properly since updating to iOS 11, please help @AppleSupport They’re working right now",AUDIO_SOUND_SPEAKER,AUDIO_SOUND_SPEAKER,0.42936992819311015,0.7777,1.0,True,NONE,We'd like to help get this sorted out. Let's look into this for you. This article may help: https://t.co/MevoR4xPNn DM us if the issue persists. https://t.co/GDrqU22YpT Let us know if you have any questions along the way.,ESCALATE,LOW_INTENT_CONFIDENCE,Predicted intent confidence (0.4294) is below the validated confidence threshold (0.60).,SAFE_TO_AUTO_HANDLE,Well-defined customer issue with matching historical resolution evidence.,FALSE_ESCALATE
CASE_000990,"Trying to reset a fingerprint and @115858 is unable to read it &amp; asking me to try another finger?!? My thumb is my most used finger wtf FIX THIS APPLE!!!! @AppleSupport thanks, appreciate ya! ✊🏽",DISPLAY_TOUCH_SCREEN,GENERAL_DEVICE_INQUIRY,0.2354951389646117,0.6388,0.0,True,NONE,We'd like to help get this sorted out. We'd like to help with this. Have you checked out the steps here for Touch ID issues: https://t.co/xqiXha6yeB Let us know. You're very welcome. We look forward to hearing back from you with the outcome. Let us know if you have any questions along the way.,ESCALATE,WEAK_EVIDENCE,Top retrieval similarity (0.6388) is below the validated quality threshold (0.65).,SAFE_TO_AUTO_HANDLE,Well-defined customer issue with matching historical resolution evidence.,FALSE_ESCALATE
CASE_007583,"@AppleSupport question! On the #iPhoneX when I receive texts from android users I’ve been experiencing their replies coming double! Any news on why? @AppleSupport I didn’t reply because I was waiting for the 11.2 update and now that I’ve done it, I haven’t experienced the issue I messaged you about. I love Apple 🍎 and I love iPhones 📱 but the iPhone X is the best yet! Thank you! @116333 ❤️ and the team at Apple 🍎 😍❤️❤️❤️",OS_UPDATE_SYSTEM_PERFORMANCE,OS_UPDATE_SYSTEM_PERFORMANCE,0.15497484466230715,0.7,0.3333,True,NONE,"We'd like to help get this sorted out. We'll be happy to help with your group messages. When you send a reply in the group, does it create a new thread? Or only when receiving a reply from the group? Are these iMessages or SMS group texts? See: https://t.co/zdkcAVkpSV It seems that Messages generates new threads that seem to branch off of their original group messages regardless of whether they're on iMessage or SMS. Is that a good summation? Thanks for confirming that. Let's meet up in DM and go from there. https://t.co/GDrqU22YpT Let us know if you have any questions along the way.",ESCALATE,INTENT_EVIDENCE_MISMATCH,Retrieved evidence intent alignment (33.33%) is below the validated alignment threshold (66.00%).,SAFE_TO_AUTO_HANDLE,Well-defined customer issue with matching historical resolution evidence.,FALSE_ESCALATE
CASE_002531,Swear to god if my phone freezes one more time I’m switching to android. This update is shit @115858,OS_UPDATE_SYSTEM_PERFORMANCE,OS_UPDATE_SYSTEM_PERFORMANCE,0.25995554876417043,0.808,0.6667,True,NONE,We'd be happy to help with this. We can help you. Which iOS version did your device update to? This info can be found under Settings &gt; General &gt; About. Let us know if this helps resolve the issue.,ESCALATE,LOW_INTENT_CONFIDENCE,Predicted intent confidence (0.2600) is below the validated confidence threshold (0.60).,SAFE_TO_AUTO_HANDLE,Well-defined customer issue with matching historical resolution evidence.,FALSE_ESCALATE
CASE_006528,"Hey @AppleSupport is the incapability of streaming music via bluetooth in my car a new feature of iOS 11? And I thought all the bugs would be ironed out if I waited 2 months before updating. 🤷🏻‍♂️ #iOS11 #AppleProblems @AppleSupport The “pause” symbol is shown, indicating that the song should be playing, however the song isn’t actually playing and the song timer stands still. It won’t play even if I skip to the middle of the song and try to play it. Nothing. Thank you @AppleSupport I have only tried it with the Music app. I will try playing a video tomorrow to see if I can get the audio to go through. @AppleSupport Problem solved it started working out of the blue. Thanks for the great service",AUDIO_SOUND_SPEAKER,AUDIO_SOUND_SPEAKER,0.4116992126929755,0.7228,0.3333,True,NONE,We'd like to help get this sorted out. We'd like to assist as best we can. What exactly are you seeing happen? Does the behavior persist if you unpair and pair the speaker back up? Let's take a closer look. Please reach out to us via DM and we can go from there. https://t.co/GDrqU2kzhr Let us know if you have any questions along the way.,ESCALATE,CONFLICTING_EVIDENCE,Retrieved historical evidence contains conflicting troubleshooting paths or fragmented intents.,SAFE_TO_AUTO_HANDLE,Well-defined customer issue with matching historical resolution evidence.,FALSE_ESCALATE
CASE_001235,"My iphone 6s keeps on crashing after the ios11.1.2 update. Help pls @AppleSupport @AppleSupport Thanks @AppleSupport . I disallowed all notifications, backed up the phone and installed iOS 11.2. It’s all good so far.",APP_CRASH_AND_DOWNLOAD,APP_CRASH_AND_DOWNLOAD,0.43791558111397966,0.8161,0.3333,True,NONE,We'd like to help get this sorted out. We're here to help. Please follow the steps in this article and let us know if it resolves your issue: https://t.co/osZOKKTalm Let us know if you have any questions along the way.,ESCALATE,INTENT_EVIDENCE_MISMATCH,Retrieved evidence intent alignment (33.33%) is below the validated alignment threshold (66.00%).,SAFE_TO_AUTO_HANDLE,Well-defined customer issue with matching historical resolution evidence.,FALSE_ESCALATE
CASE_006020,@115858 please fix this “I️”  shit. I’m going fucking crazy,GENERAL_DEVICE_INQUIRY,GENERAL_DEVICE_INQUIRY,0.47290866962428896,0.877,1.0,True,NONE,We'd like to help get this sorted out. Check out this article and let us know if it helps: https://t.co/xU1AGHStV6 Let us know if you have any questions along the way.,ESCALATE,LOW_INTENT_CONFIDENCE,Predicted intent confidence (0.4729) is below the validated confidence threshold (0.60).,SAFE_TO_AUTO_HANDLE,Well-defined customer issue with matching historical resolution evidence.,FALSE_ESCALATE
CASE_006469,"@AppleSupport why am I not getting any notifications from messages or Snapchat specifically since I updated the newest iOS? @AppleSupport 11.2. Also, all my notification settings are on. I am a pro when it comes to iPhones, and I’ve done everything I can think of. I really think it’s a bug. I’ve noticed others are also having this issue. @AppleSupport Thanks so much!",KEYBOARD_TYPING_AUTOCORRECT,KEYBOARD_TYPING_AUTOCORRECT,0.4057861278985229,0.8696,1.0,True,NONE,"We'd be happy to help with this. We don't want you missing any important notifications, so we're definitely glad to look into this with you. Is this occurring for all apps? What's the version number of iOS installed? This can be found under Settings &gt; General &gt; About. Let us know if this helps resolve the issue.",ESCALATE,LOW_INTENT_CONFIDENCE,Predicted intent confidence (0.4058) is below the validated confidence threshold (0.60).,SAFE_TO_AUTO_HANDLE,Well-defined customer issue with matching historical resolution evidence.,FALSE_ESCALATE
CASE_004058,@AppleSupport how can I turn off AssistiveTouch on the iPhone X? I can't find any support articles and I can't turn it off.,HOW_TO_SETTINGS_CONFIGURATION,HOW_TO_SETTINGS_CONFIGURATION,0.29032534347896616,0.7545,0.6667,True,NONE,We'd like to help get this sorted out. We can help you out. Take a look at the following article for how to turn off the iPhone X: https://t.co/OWRDHWSt4h You're very welcome. It's definitely a new user experience. You can check out other features that come with the iPhone X here: https://t.co/EjYq1uIZkx Let us know if you have any questions along the way.,ESCALATE,LOW_INTENT_CONFIDENCE,Predicted intent confidence (0.2903) is below the validated confidence threshold (0.60).,SAFE_TO_AUTO_HANDLE,Well-defined customer issue with matching historical resolution evidence.,FALSE_ESCALATE
CASE_005319,"@115858 @AppleSupport how do I️ fix this, that’s an i btw thx a loyal user @AppleSupport Thanks v much #greatCX",HOW_TO_SETTINGS_CONFIGURATION,GENERAL_DEVICE_INQUIRY,0.4176802453142388,0.8938,0.6667,True,NONE,We'd like to help get this sorted out. Here’s what you can do to work around the issue until it’s fixed in a future software update: https://t.co/xXaXeeSRt9 https://t.co/GDrqU22YpT You're welcome! Let us know if you have any questions along the way.,ESCALATE,LOW_INTENT_CONFIDENCE,Predicted intent confidence (0.4177) is below the validated confidence threshold (0.60).,SAFE_TO_AUTO_HANDLE,Well-defined customer issue with matching historical resolution evidence.,FALSE_ESCALATE
CASE_005115,"When you get the iPhone 8 plus and scratch the screen the day after.... @115858 @AppleSupport @AppleSupport Will do, thank you.",DISPLAY_TOUCH_SCREEN,DISPLAY_TOUCH_SCREEN,0.712962646274646,0.6439,0.3333,True,NONE,We'd like to help get this sorted out. Let's see what we can do. Which version of iOS are you on? You can find that in Settings &gt; General &gt; About. https://t.co/GDrqU22YpT Awesome! Let us know if you run into anymore issues. Let us know if you have any questions along the way.,ESCALATE,CONFLICTING_EVIDENCE,Retrieved historical evidence contains conflicting troubleshooting paths or fragmented intents.,SAFE_TO_AUTO_HANDLE,Well-defined customer issue with matching historical resolution evidence.,FALSE_ESCALATE
CASE_002759,How does my iPhone go from 24% to 20% to 18% to 17% all in a minute while being on a charger? I need answers @115858 !!!,BATTERY_CHARGING_POWER,BATTERY_CHARGING_POWER,0.24847466127704512,0.7651,0.6667,True,NONE,"We'd like to help get this sorted out. We know how important your phone is to your everyday life. Let’s take a look at this issue together. Send us a screenshot of what you see in Settings &gt; General &gt; About, and we’ll get started there. Use this to screenshot: https://t.co/iQkc2ZuaLN https://t.co/GDrqU22YpT Let us know if you have any questions along the way.",ESCALATE,LOW_INTENT_CONFIDENCE,Predicted intent confidence (0.2485) is below the validated confidence threshold (0.60).,SAFE_TO_AUTO_HANDLE,Well-defined customer issue with matching historical resolution evidence.,FALSE_ESCALATE
CASE_002067,"#Xcode crashes when trying to change #UITableView Style to Grouped. Did anyone face this issue before? #iOS #iPhone @115858 #iosDeveloper https://t.co/4g5GOkzDDs @AppleSupport @AppleSupport reported, thanks!",APP_CRASH_AND_DOWNLOAD,APP_CRASH_AND_DOWNLOAD,0.20543668054773673,0.5586,0.6667,True,NONE,"We'd like to help get this sorted out. Let's look into this together. Send us a DM with the device you're experiencing this on, and we'll go from there. https://t.co/GDrqU22YpT Let us know if you have any questions along the way.",ESCALATE,WEAK_EVIDENCE,Top retrieval similarity (0.5586) is below the validated quality threshold (0.65).,SAFE_TO_AUTO_HANDLE,Well-defined customer issue with matching historical resolution evidence.,FALSE_ESCALATE
CASE_000947,"@AppleSupport why the location isn’t accurate on apple maps as well as on google maps post ios11 update? @AppleSupport it doesn’t.when location settings r set to always on,on map it shows current location as one of the places I traversed to.inaccurate. @AppleSupport Yes,it helped when set to while using in location settings. Thanks! @AppleSupport Again facing the similar issue regarding location &amp; unhappy about it. Just hate to restart the phone every time phone reports wrong location",OS_UPDATE_SYSTEM_PERFORMANCE,OS_UPDATE_SYSTEM_PERFORMANCE,0.2469423401723307,0.7085,0.3333,True,NONE,We'd like to help get this sorted out. What issues are you having with GPS? Let's update to 11.1.2 and see if this issue still persists. https://t.co/80YRnjDFDk Let us know if you have any questions along the way.,ESCALATE,CONFLICTING_EVIDENCE,Retrieved historical evidence contains conflicting troubleshooting paths or fragmented intents.,SAFE_TO_AUTO_HANDLE,Well-defined customer issue with matching historical resolution evidence.,FALSE_ESCALATE
CASE_000758,@AppleSupport @115858 is this a scam or not.... https://t.co/TbGiYOTkl6 @AppleSupport Thank you! 😊,GENERAL_DEVICE_INQUIRY,GENERAL_DEVICE_INQUIRY,0.7217719647800485,0.936,1.0,True,NONE,We'd like to help get this sorted out. That doesn't look like it came from us. Check out this article for identifying and reporting phishing: https://t.co/LNMCdqt6fD Let us know if you have any questions along the way.,AUTO_HANDLE,STRONG_GROUNDED_EVIDENCE,Intent confidence and retrieval evidence exceed validated thresholds and the independent grounding check passed with no unsupported claims.,SHOULD_ESCALATE,Inquiry involves sensitive legal/financial dispute requiring human escalation.,FALSE_AUTO_HANDLE
CASE_005111,@AppleSupport Is there a way to stop the brightness repeatedly changing itself in the latest update? It’s so stupid and annoying. @AppleSupport Thank you. But shouldn’t that be under the brightness menu?,DISPLAY_TOUCH_SCREEN,DISPLAY_TOUCH_SCREEN,0.5448363402904646,0.8388,1.0,True,NONE,We'd be happy to help with this. Auto-brightness can be disabled under Settings &gt; General &gt; Accessibility &gt; Display Accommodations. Keep in mind that disabling this feature may decrease battery life. Enjoy the upcoming weekend. Let us know if this helps resolve the issue.,ESCALATE,LOW_INTENT_CONFIDENCE,Predicted intent confidence (0.5448) is below the validated confidence threshold (0.60).,SAFE_TO_AUTO_HANDLE,Well-defined customer issue with matching historical resolution evidence.,FALSE_ESCALATE
CASE_007192,"@AppleSupport Hi, is there anything I need to do with my iPhone before trading it for a new phone? like restoring the phone, etc? @AppleSupport Alright, thank you so much!",GENERAL_DEVICE_INQUIRY,GENERAL_DEVICE_INQUIRY,0.2046735919429164,0.7054,0.3333,True,NONE,"We'd like to help get this sorted out. We recommend making a backup first, then erasing the device before trading it in. Check out: https://t.co/0HvcQRwVFu We're always on the lookout for customer feedback, and we invite you to submit yours here: https://t.co/eTPVYVFyd8 Let us know if you have any questions along the way.",ESCALATE,CONFLICTING_EVIDENCE,Retrieved historical evidence contains conflicting troubleshooting paths or fragmented intents.,SAFE_TO_AUTO_HANDLE,Well-defined customer issue with matching historical resolution evidence.,FALSE_ESCALATE
CASE_002606,Ok now that iOS 11 is out how do I turn off auto brightness @AppleSupport @AppleSupport I know how to do that but my brightness automatically goes up and down and it’s killing my battery I remember you could turn it off @AppleSupport Thank you,BATTERY_CHARGING_POWER,DISPLAY_TOUCH_SCREEN,0.5159768001320737,0.8147,0.6667,True,NONE,We'd be happy to help with this. You'll find it here. Settings &gt; General &gt; Accessibility &gt; Display Accommodations &gt; Auto-Brightness Let us know if this helps resolve the issue.,ESCALATE,LOW_INTENT_CONFIDENCE,Predicted intent confidence (0.5160) is below the validated confidence threshold (0.60).,SAFE_TO_AUTO_HANDLE,Well-defined customer issue with matching historical resolution evidence.,FALSE_ESCALATE
CASE_000482,"Hi @AppleSupport. Another day another painful bug. IOS messages app just showing phone numbers not names! @AppleSupport Have restated several times. It’s not just one person but almost everyone in my address book. @AppleSupport Updated to ios 11.0.2 but that hasn’t fixed it. @AppleSupport They’re synced via exchange. Have been for years. @AppleSupport Also under ios 11 that info isn’t under settings &gt; contacts, but under settings &gt; accounts &amp; passwords.",OS_UPDATE_SYSTEM_PERFORMANCE,OS_UPDATE_SYSTEM_PERFORMANCE,0.2879597076364581,0.7106,0.0,True,NONE,We'd be happy to help with this. We're here for you. Which version of the iOS are you running? You can check by tapping Settings &gt; General &gt; About. Let's get your iPhone serial number from Settings &gt; General &gt; About &gt; Serial. Let us know if this helps resolve the issue.,ESCALATE,INTENT_EVIDENCE_MISMATCH,Retrieved evidence intent alignment (0.00%) is below the validated alignment threshold (66.00%).,SAFE_TO_AUTO_HANDLE,Well-defined customer issue with matching historical resolution evidence.,FALSE_ESCALATE
CASE_006628,Started my MacBook software update. Then this happened..... and it is still going on! What now? 🙈 @115858 https://t.co/uLXZh2D1Jf @AppleSupport Thank you but the screen won’t even switch on...... I am taking it in tomorrow @AppleSupport Read the entire document 🙈 and now trying the recovery. Thank you for your assistance! @AppleSupport Thank you! All sorted! You guys are awesome!,DISPLAY_TOUCH_SCREEN,DISPLAY_TOUCH_SCREEN,0.28640118983999047,0.726,0.6667,True,NONE,We'd like to help get this sorted out. Thanks for reaching out to us. We're here to help get your Mac started up. What are you seeing on the screen when you start the Mac up? Have you checked your brightness? Please use the brightness keys on your keyboard to see if the display brightens. Do you see a cursor on the black screen or is that not showing either? We'd like you to reset your System Management Controller (SMC) by following these steps: https://t.co/FYojVXHuwn Update us after you complete this step. Let us know if you have any questions along the way.,ESCALATE,LOW_INTENT_CONFIDENCE,Predicted intent confidence (0.2864) is below the validated confidence threshold (0.60).,SAFE_TO_AUTO_HANDLE,Well-defined customer issue with matching historical resolution evidence.,FALSE_ESCALATE
CASE_000470,Also @115858 fix your damn glitch I️ @AppleSupport Okay thank you 😂,OS_UPDATE_SYSTEM_PERFORMANCE,OS_UPDATE_SYSTEM_PERFORMANCE,0.28571221512666883,0.8825,0.3333,True,NONE,We'd like to help get this sorted out. Here’s what you can do to work around the issue until it’s fixed in a future software update: https://t.co/xXaXeeSRt9 You're welcome. Enjoy the rest of your day. Let us know if you have any questions along the way.,ESCALATE,CONFLICTING_EVIDENCE,Retrieved historical evidence contains conflicting troubleshooting paths or fragmented intents.,SAFE_TO_AUTO_HANDLE,Well-defined customer issue with matching historical resolution evidence.,FALSE_ESCALATE
CASE_006608,@AppleSupport I didn’t pay $1000 for my phone to be frozen,GENERAL_DEVICE_INQUIRY,GENERAL_DEVICE_INQUIRY,0.17789212160965345,0.7617,1.0,True,NONE,"We'd like to help get this sorted out. We're glad to hear that it's been resolved! If you encounter any other issues, feel free to DM us: https://t.co/GDrqU22YpT Let us know if you have any questions along the way.",ESCALATE,LOW_INTENT_CONFIDENCE,Predicted intent confidence (0.1779) is below the validated confidence threshold (0.60).,SAFE_TO_AUTO_HANDLE,Well-defined customer issue with matching historical resolution evidence.,FALSE_ESCALATE
CASE_007548,Yo @115858 needs to fix the issue with my phone typing I.T. Smh mad annoying #iphone #Iphoneproblems #fixit @AppleSupport Thank you!,KEYBOARD_TYPING_AUTOCORRECT,KEYBOARD_TYPING_AUTOCORRECT,0.3600232884450901,0.7844,0.3333,True,NONE,"We'd like to help get this sorted out. We'd like to see if we can help. To start, DM us more about what's going on. We'll meet you there. https://t.co/GDrqU22YpT Here’s what you can do to work around the issue until it’s fixed in a future software update: https://t.co/xXaXeeSRt9 It's our pleasure. Feel free to reach out if any questions come up. Let us know if you have any questions along the way.",ESCALATE,INTENT_EVIDENCE_MISMATCH,Retrieved evidence intent alignment (33.33%) is below the validated alignment threshold (66.00%).,SAFE_TO_AUTO_HANDLE,Well-defined customer issue with matching historical resolution evidence.,FALSE_ESCALATE
CASE_006574,For real though when is @115858 going to fix this weird I️ problem. I’m tired of speaking alien 👽,GENERAL_DEVICE_INQUIRY,KEYBOARD_TYPING_AUTOCORRECT,0.36118085767855657,0.7148,0.0,True,NONE,"We'd like to help get this sorted out. We heard complaints of this, and made it a priority to release a fix. Follow these steps to backup the device: https://t.co/tHicJHB57O Then look to update the iOS software. Feel free to let us know if we can be of any further assistance. https://t.co/GDrqU22YpT Let us know if you have any questions along the way.",ESCALATE,INTENT_EVIDENCE_MISMATCH,Retrieved evidence intent alignment (0.00%) is below the validated alignment threshold (66.00%).,SAFE_TO_AUTO_HANDLE,Well-defined customer issue with matching historical resolution evidence.,FALSE_ESCALATE
CASE_000421,@AppleSupport 2tgread they HAVE replied!!but reply bounced ABOVE my last message to them! Come on apple sort this out! Worst update EVER!,OS_UPDATE_SYSTEM_PERFORMANCE,OS_UPDATE_SYSTEM_PERFORMANCE,0.28276997159960204,0.7563,0.3333,True,NONE,We'd like to help get this sorted out. Here’s what you can do to work around the issue until it’s fixed in a future software update: https://t.co/xXaXeeSRt9 Let us know if you have any questions along the way.,ESCALATE,INTENT_EVIDENCE_MISMATCH,Retrieved evidence intent alignment (33.33%) is below the validated alignment threshold (66.00%).,SAFE_TO_AUTO_HANDLE,Well-defined customer issue with matching historical resolution evidence.,FALSE_ESCALATE
CASE_001004,@AppleSupport is the share menu supposed to do this? https://t.co/mMZocotgVR,GENERAL_DEVICE_INQUIRY,HOW_TO_SETTINGS_CONFIGURATION,0.2955211636144902,0.6405,0.0,True,NONE,We'd like to help get this sorted out. We're here to help. Let's take this to DM so we can better assist you. https://t.co/GDrqU22YpT Let us know if you have any questions along the way.,ESCALATE,WEAK_EVIDENCE,Top retrieval similarity (0.6405) is below the validated quality threshold (0.65).,SAFE_TO_AUTO_HANDLE,Well-defined customer issue with matching historical resolution evidence.,FALSE_ESCALATE
CASE_000932,@AppleSupport Is there any way to type questions to Siri on mac? Would make it actually useful because talking is often rude or disrupting @AppleSupport Woo! Thanks :) 👍👌,GENERAL_DEVICE_INQUIRY,GENERAL_DEVICE_INQUIRY,0.24372096004722651,0.6373,0.6667,True,NONE,We'd like to help get this sorted out. We'd like to see what we can do to help with this. DM us and we'll continue there. https://t.co/GDrqU22YpT Let us know if you have any questions along the way.,ESCALATE,WEAK_EVIDENCE,Top retrieval similarity (0.6373) is below the validated quality threshold (0.65).,SAFE_TO_AUTO_HANDLE,Well-defined customer issue with matching historical resolution evidence.,FALSE_ESCALATE
CASE_007670,"I wanted to say the #iPhoneX is awesome but I can’t. It sucks; no one can hear me &amp; it does not play voicemails. Stores won’t take it back. @AppleSupport @115858 @115714 @AppleSupport Thank you, will do right now.",AUDIO_SOUND_SPEAKER,GENERAL_DEVICE_INQUIRY,0.2707996831916824,0.7358,1.0,True,NONE,"We'd like to help get this sorted out. The Accessibility feature, Voice Over, has been enabled. Follow these steps to disable it: https://t.co/p5K3tcjbCl Let us know if you have any questions along the way.",ESCALATE,LOW_INTENT_CONFIDENCE,Predicted intent confidence (0.2708) is below the validated confidence threshold (0.60).,SAFE_TO_AUTO_HANDLE,Well-defined customer issue with matching historical resolution evidence.,FALSE_ESCALATE
CASE_002675,"Is this real b? Like you haven't even got half the spellings right?

@AppleSupport @115858 @115948 @318 @2310 @124871 @🍏 https://t.co/v6FuN1PGT0 @AppleSupport Much love, cheers (:",GENERAL_DEVICE_INQUIRY,GENERAL_DEVICE_INQUIRY,0.25134638162049644,0.6671,1.0,True,NONE,We'd like to help get this sorted out. We're here for you. Check out this article for help identifying legitimate emails: https://t.co/LNMCdqt6fD Let us know if you have any questions along the way.,ESCALATE,LOW_INTENT_CONFIDENCE,Predicted intent confidence (0.2513) is below the validated confidence threshold (0.60).,SAFE_TO_AUTO_HANDLE,Well-defined customer issue with matching historical resolution evidence.,FALSE_ESCALATE
CASE_002297,Ever since this new iOS update I’ve had to restart my phone at least once a day.  @115858 is 🚮🚮,OS_UPDATE_SYSTEM_PERFORMANCE,OS_UPDATE_SYSTEM_PERFORMANCE,0.45251947776914675,0.8176,0.6667,True,NONE,We'd like to help get this sorted out. We'd like to check into other options for you and turn this around for you. Please tap here to DM us: https://t.co/GDrqU22YpT Let us know if you have any questions along the way.,ESCALATE,LOW_INTENT_CONFIDENCE,Predicted intent confidence (0.4525) is below the validated confidence threshold (0.60).,SAFE_TO_AUTO_HANDLE,Well-defined customer issue with matching historical resolution evidence.,FALSE_ESCALATE
CASE_007541,"@AppleSupport how do I add my battery percentage to always show on iPhone X? @AppleSupport @782215 Where? https://t.co/VcfklJgSay @AppleSupport No.  I want it show in the header like I could with every other iPhone. :/ @782216 @AppleSupport @782215  https://t.co/IDwrpeZPn3 @782217 @AppleSupport @782215 Thanks! @AppleSupport No. There is no option for it on the 10. The option is missing.  Needs to be added in fir the next update please. https://t.co/MzDysxVJiW @782216 @782217 @AppleSupport Yeah, but it should be on the main screen. I don’t like to have to access it. :/ @AppleSupport I already did DM you. There isn’t a solution for it. Please add it to the next update. :)",BATTERY_CHARGING_POWER,DISPLAY_TOUCH_SCREEN,0.3568219094697943,0.7638,0.0,True,NONE,We'd like to help get this sorted out. We'd be happy to help. Send us a DM to continnue. https://t.co/GDrqU22YpT We're glad that you were able to figure it out. Please message us back if you've any further questions. Let us know if you have any questions along the way.,ESCALATE,INTENT_EVIDENCE_MISMATCH,Retrieved evidence intent alignment (0.00%) is below the validated alignment threshold (66.00%).,SAFE_TO_AUTO_HANDLE,Well-defined customer issue with matching historical resolution evidence.,FALSE_ESCALATE
CASE_002387,@applesupport Why does #iMovie keep crashing. It’s crashed on me at least 8 times today. #frustrating I can’t finish my movie. @AppleSupport Thank you. I’ll have to try tomorrow.,APP_CRASH_AND_DOWNLOAD,APP_CRASH_AND_DOWNLOAD,0.36139404866293123,0.8053,0.3333,True,NONE,We'd like to help get this sorted out. Thanks for reaching out. Let's get you connected to our iMovie team. Please use this link to get in contact with them: https://t.co/IBIY3vMgPj Select Apps &amp; Software &gt; Mac apps Let us know if you have any questions along the way.,ESCALATE,CONFLICTING_EVIDENCE,Retrieved historical evidence contains conflicting troubleshooting paths or fragmented intents.,SAFE_TO_AUTO_HANDLE,Well-defined customer issue with matching historical resolution evidence.,FALSE_ESCALATE
CASE_007833,"@AppleSupport hello, I've received an email which I think is spam, do you have a department that deals with phishing emails? I can't see any details in my Apple account relating to the subscription I've apparently taken out - I've not clicked anything in the email. @AppleSupport Great, thanks! It is a phishing email - don't know why I didn't just check the email address it came from! D'oh! Have sent it on to the phishing email address anyway.",APP_STORE_PURCHASES_BILLING,ACCOUNT_APPLEID_ICLOUD,0.3191738128159021,0.8159,0.0,True,NONE,We'd like to help get this sorted out. That appears to be a phishing attempt. Here's how to handle it: https://t.co/LNMCdqt6fD Let us know if you have any questions along the way.,ESCALATE,INTENT_EVIDENCE_MISMATCH,Retrieved evidence intent alignment (0.00%) is below the validated alignment threshold (66.00%).,SAFE_TO_AUTO_HANDLE,Well-defined customer issue with matching historical resolution evidence.,FALSE_ESCALATE
CASE_004658,Trying to install iOS 11... then it says this. BUT I AM CONNECTED TO THE INTERNET! What do I do? @115858 @AppleSupport https://t.co/eYa0LXPWiH @AppleSupport It worked like a charm! Thanks for the link,OS_UPDATE_SYSTEM_PERFORMANCE,OS_UPDATE_SYSTEM_PERFORMANCE,0.4277715564205776,0.774,0.6667,True,NONE,"We'd like to help get this sorted out. What happens when you try to install? Are you getting an error message? Thanks for that information. Let's meet up in DM, and we'll start troubleshooting this. https://t.co/GDrqU22YpT Let us know if you have any questions along the way.",ESCALATE,LOW_INTENT_CONFIDENCE,Predicted intent confidence (0.4278) is below the validated confidence threshold (0.60).,SAFE_TO_AUTO_HANDLE,Well-defined customer issue with matching historical resolution evidence.,FALSE_ESCALATE
CASE_002393,@115858 please fix FaceTime. @AppleSupport Thank you for your response. I answered all questions via dm.,GENERAL_DEVICE_INQUIRY,GENERAL_DEVICE_INQUIRY,0.5715746073847366,0.745,0.6667,True,NONE,"We'd like to help get this sorted out. Let's look into this FaceTime issue. What happens when you attempt to use FaceTime? Which country are you located in? When searching for the FaceTime app on your device does it appear? https://t.co/C5o3PCtNd0 Fantastic! It was our pleasure, feel free to reach out again in the future if you have any questions. Let us know if you have any questions along the way.",ESCALATE,LOW_INTENT_CONFIDENCE,Predicted intent confidence (0.5716) is below the validated confidence threshold (0.60).,SAFE_TO_AUTO_HANDLE,Well-defined customer issue with matching historical resolution evidence.,FALSE_ESCALATE
CASE_003695,Wtf is this I️ How do I️ fix this @AppleSupport I️ @AppleSupport Word thanks homie,HOW_TO_SETTINGS_CONFIGURATION,GENERAL_DEVICE_INQUIRY,0.42496430664511353,0.8209,0.6667,True,NONE,We'd like to help get this sorted out. We’re here for you. Try the steps here and let us know if you still need help: https://t.co/xU1AGHStV6 Let us know if you have any questions along the way.,ESCALATE,LOW_INTENT_CONFIDENCE,Predicted intent confidence (0.4250) is below the validated confidence threshold (0.60).,SAFE_TO_AUTO_HANDLE,Well-defined customer issue with matching historical resolution evidence.,FALSE_ESCALATE
CASE_006913,"@applesupport hey is this the right guys? Well anyways my sisters iPhone says that her storage is low even though it has like 10 GB of storage left
How do I fix this? @AppleSupport Also there's a weird app on her home screen that won't go away @AppleSupport iPhone storage... But we're dealing with it @AppleSupport No thanks. We're dealing with it",DISPLAY_TOUCH_SCREEN,DISPLAY_TOUCH_SCREEN,0.32747858789786055,0.7092,0.0,True,NONE,We'd like to help get this sorted out. We definitely want to help you with your iPhone's storage. Let's meet in DM so we can take a closer look: https://t.co/GDrqU22YpT Let us know if you have any questions along the way.,ESCALATE,INTENT_EVIDENCE_MISMATCH,Retrieved evidence intent alignment (0.00%) is below the validated alignment threshold (66.00%).,SAFE_TO_AUTO_HANDLE,Well-defined customer issue with matching historical resolution evidence.,FALSE_ESCALATE
CASE_006661,@115858 I’m about to break up with you if you don’t get my letter “ I “ to stop doing “ I️ “ @AppleSupport 11.0.3,GENERAL_DEVICE_INQUIRY,KEYBOARD_TYPING_AUTOCORRECT,0.3884771110227909,0.7219,0.0,True,NONE,We'd like to help get this sorted out. Here’s what you can do to work around the issue until it’s fixed in a future software update: https://t.co/xXaXeeSRt9 It's our pleasure. Feel free to reach out if any questions come up. Let us know if you have any questions along the way.,ESCALATE,INTENT_EVIDENCE_MISMATCH,Retrieved evidence intent alignment (0.00%) is below the validated alignment threshold (66.00%).,SAFE_TO_AUTO_HANDLE,Well-defined customer issue with matching historical resolution evidence.,FALSE_ESCALATE
CASE_002042,@AppleSupport hello! I've messaged you when you've got a minute @AppleSupport I've replied. Thank you!! X,GENERAL_DEVICE_INQUIRY,GENERAL_DEVICE_INQUIRY,0.3185435505152811,0.869,1.0,True,NONE,"We'd like to help get this sorted out. Let's get this fixed for you. Have you backed up your device and updated iOS to the latest version? https://t.co/80YRnjDFDk Let us know and we'll go from there. Feel free to shoot us a DM if we can be of any further assistance. Our office hours are 7 days a week, from 5AM - 8PM PDT. If you contact us after business hours, rest assured we'll respond the following day. https://t.co/GDrqU22YpT Let us know if you have any questions along the way.",ESCALATE,LOW_INTENT_CONFIDENCE,Predicted intent confidence (0.3185) is below the validated confidence threshold (0.60).,SAFE_TO_AUTO_HANDLE,Well-defined customer issue with matching historical resolution evidence.,FALSE_ESCALATE
CASE_000099,@AppleSupport Hello I have iPhone 5s which since 11.0.3 update is constantly saying storage full even though its not! Please help! Thank you @AppleSupport Thank you. Twitter didn’t notify me of your reply :( so restored phone &amp; ok now. Was phone storage not iCloud.,ACCOUNT_APPLEID_ICLOUD,ACCOUNT_APPLEID_ICLOUD,0.5711331066795985,0.7428,0.0,True,NONE,We'd be happy to help with this. Let’s investigate it together. Which version of iOS are you using? Check Settings &gt; General &gt; About. Be sure to restart as well. Let us know if this helps resolve the issue.,ESCALATE,INTENT_EVIDENCE_MISMATCH,Retrieved evidence intent alignment (0.00%) is below the validated alignment threshold (66.00%).,SAFE_TO_AUTO_HANDLE,Well-defined customer issue with matching historical resolution evidence.,FALSE_ESCALATE
CASE_001049,"@AppleSupport can u please fix the bug for iphone 6 and lower in which whenevr u restart the phone, notifications for unread messages keep poping up even though messages are months old. @AppleSupport V 11.0.2",KEYBOARD_TYPING_AUTOCORRECT,KEYBOARD_TYPING_AUTOCORRECT,0.2037540839775609,0.7089,0.6667,True,NONE,"We'd like to help get this sorted out. We'd like to help. Does this persist after restarting your device? Also, is this happening with all your app Notifications? Sounds like a plan! Keep us updated. Reach back out if you need us. Thanks for keeping us updated. Let's follow up in DM, we'll continue the conversation there. https://t.co/GDrqU22YpT Let us know if you have any questions along the way.",ESCALATE,LOW_INTENT_CONFIDENCE,Predicted intent confidence (0.2038) is below the validated confidence threshold (0.60).,SAFE_TO_AUTO_HANDLE,Well-defined customer issue with matching historical resolution evidence.,FALSE_ESCALATE
CASE_000797,-______- phone updated to latest version of iOS 11 and my entire Apple Music library disappeared. stop fucking around @115858.,APP_STORE_PURCHASES_BILLING,APP_STORE_PURCHASES_BILLING,0.44864488889869025,0.787,1.0,True,NONE,"We'd be happy to help with this. We'd like to help. Is the music you're missing iTunes Store purchases, Apple Music, or music from other sources? Let us know and we'll go from there. Under Settings &gt; Music, let's make sure iCoud Library is enabled. Let us know if the music loads back onto the device. Let us know if this helps resolve the issue.",ESCALATE,LOW_INTENT_CONFIDENCE,Predicted intent confidence (0.4486) is below the validated confidence threshold (0.60).,SAFE_TO_AUTO_HANDLE,Well-defined customer issue with matching historical resolution evidence.,FALSE_ESCALATE
CASE_005163,"biggest regret of my life is upgrading to IOS 11. phone is a pile of shite now. cheers @115858 @AppleSupport I have sent you a message, thanks!",OS_UPDATE_SYSTEM_PERFORMANCE,OS_UPDATE_SYSTEM_PERFORMANCE,0.29586884757107934,0.7545,1.0,True,NONE,We'd be happy to help with this. We're happy to assist. Which iOS 11 version are you currently running? Go to Settings &gt; General &gt; About for the version. Let us know if this helps resolve the issue.,ESCALATE,LOW_INTENT_CONFIDENCE,Predicted intent confidence (0.2959) is below the validated confidence threshold (0.60).,SAFE_TO_AUTO_HANDLE,Well-defined customer issue with matching historical resolution evidence.,FALSE_ESCALATE
CASE_000601,"@AppleSupport Can you help me with a 10.5” iPad Pro Apple keyboard bug? Type but no output on screen. Happens about three times a day. Toggling to lock screen and back helps. Also, once a week it starts deleting text like you’re holding delete key. Would appreciate any help. @AppleSupport Hi. It looks like it’s resolved but thank you. D @AppleSupport Thanks. Running 11.1.2. Noticed for ages, months.",KEYBOARD_TYPING_AUTOCORRECT,DISPLAY_TOUCH_SCREEN,0.47714779672587476,0.6978,0.0,True,NONE,We'd like to help get this sorted out. We'd love to help you with that. When did you first notice this behavior? Did it happen after a software update? That'll help us narrow this down a bit. Which iOS version is your iPad using in Settings &gt; General &gt; About? Do you have Orientation Lock turned on? https://t.co/42YQu2SoDY Let us know if you have any questions along the way.,ESCALATE,INTENT_EVIDENCE_MISMATCH,Retrieved evidence intent alignment (0.00%) is below the validated alignment threshold (66.00%).,SAFE_TO_AUTO_HANDLE,Well-defined customer issue with matching historical resolution evidence.,FALSE_ESCALATE
CASE_003916,"For some reason, I can’t type the letter I on my iPhone because I️ shows up instead. @115858, fix the battery drain and this autocorrect! @AppleSupport Thanks, what about the battery issue? Is @115858 going to fix it? I need to charge my phone twice a day now. @AppleSupport",KEYBOARD_TYPING_AUTOCORRECT,BATTERY_CHARGING_POWER,0.6462817241894917,0.7531,0.0,True,NONE,We'd like to help get this sorted out. Here’s what you can do to work around the issue until it’s fixed in a future software update: https://t.co/xXaXeeSRt9 Great! Let us know if you have further questions. Let us know if you have any questions along the way.,ESCALATE,INTENT_EVIDENCE_MISMATCH,Retrieved evidence intent alignment (0.00%) is below the validated alignment threshold (66.00%).,SAFE_TO_AUTO_HANDLE,Well-defined customer issue with matching historical resolution evidence.,FALSE_ESCALATE
CASE_001649,"@AppleSupport 
Just updated the cellular settings and now the iPhone is constantly “Searching” or even says “No Service” on the top of the screen... help? @AppleSupport I did all of the suggested solutions, non of them worked, I think that the problem is with the update, I really don’t know.. it is not the first time, my previous iPhone had the same issue and I had to buy another one.. and I just wouldn’t like it to happen again.. any solution?",CONNECTIVITY_WIFI_BLUETOOTH,CONNECTIVITY_WIFI_BLUETOOTH,0.3009212329863804,0.7066,1.0,True,NONE,"We'd like to help get this sorted out. We'll help in any way we can. Are you getting a ""Searching"" icon in the top left? Which carrier are you using? Let's make sure the settings for your carrier are up to date. https://t.co/bfoi2mhtX3 Thanks for those details. Check out this article and let us know if the issue perists: https://t.co/5KootZbxj1 Let's look into this a bit closer. Join us in DM by using this link: https://t.co/nYknMGviju Let us know if you have any questions along the way.",ESCALATE,LOW_INTENT_CONFIDENCE,Predicted intent confidence (0.3009) is below the validated confidence threshold (0.60).,SAFE_TO_AUTO_HANDLE,Well-defined customer issue with matching historical resolution evidence.,FALSE_ESCALATE
CASE_006210,"@applesupport 11.1.1 battery

trying to install 11.1.1 update on my iPhone and iPad.  the program starts verifying and then a dialog box pops up saying UNABLE TO VERIFY UPDATE SAYS I AM NOT CONNECTED TO THE INTERNET.  I AM CONNECTED.  HAVE YOU RUN INTO THIS PROBLEM @682304 @AppleSupport Yes I have been repeatedly run into this since I updated.",BATTERY_CHARGING_POWER,BATTERY_CHARGING_POWER,0.24946500351100248,0.8305,0.0,True,NONE,"We'd like to help get this sorted out. Let's look into this for you. Meet us in DM and we can check on available options. https://t.co/GDrqU22YpT Thank you for sending us a DM. We will respond shortly. We know how important it is to be up to date. Let’s try to complete the update again this morning. Let us know if it works. We’re glad everything worked. If you ever need us in the future, feel free to reach out. We're here to help. Let us know if you have any questions along the way.",ESCALATE,INTENT_EVIDENCE_MISMATCH,Retrieved evidence intent alignment (0.00%) is below the validated alignment threshold (66.00%).,SAFE_TO_AUTO_HANDLE,Well-defined customer issue with matching historical resolution evidence.,FALSE_ESCALATE
CASE_003623,"dear @115858
bu amına kodumun bluetooth’u niye ikide bir kendi kendine açılıyor?
sincerely yours,
reglokan @AppleSupport I fixed it thanks",CONNECTIVITY_WIFI_BLUETOOTH,GENERAL_DEVICE_INQUIRY,0.20112000873840113,0.563,0.0,True,NONE,"We'd like to help get this sorted out. For information on how Wi-Fi and Bluetooth work in Control Center, check out this article: https://t.co/G7BHuQnDS6 Let us know if you have any questions along the way.",ESCALATE,WEAK_EVIDENCE,Top retrieval similarity (0.5630) is below the validated quality threshold (0.65).,SAFE_TO_AUTO_HANDLE,Well-defined customer issue with matching historical resolution evidence.,FALSE_ESCALATE
CASE_003739,@115858 y’all better fix this i️ bs @AppleSupport yes thank you,GENERAL_DEVICE_INQUIRY,GENERAL_DEVICE_INQUIRY,0.39145086671126034,0.9282,1.0,True,NONE,"We'd like to help get this sorted out. Here’s what you can do to work around the issue until it’s fixed in a future software update: https://t.co/qODbOsp4wz You're welcome. If you have any other questions, feel free to reach out to us. Let us know if you have any questions along the way.",ESCALATE,LOW_INTENT_CONFIDENCE,Predicted intent confidence (0.3915) is below the validated confidence threshold (0.60).,SAFE_TO_AUTO_HANDLE,Well-defined customer issue with matching historical resolution evidence.,FALSE_ESCALATE
CASE_006177,"@AppleSupport iOS 11 has turned my rockin’ iPhone 6+ into my iPhone 4. Slow, clunky, autorotate does not, etc. I might as well be using a Samsung. Fix it quick, please. @AppleSupport It started with 11, and with the last two updates I was hoping it would get better but it’s gotten worse. 11.1.1, FYI @AppleSupport 36gigs out of 65, I update regularly @AppleSupport I manage my device pretty well @AppleSupport Installing 11.1.2 update. Let's see if this installs more bugs I mean features!",OS_UPDATE_SYSTEM_PERFORMANCE,OS_UPDATE_SYSTEM_PERFORMANCE,0.5788019012680778,0.8067,1.0,True,NONE,"We'd like to help get this sorted out. We surely want you to enjoy your device so let's work to resolve this. Which version of iOS is currently installed? Surely, thank you! Go ahead and reach out to us in DM &amp; let us know how long ago you updated to iOS 11.0.3? https://t.co/GDrqU22YpT Let us know if you have any questions along the way.",ESCALATE,LOW_INTENT_CONFIDENCE,Predicted intent confidence (0.5788) is below the validated confidence threshold (0.60).,SAFE_TO_AUTO_HANDLE,Well-defined customer issue with matching historical resolution evidence.,FALSE_ESCALATE
CASE_006879,@AppleSupport absolutely hate the new update. I don't even want to use my iPhone. Keeps freezing and very slow to open apps. Fix ASAP plz!,OS_UPDATE_SYSTEM_PERFORMANCE,APP_CRASH_AND_DOWNLOAD,0.311178357931434,0.8383,0.3333,True,NONE,"We'd be happy to help with this. We're here to help! Let us gather some information on the issues you are experiencing, then we can work together to resolve this from there. Which applications on your device are crashing? How often does your device freeze? Which iOS is currently installed? Let us know if this helps resolve the issue.",ESCALATE,INTENT_EVIDENCE_MISMATCH,Retrieved evidence intent alignment (33.33%) is below the validated alignment threshold (66.00%).,SAFE_TO_AUTO_HANDLE,Well-defined customer issue with matching historical resolution evidence.,FALSE_ESCALATE
CASE_003575,@115858 this update sucks and makes my phone die faster...great job,OS_UPDATE_SYSTEM_PERFORMANCE,OS_UPDATE_SYSTEM_PERFORMANCE,0.39425406441442007,0.8941,0.6667,True,NONE,We'd be happy to help with this. We're happy to help. Is your iPhone running slow when using specific apps? Have you tried any steps to resolve this issue? Let us know if this helps resolve the issue.,ESCALATE,LOW_INTENT_CONFIDENCE,Predicted intent confidence (0.3943) is below the validated confidence threshold (0.60).,SAFE_TO_AUTO_HANDLE,Well-defined customer issue with matching historical resolution evidence.,FALSE_ESCALATE
CASE_003378,"Anyone else’s iPhone running like a heap of shit since software upgrade? @AppleSupport @AppleSupport I would like to say thanks to Apple support, down loading OS 11.1 has fixed the bugs.",GENERAL_DEVICE_INQUIRY,OS_UPDATE_SYSTEM_PERFORMANCE,0.19546799670707707,0.7707,1.0,True,NONE,"We'd like to help get this sorted out. We surely want you to enjoy your device so let's work to resolve this. Which version of iOS is currently installed? Surely, thank you! Go ahead and reach out to us in DM &amp; let us know how long ago you updated to iOS 11.0.3? https://t.co/GDrqU22YpT Let us know if you have any questions along the way.",ESCALATE,LOW_INTENT_CONFIDENCE,Predicted intent confidence (0.1955) is below the validated confidence threshold (0.60).,SAFE_TO_AUTO_HANDLE,Well-defined customer issue with matching historical resolution evidence.,FALSE_ESCALATE
CASE_005517,"So irritated that the @115858 podcasts app keeps unsubscribing me from everything in iOS 11. Apple, please fix this! @AppleSupport Thanks for following up! I'm on 11.0.3. This has been happening since I updated to iOs 11.",OS_UPDATE_SYSTEM_PERFORMANCE,OS_UPDATE_SYSTEM_PERFORMANCE,0.4857215697891064,0.7355,0.3333,True,NONE,We'd like to help get this sorted out. Let’s work together on this. Could you let us know what particular features aren’t working in the Podcasts App via a DM? https://t.co/GDrqU22YpT Let us know if you have any questions along the way.,ESCALATE,CONFLICTING_EVIDENCE,Retrieved historical evidence contains conflicting troubleshooting paths or fragmented intents.,SAFE_TO_AUTO_HANDLE,Well-defined customer issue with matching historical resolution evidence.,FALSE_ESCALATE
CASE_000824,"Se me han desordenado y hecho un lío las fotos con las nueva actualización iOS 😡 @AppleSupport en #iPhone7Plus #help please 😭😭😭 @AppleSupport Ok, thanks",GENERAL_DEVICE_INQUIRY,GENERAL_DEVICE_INQUIRY,0.1942989127966586,0.7391,0.6667,True,NONE,We'd like to help get this sorted out. We offer support via Twitter in English. Get help in Spanish here: https://t.co/IBIY3vMgPj or join https://t.co/OczyRx7IOs Let us know if you have any questions along the way.,ESCALATE,LOW_INTENT_CONFIDENCE,Predicted intent confidence (0.1943) is below the validated confidence threshold (0.60).,SAFE_TO_AUTO_HANDLE,Well-defined customer issue with matching historical resolution evidence.,FALSE_ESCALATE
CASE_000290,"@AppleSupport why is my Assistive touch no longer in the center? 🙄 https://t.co/0GxPLwlCPV @AppleSupport Hi. I started noticing that since yesterday morning ( 24th November) 
No, a restart didn’t help. And it’s not only on the start screen. @AppleSupport Nope, it didn’t help. I have a feeling that it’s related to your most recent software update. IOS 11.1.2?",DISPLAY_TOUCH_SCREEN,DISPLAY_TOUCH_SCREEN,0.5708567479052035,0.7846,0.6667,True,NONE,We'd be happy to help with this. We're always here to help. What issues are you currently having with AssistiveTouch exactly? Thanks for the clarity! This is normal and something you'll want to adjust to on iOS 11.1. Let us know if this helps resolve the issue.,ESCALATE,LOW_INTENT_CONFIDENCE,Predicted intent confidence (0.5709) is below the validated confidence threshold (0.60).,SAFE_TO_AUTO_HANDLE,Well-defined customer issue with matching historical resolution evidence.,FALSE_ESCALATE
CASE_002703,My voicemail keeps saying it’s full but I have no messages @AppleSupport ... help! @AppleSupport @4150 yes I have @AppleSupport iPhone 6s Plus. I have the IOS 11.0.2 @AppleSupport will do,OS_UPDATE_SYSTEM_PERFORMANCE,OS_UPDATE_SYSTEM_PERFORMANCE,0.18365687719198792,0.7167,0.6667,True,NONE,We'd be happy to help with this. This usually indicates that it needs to be set up. This would be best handled by your carrier. Let us know if this helps resolve the issue.,ESCALATE,LOW_INTENT_CONFIDENCE,Predicted intent confidence (0.1837) is below the validated confidence threshold (0.60).,SAFE_TO_AUTO_HANDLE,Well-defined customer issue with matching historical resolution evidence.,FALSE_ESCALATE
CASE_005019,I️ just showed my coworker around UMD and I’m crying. Oh man that question mark thing happened to me?! @AppleSupport fix that! @AppleSupport Thank you. I️ don’t know if it worked though. @AppleSupport Oops now it’s something different. I think it only messes up in apps that aren’t iMessage.,GENERAL_DEVICE_INQUIRY,GENERAL_DEVICE_INQUIRY,0.3029691533543247,0.6598,0.3333,True,NONE,"We'd like to help get this sorted out. iMessage is a great way to keep in touch, and we want you to be able to take advantage of the option. Has it worked before now? Check out the steps here: https://t.co/jhvYu3nzpA DM us if you continue to have issues. https://t.co/GDrqU22YpT Let us know if you have any questions along the way.",ESCALATE,INTENT_EVIDENCE_MISMATCH,Retrieved evidence intent alignment (33.33%) is below the validated alignment threshold (66.00%).,SAFE_TO_AUTO_HANDLE,Well-defined customer issue with matching historical resolution evidence.,FALSE_ESCALATE
CASE_000456,"Nice @115858. Less than a week old then WiFi and BT break on my new iPhone. I tried all your support articles. So glad I purchased! https://t.co/WKbGgSY6QV @AppleSupport Thanks, I already took it to the Apple store. The problem is that your QC is really terrible. Less than a week? Really?!",CONNECTIVITY_WIFI_BLUETOOTH,CONNECTIVITY_WIFI_BLUETOOTH,0.4258771888093768,0.692,0.6667,True,NONE,"We'd like to help get this sorted out. Thanks for reaching out. Which iOS device are you having this issue on? Let us know, we'd like to help. Let's work together in DM to investigate what's going on with your iPhone. https://t.co/GDrqU22YpT Let us know if you have any questions along the way.",ESCALATE,LOW_INTENT_CONFIDENCE,Predicted intent confidence (0.4259) is below the validated confidence threshold (0.60).,SAFE_TO_AUTO_HANDLE,Well-defined customer issue with matching historical resolution evidence.,FALSE_ESCALATE
CASE_003213,@AppleSupport why is App Store asking for billing verification to update or get free apps?  In addition saying my cc not valid. @AppleSupport I don't think you understand. When I am trying to update an app is asking me for verification for billing when it's a free app. Also when I follow the steps it's says cc invalid. Even though I shouldn't since app is free. https://t.co/hHEa6UyPyj @AppleSupport It does not give me a 'none' option @AppleSupport No still didn’t work. I had to change to PayPal option. I just hope that when I update my free apps I am not getting any charges. @AppleSupport And now I have a charge of $10.88 for updating my free apps?!!,APP_STORE_PURCHASES_BILLING,APP_STORE_PURCHASES_BILLING,0.5201882945324147,0.7827,1.0,True,NONE,We'd like to help get this sorted out. Let's see if we can help you resolve the issue with updating apps. Try the steps here: https://t.co/Y0YoIRcZa7 Questions? Let us know if you have any questions along the way.,ESCALATE,LOW_INTENT_CONFIDENCE,Predicted intent confidence (0.5202) is below the validated confidence threshold (0.60).,SAFE_TO_AUTO_HANDLE,Well-defined customer issue with matching historical resolution evidence.,FALSE_ESCALATE
CASE_003734,@115858 i updated my phone and now nothing worksssssss @AppleSupport it’s fine! everything’s fine now 🙂 thank you!,GENERAL_DEVICE_INQUIRY,GENERAL_DEVICE_INQUIRY,0.2933765640815802,0.8602,0.0,True,NONE,We'd like to help get this sorted out. Here’s what you can do to work around the issue until it’s fixed in a future software update: https://t.co/xXaXeeSRt9 Let us know if you have any questions along the way.,ESCALATE,INTENT_EVIDENCE_MISMATCH,Retrieved evidence intent alignment (0.00%) is below the validated alignment threshold (66.00%).,SAFE_TO_AUTO_HANDLE,Well-defined customer issue with matching historical resolution evidence.,FALSE_ESCALATE
CASE_002919,Today I had a strange bug #iOS11 @AppleSupport https://t.co/39gFHcRl89 @AppleSupport Yes problem got solved fast. Thanks only want to let you now about the issue #thanks,OS_UPDATE_SYSTEM_PERFORMANCE,OS_UPDATE_SYSTEM_PERFORMANCE,0.22155575868811941,0.9092,1.0,True,NONE,We'd be happy to help with this. Thanks for reaching out and including the video. Do you experience the same behavior after restarting? Which iOS version is installed currently? You'll find that from Settings &gt; General &gt; About. We appreciate the update. Please let us know if you have any other issues or questions. We're happy to help. Let us know if this helps resolve the issue.,ESCALATE,LOW_INTENT_CONFIDENCE,Predicted intent confidence (0.2216) is below the validated confidence threshold (0.60).,SAFE_TO_AUTO_HANDLE,Well-defined customer issue with matching historical resolution evidence.,FALSE_ESCALATE
CASE_004965,@AppleSupport ay man yall wrong for freezing my phone and deleting all my messages! @AppleSupport Say no more. Thank you.,APP_CRASH_AND_DOWNLOAD,APP_CRASH_AND_DOWNLOAD,0.24912765308475548,0.7765,0.3333,True,NONE,"We'd like to help get this sorted out. We're here for you. Can you check the version of iOS for us? Go to Settings &gt; General &gt; About When do you notice freezing/slowness most? During certain app usage? What steps help get it responding again for you, if any? Join us in Direct Message at the link below so we can continue gathering details and assisting. https://t.co/GDrqU22YpT Let us know if you have any questions along the way.",ESCALATE,CONFLICTING_EVIDENCE,Retrieved historical evidence contains conflicting troubleshooting paths or fragmented intents.,SAFE_TO_AUTO_HANDLE,Well-defined customer issue with matching historical resolution evidence.,FALSE_ESCALATE
CASE_007407,"Since I updated my phone to IOS 11 a couple of months ago it’s been shocking! Half my apps don’t work/quit ... what a mess this update is @AppleSupport @AppleSupport @772045 Exactly the same thing happens to me and my battery life is terrible too! @AppleSupport Ever since I updated to iOS11 my apps always crash, have to force restart the phone 4/5 times before it works again and my battery barely lasts 2 hours before it needs charging again, quite frustrating really. @AppleSupport Current iOS is 11.1.1 I have tried the points in the battery, they haven’t worked.",BATTERY_CHARGING_POWER,BATTERY_CHARGING_POWER,0.8276976177965578,0.7968,0.3333,True,NONE,"We'd like to help get this sorted out. We'd love to lend a hand! Which iPhone are you using, what iOS version is on it and when did this issue begin? Got it, thanks for that information. Reach out to us in DM letting us know which country you are located in. We'll continue there. https://t.co/GDrqU22YpT Let us know if you have any questions along the way.",ESCALATE,CONFLICTING_EVIDENCE,Retrieved historical evidence contains conflicting troubleshooting paths or fragmented intents.,SAFE_TO_AUTO_HANDLE,Well-defined customer issue with matching historical resolution evidence.,FALSE_ESCALATE
CASE_006304,I’d like to apologize to the iPhone users! There seems to be this weird error when I’m typing that I️ thought only I could see. Hopefully it’ll get fixed soon! @AppleSupport #StafferKelsey https://t.co/C7IbRwfW0J @690116 @AppleSupport I️ have the same problem!,KEYBOARD_TYPING_AUTOCORRECT,KEYBOARD_TYPING_AUTOCORRECT,0.32970657892225114,0.7713,0.0,True,NONE,We'd like to help get this sorted out. Send us a DM and we'll provide some additional guidance on this. https://t.co/GDrqU22YpT Let us know if you have any questions along the way.,ESCALATE,INTENT_EVIDENCE_MISMATCH,Retrieved evidence intent alignment (0.00%) is below the validated alignment threshold (66.00%).,SAFE_TO_AUTO_HANDLE,Well-defined customer issue with matching historical resolution evidence.,FALSE_ESCALATE
CASE_003709,Is this question mark box thing just @115858 ‘s way of making us lose our minds?! My phone is updated-why do I️ see this everywhere,GENERAL_DEVICE_INQUIRY,GENERAL_DEVICE_INQUIRY,0.5240427648975391,0.8063,0.6667,True,NONE,We'd like to help get this sorted out. We can definitely help you see what's going on. Check out this article: https://t.co/xXaXeeSRt9 Let us know if you have any questions along the way.,ESCALATE,LOW_INTENT_CONFIDENCE,Predicted intent confidence (0.5240) is below the validated confidence threshold (0.60).,SAFE_TO_AUTO_HANDLE,Well-defined customer issue with matching historical resolution evidence.,FALSE_ESCALATE
CASE_005893,Why is this “ I️n “ still even a thing??? Shouldn’t @115858 have fixed I️t yet @AppleSupport @4150 bless you,KEYBOARD_TYPING_AUTOCORRECT,GENERAL_DEVICE_INQUIRY,0.2648975029608785,0.74,0.6667,True,NONE,We'd like to help get this sorted out. Here’s what you can do to work around the issue until it’s fixed in a future software update: https://t.co/xXaXeeSRt9 Let us know if you have any questions along the way.,ESCALATE,LOW_INTENT_CONFIDENCE,Predicted intent confidence (0.2649) is below the validated confidence threshold (0.60).,SAFE_TO_AUTO_HANDLE,Well-defined customer issue with matching historical resolution evidence.,FALSE_ESCALATE
CASE_001442,"@AppleSupport @115948 a lot of my music is “Unavailable” unless I delete it and re add it to my playlist/music library is there a way around this so I don’t have to do this for 100 songs https://t.co/b75R3OnXKN @AppleSupport Neat yeah I had to turn off and on the ICloud music, thanks much appreciated!",ACCOUNT_APPLEID_ICLOUD,APP_STORE_PURCHASES_BILLING,0.5765925613986211,0.7397,0.3333,True,NONE,"We'd like to help get this sorted out. Are you referring to the curated ""New Music Mix"" in Apple Music? Let's take a look at this together in DM. https://t.co/GDrqU22YpT We'd be happy to help. What's going on, exactly? Send us a DM and we can look into this further from there. https://t.co/GDrqU22YpT Let us know if you have any questions along the way.",ESCALATE,INTENT_EVIDENCE_MISMATCH,Retrieved evidence intent alignment (33.33%) is below the validated alignment threshold (66.00%).,SAFE_TO_AUTO_HANDLE,Well-defined customer issue with matching historical resolution evidence.,FALSE_ESCALATE
CASE_006076,"After upgrading to #iPhoneX , my cellular data on verizon usage is not right. Shows data used even when on wifi or with background Apps refresh off. #iPhone8 doesnt have this issue. Anyone else having this issue ?

@AppleSupport @115990 @AppleSupport 11.1.2 version , just updated yesterday before that it was previous version. @AppleSupport I have wifi assist off !! Its weird coz I have two phones and carry them both (iPhone8 and iPhoneX) , this issue is only on X. It only started after upgrading. Anyways, I ll monitor it more and respond back if problem persists.",CONNECTIVITY_WIFI_BLUETOOTH,CONNECTIVITY_WIFI_BLUETOOTH,0.6246159963970991,0.6542,0.6667,True,NONE,"We'd like to help get this sorted out. Let's look into this together! Could you tell us which iPhone and iOS version you're using? We'd be happy to look this over with you. Please meet us in DM so we may gather information, and better assist. https://t.co/GDrqU22YpT Got it. Next, can you please tell us how often does this issue occur? While this behavior is unexpected, restarting your device resolves your issue. Is that correct? We just released iOS 11.0.3, and we'd like to have you backup and update to see if that helps. https://t.co/80YRnjDFDk Okay, thanks. Let's get to DM to continue. https://t.co/GDrqU22YpT Let us know if you have any questions along the way.",AUTO_HANDLE,STRONG_GROUNDED_EVIDENCE,Intent confidence and retrieval evidence exceed validated thresholds and the independent grounding check passed with no unsupported claims.,SHOULD_ESCALATE,Retrieved evidence does not match customer's problem intent.,FALSE_AUTO_HANDLE
CASE_007774,@AppleSupport can’t use this iCloud back up on my iPhone X why help https://t.co/nBrJxZeOAw @AppleSupport iOS 11.1.2 @AppleSupport Nothing because that back up isn’t there @AppleSupport Fixed,ACCOUNT_APPLEID_ICLOUD,ACCOUNT_APPLEID_ICLOUD,0.4343767497290053,0.7166,0.6667,True,NONE,We'd be happy to help with this. We want to help. Please tell us the exact version of iOS 11 you have installed on your device. You'll see this in Settings &gt; General &gt; About. Let us know if this helps resolve the issue.,ESCALATE,LOW_INTENT_CONFIDENCE,Predicted intent confidence (0.4344) is below the validated confidence threshold (0.60).,SAFE_TO_AUTO_HANDLE,Well-defined customer issue with matching historical resolution evidence.,FALSE_ESCALATE
CASE_005323,@115858 needs to get it together.... why my shit looking like this after I️ updated iOS 11.1 ( I️ ) @AppleSupport Thanks!,OS_UPDATE_SYSTEM_PERFORMANCE,OS_UPDATE_SYSTEM_PERFORMANCE,0.4206060177974915,0.8123,0.3333,True,NONE,We'd like to help get this sorted out. That's unexpected. Please let us know more about this via DM. https://t.co/GDrqU22YpT Let us know if you have any questions along the way.,ESCALATE,CONFLICTING_EVIDENCE,Retrieved historical evidence contains conflicting troubleshooting paths or fragmented intents.,SAFE_TO_AUTO_HANDLE,Well-defined customer issue with matching historical resolution evidence.,FALSE_ESCALATE
CASE_006997,"@AppleSupport sorry but your files app is a literal joke. never opens anything. https://t.co/jkMFh2xzdo @AppleSupport i can’t download them with data, ever. it sucks when I’m outside. please fix this.",GENERAL_DEVICE_INQUIRY,GENERAL_DEVICE_INQUIRY,0.1990441121560767,0.7438,0.3333,True,NONE,"We'd be happy to help with this. We're anxious for you to have access to your downloads. Have you had a chance to restart the iPhone? If not, let's do that now. Let us know if this helps resolve the issue.",ESCALATE,CONFLICTING_EVIDENCE,Retrieved historical evidence contains conflicting troubleshooting paths or fragmented intents.,SAFE_TO_AUTO_HANDLE,Well-defined customer issue with matching historical resolution evidence.,FALSE_ESCALATE
CASE_007055,"1. @AppleSupport absolutely raging. We spent £789 on an iPad for our son 3 months ago who needs it for starting secondary school. It was sold to us with “the best case you can get” for it.  It’s now malfunctioning so he cannot do his school work or use it properly, he’s kept it @AppleSupport 2. in its case the whole time, and there is not a single scratch on it. At the time we were sold a case with it hat we asked one of your so called professionals to sort us with. I made it VERY CLEAR at the time that money was not an issue with protection. Now just 3 months later @AppleSupport I’ve sent you a DM. Thanks.",GENERAL_DEVICE_INQUIRY,GENERAL_DEVICE_INQUIRY,0.13923022422860437,0.6721,0.3333,True,NONE,We'd like to help get this sorted out. We'd like to help. Let's take this to DM and we'll explore ways to provide you assistance. https://t.co/GDrqU22YpT Let us know if you have any questions along the way.,ESCALATE,CONFLICTING_EVIDENCE,Retrieved historical evidence contains conflicting troubleshooting paths or fragmented intents.,SAFE_TO_AUTO_HANDLE,Well-defined customer issue with matching historical resolution evidence.,FALSE_ESCALATE
CASE_007140,"Every OS update @AppleSupport @115858 This device may not be supported.  It's your darn device!! @AppleSupport ipad pro &amp; the keyboard bought with it is the device. Yes it is connected (I mean I get its Halloween) @AppleSupport Yep, taken care of all those prior actually...went there yesterday but thank you",KEYBOARD_TYPING_AUTOCORRECT,KEYBOARD_TYPING_AUTOCORRECT,0.3242738871781277,0.7493,1.0,True,NONE,"We'd be happy to help with this. We'd love to help out. Do you know what version of the iOS is on the iPad? If not, you can check under Settings &gt; General &gt; About &gt; Version. Which model of iPad do you have? We'll see what we can do to assist. Let us know if this helps resolve the issue.",ESCALATE,LOW_INTENT_CONFIDENCE,Predicted intent confidence (0.3243) is below the validated confidence threshold (0.60).,SAFE_TO_AUTO_HANDLE,Well-defined customer issue with matching historical resolution evidence.,FALSE_ESCALATE
CASE_007035,@115858 just thought I’d let you know for future updates that this is a glitch on the latest iOS. The greyed out contacts icon. https://t.co/gVVSly03FX,OS_UPDATE_SYSTEM_PERFORMANCE,OS_UPDATE_SYSTEM_PERFORMANCE,0.30296612532855016,0.5792,0.3333,True,NONE,"We'd like to help get this sorted out. We want to help. Have you tried re-starting your device? Are you updated to iOS 11.0.3? That's great to see. If you do see it return, please send us a DM so we may better assist you. https://t.co/GDrqU22YpT Let us know if you have any questions along the way.",ESCALATE,CONFLICTING_EVIDENCE,Retrieved historical evidence contains conflicting troubleshooting paths or fragmented intents.,SAFE_TO_AUTO_HANDLE,Well-defined customer issue with matching historical resolution evidence.,FALSE_ESCALATE
CASE_001464,"@AppleSupport everytine@I get a Snapchat notification, my music stops. It’s suuuper annoying. Checked notification settings didn’t see anything weird. Any tips? @AppleSupport Yep! Running iOS 11.2. All apps up-to-date.",APP_STORE_PURCHASES_BILLING,APP_STORE_PURCHASES_BILLING,0.24868437416542255,0.8108,1.0,True,NONE,"We'd be happy to help with this. We'd love to help. Are you using the Apple Music app? Do you know what version of the iOS is on the device? If not, you can check under Settings &gt; General &gt; About &gt; Version. Let us know if you have any questions or concerns in the future. Let us know if this helps resolve the issue.",ESCALATE,LOW_INTENT_CONFIDENCE,Predicted intent confidence (0.2487) is below the validated confidence threshold (0.60).,SAFE_TO_AUTO_HANDLE,Well-defined customer issue with matching historical resolution evidence.,FALSE_ESCALATE
CASE_003550,Anyone else do an iCloud backup to your #iPhoneX and your pics didn’t upload? I have @117735 @AppleSupport @117735 @AppleSupport Thanks they fixed it! @AppleSupport,ACCOUNT_APPLEID_ICLOUD,ACCOUNT_APPLEID_ICLOUD,0.5760588692316537,0.7295,0.6667,True,NONE,"We'd like to help get this sorted out. You came to the right place! Did you back-up your data with iCloud or iTunes? See if this helps: https://t.co/lOVrD5pu5o Great. Is iCloud Photo Library enabled on your new iPhone? You can check at Settings &gt; Photo. Also, do you have your old iPhone? Let us know if you have any questions along the way.",ESCALATE,LOW_INTENT_CONFIDENCE,Predicted intent confidence (0.5761) is below the validated confidence threshold (0.60).,SAFE_TO_AUTO_HANDLE,Well-defined customer issue with matching historical resolution evidence.,FALSE_ESCALATE
CASE_001039,@115858 Have you stopped updating IPhone 5? cause I see a ton of ppl saying that the current update is 11.1.2 and mines only 10.3.3 @AppleSupport Ok thank you 😁,OS_UPDATE_SYSTEM_PERFORMANCE,OS_UPDATE_SYSTEM_PERFORMANCE,0.26027058599879177,0.7446,0.6667,True,NONE,We'd like to help get this sorted out. Thanks for reaching out to us. We are always happy to help. Send us a DM so we can look into this together. https://t.co/GDrqU22YpT Let us know if you have any questions along the way.,ESCALATE,LOW_INTENT_CONFIDENCE,Predicted intent confidence (0.2603) is below the validated confidence threshold (0.60).,SAFE_TO_AUTO_HANDLE,Well-defined customer issue with matching historical resolution evidence.,FALSE_ESCALATE
CASE_006165,Hey @AppleSupport can I get @115888 on my Apple Watch series 3? @AppleSupport Thanks I spent several hours on the phone with @ATT Apple Watch technical support and they told me Apple Watch doesn’t support the Spotify app.  Is this true?,GENERAL_DEVICE_INQUIRY,GENERAL_DEVICE_INQUIRY,0.29326814090867326,0.585,0.6667,True,NONE,We'd like to help get this sorted out. Thanks for reaching out. The Apple Heart Study is available to you if you're using an Apple Watch Series 1 or later. You can learn more about this study here: https://t.co/Z0X7gkKLfm You're most welcome. It sounds like you have the Apple Watch (1st generation) that came out before Apple Watch Series 1. This article covers each model to help you identify the model you have: https://t.co/Kb6MEiwjBx Let us know if you have any questions along the way.,ESCALATE,WEAK_EVIDENCE,Top retrieval similarity (0.5850) is below the validated quality threshold (0.65).,SAFE_TO_AUTO_HANDLE,Well-defined customer issue with matching historical resolution evidence.,FALSE_ESCALATE
CASE_007761,@AppleSupport  my MacBook Pro started doing this last night. It stays on the blue screen for hours without doing a thing https://t.co/JdPnASLOAc @AppleSupport Yes I have tried safe mode several times and no difference @AppleSupport It worked once last night but has gone straight back to this @AppleSupport @4150 OK will do,DISPLAY_TOUCH_SCREEN,DISPLAY_TOUCH_SCREEN,0.36823899002793026,0.6518,0.3333,True,NONE,"We'd like to help get this sorted out. We'd love to help with this. Is your external monitor on the correct input? Have you tried other cables? Let us know in DM. https://t.co/GDrqU22YpT Let's work on this display issue. If the issue isn't present in safe mode, take a look at this article: https://t.co/PQ4LSYhUTY Great! Have you tried with another display? Let's work on this together in DM. https://t.co/GDrqU22YpT Let us know if you have any questions along the way.",ESCALATE,INTENT_EVIDENCE_MISMATCH,Retrieved evidence intent alignment (33.33%) is below the validated alignment threshold (66.00%).,SAFE_TO_AUTO_HANDLE,Well-defined customer issue with matching historical resolution evidence.,FALSE_ESCALATE
CASE_004716,@AppleSupport please enable downgrade to iOS 10.3.3. Perf degraded so bad w iOS 11 I need a new phone. And it won’t be an iPhone. @AppleSupport thanks but it is too generalized - just everything seems sluggish. Couple of seconds to respond where used to be subsecond.,OS_UPDATE_SYSTEM_PERFORMANCE,OS_UPDATE_SYSTEM_PERFORMANCE,0.32600622370667093,0.7682,0.6667,True,NONE,We'd be happy to help with this. We've gotten your DM and will continue working with you there. Let us know if this helps resolve the issue.,ESCALATE,LOW_INTENT_CONFIDENCE,Predicted intent confidence (0.3260) is below the validated confidence threshold (0.60).,SAFE_TO_AUTO_HANDLE,Well-defined customer issue with matching historical resolution evidence.,FALSE_ESCALATE
CASE_007783,"Has anyone had a fix for Game Center yet? Or is it being PR managed into DMs? Not working on cellular or wifi. Stop blaming users and escalate. @AppleSupport @AppleSupport It's the same error about 7 other users are reporting. Have any of them reported success from what you told them to do? Do you guys in the support department work as a team? Surly someone must know about an authentication change made by the dev team. @808548 @AppleSupport Try to sign in again now, I just had 2 successful game center logins on 2 seperate devices @808549 @AppleSupport Yup. Working for me now. Thanks for the update.",CONNECTIVITY_WIFI_BLUETOOTH,CONNECTIVITY_WIFI_BLUETOOTH,0.41585239831109133,0.7828,0.0,True,NONE,"We'd be happy to help with this. We've got your back. Can you tell us the message you are seeing when trying to use Game Center or what's happening? Which device are you using? Thanks for reaching out and the screenshot. We'd like some details to assist. Which iPhone model and iOS is this occurring on? Let us know and we'll continue. Glad to hear it's working for you now. If there's anything you need in the future, reach out. We'll be happy to help. Let us know if this helps resolve the issue.",ESCALATE,INTENT_EVIDENCE_MISMATCH,Retrieved evidence intent alignment (0.00%) is below the validated alignment threshold (66.00%).,SAFE_TO_AUTO_HANDLE,Well-defined customer issue with matching historical resolution evidence.,FALSE_ESCALATE
CASE_005785,@115858 i had 4 fucking alarms set on my phone to go hunting and none of them went off why is that apple? ITS FUCKING BULLSHIT this is the 5th time this has happened,GENERAL_DEVICE_INQUIRY,GENERAL_DEVICE_INQUIRY,0.20251164962183893,0.7214,0.3333,True,NONE,We'd be happy to help with this. We're here for you. Can you let us know which version of iOS 11 you have? You can check from Settings &gt; General &gt; About. Let us know if this helps resolve the issue.,ESCALATE,INTENT_EVIDENCE_MISMATCH,Retrieved evidence intent alignment (33.33%) is below the validated alignment threshold (66.00%).,SAFE_TO_AUTO_HANDLE,Well-defined customer issue with matching historical resolution evidence.,FALSE_ESCALATE
CASE_006175,@115858 needs to fix this “I️” issue! 😩🙄 @AppleSupport Awesome!! I️ will update my phone! Thanks!,OS_UPDATE_SYSTEM_PERFORMANCE,OS_UPDATE_SYSTEM_PERFORMANCE,0.33659532063846537,0.8761,0.0,True,NONE,We'd like to help get this sorted out. We’d love to help. Check out this article which goes into more detail about what you're seeing: https://t.co/sDSg93LaFu Let us know if you have any questions along the way.,ESCALATE,INTENT_EVIDENCE_MISMATCH,Retrieved evidence intent alignment (0.00%) is below the validated alignment threshold (66.00%).,SAFE_TO_AUTO_HANDLE,Well-defined customer issue with matching historical resolution evidence.,FALSE_ESCALATE
CASE_001150,@AppleSupport just tried updating to the new OS with my MacBook pro and your new update just DESTROYED MY COMPUTER WHY??? @AppleSupport Looks like it was a bad install for some reason. Working through it now. Will keep you in the loop. Thanks for replying.,OS_UPDATE_SYSTEM_PERFORMANCE,OS_UPDATE_SYSTEM_PERFORMANCE,0.2571841073669807,0.7577,1.0,True,NONE,We'd like to help get this sorted out. We'd like to help. What's going on with your Mac? Are you able to get into recovery mode using the steps provided here? https://t.co/dwZ2UVMxdg Let us know if you have any questions along the way.,ESCALATE,LOW_INTENT_CONFIDENCE,Predicted intent confidence (0.2572) is below the validated confidence threshold (0.60).,SAFE_TO_AUTO_HANDLE,Well-defined customer issue with matching historical resolution evidence.,FALSE_ESCALATE
CASE_000243,"@115858 iOS 11 is messed up, now my phone is freezing so much @AppleSupport IOS 11.1.1",OS_UPDATE_SYSTEM_PERFORMANCE,OS_UPDATE_SYSTEM_PERFORMANCE,0.5411920734272665,0.8367,0.6667,True,NONE,We'd like to help get this sorted out. We’d like to look into this with you. Send us a DM when this tends to happen to start. https://t.co/GDrqU22YpT You're welcome. We look forward to following up with you there. Let us know if you have any questions along the way.,ESCALATE,LOW_INTENT_CONFIDENCE,Predicted intent confidence (0.5412) is below the validated confidence threshold (0.60).,SAFE_TO_AUTO_HANDLE,Well-defined customer issue with matching historical resolution evidence.,FALSE_ESCALATE
CASE_000588,Nice!! The new @115858 2nd update doesn't allow me to turn my phone on! sweet! @AppleSupport @179841 My phone hasn’t worked for probably 3 weeks. Can’t make calls or FaceTime since the keynote speech. And my SnapChat doesn’t record volume,AUDIO_SOUND_SPEAKER,AUDIO_SOUND_SPEAKER,0.5871645229085383,0.711,0.3333,True,NONE,We'd like to help get this sorted out. We can work together to figure this out. What's going on with your iPhone? Would you please join us in DM? We'd like to know more details about your speaker. https://t.co/GDrqU22YpT Let us know if you have any questions along the way.,ESCALATE,INTENT_EVIDENCE_MISMATCH,Retrieved evidence intent alignment (33.33%) is below the validated alignment threshold (66.00%).,SAFE_TO_AUTO_HANDLE,Well-defined customer issue with matching historical resolution evidence.,FALSE_ESCALATE
CASE_000957,"Dear @115858, your iOS update is completely awful. Now our phones have so much lag and glitches they are almost unusable. #help #iphonefail @AppleSupport Thank you for reaching out. Will dm soon. Apple store said we should upgrade phones, but they worked perfectly before iOS update. @AppleSupport They wanted us to dump our iPhone 6plus and buy the newest model, not update iOS.  Strangely they said 5s works better with new iOS.",OS_UPDATE_SYSTEM_PERFORMANCE,OS_UPDATE_SYSTEM_PERFORMANCE,0.44316235459612124,0.7612,1.0,True,NONE,"We'd be happy to help with this. This isn't what we like to hear. What kind of iPhone do you have? Definitely not what we want you to experience. Rest assured, we're glad to help. Please tell us all about what's going on. Let us know if this helps resolve the issue.",ESCALATE,LOW_INTENT_CONFIDENCE,Predicted intent confidence (0.4432) is below the validated confidence threshold (0.60).,SAFE_TO_AUTO_HANDLE,Well-defined customer issue with matching historical resolution evidence.,FALSE_ESCALATE
CASE_001504,Has @115858 resolved the issues with the iPhone 8 yet? 🤔,GENERAL_DEVICE_INQUIRY,GENERAL_DEVICE_INQUIRY,0.2356460785971102,0.7903,0.0,True,NONE,We'd like to help get this sorted out. That's not the type of experience that we'd like for you to have with your phone. Join us in DM here: https://t.co/GDrqU22YpT Let us know if you have any questions along the way.,ESCALATE,INTENT_EVIDENCE_MISMATCH,Retrieved evidence intent alignment (0.00%) is below the validated alignment threshold (66.00%).,SAFE_TO_AUTO_HANDLE,Well-defined customer issue with matching historical resolution evidence.,FALSE_ESCALATE
CASE_006316,my phone has been so laggy today @115858 fix this,GENERAL_DEVICE_INQUIRY,GENERAL_DEVICE_INQUIRY,0.386470262068609,0.8864,0.0,True,NONE,We'd be happy to help with this. We're here for you! We want your iPhone to be responsive and smooth at all times. Let us know which model of iPhone and version of iOS you're using. The exact version number can be found under Settings &gt; General &gt; About. Let us know if this helps resolve the issue.,ESCALATE,INTENT_EVIDENCE_MISMATCH,Retrieved evidence intent alignment (0.00%) is below the validated alignment threshold (66.00%).,SAFE_TO_AUTO_HANDLE,Well-defined customer issue with matching historical resolution evidence.,FALSE_ESCALATE
CASE_006515,literally my phone is the slowest shit on the planet right now and it’s getting on my nerves @115858 @AppleSupport,GENERAL_DEVICE_INQUIRY,GENERAL_DEVICE_INQUIRY,0.3393924586878902,0.8614,0.3333,True,NONE,"We'd like to help get this sorted out. We understand your concerns, but installing the new iOS software will help with that. For more information, please check out: https://t.co/osZOKKTalm We also recommend backing up your iPhone as well: https://t.co/4f8hwT5to6 After you've updated the iOS software to help with the unexpected restarts, join us in DM if you're still experiencing problems with the performance of your iPhone. We'll be happy to help get your iPhone working as it's intended to. https://t.co/GDrqU22YpT Let us know if you have any questions along the way.",ESCALATE,INTENT_EVIDENCE_MISMATCH,Retrieved evidence intent alignment (33.33%) is below the validated alignment threshold (66.00%).,SAFE_TO_AUTO_HANDLE,Well-defined customer issue with matching historical resolution evidence.,FALSE_ESCALATE
CASE_002971,@115858 @AppleSupport IOS 11 is killing me !!!! My phone is more or less a box now. I have to reboot it 7 times a day. Why why why why why !!,OS_UPDATE_SYSTEM_PERFORMANCE,OS_UPDATE_SYSTEM_PERFORMANCE,0.37792695539086074,0.7668,0.6667,True,NONE,We'd like to help get this sorted out. That's not good! Let's see why it's restarting. Are you on 11.0.2? Check at Settings &gt; General &gt; About. Let's continue to chat over in Direct Message so we can gather some further details. https://t.co/GDrqU22YpT Let us know if you have any questions along the way.,ESCALATE,LOW_INTENT_CONFIDENCE,Predicted intent confidence (0.3779) is below the validated confidence threshold (0.60).,SAFE_TO_AUTO_HANDLE,Well-defined customer issue with matching historical resolution evidence.,FALSE_ESCALATE
CASE_000616,"#iclouddrive isn’t uploading nor downloading any documents, its been 7 hours for me, no Mac and no iOS device is updating it @AppleSupport @AppleSupport Yes its working now, yesterday i moved everything from dropbox to icloud and today it seems like disaster, im glad that was temporary @AppleSupport Thanks Apple is the best",ACCOUNT_APPLEID_ICLOUD,ACCOUNT_APPLEID_ICLOUD,0.4615780509999039,0.6585,1.0,True,NONE,We'd like to help get this sorted out. Thank you for getting in touch with us. Please send us a DM including the country you're in. We'll continue there. https://t.co/GDrqU22YpT Let us know if you have any questions along the way.,ESCALATE,LOW_INTENT_CONFIDENCE,Predicted intent confidence (0.4616) is below the validated confidence threshold (0.60).,SAFE_TO_AUTO_HANDLE,Well-defined customer issue with matching historical resolution evidence.,FALSE_ESCALATE
CASE_002713,"@AppleSupport Why does my Phone icon sometimes dim? This happened 2-3 times in the last 2 weeks. Tapping it restores the bright green color. https://t.co/GSyURTWjOt @AppleSupport I saw it right after unlocking once (no other apps running), and right before locking the 2nd time (after using, I think, the Facebook app). @AppleSupport No, and no. The dimming was gone after tapping on the Phone app, and immediately after that, returning to the home screen. @AppleSupport Alright! Thank you! 👍🏻",DISPLAY_TOUCH_SCREEN,DISPLAY_TOUCH_SCREEN,0.4227703408222818,0.6894,0.3333,True,NONE,"We'd be happy to help with this. In iOS 11, you can adjust auto-brightness in Settings &gt; General &gt; Accessibility &gt; Display Accommodations. See if that helps. Let us know if this helps resolve the issue.",ESCALATE,CONFLICTING_EVIDENCE,Retrieved historical evidence contains conflicting troubleshooting paths or fragmented intents.,SAFE_TO_AUTO_HANDLE,Well-defined customer issue with matching historical resolution evidence.,FALSE_ESCALATE
CASE_004890,"@AppleSupport my iPhone alarm doesn’t work unless phone is unlocked. What’s the deal? @AppleSupport Thanks, but it looks like the problem solved itself. Suddenly the alarm started working even when locked.",GENERAL_DEVICE_INQUIRY,AUDIO_SOUND_SPEAKER,0.16862489444304934,0.7321,0.3333,True,NONE,We'd be happy to help with this. We’d be glad to help with that. Have you tried to delete all the alarms and create new ones? Let us know what happens. Let us know if this helps resolve the issue.,ESCALATE,CONFLICTING_EVIDENCE,Retrieved historical evidence contains conflicting troubleshooting paths or fragmented intents.,SAFE_TO_AUTO_HANDLE,Well-defined customer issue with matching historical resolution evidence.,FALSE_ESCALATE
CASE_005384,Hey @AppleSupport tell IOS 11 to stop changing my brightness on its own and bring back night shift @AppleSupport Hey can you guys fix this bullshit ass glitch where I️ can’t use the letter I️ or O most times? Thanks,KEYBOARD_TYPING_AUTOCORRECT,KEYBOARD_TYPING_AUTOCORRECT,0.4126647001445429,0.7525,0.0,True,NONE,We'd like to help get this sorted out. We're here to help you. Tell us more about what's happening with your display brightness and we'll do what we can to help. It sounds like you may have auto-brightness enabled. When this is enabled you'll notice that your device's brightness slider moves according to changing light conditions. Check out this article to disable that: https://t.co/bkqEVCrK2l Let us know if you have any questions along the way.,ESCALATE,INTENT_EVIDENCE_MISMATCH,Retrieved evidence intent alignment (0.00%) is below the validated alignment threshold (66.00%).,SAFE_TO_AUTO_HANDLE,Well-defined customer issue with matching historical resolution evidence.,FALSE_ESCALATE
CASE_001231,Issue started BEFORE latest update download.Trying to download now amid restarts every 2/3 mins. @AppleSupport when are you going to respond on this? @AppleSupport Hi. Thanks. New download fixed it. Quick action. Impressed!,OS_UPDATE_SYSTEM_PERFORMANCE,OS_UPDATE_SYSTEM_PERFORMANCE,0.30696527114731664,0.8216,0.0,True,NONE,"We'd be happy to help with this. We're anxious for you to have access to your downloads. Have you had a chance to restart the iPhone? If not, let's do that now. Let us know if this helps resolve the issue.",ESCALATE,INTENT_EVIDENCE_MISMATCH,Retrieved evidence intent alignment (0.00%) is below the validated alignment threshold (66.00%).,SAFE_TO_AUTO_HANDLE,Well-defined customer issue with matching historical resolution evidence.,FALSE_ESCALATE
CASE_000597,@AppleSupport How do I quit the High Sierra installer when it won't boot up so I can quit. https://t.co/oRioUTDkqP @AppleSupport I got it working. Thanks for the offer.,HOW_TO_SETTINGS_CONFIGURATION,GENERAL_DEVICE_INQUIRY,0.22022018998966236,0.7248,0.6667,True,NONE,We'd like to help get this sorted out. We are here for you. Let's take a look at this further. Reach out to us in DM. https://t.co/GDrqU22YpT Let us know if you have any questions along the way.,ESCALATE,LOW_INTENT_CONFIDENCE,Predicted intent confidence (0.2202) is below the validated confidence threshold (0.60).,SAFE_TO_AUTO_HANDLE,Well-defined customer issue with matching historical resolution evidence.,FALSE_ESCALATE
CASE_004760,@AppleSupport can you explain how I'm on the old OS? and it says installed? https://t.co/W7LC2Cxrs5,GENERAL_DEVICE_INQUIRY,GENERAL_DEVICE_INQUIRY,0.24960833187282963,0.6366,0.6667,True,NONE,"We'd like to help get this sorted out. Thanks for reaching out, we can look into this with you. For help with updates let's try this: https://t.co/Ui1yTnOCUz Great! Let us know if we can be of further help. Let us know if you have any questions along the way.",ESCALATE,WEAK_EVIDENCE,Top retrieval similarity (0.6366) is below the validated quality threshold (0.65).,SAFE_TO_AUTO_HANDLE,Well-defined customer issue with matching historical resolution evidence.,FALSE_ESCALATE
CASE_005873,"@AppleSupport https://t.co/J1Xgb4wVwN can you use different colours rather than different shades of the same one, which makes those markers undistinguishable?",GENERAL_DEVICE_INQUIRY,GENERAL_DEVICE_INQUIRY,0.3050109335305101,0.5937,1.0,True,NONE,"We'd be happy to help with this. If a replacement is needed, it'll be swapped out for the same model and color as your current model. No problem, we’re happy to help! Let us know if we can assist with anything in the future. Have a great day! Let us know if this helps resolve the issue.",ESCALATE,WEAK_EVIDENCE,Top retrieval similarity (0.5937) is below the validated quality threshold (0.65).,SAFE_TO_AUTO_HANDLE,Well-defined customer issue with matching historical resolution evidence.,FALSE_ESCALATE
CASE_003152,"@AppleSupport I need to edit my shipping address on my iPhone X order. I am unable to do it online. Options? Thanks much. @AppleSupport Tried calling multiple times. ZERO help. Went to the local Apple Store. Useless. 
I need to edit my shipping address. Can you help? Thanks. @AppleSupport I tried. There is no option allowing one to change/edit shipping address of an existing order. @AppleSupport “Your order may be ineligible for change online. Contact an Apple Online Store representative at 1-800-MY-APPLE for further assistance.” @AppleSupport I did. See pic. I’d like to know why am I jumping so many hoops to speak with a competent representative to simply help change an address ? https://t.co/OWwFkwWgsx @AppleSupport Hello, I am still waiting to resolve my problem. Anyone? @AppleSupport Hi there, any chance of helping me with my problem? I have repeatedly called, tweeted and tried online support. No luck. Thanks. @125580 @AppleSupport Why are you so unwilling to help, @AppleSupport? It's just removing old Address 2 field from ship address. Do it before her phone ships, plz @AppleSupport @AppleSupport @115858 @116333 Literally pleading for help here. Can someone help edit my shipping address before my iPhone X ships?",GENERAL_DEVICE_INQUIRY,GENERAL_DEVICE_INQUIRY,0.1463388120611119,0.7434,0.3333,True,NONE,"We'd like to help get this sorted out. We know your time is valuable. Our Apple Online Store team are the ones to assist ordering issues: https://t.co/8yjRd1Xo0i Send us a DM with the country you're located in, we want to be sure to provide you with the correct contact information. https://t.co/GDrqU2kzhr Let us know if you have any questions along the way.",ESCALATE,CONFLICTING_EVIDENCE,Retrieved historical evidence contains conflicting troubleshooting paths or fragmented intents.,SAFE_TO_AUTO_HANDLE,Well-defined customer issue with matching historical resolution evidence.,FALSE_ESCALATE
CASE_007298,"@115858 - please fix this problem with ios 11.1.2 https://t.co/0t8fpSJWyE @AppleSupport Issue is on iPhone6s. I am facing issue for email alerts. @AppleSupport Gmail aap.  Last email notification has issue. PFB new snapshot. Please fix it.
Device : iPhone6s https://t.co/05XKxOG9i2 @766048 @AppleSupport Money, Love and Luck.. Looks like you are into everything. 👍 @AppleSupport Its resolved",OS_UPDATE_SYSTEM_PERFORMANCE,KEYBOARD_TYPING_AUTOCORRECT,0.24125240118466162,0.74,0.6667,True,NONE,"We'd like to help get this sorted out. We'll be glad to help you get to the bottom of this issue. To get started, can you tell us which device and software are you using? We'll do everything we can to help resolve this issue. Have you tried a normal restart of the device? This simple step can resolve issues like this. This article explains how to do a normal restart: https://t.co/bc6P3CZFdY Thanks for confirming that. Are you currently connected to a good WI-Fi network or cellular data? We're happy to hear that worked. You know how to reach us if you ever need to again. We're online every day from 5am-8pm PST. Let us know if you have any questions along the way.",ESCALATE,LOW_INTENT_CONFIDENCE,Predicted intent confidence (0.2413) is below the validated confidence threshold (0.60).,SAFE_TO_AUTO_HANDLE,Well-defined customer issue with matching historical resolution evidence.,FALSE_ESCALATE
CASE_003416,Gutted my #iphone6Plus has died completely after update @115858 I can't even get life linking it to #Mac - can you help? please! @AppleSupport Thank you so much - have sent the details. Much appreciated,OS_UPDATE_SYSTEM_PERFORMANCE,OS_UPDATE_SYSTEM_PERFORMANCE,0.2232216689797085,0.6815,1.0,True,NONE,"We'd like to help get this sorted out. This isn't the experience we want you to have, at all. Please check out this article to resolve the issue: https://t.co/8MvHMFZ83h If this doesn't take care of it, DM and let us know. We'll be here to help. https://t.co/GDrqU22YpT We're glad to hear it's now been sorted. We're live on Twitter between 5 AM and 8 PM Pacific time. Reach out if we can be of further service. Let us know if you have any questions along the way.",ESCALATE,LOW_INTENT_CONFIDENCE,Predicted intent confidence (0.2232) is below the validated confidence threshold (0.60).,SAFE_TO_AUTO_HANDLE,Well-defined customer issue with matching historical resolution evidence.,FALSE_ESCALATE
CASE_006258,@115858 i updated my phone and the “i” is still doing the thing. fix it.,GENERAL_DEVICE_INQUIRY,GENERAL_DEVICE_INQUIRY,0.4238391010265151,0.9132,0.6667,True,NONE,"We'd be happy to help with this. Is it happening when you type, or just when you see other people type? If it's the latter, then the other people would need to update their devices. Okay, and what software version is the device currently running? Find that by navigating to Settings &gt; General &gt; About. Let us know if this helps resolve the issue.",ESCALATE,LOW_INTENT_CONFIDENCE,Predicted intent confidence (0.4238) is below the validated confidence threshold (0.60).,SAFE_TO_AUTO_HANDLE,Well-defined customer issue with matching historical resolution evidence.,FALSE_ESCALATE
CASE_006790,I’m pretty sure this is the WORST update @115858 has ever had. My phones all fucked ever since I updated it. 🤮,OS_UPDATE_SYSTEM_PERFORMANCE,OS_UPDATE_SYSTEM_PERFORMANCE,0.41649893669070503,0.8364,0.3333,True,NONE,We'd be happy to help with this. We're happy to help. Is your iPhone running slow when using specific apps? Have you tried any steps to resolve this issue? Let us know if this helps resolve the issue.,ESCALATE,CONFLICTING_EVIDENCE,Retrieved historical evidence contains conflicting troubleshooting paths or fragmented intents.,SAFE_TO_AUTO_HANDLE,Well-defined customer issue with matching historical resolution evidence.,FALSE_ESCALATE
CASE_000094,@115858 what have you done to my phone with the latest update?! Please fix it. The freezing is tedious and every1 is complaining #back2the90s @AppleSupport Thanks for sorting it @115858,OS_UPDATE_SYSTEM_PERFORMANCE,OS_UPDATE_SYSTEM_PERFORMANCE,0.5661157840886829,0.8436,0.3333,True,NONE,We'd be happy to help with this. Let's look into this for you. Send us a DM with your current iOS version and we can get started. Let us know if this helps resolve the issue.,ESCALATE,CONFLICTING_EVIDENCE,Retrieved historical evidence contains conflicting troubleshooting paths or fragmented intents.,SAFE_TO_AUTO_HANDLE,Well-defined customer issue with matching historical resolution evidence.,FALSE_ESCALATE
CASE_006348,"iOS 11 😒 @115858 @AppleSupport https://t.co/EbnOzGOyk5 @AppleSupport Same results always, iOS 11.0.3! @AppleSupport If you guys can help me go back to iOS 10 that would be perfect if not then don’t worry at all...",OS_UPDATE_SYSTEM_PERFORMANCE,OS_UPDATE_SYSTEM_PERFORMANCE,0.5333915360942962,0.8364,0.6667,True,NONE,We'd like to help get this sorted out. That's unexpected. Please let us know more about this via DM. https://t.co/GDrqU22YpT Let us know if you have any questions along the way.,ESCALATE,LOW_INTENT_CONFIDENCE,Predicted intent confidence (0.5334) is below the validated confidence threshold (0.60).,SAFE_TO_AUTO_HANDLE,Well-defined customer issue with matching historical resolution evidence.,FALSE_ESCALATE
CASE_004285,"Thx for the most advanced phone ever, @115858. Now please get rid of the ""sent from my iPhone"" sig at the bottom of every email I mean wtf",GENERAL_DEVICE_INQUIRY,GENERAL_DEVICE_INQUIRY,0.36496227695216565,0.6684,1.0,True,NONE,We'd like to help get this sorted out. Here’s what you can do to work around the issue until it’s fixed in a future software update: https://t.co/xXaXeeSRt9 Let us know if you have any questions along the way.,ESCALATE,LOW_INTENT_CONFIDENCE,Predicted intent confidence (0.3650) is below the validated confidence threshold (0.60).,SAFE_TO_AUTO_HANDLE,Well-defined customer issue with matching historical resolution evidence.,FALSE_ESCALATE
CASE_004495,Hi! @AppleSupport AirPods appear to be either not charging correctly or losing battery fast. This is recent behavior. (1) @AppleSupport Less than half an hour on the phone. I'll have to observe and report back to see if it continues. Thanks.,AUDIO_SOUND_SPEAKER,BATTERY_CHARGING_POWER,0.7114666462743449,0.7282,0.0,True,NONE,"We'd be happy to help with this. Let’s see what’s going on with your AirPods disconnecting. Does this also happen with Low Power Mode turned off? Is there another device you use your AirPods with? Glad to hear it. If you run into any further issues, please let us know. We're here every day from 5 a.m. Let us know if this helps resolve the issue.",ESCALATE,INTENT_EVIDENCE_MISMATCH,Retrieved evidence intent alignment (0.00%) is below the validated alignment threshold (66.00%).,SAFE_TO_AUTO_HANDLE,Well-defined customer issue with matching historical resolution evidence.,FALSE_ESCALATE
CASE_006403,"@115858 #Apple I️ may be late to the party, but what is up with the crazy question mark in a box autocorrect thingy that replaces the letter I️? It is super annoying.  Please help. Thank you. @AppleSupport Thank you! I am updating now.  Crossing my fingers that it works.",KEYBOARD_TYPING_AUTOCORRECT,KEYBOARD_TYPING_AUTOCORRECT,0.6270549609639927,0.8345,0.0,True,NONE,We'd like to help get this sorted out. Here’s what you can do to work around the issue until it’s fixed in a future software update: https://t.co/xXaXeeSRt9 Let us know if you have any questions along the way.,ESCALATE,INTENT_EVIDENCE_MISMATCH,Retrieved evidence intent alignment (0.00%) is below the validated alignment threshold (66.00%).,SAFE_TO_AUTO_HANDLE,Well-defined customer issue with matching historical resolution evidence.,FALSE_ESCALATE
CASE_005331,@115858 Puhleez get letter “i” issue together. It’s getting ridiculous at this point. @AppleSupport Thank you. I’ve tried and it does not work.,GENERAL_DEVICE_INQUIRY,KEYBOARD_TYPING_AUTOCORRECT,0.47453225714517894,0.8121,0.0,True,NONE,We'd like to help get this sorted out. We're glad you reached out! This issue has been fixed with the latest iOS 11.1.1 update. You can find out more information here: https://t.co/xXaXeeSRt9 Be sure to back up your iPhone before updating. Let us know if you have any questions along the way.,ESCALATE,INTENT_EVIDENCE_MISMATCH,Retrieved evidence intent alignment (0.00%) is below the validated alignment threshold (66.00%).,SAFE_TO_AUTO_HANDLE,Well-defined customer issue with matching historical resolution evidence.,FALSE_ESCALATE
CASE_001279,@AppleSupport PLEASE sort out the bug that makes my phone crash every minute! It’s ridiculous! #iOS112 update @AppleSupport @247552 What happened https://t.co/QcwnhmKjNW @AppleSupport Will this be another update or will be done automatically,OS_UPDATE_SYSTEM_PERFORMANCE,OS_UPDATE_SYSTEM_PERFORMANCE,0.44082589675485795,0.8101,0.3333,True,NONE,We'd be happy to help with this. Let's work on this together and see how we can help. Which version of iOS 11 are you on? Check here: Settings &gt; General &gt; About &gt; Version. Are you seeing this issue with only specific apps? Let us know if this helps resolve the issue.,ESCALATE,INTENT_EVIDENCE_MISMATCH,Retrieved evidence intent alignment (33.33%) is below the validated alignment threshold (66.00%).,SAFE_TO_AUTO_HANDLE,Well-defined customer issue with matching historical resolution evidence.,FALSE_ESCALATE
CASE_007484,"@AppleSupport my iPhone won’t back up, the time remaining increases but nothing happens . Updated software but the issue seems to be ongoing. @AppleSupport Thanks. iCloud and there’s enough space on it for the back up @AppleSupport Yes. Same issue.",ACCOUNT_APPLEID_ICLOUD,ACCOUNT_APPLEID_ICLOUD,0.44009594707164806,0.7214,0.3333,True,NONE,"We'd be happy to help with this. That's an unsual amount of time for a backup, but it can depend on a few things and we'd like to help. Which model is it? We're glad to hear you got it fixed and no problem! Just reach out if you need our help again and have a good one. Let us know if this helps resolve the issue.",ESCALATE,INTENT_EVIDENCE_MISMATCH,Retrieved evidence intent alignment (33.33%) is below the validated alignment threshold (66.00%).,SAFE_TO_AUTO_HANDLE,Well-defined customer issue with matching historical resolution evidence.,FALSE_ESCALATE
CASE_001489,"Ever since the last update, my iphones music constantly pauses without me clicking it @AppleSupport",APP_STORE_PURCHASES_BILLING,APP_STORE_PURCHASES_BILLING,0.41527523930772897,0.8306,0.0,True,NONE,We'd like to help get this sorted out. We'd like to help out. Have you tried re-pairing your device from your vehicle? Follow these steps here: https://t.co/I9TW6hr6YS Let us know if you have any questions along the way.,ESCALATE,INTENT_EVIDENCE_MISMATCH,Retrieved evidence intent alignment (0.00%) is below the validated alignment threshold (66.00%).,SAFE_TO_AUTO_HANDLE,Well-defined customer issue with matching historical resolution evidence.,FALSE_ESCALATE
CASE_000936,@AppleSupport just updated to ios11.0.2 and now cannot make calls and calls I receive get disconnected! @AppleSupport I think the ios11.0.2 has not been compatible with my network provider EE. This happened when I updated software today! @AppleSupport it seems the problem was with my service provider and it has now been resolved! Thank you for contacting me!,CONNECTIVITY_WIFI_BLUETOOTH,CONNECTIVITY_WIFI_BLUETOOTH,0.511276171180738,0.7867,0.6667,True,NONE,We'd like to help get this sorted out. We'd like to help. Does this happen in multiple locations? Have you tried rebooting the device to see if that helps? Let's meet in DM and we can continue there: https://t.co/GDrqU22YpT Let us know if you have any questions along the way.,ESCALATE,LOW_INTENT_CONFIDENCE,Predicted intent confidence (0.5113) is below the validated confidence threshold (0.60).,SAFE_TO_AUTO_HANDLE,Well-defined customer issue with matching historical resolution evidence.,FALSE_ESCALATE
CASE_005673,@115858 my iPhone 6 suddenly has no service.Any suggestions?,CONNECTIVITY_WIFI_BLUETOOTH,CONNECTIVITY_WIFI_BLUETOOTH,0.39610653196272483,0.727,0.6667,True,NONE,We'd be happy to help with this. Thanks for reaching out. We can look into this issue with you. Which exact iOS version is your device currently running? We want to make sure that you're running the latest version. You can check this through Settings &gt; General &gt; About. Let us know if this helps resolve the issue.,ESCALATE,LOW_INTENT_CONFIDENCE,Predicted intent confidence (0.3961) is below the validated confidence threshold (0.60).,SAFE_TO_AUTO_HANDLE,Well-defined customer issue with matching historical resolution evidence.,FALSE_ESCALATE
CASE_001628,@AppleSupport when ever I try to download an app it won’t go past the loading circle even after I have done Touch ID @AppleSupport It is,DISPLAY_TOUCH_SCREEN,DISPLAY_TOUCH_SCREEN,0.336423935876609,0.7575,0.0,True,NONE,We'd like to help get this sorted out. We're happy to help. Let us know if there is any chnage after restarting your iPhone like this: https://t.co/OWRDHWSt4h We're glad to hear that worked. Don't hesitate to reach back out if you ever have any questions or concerns for us. Let us know if you have any questions along the way.,ESCALATE,INTENT_EVIDENCE_MISMATCH,Retrieved evidence intent alignment (0.00%) is below the validated alignment threshold (66.00%).,SAFE_TO_AUTO_HANDLE,Well-defined customer issue with matching historical resolution evidence.,FALSE_ESCALATE
CASE_001398,@AppleSupport Where’s my option to use #ApplePayCash ? https://t.co/PXQpaaoRqq @AppleSupport So since I have 11.2 installed currently I should be able to access this feature next week?,HOW_TO_SETTINGS_CONFIGURATION,HOW_TO_SETTINGS_CONFIGURATION,0.32212294540369973,0.8492,0.3333,True,NONE,"We'd be happy to help with this. If you're in the US, those features will require iOS 11.2 and will begin rolling out early next week. Let us know if this helps resolve the issue.",ESCALATE,CONFLICTING_EVIDENCE,Retrieved historical evidence contains conflicting troubleshooting paths or fragmented intents.,SAFE_TO_AUTO_HANDLE,Well-defined customer issue with matching historical resolution evidence.,FALSE_ESCALATE
CASE_006782,I'm convinced my phone hates me. I haven't been getting messages for the past week. I need you to fix this @115858 because I'm tired.,GENERAL_DEVICE_INQUIRY,GENERAL_DEVICE_INQUIRY,0.25788230283732905,0.7101,0.6667,True,NONE,We'd like to help get this sorted out. It's important that you have an iPhone that works. Join us in DM with details on what is happening with your device and we'll work on it together. https://t.co/GDrqU22YpT We're glad that's worked out for you. Have a great day. Let us know if you have any questions along the way.,ESCALATE,LOW_INTENT_CONFIDENCE,Predicted intent confidence (0.2579) is below the validated confidence threshold (0.60).,SAFE_TO_AUTO_HANDLE,Well-defined customer issue with matching historical resolution evidence.,FALSE_ESCALATE
CASE_002497,Since #iOS11 my notifications have been messed up. Can you sort it out please @115858 @AppleSupport It’s not everyday what version. Bye.,KEYBOARD_TYPING_AUTOCORRECT,KEYBOARD_TYPING_AUTOCORRECT,0.31734054171029086,0.8381,1.0,True,NONE,We'd like to help get this sorted out. We want to help. Can you clarify what is going on? Are you no longer receiving notifications from any apps? Please check to see if you have any available updates for those apps. Meet us in DM and we’ll explore your options. https://t.co/GDrqU22YpT Let us know if you have any questions along the way.,ESCALATE,LOW_INTENT_CONFIDENCE,Predicted intent confidence (0.3173) is below the validated confidence threshold (0.60).,SAFE_TO_AUTO_HANDLE,Well-defined customer issue with matching historical resolution evidence.,FALSE_ESCALATE
CASE_005983,". @AppleSupport you need to work on this bug, it’s a real self-esteem killer https://t.co/iwv0acDzuH",GENERAL_DEVICE_INQUIRY,GENERAL_DEVICE_INQUIRY,0.38258338789896507,0.6954,1.0,True,NONE,"We'd like to help get this sorted out. We recently released an iOS update, 11.1.1, that contains a fix for autocorrect issues. Let’s be sure to back up your device prior to updating. Follow the steps here: https://t.co/80YRnjDFDk Let us know if you have any questions along the way.",ESCALATE,LOW_INTENT_CONFIDENCE,Predicted intent confidence (0.3826) is below the validated confidence threshold (0.60).,SAFE_TO_AUTO_HANDLE,Well-defined customer issue with matching historical resolution evidence.,FALSE_ESCALATE
CASE_000935,Why is my iPhone tripping w this new update @AppleSupport @AppleSupport @216977 Mine too. Can ya'll send me a new one @AppleSupport When I try making a call it won’t go through. When it does go through I can’t hear anything,AUDIO_SOUND_SPEAKER,OS_UPDATE_SYSTEM_PERFORMANCE,0.25047971773546485,0.8163,0.0,True,NONE,We'd like to help get this sorted out. We understand the importance of being heard on calls. Check out this article and see if it helps. https://t.co/rDJwu6CX24 Let us know if you have any questions along the way.,ESCALATE,INTENT_EVIDENCE_MISMATCH,Retrieved evidence intent alignment (0.00%) is below the validated alignment threshold (66.00%).,SAFE_TO_AUTO_HANDLE,Well-defined customer issue with matching historical resolution evidence.,FALSE_ESCALATE
CASE_007032,@115858 still waiting for my phone to work properly after this update............................. @AppleSupport I’ve tried and you want me to buy a new phone and it ain’t happening thanks for your no help at all you suck,OS_UPDATE_SYSTEM_PERFORMANCE,OS_UPDATE_SYSTEM_PERFORMANCE,0.2268356110381803,0.8358,1.0,True,NONE,"We'd be happy to help with this. We're glad you've reached out to us, we're eager to help. What's going on with your iPhone? Which iOS version are we working with? That's in Settings &gt; General &gt; About. Let us know if this helps resolve the issue.",ESCALATE,LOW_INTENT_CONFIDENCE,Predicted intent confidence (0.2268) is below the validated confidence threshold (0.60).,SAFE_TO_AUTO_HANDLE,Well-defined customer issue with matching historical resolution evidence.,FALSE_ESCALATE
CASE_002498,The new @AppleSupport iOS messing with my Touch ID. Can’t even reset it now. https://t.co/9ZkPCyzHsi @AppleSupport Thanks for a response on a Sunday. Just sent.,DISPLAY_TOUCH_SCREEN,DISPLAY_TOUCH_SCREEN,0.3887896149946434,0.8081,1.0,True,NONE,We'd like to help get this sorted out. Let's help get this resolved. Please check out this article: https://t.co/xqiXha6yeB Keep us posted on the results. Let us know if you have any questions along the way.,ESCALATE,LOW_INTENT_CONFIDENCE,Predicted intent confidence (0.3888) is below the validated confidence threshold (0.60).,SAFE_TO_AUTO_HANDLE,Well-defined customer issue with matching historical resolution evidence.,FALSE_ESCALATE
CASE_003048,@AppleSupport hi. I have a problem with my MacBook Air. It didn't do the iOS update fully and now I have this when I turn it on https://t.co/cMnusUtLf8 @AppleSupport Just dmed you. Thank you,OS_UPDATE_SYSTEM_PERFORMANCE,OS_UPDATE_SYSTEM_PERFORMANCE,0.3631184699609222,0.7624,0.6667,True,NONE,We'd be happy to help with this. We’ve received your DM and will continue there shortly. Thank you for your patience. Let us know if this helps resolve the issue.,ESCALATE,LOW_INTENT_CONFIDENCE,Predicted intent confidence (0.3631) is below the validated confidence threshold (0.60).,SAFE_TO_AUTO_HANDLE,Well-defined customer issue with matching historical resolution evidence.,FALSE_ESCALATE
CASE_000838,"Yo @AppleSupport, I updated to 11.0.2 and now can no longer login to iMessage at all. Cannot send/receive anything. @AppleSupport It won’t let me sign in. Just says unable to reach server. I’ve found a work around for now. But 11.0.2 is buggggyyyy",ACCOUNT_APPLEID_ICLOUD,ACCOUNT_APPLEID_ICLOUD,0.23447950740145398,0.7811,0.3333,True,NONE,We'd like to help get this sorted out. We want to help you with this. Have you been logged into them on this device before? What iOS are you running? What steps have you tried to resolve this? Aside from changing the password what else have you tried? Did this happen after you updated? Can you follow these steps and let us know if anything changes? https://t.co/jhvYu3nzpA Thanks. Let's look into that further. Send us a DM and we'll go from there. https://t.co/GDrqU22YpT Let us know if you have any questions along the way.,ESCALATE,CONFLICTING_EVIDENCE,Retrieved historical evidence contains conflicting troubleshooting paths or fragmented intents.,SAFE_TO_AUTO_HANDLE,Well-defined customer issue with matching historical resolution evidence.,FALSE_ESCALATE
CASE_001469,"@115858 @AppleSupport my phone is freezing after this new update. When I go through suspended apps and select one it stops. Have to press home button twice then unlock, kill app and reopen",ACCOUNT_APPLEID_ICLOUD,APP_CRASH_AND_DOWNLOAD,0.49030902623490785,0.8017,0.3333,True,NONE,"We'd be happy to help with this. We're here to help! Let us gather some information on the issues you are experiencing, then we can work together to resolve this from there. Which applications on your device are crashing? How often does your device freeze? Which iOS is currently installed? Let us know if this helps resolve the issue.",ESCALATE,CONFLICTING_EVIDENCE,Retrieved historical evidence contains conflicting troubleshooting paths or fragmented intents.,SAFE_TO_AUTO_HANDLE,Well-defined customer issue with matching historical resolution evidence.,FALSE_ESCALATE
CASE_000102,Why every time I️ type I️ it’s a question mark @AppleSupport @AppleSupport 11.0.3 https://t.co/d7fsU9eKd9,GENERAL_DEVICE_INQUIRY,GENERAL_DEVICE_INQUIRY,0.46418915784899945,0.8337,0.6667,True,NONE,"We'd like to help get this sorted out. We are here to help. We've got an article that addresses this behavior. Check it out here: https://t.co/xU1AGHStV6 Help has arrived. Check out this article, it should do the trick: https://t.co/xU1AGHStV6 Let us know if you have any questions along the way.",ESCALATE,LOW_INTENT_CONFIDENCE,Predicted intent confidence (0.4642) is below the validated confidence threshold (0.60).,SAFE_TO_AUTO_HANDLE,Well-defined customer issue with matching historical resolution evidence.,FALSE_ESCALATE
CASE_003783,@AppleSupport I am still seeing the square with the question mark Inside even after updating to the new iOS,GENERAL_DEVICE_INQUIRY,GENERAL_DEVICE_INQUIRY,0.2589708275112655,0.7562,0.3333,True,NONE,We'd like to help get this sorted out. Let’s work together on this. Could you let us know which device and iOS version you’re using via a DM? We’ll go from there. https://t.co/GDrqU22YpT Congratulations on your new iPhone X! Please don't hesitate to reach out should you require assistance! Let us know if you have any questions along the way.,ESCALATE,INTENT_EVIDENCE_MISMATCH,Retrieved evidence intent alignment (33.33%) is below the validated alignment threshold (66.00%).,SAFE_TO_AUTO_HANDLE,Well-defined customer issue with matching historical resolution evidence.,FALSE_ESCALATE
CASE_001054,"@115858 Contacts app is no longer working on my MacBook Air Laptop. I can add contacts on my phone, but if I add them on my laptop, they immediately disappear. Already tried rebooting entire computer. @AppleSupport Yes. Easily able to save new files. 400 GB available. @AppleSupport And now it's working. Spent an hour trying to get it to work before Tweeting. Rebooted, etc. Nothing worked. Now, it works. @AppleSupport Now it's not working again.",GENERAL_DEVICE_INQUIRY,AUDIO_SOUND_SPEAKER,0.14337127332820138,0.7424,0.0,True,NONE,We'd be happy to help with this. We'll respond to your DM shortly. Look for us there. Let us know if this helps resolve the issue.,ESCALATE,CONFLICTING_EVIDENCE,Retrieved historical evidence contains conflicting troubleshooting paths or fragmented intents.,SAFE_TO_AUTO_HANDLE,Well-defined customer issue with matching historical resolution evidence.,FALSE_ESCALATE
CASE_006677,"@AppleSupport ""Could not activate iphone"" ""activation server cannot be reached"". Any issue? @AppleSupport I used Itunes to do it. It worked. A bit disappointed that it didn't work directly from my iPhone 7 plus.",APP_STORE_PURCHASES_BILLING,APP_STORE_PURCHASES_BILLING,0.25038498986319346,0.8455,0.0,True,NONE,We'd like to help get this sorted out. Congrats on the new iPhone X! These steps can help with Activation issues: https://t.co/cJ57VP3gxT DM us if still an issue. https://t.co/GDrqU22YpT Let us know if you have any questions along the way.,ESCALATE,INTENT_EVIDENCE_MISMATCH,Retrieved evidence intent alignment (0.00%) is below the validated alignment threshold (66.00%).,SAFE_TO_AUTO_HANDLE,Well-defined customer issue with matching historical resolution evidence.,FALSE_ESCALATE
CASE_005958,I'm mad at @115858 well the Apple Store situation this morning if you would like to talk to me @115858 Story time: was at the Apple Store between 9-930 am this morning waiting for the iPhone x and then the lines got messed up and we were there before all these people and then got stuck sent to the back of the line bc they couldn't prove who was where. And we were next In line.. And people we're buying multiple iPhone x's at once. Like where's the limit on that? After that they were like the iphones for at&amp;t ran out. And if we weren't cut off by all these people and bad service we would of had the iPhone x Thanks for the shitty service @115858 and I can't even get a hold of anyone over the phone. For this ha,GENERAL_DEVICE_INQUIRY,CONNECTIVITY_WIFI_BLUETOOTH,0.1918184234383744,0.7346,0.0,True,NONE,We'd like to help get this sorted out. Thanks for letting us know. That’s not the experience we want you to have. Please let us know more via DM. https://t.co/GDrqU22YpT We're glad to hear the update helped resolve the issue. Reach back out to us if you need us. We'll be here to help. Let us know if you have any questions along the way.,ESCALATE,INTENT_EVIDENCE_MISMATCH,Retrieved evidence intent alignment (0.00%) is below the validated alignment threshold (66.00%).,SAFE_TO_AUTO_HANDLE,Well-defined customer issue with matching historical resolution evidence.,FALSE_ESCALATE
CASE_003284,Someone from @115858 care to explain the “I️” bug that’s been plaguing us today? @AppleSupport 11 @AppleSupport @447923 TATI I️ am having the same issue lol. I️ updated today and it was happening before and after the update @AppleSupport Still having the issue @AppleSupport @447923 I️ did a factory reset of my settings and it worked @AppleSupport @447923 .... nevermind,OS_UPDATE_SYSTEM_PERFORMANCE,OS_UPDATE_SYSTEM_PERFORMANCE,0.27203619024000936,0.8938,1.0,True,NONE,We'd like to help get this sorted out. Thanks for reaching out. We currently have a workaround for this. Here's how: https://t.co/xXaXeeSRt9 Let us know if you have any questions along the way.,ESCALATE,LOW_INTENT_CONFIDENCE,Predicted intent confidence (0.2720) is below the validated confidence threshold (0.60).,SAFE_TO_AUTO_HANDLE,Well-defined customer issue with matching historical resolution evidence.,FALSE_ESCALATE
CASE_000978,this “I” turning into a question mark and an A has been going on for too long. kinda don’t even want to tweet/text anymore @AppleSupport @115858,GENERAL_DEVICE_INQUIRY,KEYBOARD_TYPING_AUTOCORRECT,0.4344681475114346,0.723,0.0,True,NONE,"We'd like to help get this sorted out. We are here to help. We've got an article that addresses this behavior. Check it out here: https://t.co/xU1AGHStV6 Help has arrived. Check out this article, it should do the trick: https://t.co/xU1AGHStV6 Let us know if you have any questions along the way.",ESCALATE,INTENT_EVIDENCE_MISMATCH,Retrieved evidence intent alignment (0.00%) is below the validated alignment threshold (66.00%).,SAFE_TO_AUTO_HANDLE,Well-defined customer issue with matching historical resolution evidence.,FALSE_ESCALATE
CASE_004236,@115858 why can’t i connect my phone to my car since the update? @AppleSupport 7 plus. I plug my charger cord to my car @AppleSupport it reads the phone and plays music usually. Since the update it won’t read the phone. My brothers phone worked no update,BATTERY_CHARGING_POWER,OS_UPDATE_SYSTEM_PERFORMANCE,0.189034973438777,0.7306,0.3333,True,NONE,"We'd like to help get this sorted out. We're here for you. Which iPhone do you have, and what version of iOS are you on now? Check https://t.co/80YRnjDFDk for tips. Which device are you trying to update? Does it see an update available under Settings &gt; General &gt; Software Update? Your iPhone is currently at it's maximum allowed software level. You won't be able to update it to iOS 11. Let us know if you have any questions along the way.",ESCALATE,CONFLICTING_EVIDENCE,Retrieved historical evidence contains conflicting troubleshooting paths or fragmented intents.,SAFE_TO_AUTO_HANDLE,Well-defined customer issue with matching historical resolution evidence.,FALSE_ESCALATE
CASE_007268,"@AppleSupport I have an iPhone X reservation to collect 18-18.30, am I able to collect it earlier or does it have to be that specific time? https://t.co/uhYD1B2xdc @AppleSupport Great. Thank you for your help.",GENERAL_DEVICE_INQUIRY,GENERAL_DEVICE_INQUIRY,0.24136635743413182,0.6114,0.3333,True,NONE,"We'd like to help get this sorted out. We want to help. Have you checked your Junk mail folders to see if it arrived there? Glad to hear that has appeared. For any questions about your shipping date, reach out to our sales team: https://t.co/8yjRd1Xo0i Let us know if you have any questions along the way.",ESCALATE,CONFLICTING_EVIDENCE,Retrieved historical evidence contains conflicting troubleshooting paths or fragmented intents.,SAFE_TO_AUTO_HANDLE,Well-defined customer issue with matching historical resolution evidence.,FALSE_ESCALATE
CASE_002663,@AppleSupport issues regarding iPhone SE after installing IOS 11.0.2 update ..phone gets hanged! @4305 app also facing problems,OS_UPDATE_SYSTEM_PERFORMANCE,OS_UPDATE_SYSTEM_PERFORMANCE,0.4022940426816009,0.7792,0.6667,True,NONE,We'd like to help get this sorted out. That’s not what we’d like to hear. Can you let us know what apps you have the most issues with via DM? https://t.co/GDrqU22YpT Let us know if you have any questions along the way.,ESCALATE,LOW_INTENT_CONFIDENCE,Predicted intent confidence (0.4023) is below the validated confidence threshold (0.60).,SAFE_TO_AUTO_HANDLE,Well-defined customer issue with matching historical resolution evidence.,FALSE_ESCALATE
CASE_003354,"Honestly, @AppleSupport , after installing iOS 11 &amp; 11.1 my @123765 app no longer works? Timeline won’t refresh &amp; can only update on web @456289 @AppleSupport @123765 Same here. Annoying. @AppleSupport This is the second time I’ve deleted and reinstalled. It seems to be refreshing the timeline for now. @AppleSupport Alteady done all those things. Nothing helped @AppleSupport It is the updated. It seems to be working now with the last delete and reinstall. Thanks!",OS_UPDATE_SYSTEM_PERFORMANCE,OS_UPDATE_SYSTEM_PERFORMANCE,0.292420966377935,0.6926,1.0,True,NONE,"We'd be happy to help with this. We want to help with any issues you're having. Does restarting your iOS device have any impact on the issue? If not, remove one of the apps, restart your iPhone, and install the app. Test it out and let us know if either of these steps helped. Let us know if this helps resolve the issue.",ESCALATE,LOW_INTENT_CONFIDENCE,Predicted intent confidence (0.2924) is below the validated confidence threshold (0.60).,SAFE_TO_AUTO_HANDLE,Well-defined customer issue with matching historical resolution evidence.,FALSE_ESCALATE
CASE_001227,"@AppleSupport hey guys, the native music app crashes continually. I wouldn’t  restore my iphone. Any suggestion? @AppleSupport Thank you for helping. I just fixed it by updating to iO11.2",APP_CRASH_AND_DOWNLOAD,APP_STORE_PURCHASES_BILLING,0.43970520548618314,0.818,0.3333,True,NONE,We'd be happy to help with this. We'd love to help get you back into your music. What iOS version do you have? Have you tried to restart the iPhone? Let us know if this helps resolve the issue.,ESCALATE,INTENT_EVIDENCE_MISMATCH,Retrieved evidence intent alignment (33.33%) is below the validated alignment threshold (66.00%).,SAFE_TO_AUTO_HANDLE,Well-defined customer issue with matching historical resolution evidence.,FALSE_ESCALATE
CASE_007701,"@AppleSupport Been facing this weird animation bug on iMessage and mail app ever since I updated to ios 11 on my iPhone 6 which has now carried over to my iPhone X. Only a reboot fixes this! I have tried resetting my settings but to no avail.Been driving me crazy!Any suggestions? https://t.co/QpvFZimUwJ @AppleSupport This issue was present even on my iPhone 6 and after updating to ios 11. After purchasing my iPhone X, I set it up from an iCloud backup of my iPhone 6. I still face the issue intermittently and it typically crops up every 2-3 days. It goes away only after rebooting the phone. @AppleSupport I did a settings reset on my phone which did not work.Also,closing the app from the app switching screen does not resolve the issue. I have been trying to isolate the cause which might be doing this but so far have failed to figure anything out.It seems to pop up randomly so far. @AppleSupport Thanks. I'll keep an eye out and try to isolate the cause. It might be due to some rogue app!!",DISPLAY_TOUCH_SCREEN,DISPLAY_TOUCH_SCREEN,0.28397395284878685,0.6882,0.3333,True,NONE,"We'd like to help get this sorted out. Definitely not expected behavior, but we can help resolve this. Which device is this on? Which version of the iOS is currently installed? What troubleshooting, if any, have you tried thus far? We want to make sure we don't have you repeat any steps. For example, have you had a chance to power the iPhone off and back on again as of yet? If not, give that a go now and let us know if it has any effect. Just to clarify for our end, you've restarted the device and since then it appears to be working properly, correct? This may have just started with the boot up this morning, then been resolved with the restart. Keep an eye on it for now, and if you see it re-occur take screenshots of it and then send those to us via DM. https://t.co/GDrqU22YpT Let us know if you have any questions along the way.",ESCALATE,CONFLICTING_EVIDENCE,Retrieved historical evidence contains conflicting troubleshooting paths or fragmented intents.,SAFE_TO_AUTO_HANDLE,Well-defined customer issue with matching historical resolution evidence.,FALSE_ESCALATE
CASE_000604,"@AppleSupport my wifes iPhone 8 is hung up, how do I do a hard restart? @AppleSupport I had found all those solutions, and none worked.  I turned on the flashlight, ran the battery out until it shut off.  Then charged and on.😶",BATTERY_CHARGING_POWER,BATTERY_CHARGING_POWER,0.5098036321191486,0.6856,0.3333,True,NONE,"We'd like to help get this sorted out. Thanks for reaching out. This article will guide you through getting your iPhone back up and running: https://t.co/o7nB3pXfMv The same speed as if you were trying to adjust your iPhone volume up or down. A simple click and release for the up button, then a simple click and release of the down button, then hold the Side (power) button until the Apple logo appears. https://t.co/GDrqU22YpT Let us know if you have any questions along the way.",ESCALATE,CONFLICTING_EVIDENCE,Retrieved historical evidence contains conflicting troubleshooting paths or fragmented intents.,SAFE_TO_AUTO_HANDLE,Well-defined customer issue with matching historical resolution evidence.,FALSE_ESCALATE
CASE_001487,"What the witch tits is going on with my iPhone @115858 ?!?! I updated it and now I can barely get a text out before it restarts!! Get it together!! 🤬
Attempt 6 to post* @AppleSupport If I have anymore troubles, I certainly will. Thank you for reaching out! Turns out, I was mistaken and the update didn’t go through originally. It is all good now. Thanks!",OS_UPDATE_SYSTEM_PERFORMANCE,OS_UPDATE_SYSTEM_PERFORMANCE,0.2568096724120619,0.7906,0.6667,True,NONE,"We'd like to help get this sorted out. We'd like to help. Check out this article for assistance: https://t.co/xU1AGHStV6 Wonderful! If you need anything else, please let us know. Let us know if you have any questions along the way.",ESCALATE,LOW_INTENT_CONFIDENCE,Predicted intent confidence (0.2568) is below the validated confidence threshold (0.60).,SAFE_TO_AUTO_HANDLE,Well-defined customer issue with matching historical resolution evidence.,FALSE_ESCALATE
CASE_005488,"@AppleSupport I️ don’t know if it’s me, but I️ think something is a little off here https://t.co/UDZyFm1SQz",GENERAL_DEVICE_INQUIRY,GENERAL_DEVICE_INQUIRY,0.2849325594296982,0.7403,1.0,True,NONE,"We'd like to help get this sorted out. We're more than happy to help get your device up-to-date. First, let's try each of the steps (including deleting and redownloading the update) here: https://t.co/p76Gaa97kg Let us know the results, and we'll continue working together. Let us know if you have any questions along the way.",ESCALATE,LOW_INTENT_CONFIDENCE,Predicted intent confidence (0.2849) is below the validated confidence threshold (0.60).,SAFE_TO_AUTO_HANDLE,Well-defined customer issue with matching historical resolution evidence.,FALSE_ESCALATE
CASE_001465,@115858 @AppleSupport why is the iPhone 8 such a piece of crap. Literally had it a month and it’s already not working properly.,GENERAL_DEVICE_INQUIRY,GENERAL_DEVICE_INQUIRY,0.2057404798113613,0.7788,0.3333,True,NONE,We'd be happy to help with this. Can you tell us a bit about the trouble you're running into? We're happy to help get your iPhone working like it should be! Let us know if this helps resolve the issue.,ESCALATE,INTENT_EVIDENCE_MISMATCH,Retrieved evidence intent alignment (33.33%) is below the validated alignment threshold (66.00%).,SAFE_TO_AUTO_HANDLE,Well-defined customer issue with matching historical resolution evidence.,FALSE_ESCALATE
CASE_003977,@AppleSupport  Hi. Can you tell me how I view purchase history on an iPad running iOS11 that is under parental control for purchasing pls? @AppleSupport The icon to view profile is missing so I can’t view purchase history https://t.co/WVUQLmmRjX @AppleSupport Hi. No profile picture on there either. This iPad is under parental control btw. Can’t install family sharing apps https://t.co/YxAw84GtE1 @AppleSupport Hi. I fixed it. If you disable account changes via restrictions then you can’t view purchase history. Seems like a bug or bad design? @AppleSupport Different issue now. Can’t redownload. It wasn’t cancelled or refunded and it was purchased in this family. https://t.co/i3TOjFkjGK @AppleSupport Ok I fixed it. Your error messages are totally wrong.,APP_STORE_PURCHASES_BILLING,APP_STORE_PURCHASES_BILLING,0.3807196891272612,0.5656,0.6667,True,NONE,"We'd like to help get this sorted out. Thanks for reaching out to us. We are always happy to help. To clarify, are you trying to download previous iTunes purchases, or just trying to see what you ordered? Thanks for following up. You can go to https://t.co/TnACmwZbFZ to take a look at your purchase history and take care of any invalid purchases. That's great news! Reach out to us here if you ever need assistance. Let us know if you have any questions along the way.",ESCALATE,WEAK_EVIDENCE,Top retrieval similarity (0.5656) is below the validated quality threshold (0.65).,SAFE_TO_AUTO_HANDLE,Well-defined customer issue with matching historical resolution evidence.,FALSE_ESCALATE
CASE_004130,@AppleSupport the letter “i” keeps getting autocorrected to this symbol crap. What’s going on? https://t.co/OGAn669ox8 @AppleSupport Awesome thanks!,GENERAL_DEVICE_INQUIRY,KEYBOARD_TYPING_AUTOCORRECT,0.4447792198074151,0.8564,0.0,True,NONE,"We'd like to help get this sorted out. Thanks for reaching out. An update has been released to assist with this issue. If you haven’t yet, please back up your device and update it to iOS 11.1.1. For more info, check out: https://t.co/4f8hwT5to6 You're welcome! Let us know if you have any questions along the way.",ESCALATE,INTENT_EVIDENCE_MISMATCH,Retrieved evidence intent alignment (0.00%) is below the validated alignment threshold (66.00%).,SAFE_TO_AUTO_HANDLE,Well-defined customer issue with matching historical resolution evidence.,FALSE_ESCALATE
CASE_003760,"@AppleSupport My default Pictures location in my @116230 laptop is in @130906 Now, I've changed the uploads and downloads part of iCloud Photo library to personal folder. If i try to change the Shared folder location, it goes back to #OneDrive location. #Help @AppleSupport It’s quite late. I’ve got support through the app of yours.🤣✌️✌️",ACCOUNT_APPLEID_ICLOUD,ACCOUNT_APPLEID_ICLOUD,0.5520903636071675,0.6183,1.0,True,NONE,We'd like to help get this sorted out. Let's help get this sorted. Is iCloud Photo Library enabled as shown here? https://t.co/8YUslsnsM5 Let us know in DM. https://t.co/GDrqU22YpT We want to help. Meet us in DM and we'll work towards a solution together. https://t.co/GDrqU2kzhr Let us know if you have any questions along the way.,ESCALATE,WEAK_EVIDENCE,Top retrieval similarity (0.6183) is below the validated quality threshold (0.65).,SAFE_TO_AUTO_HANDLE,Well-defined customer issue with matching historical resolution evidence.,FALSE_ESCALATE
CASE_001338,"Dear @AppleSupport @115858 , a 1855-779-5028 has called me more than my mom during holidays! They need to chill!",GENERAL_DEVICE_INQUIRY,GENERAL_DEVICE_INQUIRY,0.4012954823156688,0.6186,1.0,True,NONE,"We'd like to help get this sorted out. If you haven't yet, use the steps in the following article to restart your device: https://t.co/OWRDHWSt4h Let us know if tapping 'Open' in the App Store opens an app normally afterward. Let us know if you have any questions along the way.",ESCALATE,WEAK_EVIDENCE,Top retrieval similarity (0.6186) is below the validated quality threshold (0.65).,SAFE_TO_AUTO_HANDLE,Well-defined customer issue with matching historical resolution evidence.,FALSE_ESCALATE
CASE_005689,Yo why tf y’all ain’t fix this I️t shit yet @115858,KEYBOARD_TYPING_AUTOCORRECT,GENERAL_DEVICE_INQUIRY,0.5392386106333997,0.7847,1.0,True,NONE,We'd be happy to help with this. We're here to help. We recommend updating to iOS 11.1.1 to resolve this issue. You can do so via Settings &gt; General &gt; Software Update. Let us know if this helps resolve the issue.,ESCALATE,LOW_INTENT_CONFIDENCE,Predicted intent confidence (0.5392) is below the validated confidence threshold (0.60).,SAFE_TO_AUTO_HANDLE,Well-defined customer issue with matching historical resolution evidence.,FALSE_ESCALATE
CASE_003819,@AppleSupport I can’t type without my “I” changing to a weird character. I️ literally have to go to my emojis?? PLEASE FIX THIS https://t.co/0Z56oCnNkz @AppleSupport THANK YOU! @AppleSupport hey your help didn’t help because now my phone is deleting the “i” short cut so now what,GENERAL_DEVICE_INQUIRY,GENERAL_DEVICE_INQUIRY,0.39318100804895,0.7964,0.3333,True,NONE,We'd like to help get this sorted out. Check out this article and DM us if you have questions: https://t.co/xU1AGHStV6 https://t.co/GDrqU22YpT You're welcome! Have a great evening. DM us any questions if they come up. https://t.co/GDrqU22YpT Let us know if you have any questions along the way.,ESCALATE,INTENT_EVIDENCE_MISMATCH,Retrieved evidence intent alignment (33.33%) is below the validated alignment threshold (66.00%).,SAFE_TO_AUTO_HANDLE,Well-defined customer issue with matching historical resolution evidence.,FALSE_ESCALATE
CASE_001223,"@AppleSupport my iPhone 6S Plus keeps restarting every few minutes if I'm using my phone. It was working perfectly all day, but then about 30 minutes ago, as I was trying to text someone it kept restarting. Is there a fix for this???? @AppleSupport I have iOS 11.1.2",OS_UPDATE_SYSTEM_PERFORMANCE,APP_CRASH_AND_DOWNLOAD,0.2138598563102236,0.8283,0.0,True,NONE,"We'd like to help get this sorted out. Thanks for reaching out. This page explains how to resolve this issue. https://t.co/osZOKKTalm DM us if you have any questions. https://t.co/GDrqU22YpT Hi there! We want to make sure your 6s is working as you need it to. Please check out this article and let us know how it works. If your iPhone, iPad, or iPod touch unexpectedly restarts: https://t.co/osZOKKTalm Excellent, we're glad to hear everything is back up and running. Let us know if you need help with anything else. Let us know if you have any questions along the way.",ESCALATE,INTENT_EVIDENCE_MISMATCH,Retrieved evidence intent alignment (0.00%) is below the validated alignment threshold (66.00%).,SAFE_TO_AUTO_HANDLE,Well-defined customer issue with matching historical resolution evidence.,FALSE_ESCALATE
CASE_001824,"@115858 why is my phone constantly freezing? help?? @AppleSupport Like i’ll be watching youtube and every 5 minuets it freezes my phone and i have to turn lock the phone again, for it to take another 2 minuets for the lockscreen to work and let me on the phone. it’s never happened before so i don’t think it’s a problem with the phone. :| @AppleSupport No not really. @AppleSupport Thanks!!",APP_CRASH_AND_DOWNLOAD,AUDIO_SOUND_SPEAKER,0.1521375359401031,0.7671,0.0,True,NONE,"We'd like to help get this sorted out. Thank you for reaching out. We're here to help. What issues are you experiencing? https://t.co/GDrqU22YpT We want to help. Does this happen with certain apps? When it becomes unresponsive, how long does it normally take for everything to start working again? Also, which iOS is on the iPhone? You can find out by going to Settings &gt; General &gt; About Let us know if you have any questions along the way.",ESCALATE,CONFLICTING_EVIDENCE,Retrieved historical evidence contains conflicting troubleshooting paths or fragmented intents.,SAFE_TO_AUTO_HANDLE,Well-defined customer issue with matching historical resolution evidence.,FALSE_ESCALATE
CASE_005314,Is anyone else having problems with screenshot? Mine just turns grey #iphone8 @115858 @AppleSupport I will try and get back @AppleSupport Works now!! @AppleSupport  for the win!! Thank you!!!!! @AppleSupport You as well!!,GENERAL_DEVICE_INQUIRY,GENERAL_DEVICE_INQUIRY,0.2596991779463648,0.8222,0.6667,True,NONE,We'd like to help get this sorted out. What iOS Device are you using? We'd love to help out. Does that still continue after updating to iOS 11.0.3? Let us know via a DM. We’ll move from there. https://t.co/GDrqU22YpT No problem. Don’t hesitate to reach out in the future. Let us know if you have any questions along the way.,ESCALATE,LOW_INTENT_CONFIDENCE,Predicted intent confidence (0.2597) is below the validated confidence threshold (0.60).,SAFE_TO_AUTO_HANDLE,Well-defined customer issue with matching historical resolution evidence.,FALSE_ESCALATE
CASE_007287,If I see one more A ? I’m gonna throw my phone at the wall @115858 FIX THIS NOW,GENERAL_DEVICE_INQUIRY,GENERAL_DEVICE_INQUIRY,0.41886101884619537,0.6616,0.6667,True,NONE,"We'd like to help get this sorted out. We're here to help. We've created a support article to guide you through the steps to resolve this behavior. Here it is, please let us know if it helps: https://t.co/osZOKKTalm Let us know if you have any questions along the way.",ESCALATE,LOW_INTENT_CONFIDENCE,Predicted intent confidence (0.4189) is below the validated confidence threshold (0.60).,SAFE_TO_AUTO_HANDLE,Well-defined customer issue with matching historical resolution evidence.,FALSE_ESCALATE
CASE_004471,"On the third day of using #iphoneX the #FaceID and the both cameras are stopped working 
Thanks @115858 .
@AppleSupport 
@526957 https://t.co/ZyPdnM4kYp @AppleSupport Thanks for trying help in DM. I tried all the solutions you said. Finally I had to backup the phone and Erased All... Now it’s work well the #FaceID and the both cameras 
I believe that #ios11 is not ready for #iPhoneX 

Thanks again @AppleSupport @115858 . https://t.co/FGHSWTSsro",DISPLAY_TOUCH_SCREEN,DISPLAY_TOUCH_SCREEN,0.18134757578369035,0.6521,0.6667,True,NONE,"We'd be happy to help with this. We want your new iPhone X to work just as you expect. Have you tried restarting since experiencing this? Are you able to use your camera normally, or do you receive a message on screen? We're glad to hear that. Don't hesitate to contact us in the future should you need us. Let us know if this helps resolve the issue.",ESCALATE,LOW_INTENT_CONFIDENCE,Predicted intent confidence (0.1813) is below the validated confidence threshold (0.60).,SAFE_TO_AUTO_HANDLE,Well-defined customer issue with matching historical resolution evidence.,FALSE_ESCALATE
CASE_004676,"@115858 @AppleSupport Con última actualización iOS11.0.3 mi iPhone7 funciona pésimo se actualiza solo, dice no reconocer SIM 👎🏻 https://t.co/8J5G4UlCQw @AppleSupport OK thanks, the last update of #iOS “11.0.3”, my iPhone it works terrible updates itself and does not recognize SIM #IDontLike  👎🏻",OS_UPDATE_SYSTEM_PERFORMANCE,OS_UPDATE_SYSTEM_PERFORMANCE,0.5138038943312275,0.7185,0.6667,True,NONE,"We'd like to help get this sorted out. Let's get it connected to your cellular network. What steps have you tried and which model do you have? Let's take a look at the steps in here, skipping over the ones you've tried already: https://t.co/5KootZbxj1 DM us after: https://t.co/GDrqU22YpT That's great to hear they helped you fix it! Just reach out if you need help again and have a good one. Let us know if you have any questions along the way.",ESCALATE,LOW_INTENT_CONFIDENCE,Predicted intent confidence (0.5138) is below the validated confidence threshold (0.60).,SAFE_TO_AUTO_HANDLE,Well-defined customer issue with matching historical resolution evidence.,FALSE_ESCALATE
CASE_003583,@AppleSupport what’s with the “i “ autocorrection to i️,GENERAL_DEVICE_INQUIRY,GENERAL_DEVICE_INQUIRY,0.5787386978959502,0.877,0.6667,True,NONE,"We'd like to help get this sorted out. Hey there, check out this article for assistance: https://t.co/xU1AGIa4ME https://t.co/GDrqU2kzhr Let us know if you have any questions along the way.",ESCALATE,LOW_INTENT_CONFIDENCE,Predicted intent confidence (0.5787) is below the validated confidence threshold (0.60).,SAFE_TO_AUTO_HANDLE,Well-defined customer issue with matching historical resolution evidence.,FALSE_ESCALATE
CASE_003619,Whenever “I️” type the letter “I️” it shows up as: I️ ...fix this @AppleSupport @AppleSupport SEE!!!! I’M TRYING TO TYPE THE LETTER BETWEEN H AND J. EYE. BUT I️ CANT. @AppleSupport I’m mad,GENERAL_DEVICE_INQUIRY,KEYBOARD_TYPING_AUTOCORRECT,0.5755632076142849,0.8683,0.6667,True,NONE,We'd like to help get this sorted out. We'd like to help. Check out this article for assistance: https://t.co/xU1AGHStV6 Let us know if you have any questions along the way.,ESCALATE,LOW_INTENT_CONFIDENCE,Predicted intent confidence (0.5756) is below the validated confidence threshold (0.60).,SAFE_TO_AUTO_HANDLE,Well-defined customer issue with matching historical resolution evidence.,FALSE_ESCALATE
CASE_003755,hey @AppleSupport @115858 y’all wanna explain why all of our phones are glitching over the damn letter “i”,GENERAL_DEVICE_INQUIRY,KEYBOARD_TYPING_AUTOCORRECT,0.4378709632889787,0.809,0.0,True,NONE,We'd like to help get this sorted out. We'd be happy to look into this with you. Send us a DM with any details you have and we'll go from there. https://t.co/GDrqU22YpT Let us know if you have any questions along the way.,ESCALATE,INTENT_EVIDENCE_MISMATCH,Retrieved evidence intent alignment (0.00%) is below the validated alignment threshold (66.00%).,SAFE_TO_AUTO_HANDLE,Well-defined customer issue with matching historical resolution evidence.,FALSE_ESCALATE
CASE_004217,@115858 sooo when are you guys going to fix this issue so every time I say I️ it doesn’t go to an A ? This shit is annoying. @AppleSupport Thanks,GENERAL_DEVICE_INQUIRY,GENERAL_DEVICE_INQUIRY,0.4541726829675829,0.8263,1.0,True,NONE,"We'd like to help get this sorted out. Here’s what you can do to work around the issue until it’s fixed in a future software update: https://t.co/xXaXeeSRt9 We recently released an iOS update, 11.1.1, that contains a fix for autocorrect issues. Let’s be sure to back up your device prior to updating. How to back up: https://t.co/4f8hwT5to6 Let us know if you have any questions along the way.",ESCALATE,LOW_INTENT_CONFIDENCE,Predicted intent confidence (0.4542) is below the validated confidence threshold (0.60).,SAFE_TO_AUTO_HANDLE,Well-defined customer issue with matching historical resolution evidence.,FALSE_ESCALATE
CASE_000687,"@AppleSupport shady or not that my phone works perfectly fine one day, needs an update and then all of a sudden my service quits working 🤔",CONNECTIVITY_WIFI_BLUETOOTH,CONNECTIVITY_WIFI_BLUETOOTH,0.3576678838503863,0.7937,0.6667,True,NONE,"We'd be happy to help with this. We've received your DM, and we'll continue with you there. Be on the lookout for a response. Let us know if this helps resolve the issue.",ESCALATE,LOW_INTENT_CONFIDENCE,Predicted intent confidence (0.3577) is below the validated confidence threshold (0.60).,SAFE_TO_AUTO_HANDLE,Well-defined customer issue with matching historical resolution evidence.,FALSE_ESCALATE
CASE_004586,Damn you @115858 and your stupid update... why does my “I” I️ look like this?!?! @AppleSupport @4150 haha thanks!,OS_UPDATE_SYSTEM_PERFORMANCE,OS_UPDATE_SYSTEM_PERFORMANCE,0.29061937212787725,0.8048,0.0,True,NONE,We'd like to help get this sorted out. Here’s what you can do to work around the issue until it’s fixed in a future software update: https://t.co/xXaXeeSRt9 You're most welcome! Let us know if you have any questions along the way.,ESCALATE,INTENT_EVIDENCE_MISMATCH,Retrieved evidence intent alignment (0.00%) is below the validated alignment threshold (66.00%).,SAFE_TO_AUTO_HANDLE,Well-defined customer issue with matching historical resolution evidence.,FALSE_ESCALATE
CASE_006821,So is Apple just not gonna fix this I️ “I️” thing? @AppleSupport it’s really messing up my text flow!! @AppleSupport Thank you. Just took the update.,OS_UPDATE_SYSTEM_PERFORMANCE,OS_UPDATE_SYSTEM_PERFORMANCE,0.291306717328726,0.7682,0.3333,True,NONE,"We'd be happy to help with this. We know you're anxious to get this resolved. Which update did you do? You'll find the iOS version in Settings &gt; General &gt; About. We recently released an update, iOS 11.1.1, that has a fix for this issue. Let's be sure that's what we're working with. Let us know if this helps resolve the issue.",ESCALATE,INTENT_EVIDENCE_MISMATCH,Retrieved evidence intent alignment (33.33%) is below the validated alignment threshold (66.00%).,SAFE_TO_AUTO_HANDLE,Well-defined customer issue with matching historical resolution evidence.,FALSE_ESCALATE
CASE_000644,@115858 I completed your diagnostics test and did everything you asked now my phone is Continuously vibrating like I’m getting a notification @115858 Nothing is fixed it’s just getting worse and worse! Will you please just give me my 6S back and take this junkie 7+,KEYBOARD_TYPING_AUTOCORRECT,KEYBOARD_TYPING_AUTOCORRECT,0.3349568270562121,0.6902,0.3333,True,NONE,"We'd be happy to help with this. We can definitely take a look into this issue and do all we can to work towards a resolution. To guide us through steps, do you notice if this only happens when the iPhone is connected to a charger or is it completely random? We're glad you were able to determine the cause. If you need any assistance in the future, don't hesitate to reach back out to us. We're here to help! Let us know if this helps resolve the issue.",ESCALATE,CONFLICTING_EVIDENCE,Retrieved historical evidence contains conflicting troubleshooting paths or fragmented intents.,SAFE_TO_AUTO_HANDLE,Well-defined customer issue with matching historical resolution evidence.,FALSE_ESCALATE
CASE_007631,@AppleSupport awful service from Apple. Multiple promises to get a call back. Did it happen? No! @AppleSupport Have done. Thanks,CONNECTIVITY_WIFI_BLUETOOTH,CONNECTIVITY_WIFI_BLUETOOTH,0.27525613611150057,0.7375,0.0,True,NONE,"We'd like to help get this sorted out. We're sorry to hear about your phone call; this is unexpected. If you'd like, we're happy to work with you here. Just DM us details of the issue you're experiencing, your device model and iOS version and we'll get started sorting things out. https://t.co/GDrqU22YpT Let us know if you have any questions along the way.",ESCALATE,INTENT_EVIDENCE_MISMATCH,Retrieved evidence intent alignment (0.00%) is below the validated alignment threshold (66.00%).,SAFE_TO_AUTO_HANDLE,Well-defined customer issue with matching historical resolution evidence.,FALSE_ESCALATE
CASE_004120,"@AppleSupport what is going on with my letter I’s turning into I️ and how do I️ fix It @AppleSupport Thanks Apple! I️ did that, sometimes It works sometimes it doesn’t. I’ll just have to wait!",KEYBOARD_TYPING_AUTOCORRECT,KEYBOARD_TYPING_AUTOCORRECT,0.36939976344463277,0.8997,0.0,True,NONE,We'd like to help get this sorted out. Thanks for reaching out. We have a workaround for this here: https://t.co/xXaXeeSRt9 Let us know if you have any questions along the way.,ESCALATE,INTENT_EVIDENCE_MISMATCH,Retrieved evidence intent alignment (0.00%) is below the validated alignment threshold (66.00%).,SAFE_TO_AUTO_HANDLE,Well-defined customer issue with matching historical resolution evidence.,FALSE_ESCALATE
CASE_007522,"@115858 @6990 why isn’t FaceTime working right now? I need to see @107462 face 😭😭😭 @AppleSupport I’m in Australia and I’m calling the U.S. the phone rings, I see a “connecting” message, then a black screen. @AppleSupport iPhone 7, currently running iOS 11.1 @AppleSupport Thanks girl! 

Sis @107462 ⬇️",DISPLAY_TOUCH_SCREEN,DISPLAY_TOUCH_SCREEN,0.8009349608790647,0.7291,0.0,True,NONE,"We'd be happy to help with this. We want you to be able to connect with your friends and family without being disconnected. So that we can isolate further, are you noticing this occur on WiFi, cellular, or both? Does it happen in any particular locations? Also, which iOS version is installed? At your convenience, backup and update to iOS 11.1.2. While the notes mention mostly iPhone X, it is for all phones. Let us know if the issue persists after that. Let us know if this helps resolve the issue.",ESCALATE,CONFLICTING_EVIDENCE,Retrieved historical evidence contains conflicting troubleshooting paths or fragmented intents.,SAFE_TO_AUTO_HANDLE,Well-defined customer issue with matching historical resolution evidence.,FALSE_ESCALATE
CASE_007524,Has @115858 STILL not fixed this I️ issue???? We put a man on the moon! How is this so hard to fix!?,GENERAL_DEVICE_INQUIRY,KEYBOARD_TYPING_AUTOCORRECT,0.31973995408595246,0.6391,0.6667,True,NONE,We'd be happy to help with this. We're here for you. Which version of the iOS are you running? Check by tapping Settings &gt; General &gt; About. Let us know if this helps resolve the issue.,ESCALATE,WEAK_EVIDENCE,Top retrieval similarity (0.6391) is below the validated quality threshold (0.65).,SAFE_TO_AUTO_HANDLE,Well-defined customer issue with matching historical resolution evidence.,FALSE_ESCALATE
CASE_000635,"@AppleSupport I’m not sure if you guys sent this to me or someone is phishing for my account info https://t.co/ByWDjZCFbq @AppleSupport Just reported it! Glad I asked, thanks!",GENERAL_DEVICE_INQUIRY,GENERAL_DEVICE_INQUIRY,0.2595484967118081,0.9026,1.0,True,NONE,"We'd be happy to help with this. That message is not coming from us. Since it's an SMS message, please reach out to your carrier for help. You're very welcome! Let us know if this helps resolve the issue.",ESCALATE,LOW_INTENT_CONFIDENCE,Predicted intent confidence (0.2595) is below the validated confidence threshold (0.60).,SAFE_TO_AUTO_HANDLE,Well-defined customer issue with matching historical resolution evidence.,FALSE_ESCALATE
CASE_000865,I don’t even have an option to turn it off @115858 fix this @AppleSupport Holy shit thank you lol,GENERAL_DEVICE_INQUIRY,GENERAL_DEVICE_INQUIRY,0.30833904664205264,0.8319,0.6667,True,NONE,We'd like to help get this sorted out. Check out this link here: https://t.co/uQeXsrrlXJ DM us if you need help. https://t.co/GDrqU22YpT That's outstanding! Be sure to let us know via DM if you need anything else. https://t.co/GDrqU22YpT Let us know if you have any questions along the way.,ESCALATE,LOW_INTENT_CONFIDENCE,Predicted intent confidence (0.3083) is below the validated confidence threshold (0.60).,SAFE_TO_AUTO_HANDLE,Well-defined customer issue with matching historical resolution evidence.,FALSE_ESCALATE
CASE_002711,"@AppleSupport thanks for new update! I have a frozen 6s 🤦🏻‍♂️ hey steve wake up🙄 @AppleSupport New uptade can not download. Before ios11 i was thinking for new iphone(7plus or 8), but now i don't. Please solve this problem. https://t.co/1ppLNcczYV @AppleSupport İ did it. Thanks. Uninstalled new update's set up and download again finally solved. @AppleSupport Thanks a lot for your support. 👍🏻 if i need i will ask you again.",OS_UPDATE_SYSTEM_PERFORMANCE,OS_UPDATE_SYSTEM_PERFORMANCE,0.48095534654406713,0.7694,0.6667,True,NONE,We'd be happy to help with this. We'd like to help. How much storage space is available? Do you have a computer with iTunes installed if needed? We're glad to hear the issue is resolved. Please let us know if there's anything else we can do for you. Let us know if this helps resolve the issue.,ESCALATE,LOW_INTENT_CONFIDENCE,Predicted intent confidence (0.4810) is below the validated confidence threshold (0.60).,SAFE_TO_AUTO_HANDLE,Well-defined customer issue with matching historical resolution evidence.,FALSE_ESCALATE
CASE_002794,@AppleSupport @124423 Any ideas on how to resolve this? Icon not showing since updates to iOS 11 / Watch OS 4 https://t.co/1Tbih8HZfL @AppleSupport @124423 New watch update this week yet this issue is still not resolved? Any updates on a fix?,OS_UPDATE_SYSTEM_PERFORMANCE,OS_UPDATE_SYSTEM_PERFORMANCE,0.3771371306636924,0.8155,0.0,True,NONE,We'd like to help get this sorted out. We want to help. Can you tell us the steps you used to restore? We've received your DM &amp; we will happily continue looking into this there with you shortly. https://t.co/GDrqU22YpT Thanks for the heads up. We're glad to hear that watchOS 4.1 fixed the issue. Let us know if you have any questions along the way.,ESCALATE,INTENT_EVIDENCE_MISMATCH,Retrieved evidence intent alignment (0.00%) is below the validated alignment threshold (66.00%).,SAFE_TO_AUTO_HANDLE,Well-defined customer issue with matching historical resolution evidence.,FALSE_ESCALATE
CASE_005433,Seen this pop up in #iOS11 on #iPhone? Help! Repeatedly popping up every 90 seconds. Super annoying! @AppleSupport @316189 https://t.co/FoTTPToIX3 @AppleSupport Thanks for offering to help. I can’t recall a recent purchase. Is there a way to check in AppStore if something is attempting to download and failing?,APP_STORE_PURCHASES_BILLING,OS_UPDATE_SYSTEM_PERFORMANCE,0.17216842468835458,0.6573,0.3333,True,NONE,"We'd like to help get this sorted out. We know how important it is to be able to download apps, and we want to help. What happens when you try to download one? Do you receive any error messages? Have you tried both Wi-Fi and cell data? Has the device been restarted since it happened? If not, let's do that using these steps: https://t.co/OWRDHWSt4h We'll find out what's going on and help get it resolved. Have you tried other Wi-Fi networks, or even resetting yours? This also will help us isolate the issue down further. Let us know in Direct Message and we'll continue there. https://t.co/GDrqU22YpT Let us know if you have any questions along the way.",ESCALATE,CONFLICTING_EVIDENCE,Retrieved historical evidence contains conflicting troubleshooting paths or fragmented intents.,SAFE_TO_AUTO_HANDLE,Well-defined customer issue with matching historical resolution evidence.,FALSE_ESCALATE
CASE_003197,"@AppleSupport hi, I think there is bug on energy saving menu, I can't see the options for battery and power adapter on os High Sierra. @AppleSupport Yep,  it was there. I fix it by restoring from a backup and running update again.",BATTERY_CHARGING_POWER,BATTERY_CHARGING_POWER,0.4920134755388543,0.6405,1.0,True,NONE,We'd like to help get this sorted out. Having reliable battery life is important. Let’s see what we can find out about the battery life on your Mac! Which version of macOS did you update to? Did you make any other changes to the Mac around the time you did the update? Thanks for letting us know. You’ll want to be sure to check out this article for maximizing the battery life on your Mac: https://t.co/bivpdfBNJ6 Let us know if you’re still having issues after adjusting the recommended settings. Let us know if you have any questions along the way.,ESCALATE,WEAK_EVIDENCE,Top retrieval similarity (0.6405) is below the validated quality threshold (0.65).,SAFE_TO_AUTO_HANDLE,Well-defined customer issue with matching historical resolution evidence.,FALSE_ESCALATE
CASE_000193,"@AppleSupport any idea what’s going on here? Running latest version of iOS on iPhone 7 Plus. https://t.co/LV3658NDOJ @AppleSupport Hi, thanks for getting back to me. I’m on 11.1.2",GENERAL_DEVICE_INQUIRY,OS_UPDATE_SYSTEM_PERFORMANCE,0.1832972095865564,0.8819,1.0,True,NONE,We'd like to help get this sorted out. Let us know what's going on in DM. https://t.co/GDrqU22YpT Let us know if you have any questions along the way.,ESCALATE,LOW_INTENT_CONFIDENCE,Predicted intent confidence (0.1833) is below the validated confidence threshold (0.60).,SAFE_TO_AUTO_HANDLE,Well-defined customer issue with matching historical resolution evidence.,FALSE_ESCALATE
CASE_002000,"Why can't I use my headset on my iPad mini 2? It just stopped working @AppleSupport @AppleSupport I tried my Samsung earbuds, and another headset. Neither worked, but Bluetooth and the speaker in the iPad works. @AppleSupport Wireless are working, wired ones aren't working. I tested the wired one sin my phone, and they worked. @AppleSupport It worked 🙌 thank you! @AppleSupport You too",AUDIO_SOUND_SPEAKER,AUDIO_SOUND_SPEAKER,0.4666060139785984,0.6752,0.6667,True,NONE,"We'd like to help get this sorted out. We'd like to look into the issues you're having with Bluetooth on your devices. Which devices are you using this with? What exactly are you seeing happen with that connection? So just to clarify, both your iPad and iPhone are not detecting that Bluetooth connections are available with multiple other devices? What iOS version are they running? You can check under Settings &gt; General &gt; About. To troubleshoot, we'll need to have one of the devices you were having trouble connecting to available. Let us know what kind of device that is and we'll go from there. So we can dig into this in more details, let's connect over in Direct Message. Walk us through the steps you take to try and connect the two so we know what you're seeing. https://t.co/GDrqU22YpT Let us know if you have any questions along the way.",ESCALATE,LOW_INTENT_CONFIDENCE,Predicted intent confidence (0.4666) is below the validated confidence threshold (0.60).,SAFE_TO_AUTO_HANDLE,Well-defined customer issue with matching historical resolution evidence.,FALSE_ESCALATE
CASE_004104,@115858 girl “I️” gotta be fixed immediately!!! @AppleSupport Girl!!! U buggin 😒 but thanks tho,GENERAL_DEVICE_INQUIRY,GENERAL_DEVICE_INQUIRY,0.2597697002620172,0.8564,1.0,True,NONE,We'd like to help get this sorted out. Here’s what you can do to work around the issue until it’s fixed in a future software update: https://t.co/xXaXeeSRt9 Let us know if you have any questions along the way.,ESCALATE,LOW_INTENT_CONFIDENCE,Predicted intent confidence (0.2598) is below the validated confidence threshold (0.60).,SAFE_TO_AUTO_HANDLE,Well-defined customer issue with matching historical resolution evidence.,FALSE_ESCALATE
CASE_004024,@AppleSupport I️ am not a fan of whatever this is so plz fix okay? @AppleSupport I am satisfied thank you,GENERAL_DEVICE_INQUIRY,GENERAL_DEVICE_INQUIRY,0.40427587445994123,0.8733,1.0,True,NONE,We'd like to help get this sorted out. Here’s what you can do to work around the issue until it’s fixed in a future software update: https://t.co/xXaXeeSRt9 Let us know if you have any questions along the way.,ESCALATE,LOW_INTENT_CONFIDENCE,Predicted intent confidence (0.4043) is below the validated confidence threshold (0.60).,SAFE_TO_AUTO_HANDLE,Well-defined customer issue with matching historical resolution evidence.,FALSE_ESCALATE
CASE_004183,"@AppleSupport cant make or hear phone calls since the iOS 11.03 update along with a list of other faults. When’s the next one with fixes? @AppleSupport Didn’t work, it worked fine before the update.",AUDIO_SOUND_SPEAKER,AUDIO_SOUND_SPEAKER,0.45573844760271437,0.8647,0.3333,True,NONE,"We'd like to help get this sorted out. Have you tried these steps?: https://t.co/XlmCP2gCtj and https://t.co/rDJwu6CX24 Still not working? https://t.co/GDrqU22YpT We're glad you're able to hear again on your calls. When you are using a Bluetooth device, are you able to hear OK? We just wanted to be sure all is well for you now. Reach out if you need us again in the future. Let us know if you have any questions along the way.",ESCALATE,CONFLICTING_EVIDENCE,Retrieved historical evidence contains conflicting troubleshooting paths or fragmented intents.,SAFE_TO_AUTO_HANDLE,Well-defined customer issue with matching historical resolution evidence.,FALSE_ESCALATE
CASE_006311,Yo @115858 @AppleSupport let’s fix this “I” glitch please. My mom doesn’t understand anything Im saying,OS_UPDATE_SYSTEM_PERFORMANCE,OS_UPDATE_SYSTEM_PERFORMANCE,0.2746781542660211,0.8297,0.3333,True,NONE,"We'd like to help get this sorted out. Let's team up and solve this. Check out this article, and let us know if you have any questions: https://t.co/xU1AGHStV6 Let us know if you have any questions along the way.",ESCALATE,INTENT_EVIDENCE_MISMATCH,Retrieved evidence intent alignment (33.33%) is below the validated alignment threshold (66.00%).,SAFE_TO_AUTO_HANDLE,Well-defined customer issue with matching historical resolution evidence.,FALSE_ESCALATE
CASE_001377,All I want to do is charge my phone. But noooo. The new iOS update won’t let me. 🙄🙄 @115858 @AppleSupport @AppleSupport 11.1.2 iPhone 7+ @AppleSupport It says that this device is not supported when I plug it into my car to charge. Or however that message is worded. @AppleSupport An iPhone cord and a car charger. This is the only cord it does it with. And it started after I updated my phone. Worked perfectly before.,BATTERY_CHARGING_POWER,BATTERY_CHARGING_POWER,0.5537551078250641,0.7415,1.0,True,NONE,We'd like to help get this sorted out. We're here for you. Let's start by following the steps in this article: https://t.co/uqxquyfdn0 DM us with any questions. https://t.co/GDrqU22YpT Let us know if you have any questions along the way.,ESCALATE,LOW_INTENT_CONFIDENCE,Predicted intent confidence (0.5538) is below the validated confidence threshold (0.60).,SAFE_TO_AUTO_HANDLE,Well-defined customer issue with matching historical resolution evidence.,FALSE_ESCALATE
CASE_005942,@AppleSupport the #iOS11 is completely non functioning on my iPhone 5S and you have destroyed your product that I thought it would be worth to purchase and now I think apple one day will do the same to the new #iPhoneX @AppleSupport I did already ! Thank you for helping,APP_STORE_PURCHASES_BILLING,APP_STORE_PURCHASES_BILLING,0.21683601409411035,0.7542,0.0,True,NONE,"We'd like to help get this sorted out. Let's help get this sorted. To clear our this pop-up, please view: https://t.co/qr0pQfKgYD Let us know if you have any questions along the way.",ESCALATE,INTENT_EVIDENCE_MISMATCH,Retrieved evidence intent alignment (0.00%) is below the validated alignment threshold (66.00%).,SAFE_TO_AUTO_HANDLE,Well-defined customer issue with matching historical resolution evidence.,FALSE_ESCALATE
CASE_006074,"@AppleSupport, I have some issue with my Apple ID. Every time I login via any web browser i get the error message ""We cannot process your request, please try again later."". But when i login on my iPhone, it works just fine. Thanks for your advice. https://t.co/bqf1uuyBSS @AppleSupport Sorry, how to join you in DM? Thanks for replying.",ACCOUNT_APPLEID_ICLOUD,ACCOUNT_APPLEID_ICLOUD,0.5720733280605123,0.6861,1.0,True,NONE,"We'd like to help get this sorted out. Hey there, let's figure this out together. Try the steps in this article, and let us know the result: https://t.co/yoNhV7Et2A Let us know if you have any questions along the way.",ESCALATE,LOW_INTENT_CONFIDENCE,Predicted intent confidence (0.5721) is below the validated confidence threshold (0.60).,SAFE_TO_AUTO_HANDLE,Well-defined customer issue with matching historical resolution evidence.,FALSE_ESCALATE
CASE_005565,@AppleSupport My iPhone6 keeps offering an iOS update for 11.0.3 but every time I “Install Now” it fails due to an error. Why is this? @AppleSupport Updating on the handset by wireless connection. @AppleSupport Changed network but failed until I switched the phone off and then rebooted it. All appears to be working. Thank you for your help. @AppleSupport Thank you again. Have a great week too.,CONNECTIVITY_WIFI_BLUETOOTH,CONNECTIVITY_WIFI_BLUETOOTH,0.23919070657639213,0.8227,0.3333,True,NONE,We'd like to help get this sorted out. Let's get your iPhone updated. Are you installing it via iTunes or is this an over-the-air update? Let's try all the suggestions here to see if that works: https://t.co/Ui1yTnOCUz Are you able to try the update via iTunes on a computer as described here?: https://t.co/80YRnjDFDk You're welcome! We'll be here if you need us. Let us know if you have any questions along the way.,ESCALATE,INTENT_EVIDENCE_MISMATCH,Retrieved evidence intent alignment (33.33%) is below the validated alignment threshold (66.00%).,SAFE_TO_AUTO_HANDLE,Well-defined customer issue with matching historical resolution evidence.,FALSE_ESCALATE
CASE_003751,I updated my phone and STILL keep seeing these damn squares with the question marks!!! @115858 Please fix this !,GENERAL_DEVICE_INQUIRY,GENERAL_DEVICE_INQUIRY,0.49031418187334164,0.7673,1.0,True,NONE,We'd like to help get this sorted out. Here’s what you can do to work around the issue until it’s fixed in a future software update: https://t.co/xXaXeeSRt9 We want to help! DM us and let us know more about the issues you are having. https://t.co/GDrqU22YpT Let us know if you have any questions along the way.,ESCALATE,LOW_INTENT_CONFIDENCE,Predicted intent confidence (0.4903) is below the validated confidence threshold (0.60).,SAFE_TO_AUTO_HANDLE,Well-defined customer issue with matching historical resolution evidence.,FALSE_ESCALATE
CASE_002255,@115858 You guys ever going to fix the bug in IMessage where you leave and come back and you can’t look at the bottom half of the message?,GENERAL_DEVICE_INQUIRY,GENERAL_DEVICE_INQUIRY,0.2804648296067449,0.6978,0.6667,True,NONE,We'd be happy to help with this. We'd like to understand more about what you're experiencing in the Messages app. Which iOS version are we working with? That's in Settings &gt; General &gt; About. Let us know if this helps resolve the issue.,ESCALATE,LOW_INTENT_CONFIDENCE,Predicted intent confidence (0.2805) is below the validated confidence threshold (0.60).,SAFE_TO_AUTO_HANDLE,Well-defined customer issue with matching historical resolution evidence.,FALSE_ESCALATE
CASE_005390,Anyone else having issues playing videos on their @115858 iPhone? None stored locally will play @AppleSupport New X and most recent iOS @AppleSupport Also running into iCloud photo issues since the update @AppleSupport Yes I click to play and it just spins. And it says all photos will be deleted in 24 Days,ACCOUNT_APPLEID_ICLOUD,ACCOUNT_APPLEID_ICLOUD,0.33471293642861843,0.7068,0.0,True,NONE,"We'd be happy to help with this. We're happy to look into this with you. What is your current iOS version? What app is this happening in? Thanks, does it happen with all videos, or just those on a particular website? If videos on other sites are working as expected, it does seem to be the site itself. We recommend reaching out to the web developers of the site itself. Glad to hear that things are working properly once again. Let us know if we can be of any other assistance. Let us know if this helps resolve the issue.",ESCALATE,INTENT_EVIDENCE_MISMATCH,Retrieved evidence intent alignment (0.00%) is below the validated alignment threshold (66.00%).,SAFE_TO_AUTO_HANDLE,Well-defined customer issue with matching historical resolution evidence.,FALSE_ESCALATE
CASE_004271,"hey @115858 can u like ,, fix the bug in the new ios11 update @AppleSupport the letter i gets messed up and ends up looking like this i️ @AppleSupport apple support do i look like i can use a capital letter with This aesthetic @AppleSupport thanks i guess though",KEYBOARD_TYPING_AUTOCORRECT,KEYBOARD_TYPING_AUTOCORRECT,0.3879206392619902,0.79,0.3333,True,NONE,"We'd like to help get this sorted out. If the update to 11.1.1 did not resolve that issue, we'll want to take a closer look. If you're seeing it in messages from others, it just means they have not updated. If you're seeing it in messages you type, then please join us in DM and we'll help out. https://t.co/GDrqU22YpT Fantastic! Let us know if we can ever help with anything else. Let us know if you have any questions along the way.",ESCALATE,INTENT_EVIDENCE_MISMATCH,Retrieved evidence intent alignment (33.33%) is below the validated alignment threshold (66.00%).,SAFE_TO_AUTO_HANDLE,Well-defined customer issue with matching historical resolution evidence.,FALSE_ESCALATE
CASE_005624,"@AppleSupport why i can’t set double-tap (Siri access) in assitive touch with 0,10 second timeout? It’s change to multitasking. https://t.co/aMeTRVdKU5 @AppleSupport I use iPhone 6s with iOS 11.1.1. @AppleSupport Nothing change. 1.0s timeout it always error. But 1,5s timeout sometimes error or normal. So i set timeout to 2.0s it always normal.",DISPLAY_TOUCH_SCREEN,DISPLAY_TOUCH_SCREEN,0.24044488476381343,0.7177,0.0,True,NONE,"We'd like to help get this sorted out. We're here to help. Have you restarted your iPhone since applying this change in settings? https://t.co/GDrqU22YpT Go ahead and try that now. If the issue continues, send us a DM and we'll go from there. https://t.co/GDrqU22YpT Let us know if you have any questions along the way.",ESCALATE,CONFLICTING_EVIDENCE,Retrieved historical evidence contains conflicting troubleshooting paths or fragmented intents.,SAFE_TO_AUTO_HANDLE,Well-defined customer issue with matching historical resolution evidence.,FALSE_ESCALATE
CASE_001053,"Después de la actualización de seguridad, así es como se me ven los iconos de las apps de Apple en el mac. Mal @AppleSupport! Muy mal! #macOSHighSierra https://t.co/cG2D9X2Lsu @AppleSupport Lol! Some icons (messages, calculator, photos...)💥 since last #macOSHighSierra security update. How I fix it? @AppleSupport Only in Finder. In Launchpad it's showing ok https://t.co/dYnUuI4Gyi @AppleSupport Nope. https://t.co/S9StS96E3U @AppleSupport Solved. In safe mode they looked good. With this last restart now it seems that they're displayed correctly. Thanks.",OS_UPDATE_SYSTEM_PERFORMANCE,OS_UPDATE_SYSTEM_PERFORMANCE,0.371518275851589,0.7725,0.3333,True,NONE,We'd like to help get this sorted out. Thanks for including the screenshot for us. We see what you mean. Send us a DM and we'll look into this further with you. https://t.co/GDrqU22YpT Let us know if you have any questions along the way.,ESCALATE,CONFLICTING_EVIDENCE,Retrieved historical evidence contains conflicting troubleshooting paths or fragmented intents.,SAFE_TO_AUTO_HANDLE,Well-defined customer issue with matching historical resolution evidence.,FALSE_ESCALATE
CASE_005645,"@115858 fix this whole “I️” crap @AppleSupport thanks, homie 🙏🏼",GENERAL_DEVICE_INQUIRY,GENERAL_DEVICE_INQUIRY,0.464674518602036,0.9304,1.0,True,NONE,We'd like to help get this sorted out. Here’s what you can do to work around the issue until it’s fixed in a future software update: https://t.co/xXaXeeSRt9 Let us know if you have any questions along the way.,ESCALATE,LOW_INTENT_CONFIDENCE,Predicted intent confidence (0.4647) is below the validated confidence threshold (0.60).,SAFE_TO_AUTO_HANDLE,Well-defined customer issue with matching historical resolution evidence.,FALSE_ESCALATE
CASE_006402,@115858 what is with this glitch! I️ don’t like &lt;_&lt; #iphoneproblems,OS_UPDATE_SYSTEM_PERFORMANCE,OS_UPDATE_SYSTEM_PERFORMANCE,0.25701259679173394,0.751,0.3333,True,NONE,We'd like to help get this sorted out. Here’s what you can do to work around the issue until it’s fixed in a future software update: https://t.co/xXaXeeSRt9 You're most welcome. Let us know if you have any questions along the way.,ESCALATE,INTENT_EVIDENCE_MISMATCH,Retrieved evidence intent alignment (33.33%) is below the validated alignment threshold (66.00%).,SAFE_TO_AUTO_HANDLE,Well-defined customer issue with matching historical resolution evidence.,FALSE_ESCALATE
CASE_005007,@TwitterSupport @AppleSupport I’m on the iPhone X. Is there a reason when I️ typed “I️” it got formatted weird? https://t.co/C8dJhDW2Wh @TwitterSupport @AppleSupport What the hell is going on? https://t.co/uM7osQXWeZ @AppleSupport Thanks for that document. Seems like a weird workaround for something that should have been caught early on in the beta process?,GENERAL_DEVICE_INQUIRY,GENERAL_DEVICE_INQUIRY,0.2474673323413374,0.7993,1.0,True,NONE,"We'd like to help get this sorted out. Thanks for reaching out. An update has been released to assist with this issue. If you haven’t yet, please back up your device and update it to iOS 11.1.1. For more info, check out: https://t.co/4f8hwT5to6 You're welcome! Let us know if you have any questions along the way.",ESCALATE,LOW_INTENT_CONFIDENCE,Predicted intent confidence (0.2475) is below the validated confidence threshold (0.60).,SAFE_TO_AUTO_HANDLE,Well-defined customer issue with matching historical resolution evidence.,FALSE_ESCALATE
CASE_005155,@AppleSupport hey i just wanted to know if this email was from your company it looks kinda sketchy https://t.co/F6EmEW9ADm @AppleSupport Thank you!!!!,GENERAL_DEVICE_INQUIRY,GENERAL_DEVICE_INQUIRY,0.4850115641033531,0.8275,1.0,True,NONE,We'd like to help get this sorted out. Thanks for reaching out! That doesn't look like it's from us. Learn more about identifying and reporting phishing emails here: https://t.co/LNMCdqt6fD Let us know if you have any questions along the way.,ESCALATE,LOW_INTENT_CONFIDENCE,Predicted intent confidence (0.4850) is below the validated confidence threshold (0.60).,SAFE_TO_AUTO_HANDLE,Well-defined customer issue with matching historical resolution evidence.,FALSE_ESCALATE
CASE_004250,"@AppleSupport what’s is that question mark in the box? @AppleSupport Ok, thank you so much.",GENERAL_DEVICE_INQUIRY,GENERAL_DEVICE_INQUIRY,0.5306694048303325,0.7783,0.6667,True,NONE,We'd like to help get this sorted out. This is a phishing email. To identify and report these types of emails check out this article: https://t.co/LNMCdqt6fD You're most welcome! Please feel free to reach out to us again if you need any more help. Have a great day! Let us know if you have any questions along the way.,ESCALATE,LOW_INTENT_CONFIDENCE,Predicted intent confidence (0.5307) is below the validated confidence threshold (0.60).,SAFE_TO_AUTO_HANDLE,Well-defined customer issue with matching historical resolution evidence.,FALSE_ESCALATE
CASE_007058,"@AppleSupport my iMac has been stuck on loading screen since #HighSierra update, anyone have a fix? ✌🏾 https://t.co/3kmBceX4Ym @AppleSupport Thank you, just private messaged you.",DISPLAY_TOUCH_SCREEN,DISPLAY_TOUCH_SCREEN,0.44569015839116627,0.749,0.3333,True,NONE,"We'd like to help get this sorted out. We're here to help you. Let us know what you're encountering and we can go from there together. Is this happening completely at random or do you notice it more when using specific applications? Does the same behavior occur when the computer is placed into safe mode? https://t.co/PQ4LSYhUTY Since updating macOS, have you updated your applications as well? If not, we recommend doing so and keeping us posted. Allow us to assist. Send us a DM so that we can help you with this. https://t.co/GDrqU22YpT Let us know if you have any questions along the way.",ESCALATE,CONFLICTING_EVIDENCE,Retrieved historical evidence contains conflicting troubleshooting paths or fragmented intents.,SAFE_TO_AUTO_HANDLE,Well-defined customer issue with matching historical resolution evidence.,FALSE_ESCALATE
CASE_004596,I️ I️ I️ I️ I️ I️ I️ I️ I️ I️ I️ I️ I️ I️ I️ I️ I️ I️ I️ I️ I️ I️ I️ I️ I️ I️ I️ I️ I️ I️ I️ I️ I️ I️ I️ I️ I️ I️ I️ I️ I️ I️ I️ I️ I️ I️ I️ @AppleSupport fix your shit please &amp; thanks.,GENERAL_DEVICE_INQUIRY,GENERAL_DEVICE_INQUIRY,0.39804918337106654,0.8126,1.0,True,NONE,"We'd be happy to help with this. We want to help. The issue was fixed in iOS 11.1.1. Back up your device and then update to the latest version of iOS by navigating to Settings &gt; General &gt; Software Update and tap Download and Install. Feel free to reach out to us in the future if you have any questions. We’re available every day to answer your questions, from 5am-8pm Pacific. Let us know if this helps resolve the issue.",ESCALATE,LOW_INTENT_CONFIDENCE,Predicted intent confidence (0.3980) is below the validated confidence threshold (0.60).,SAFE_TO_AUTO_HANDLE,Well-defined customer issue with matching historical resolution evidence.,FALSE_ESCALATE
CASE_000025,"@AppleSupport  Dear team, after update my iPhone 6 Plus its hang in the Apple logo screen. @AppleSupport Thanks",DISPLAY_TOUCH_SCREEN,DISPLAY_TOUCH_SCREEN,0.6865191721379806,0.8592,0.3333,True,NONE,We'd like to help get this sorted out. Does a restart of the iPhone bring back that top bar? Restart your iPhone: https://t.co/OWRDHWSt4h Let us know if you have any questions along the way.,ESCALATE,CONFLICTING_EVIDENCE,Retrieved historical evidence contains conflicting troubleshooting paths or fragmented intents.,SAFE_TO_AUTO_HANDLE,Well-defined customer issue with matching historical resolution evidence.,FALSE_ESCALATE
CASE_004620,Can you fix my phone @115858 @AppleSupport iOS update is killing me trying to say the letter I️ @AppleSupport @532506 Your stupid DM’s don’t work. Get your shit together already @AppleSupport I already fixed the issue. Hello android 🤗 goodbye Apple 🗑,KEYBOARD_TYPING_AUTOCORRECT,KEYBOARD_TYPING_AUTOCORRECT,0.3765572965260845,0.8213,0.0,True,NONE,We'd be happy to help with this. We’d like to offer our support. Can you tell us what you’ve experienced so far? Which iPhone and iOS version are you using? Locate your version by navigating to Settings &gt; General &gt; About. Let us know if this helps resolve the issue.,ESCALATE,INTENT_EVIDENCE_MISMATCH,Retrieved evidence intent alignment (0.00%) is below the validated alignment threshold (66.00%).,SAFE_TO_AUTO_HANDLE,Well-defined customer issue with matching historical resolution evidence.,FALSE_ESCALATE
CASE_003496,"My notification screen in iOS 11 keeps crashing (displaying only background) 😡🤬😡

Halp, @AppleSupport! @AppleSupport Thanks. Happening since 11.0.0. Now on 11.0.3. Both from home and lock screen. https://t.co/HUfeeHcynC",DISPLAY_TOUCH_SCREEN,DISPLAY_TOUCH_SCREEN,0.8793847395467259,0.7551,0.0,True,NONE,We'd like to help get this sorted out. Thanks for reaching out. Please restart the iPhone and test to see if the issue persists. DM us your results. https://t.co/GDrqU22YpT Thank you for that information. DO you have a recent iTunes or iCloud backup of the device? https://t.co/GDrqU22YpT Let us know if you have any questions along the way.,ESCALATE,INTENT_EVIDENCE_MISMATCH,Retrieved evidence intent alignment (0.00%) is below the validated alignment threshold (66.00%).,SAFE_TO_AUTO_HANDLE,Well-defined customer issue with matching historical resolution evidence.,FALSE_ESCALATE
CASE_003861,@115858 when will there be a fix for this stupid I issue? @AppleSupport I️ have done that and while it has fixed it in private imessages it has not fixed the issue in platforms like Facebook @AppleSupport Or twitter apparently,GENERAL_DEVICE_INQUIRY,GENERAL_DEVICE_INQUIRY,0.29935659343725407,0.7171,0.3333,True,NONE,"We'd like to help get this sorted out. We're happy to look into this with you. Please meet us in DM, and we'll take a closer look into our options. https://t.co/GDrqU22YpT Thanks for letting us know. Feel free to reach out if you have any other questions or concerns. We're always here to help. Let us know if you have any questions along the way.",ESCALATE,CONFLICTING_EVIDENCE,Retrieved historical evidence contains conflicting troubleshooting paths or fragmented intents.,SAFE_TO_AUTO_HANDLE,Well-defined customer issue with matching historical resolution evidence.,FALSE_ESCALATE
CASE_000539,".@AppleSupport Q: was the WatchOS 4.0.1 update only released for Series 3 watches? Just curious, thanks! @AppleSupport Gotcha. Series 2 is acting weird since WatchOS 4.0 update so was hoping that would apply to it as well. @AppleSupport Thanks, just sent the message!",OS_UPDATE_SYSTEM_PERFORMANCE,OS_UPDATE_SYSTEM_PERFORMANCE,0.3170977867720196,0.7862,0.3333,True,NONE,We'd be happy to help with this. We're happy to look into this with you. What iOS version is your iPhone currently on? You can check by going to Settings &gt; General &gt; About. Let's move to DM for a closer look. What country are you located in? Let us know if this helps resolve the issue.,ESCALATE,CONFLICTING_EVIDENCE,Retrieved historical evidence contains conflicting troubleshooting paths or fragmented intents.,SAFE_TO_AUTO_HANDLE,Well-defined customer issue with matching historical resolution evidence.,FALSE_ESCALATE
CASE_004466,@AppleSupport how can i make my phone stop this uppercase I️ into symbols bs? @AppleSupport THANK YOU,HOW_TO_SETTINGS_CONFIGURATION,HOW_TO_SETTINGS_CONFIGURATION,0.28519534552387427,0.7382,0.0,True,NONE,We'd like to help get this sorted out. Here’s what you can do to work around the issue until it’s fixed in a future software update: https://t.co/xXaXeeSRt9 You are very welcome. Reach out to us if you need any more assistance. Let us know if you have any questions along the way.,ESCALATE,INTENT_EVIDENCE_MISMATCH,Retrieved evidence intent alignment (0.00%) is below the validated alignment threshold (66.00%).,SAFE_TO_AUTO_HANDLE,Well-defined customer issue with matching historical resolution evidence.,FALSE_ESCALATE
CASE_005761,Yo can @115858 fix the I️ problem already,GENERAL_DEVICE_INQUIRY,GENERAL_DEVICE_INQUIRY,0.5361507344580209,0.7857,1.0,True,NONE,We'd like to help get this sorted out. We’re glad you reached out! This issue can be resolved by updating to iOS 11.1.1. Just be sure to back up your iPhone before updating. Check out this article for more information: https://t.co/xXaXeeSRt9 Let us know if you have any questions along the way.,ESCALATE,LOW_INTENT_CONFIDENCE,Predicted intent confidence (0.5362) is below the validated confidence threshold (0.60).,SAFE_TO_AUTO_HANDLE,Well-defined customer issue with matching historical resolution evidence.,FALSE_ESCALATE
CASE_001779,"Has anyone else’s iPhone update slowed down their phone considerably? @230810 YES...urghhhh. It keeps freezing @AppleSupport ?? @AppleSupport @230810 Can we all have this kind of service? @AppleSupport @230810 Can Josh have a phone upgrade for free so he can tweet his fans faster, please?! ✌️🤓📱 *CheekyBB😁 @AppleSupport @230810 It sucks big time. @AppleSupport @230810 That’s cool that Apple answered you on Twitter. 😊 @AppleSupport @230810 Wow, what service!  I hope my DM gets such special attention. ;) @AppleSupport @230810 Yeah, but what about us “ regular people”? @AppleSupport @230810 Does this offer stand for everyone commenting here with the same issue? Thank you. @AppleSupport @230810 @AppleSupport I’m not a celebrity..but maybe I can get a little service with my slow iPhone too? Thanks so much. @AppleSupport @230810 Siri has gone crazy.  Turning her off has helped immensely. @AppleSupport I need help figuring out why my Bluetooth is turning itself on automatically. @AppleSupport @230810 Yeah. Stop sending updates that slow down our phones. @AppleSupport @230810 And I hope he doesn't go the DM route. That's just hiding what you've done from the pubic. @AppleSupport @230810 Very glad I did not update right away. Will wait a little and see how this plays out. @AppleSupport @230810 My iPhone 6 behaving very randomly since last update, something gone horribly wrong obviously, please fix ASAP!!! @AppleSupport @230810 If we had a government, @119736 would be suing you over this and your refusal to recognize non Apple peripherals: tying/antitrust @549295 @AppleSupport @230810 Do I need a verified account for my tweets to get a response @439086 @AppleSupport @230810 It does not. They ignored me with multiple inquiries @AppleSupport The IOS update did speed up the performance of my iphone6 a little, still nowhere close to be4. 6GB free storage. What 2 do? @AppleSupport I have the 6S. Ever since the big update, the Bluetooth and WiFi turn on automatically. @AppleSupport I am. But they keep turning back on by themselves. @AppleSupport Oh okay. So then it will automatically reconnect? @AppleSupport Gotta be honest, not a fan. I used the control center exclusively. This is annoying.",CONNECTIVITY_WIFI_BLUETOOTH,CONNECTIVITY_WIFI_BLUETOOTH,0.6240350038466727,0.7229,0.3333,True,NONE,"We'd be happy to help with this. What's going on with your iPhone? We're eager to help get things resolved for you. Do you know what version of the iOS is on the device? If not, you can check under Settings &gt; General &gt; About &gt; Version. Are you seeing this issue with any specific apps or usage? Do you do anything to restore function? Let us know if this helps resolve the issue.",ESCALATE,CONFLICTING_EVIDENCE,Retrieved historical evidence contains conflicting troubleshooting paths or fragmented intents.,SAFE_TO_AUTO_HANDLE,Well-defined customer issue with matching historical resolution evidence.,FALSE_ESCALATE
CASE_002367,Cc:  @AppleSupport https://t.co/Apfs6wkQSc @AppleSupport OS X Yosemite and 10.2.1 ...thank you!,GENERAL_DEVICE_INQUIRY,GENERAL_DEVICE_INQUIRY,0.4132962017746027,0.8475,1.0,True,NONE,We'd be happy to help with this. We're happy to assist. Which iOS version are you currently running? Go to Settings &gt; General &gt; About for the version. Let us know if this helps resolve the issue.,ESCALATE,LOW_INTENT_CONFIDENCE,Predicted intent confidence (0.4133) is below the validated confidence threshold (0.60).,SAFE_TO_AUTO_HANDLE,Well-defined customer issue with matching historical resolution evidence.,FALSE_ESCALATE
CASE_007893,I️ hate @115858 @AppleSupport been at the gym for an hour and my phone is already at 1% @AppleSupport Latest one everything I️ update it does even faster and turns off randomly @AppleSupport About a month ago https://t.co/I7HXok0NMd,OS_UPDATE_SYSTEM_PERFORMANCE,OS_UPDATE_SYSTEM_PERFORMANCE,0.22954897301714963,0.8069,0.3333,True,NONE,We'd be happy to help with this. Let us help with your iPhone! What kind of issues are you having since updating? Which version of iOS are you running on the iPhone currently? This can be found in Settings &gt; General &gt; About. Let us know if this helps resolve the issue.,ESCALATE,INTENT_EVIDENCE_MISMATCH,Retrieved evidence intent alignment (33.33%) is below the validated alignment threshold (66.00%).,SAFE_TO_AUTO_HANDLE,Well-defined customer issue with matching historical resolution evidence.,FALSE_ESCALATE
CASE_006026,And when @115858 gonna fix this I️ situation,GENERAL_DEVICE_INQUIRY,GENERAL_DEVICE_INQUIRY,0.5620190191089721,0.8762,1.0,True,NONE,"We'd like to help get this sorted out. We heard complaints of this, and made it a priority to release a fix. Follow these steps to backup the device: https://t.co/tHicJHB57O Then look to update the iOS software. Feel free to let us know if we can be of any further assistance. https://t.co/GDrqU22YpT Let us know if you have any questions along the way.",ESCALATE,LOW_INTENT_CONFIDENCE,Predicted intent confidence (0.5620) is below the validated confidence threshold (0.60).,SAFE_TO_AUTO_HANDLE,Well-defined customer issue with matching historical resolution evidence.,FALSE_ESCALATE
CASE_004905,"@115858 @AppleSupport hey guys, I recently receive this email and I just want to know if this is real or fake...looks kind a unreal for me https://t.co/Gvxg1c21uH @115858 @AppleSupport I’m a little worried to be honest...so i appreciate the support with my doubt, because I don’t want to be in trouble with my account. Tks @115858 @AppleSupport After receive that email, I checked all the info in settings, iCloud and all that I receive is a message like this...please help!😢 https://t.co/at1VSVC8Hj @115858 @AppleSupport Beyond all that, my phone is working normally...please give some information and assistance about this situation. Tks 🙏🙏🙏 @115858 @AppleSupport This is what I can see about the email address after hit in the FROM icon of this message...I don’t think is legit... https://t.co/pAUIkWWJnt @115858 @AppleSupport This is the complete information about that email in the last image:

__email__

Help 🙏😢😰 @AppleSupport Thank you so much guys! Indeed, was a phishing email...the link that you send me with the information about was so helpful in this case 👌👍👊",ACCOUNT_APPLEID_ICLOUD,GENERAL_DEVICE_INQUIRY,0.32094202370537717,0.7817,0.6667,True,NONE,We'd like to help get this sorted out. We're happy to help with this. That does appear to be a phishing attempt. Learn more here: https://t.co/LNMCdqt6fD Let us know if you have any questions along the way.,ESCALATE,LOW_INTENT_CONFIDENCE,Predicted intent confidence (0.3209) is below the validated confidence threshold (0.60).,SAFE_TO_AUTO_HANDLE,Well-defined customer issue with matching historical resolution evidence.,FALSE_ESCALATE
CASE_005216,"@AppleSupport I'm very much connected to the internet, something up? https://t.co/9dTvBTnoXR @AppleSupport I got it done this morning",GENERAL_DEVICE_INQUIRY,GENERAL_DEVICE_INQUIRY,0.2427547783299645,0.8344,0.6667,True,NONE,We'd like to help get this sorted out. Thanks for reaching out to us. Here is a helpful resource: https://t.co/Ui1yTnOCUz Let us know if you have questions. Glad we were able to help. Have a wonderful rest of your day! Let us know if you have any questions along the way.,ESCALATE,LOW_INTENT_CONFIDENCE,Predicted intent confidence (0.2428) is below the validated confidence threshold (0.60).,SAFE_TO_AUTO_HANDLE,Well-defined customer issue with matching historical resolution evidence.,FALSE_ESCALATE
CASE_006091,"phone dead ass does not work anymore... 😂😂 @115858 explain to me a 7+ that’s barely a year old, is hardly working now? why soon as i ordered the X, this joint start acting up?",GENERAL_DEVICE_INQUIRY,GENERAL_DEVICE_INQUIRY,0.212842485921537,0.6164,0.3333,True,NONE,We'd be happy to help with this. Can you tell us a bit about the trouble you're running into? We're happy to help get your iPhone working like it should be! Let us know if this helps resolve the issue.,ESCALATE,CONFLICTING_EVIDENCE,Retrieved historical evidence contains conflicting troubleshooting paths or fragmented intents.,SAFE_TO_AUTO_HANDLE,Well-defined customer issue with matching historical resolution evidence.,FALSE_ESCALATE
CASE_000614,"@AppleSupport Do you guys know if the in-app purchase service is down? I haven’t been able to buy anything in-app for a few days now. @AppleSupport It’s every app I’ve tried but specifically Fire Emblem: Heroes, PlayerXtreme, and Organ Trial @AppleSupport And the iPhone 7 Plus @AppleSupport Awesome, thank you!",CONNECTIVITY_WIFI_BLUETOOTH,APP_STORE_PURCHASES_BILLING,0.31381766505852443,0.7266,1.0,True,NONE,We'd like to help get this sorted out. Check out this article and let us know if it helps: https://t.co/I39AyMJNgb Let us know if you have any questions along the way.,ESCALATE,LOW_INTENT_CONFIDENCE,Predicted intent confidence (0.3138) is below the validated confidence threshold (0.60).,SAFE_TO_AUTO_HANDLE,Well-defined customer issue with matching historical resolution evidence.,FALSE_ESCALATE
CASE_001027,@115858 @AppleSupport WTH is this it’s locking up my safari and I can’t do anything @115990 https://t.co/eJWxEFpqh4 @115858 @AppleSupport @115990 Thank you sooo much I appreciate it,GENERAL_DEVICE_INQUIRY,GENERAL_DEVICE_INQUIRY,0.46865686364751075,0.6985,0.6667,True,NONE,We'd like to help get this sorted out. Here’s what you can do to work around the issue until it’s fixed in a future software update: https://t.co/xXaXeeSRt9 Let us know if you have any questions along the way.,ESCALATE,LOW_INTENT_CONFIDENCE,Predicted intent confidence (0.4687) is below the validated confidence threshold (0.60).,SAFE_TO_AUTO_HANDLE,Well-defined customer issue with matching historical resolution evidence.,FALSE_ESCALATE
CASE_004773,"tfw - your iPad won’t charge &amp; the @115858 store genius bar has no appts. until tomorrow. https://t.co/3KhXdun0Ft @AppleSupport Yes, I’ve done all that and tried *several* Apple approved lightning cords. It charges *very* slowly or not at all. @AppleSupport just sent you the DM, thank you for reaching out.",BATTERY_CHARGING_POWER,BATTERY_CHARGING_POWER,0.27850675048104145,0.7379,0.6667,True,NONE,We'd like to help get this sorted out. That's not expected at all for your cable to break. Let's chat over in Direct Message and we'll see what we can do. https://t.co/GDrqU22YpT Let us know if you have any questions along the way.,ESCALATE,LOW_INTENT_CONFIDENCE,Predicted intent confidence (0.2785) is below the validated confidence threshold (0.60).,SAFE_TO_AUTO_HANDLE,Well-defined customer issue with matching historical resolution evidence.,FALSE_ESCALATE
CASE_007695,"Hey @AppleSupport where did visual voicemail go with iOS 11?! Um, am I missing something here?! @AppleSupport I have T-Mobile and this is what my visual voicemail on iOS 11 shows now that I updated my iPhone 6s https://t.co/WqJ2F0r8XH @AppleSupport I did the reset of network setting many times now @AppleSupport iOS 11.2 beta 5 fixed the issue with visual voicemail being inaccessible! Thanks for the help this morning! Cheers xx ❤️🤙🏻 @177578 @AppleSupport Not for me, I wish it was fixed.",CONNECTIVITY_WIFI_BLUETOOTH,OS_UPDATE_SYSTEM_PERFORMANCE,0.33020901772005207,0.8796,0.3333,True,NONE,"We'd like to help get this sorted out. Visual Voicemail is still available with iOS 11. If you don't see the option, check out the bottom of this article: https://t.co/FaFf2KILzY If that doesn't resolve your issue, let us know. We'll work with you to see what's going on. Have you had the chance to check with your carrier to make sure it's still provisioned for your account? Let us know in DM. https://t.co/GDrqU22YpT Let us know if you have any questions along the way.",ESCALATE,CONFLICTING_EVIDENCE,Retrieved historical evidence contains conflicting troubleshooting paths or fragmented intents.,SAFE_TO_AUTO_HANDLE,Well-defined customer issue with matching historical resolution evidence.,FALSE_ESCALATE
CASE_001808,"Hey @115858 I love Apple products but I have problems that Apple does not care! What did I pay 1100 $ for the IPhone 7 Plus in April? I have problems with the body IPhone and you do not care. 
#apple#iphone#help#love# @115948 @116333 @AppleSupport @115858  @AppleSupport https://t.co/JXn22aizQE",GENERAL_DEVICE_INQUIRY,GENERAL_DEVICE_INQUIRY,0.28082954571130037,0.6714,0.6667,True,NONE,"We'd like to help get this sorted out. Thank you for reaching out to us. Let’s work together to find the best course of action for this issue. To start, what device model are you using and what issue(s) are you experiencing exactly? https://t.co/GDrqU22YpT Let us know if you have any questions along the way.",ESCALATE,LOW_INTENT_CONFIDENCE,Predicted intent confidence (0.2808) is below the validated confidence threshold (0.60).,SAFE_TO_AUTO_HANDLE,Well-defined customer issue with matching historical resolution evidence.,FALSE_ESCALATE
CASE_004498,"@AppleSupport 10m w no change in time. Retried and noticed browser blocked the chat popup. Prob frustrates 100s of users daily. #HTFaUXD https://t.co/Mey7KUQTsM @AppleSupport Got it taken care of, thanks. Was using Chrome, and the blocked pop-up notification is easy to miss.",GENERAL_DEVICE_INQUIRY,HOW_TO_SETTINGS_CONFIGURATION,0.18680678584327362,0.6472,0.0,True,NONE,"We'd like to help get this sorted out. We're here for you. If you're unable to reach us via chat, let us know what's going on here and we can go from there. We're glad to hear the issue is resolved. Please DM us and we can help cancel the Genius Bar reservation for you. https://t.co/GDrqU2kzhr Let us know if you have any questions along the way.",ESCALATE,WEAK_EVIDENCE,Top retrieval similarity (0.6472) is below the validated quality threshold (0.65).,SAFE_TO_AUTO_HANDLE,Well-defined customer issue with matching historical resolution evidence.,FALSE_ESCALATE
CASE_000814,@AppleSupport  Can you please check my DM? @AppleSupport Thanks. @AppleSupport Could you please answer to my DM Im waiting desperately. @AppleSupport Could you please answer to my DM Im waiting desperately.,GENERAL_DEVICE_INQUIRY,HOW_TO_SETTINGS_CONFIGURATION,0.20854888309339661,0.8784,0.0,True,NONE,We'd like to help get this sorted out. We've received your DM and will continue from there. https://t.co/GDrqU22YpT Let us know if you have any questions along the way.,ESCALATE,INTENT_EVIDENCE_MISMATCH,Retrieved evidence intent alignment (0.00%) is below the validated alignment threshold (66.00%).,SAFE_TO_AUTO_HANDLE,Well-defined customer issue with matching historical resolution evidence.,FALSE_ESCALATE
CASE_001394,Wth my phone keeps turning off and them on again for like 4 hours already 😩 its so annoying @115858 @AppleSupport thank you! I am going to try this!! @AppleSupport I will! Thanks,GENERAL_DEVICE_INQUIRY,GENERAL_DEVICE_INQUIRY,0.3417415654300058,0.7224,0.3333,True,NONE,We'd like to help get this sorted out. We'll be happy to help in any way we can. What are the exact issues you're having with your iPhone? We know how important it is to have a good backup. We want you to have a device that works. Follow the steps in this article https://t.co/osZOKKByWM Let us know in DM if it helps to keep your phone on. https://t.co/GDrqU2kzhr Let us know if you have any questions along the way.,ESCALATE,CONFLICTING_EVIDENCE,Retrieved historical evidence contains conflicting troubleshooting paths or fragmented intents.,SAFE_TO_AUTO_HANDLE,Well-defined customer issue with matching historical resolution evidence.,FALSE_ESCALATE
CASE_000904,@AppleSupport I need a phishing e mail address @AppleSupport Thank you,GENERAL_DEVICE_INQUIRY,GENERAL_DEVICE_INQUIRY,0.5202796585158345,0.825,1.0,True,NONE,We'd like to help get this sorted out. That appears to be a phishing attempt. Here's how to handle it: https://t.co/LNMCdqt6fD Let us know if you have any questions along the way.,ESCALATE,LOW_INTENT_CONFIDENCE,Predicted intent confidence (0.5203) is below the validated confidence threshold (0.60).,SAFE_TO_AUTO_HANDLE,Well-defined customer issue with matching historical resolution evidence.,FALSE_ESCALATE
CASE_003874,This letter “I️” glitch is pissing me tf off now @AppleSupport @AppleSupport Thanks!,OS_UPDATE_SYSTEM_PERFORMANCE,KEYBOARD_TYPING_AUTOCORRECT,0.33481625755065253,0.857,0.3333,True,NONE,We'd like to help get this sorted out. We'd like to help and we have a workaround for this here: https://t.co/xXaXeeSRt9 DM us if you still need help. https://t.co/GDrqU22YpT We're glad to hear it. Don't hesitate to reach back out if you have any other questions or concerns for us. We're happy to help. Let us know if you have any questions along the way.,ESCALATE,INTENT_EVIDENCE_MISMATCH,Retrieved evidence intent alignment (33.33%) is below the validated alignment threshold (66.00%).,SAFE_TO_AUTO_HANDLE,Well-defined customer issue with matching historical resolution evidence.,FALSE_ESCALATE
CASE_004967,"@AppleSupport I have received a phishing email claiming to be from you.  Do you have an address to forward it onto? @AppleSupport Thank you, all sent.",GENERAL_DEVICE_INQUIRY,GENERAL_DEVICE_INQUIRY,0.40333158901172705,0.863,1.0,True,NONE,We'd like to help get this sorted out. Thank you for letting us know. See https://t.co/LNMCdqt6fD for details and there are steps there to forward the email to us. Let us know if you have any questions along the way.,ESCALATE,LOW_INTENT_CONFIDENCE,Predicted intent confidence (0.4033) is below the validated confidence threshold (0.60).,SAFE_TO_AUTO_HANDLE,Well-defined customer issue with matching historical resolution evidence.,FALSE_ESCALATE
CASE_002977,"@AppleSupport My iPhone6 with iOS10.2 can't connect with my airpods well, always failed to connect, I need to restart my phone every time!! @AppleSupport Thanks, already fixed, just updated to iOS11... https://t.co/gjo4olJhl5",AUDIO_SOUND_SPEAKER,OS_UPDATE_SYSTEM_PERFORMANCE,0.26220941081525734,0.768,0.0,True,NONE,"We'd be happy to help with this. Do your AirPods only disconnect while listening to music, or on calls too? Please restart your iPhone if you haven’t already. Let us know if this helps resolve the issue.",ESCALATE,INTENT_EVIDENCE_MISMATCH,Retrieved evidence intent alignment (0.00%) is below the validated alignment threshold (66.00%).,SAFE_TO_AUTO_HANDLE,Well-defined customer issue with matching historical resolution evidence.,FALSE_ESCALATE
CASE_004584,"Why has @115858 @AppleSupport not taken care of this “I️” bug yet. It’s been long enough. Driving me nuts @AppleSupport That solution has worked in texting, but not in apps like Snapchat or even using my safari browser.",GENERAL_DEVICE_INQUIRY,GENERAL_DEVICE_INQUIRY,0.1789950153536396,0.7937,0.6667,True,NONE,We'd like to help get this sorted out. Thanks for reaching out! You’ll want to be sure to back up and update to iOS 11.1.1 as this issue was resolved in that update. You can find out more information here: https://t.co/xXaXeeSRt9 Let us know if you have any questions along the way.,ESCALATE,LOW_INTENT_CONFIDENCE,Predicted intent confidence (0.1790) is below the validated confidence threshold (0.60).,SAFE_TO_AUTO_HANDLE,Well-defined customer issue with matching historical resolution evidence.,FALSE_ESCALATE
CASE_002824,@AppleSupport y esto es lo que me ocurre a menudo desde la actualización 😡 https://t.co/ujCtl8oAZC @AppleSupport Thank you!,GENERAL_DEVICE_INQUIRY,GENERAL_DEVICE_INQUIRY,0.4252050493782116,0.7139,0.6667,True,NONE,We'd like to help get this sorted out. We offer support via Twitter in English. Get help in Spanish here: https://t.co/IBIY3vMgPj or join https://t.co/OczyRx7IOs No problem. Let us know if you have any questions along the way.,ESCALATE,LOW_INTENT_CONFIDENCE,Predicted intent confidence (0.4252) is below the validated confidence threshold (0.60).,SAFE_TO_AUTO_HANDLE,Well-defined customer issue with matching historical resolution evidence.,FALSE_ESCALATE
CASE_007097,"@115858 -3rd generation Apple Tv stopped detecting Wifi upon software update. Ser No. C1MHPEA7DRHN. Not in warranty, known issue. Help. @AppleSupport Apple Tv 3 not covered under warranty. Known issue of not finding wifi network upon software update which I did yesterday. @AppleSupport I know the sites quoted are not official, but I understand such reports are not published. @AppleSupport My apple tv stopped locating wifi upon s/w update yesterday has been working fine for 3 years. My Apple ecosystem(ipad,mac,iphone)is broken.",CONNECTIVITY_WIFI_BLUETOOTH,CONNECTIVITY_WIFI_BLUETOOTH,0.6493142221005965,0.6185,0.6667,True,NONE,We'd like to help get this sorted out. We know how essential Wi-Fi is to surfing the web. We'd love to help. What device and version of OS are we working with? Try out the steps here: https://t.co/sXbhzfS2lM Reach out to us via DM if it still will not connect. https://t.co/GDrqU22YpT Let us know if you have any questions along the way.,ESCALATE,WEAK_EVIDENCE,Top retrieval similarity (0.6185) is below the validated quality threshold (0.65).,SAFE_TO_AUTO_HANDLE,Well-defined customer issue with matching historical resolution evidence.,FALSE_ESCALATE
CASE_000259,"@AppleSupport hi there, I sent an iTunes gift for my friend. This morning he lost it with no reason and can’t find it anywhere. Please help. @AppleSupport Thank you!",APP_STORE_PURCHASES_BILLING,APP_STORE_PURCHASES_BILLING,0.41446243853034653,0.6494,1.0,True,NONE,We'd be happy to help with this. We definitely want to get you back to enjoying Apple Music. Let's see what's going on. What were you doing when this happened? Let us know if this helps resolve the issue.,ESCALATE,WEAK_EVIDENCE,Top retrieval similarity (0.6494) is below the validated quality threshold (0.65).,SAFE_TO_AUTO_HANDLE,Well-defined customer issue with matching historical resolution evidence.,FALSE_ESCALATE
CASE_003184,"I can't install iOS 11 .1 Beta 5, all it says is ""Verifying update"" then it says error. Please help @AppleSupport",OS_UPDATE_SYSTEM_PERFORMANCE,OS_UPDATE_SYSTEM_PERFORMANCE,0.5602182528742887,0.7742,0.6667,True,NONE,We'd like to help get this sorted out. We offer support via Twitter in English. Get help in Spanish here: https://t.co/IBIY3vMgPj or join https://t.co/OczyRx7IOs We want to provide the most complete info for you. Send us a DM with what type of iPhone you have; we'll go from there. https://t.co/GDrqU22YpT Let us know if you have any questions along the way.,ESCALATE,LOW_INTENT_CONFIDENCE,Predicted intent confidence (0.5602) is below the validated confidence threshold (0.60).,SAFE_TO_AUTO_HANDLE,Well-defined customer issue with matching historical resolution evidence.,FALSE_ESCALATE
CASE_003044,"@AppleSupport why isn’t my sound working on my iPhone 6plus??? It’s buggy... @AppleSupport I think I have fixed the problem when I was cleaning my phone, but thank you anyways I appreciate the concern",AUDIO_SOUND_SPEAKER,AUDIO_SOUND_SPEAKER,0.33969101737058227,0.7799,1.0,True,NONE,"We'd like to help get this sorted out. Let's sort this out together. Do you notice this during calls, when playing music, or at another time? Let's see if the troubleshooting steps in the following article helps: https://t.co/4Kux8rhhGX Thank you for trying. Let us look further into this in a DM. Meet up with us there by using this link: https://t.co/GDrqU22YpT Let us know if you have any questions along the way.",ESCALATE,LOW_INTENT_CONFIDENCE,Predicted intent confidence (0.3397) is below the validated confidence threshold (0.60).,SAFE_TO_AUTO_HANDLE,Well-defined customer issue with matching historical resolution evidence.,FALSE_ESCALATE
CASE_000589,"@115858 what’s with this auto brightness shit, pls let us disable it @AppleSupport oh thanks! good looks",DISPLAY_TOUCH_SCREEN,DISPLAY_TOUCH_SCREEN,0.5968199932912374,0.8886,1.0,True,NONE,"We'd like to help get this sorted out. You certainly can. Let us show you how. Open Settings &gt; General &gt; Accessibility &gt; Display Accommodations. The toggle will be available there. If you're using iOS 10, you can find the alternate location here: https://t.co/bkqEVCrK2l Let us know if you have any questions along the way.",ESCALATE,LOW_INTENT_CONFIDENCE,Predicted intent confidence (0.5968) is below the validated confidence threshold (0.60).,SAFE_TO_AUTO_HANDLE,Well-defined customer issue with matching historical resolution evidence.,FALSE_ESCALATE
CASE_006573,"Just wanna thank @115858  for screwing up my IPhone 7 Plus that I️ got in June, with all these updates. 🙃 @AppleSupport My phone froze last night and wouldn’t let me turn it off or anything. I️ finally figured out how to reset it. But I️ haven’t had any @AppleSupport Problems with it until the last update. @AppleSupport iOS 11 that’s the first time it had froze. And I wasn’t doing anything but on the home screen @AppleSupport 11.1 I️ know there’s another update but is it going to fix all these problems I’ve been having or create more? @AppleSupport Okay thank you",DISPLAY_TOUCH_SCREEN,DISPLAY_TOUCH_SCREEN,0.3922675917990388,0.802,0.0,True,NONE,"We'd like to help get this sorted out. We'd love to get your iPhone working as expected again. Is the device unexpectedly restarting while doing anything or using any app in particular? What do you do to restore functionality when this happens or does it automatically boot back up? We know how frustrating of an experience it can be for your iPhone not to work as expected. We want it to be reliable for you. Thanks for those details. If your issues persisted after restoring your device, did you set up as new or restore from a backup? We’d like to check this out with you in more detail. DM us to continue. https://t.co/GDrqU22YpT Let us know if you have any questions along the way.",ESCALATE,INTENT_EVIDENCE_MISMATCH,Retrieved evidence intent alignment (0.00%) is below the validated alignment threshold (66.00%).,SAFE_TO_AUTO_HANDLE,Well-defined customer issue with matching historical resolution evidence.,FALSE_ESCALATE
CASE_007327,Why the hell has my phone deleted all my contacts?! @AppleSupport,GENERAL_DEVICE_INQUIRY,GENERAL_DEVICE_INQUIRY,0.25361859447697715,0.803,0.6667,True,NONE,"We'd be happy to help with this. We'll help in any way we can. At Settings &gt; General &gt; About &gt; Available, how much space is listed? We're glad to hear it's sorted. Let us know if this helps resolve the issue.",ESCALATE,LOW_INTENT_CONFIDENCE,Predicted intent confidence (0.2536) is below the validated confidence threshold (0.60).,SAFE_TO_AUTO_HANDLE,Well-defined customer issue with matching historical resolution evidence.,FALSE_ESCALATE
CASE_002043,I clicked onto my photos and more than half of them are gone ??? Wtf @115858 @AppleSupport Thanks,GENERAL_DEVICE_INQUIRY,GENERAL_DEVICE_INQUIRY,0.44234520552392526,0.8319,1.0,True,NONE,We'd be happy to help with this. We're happy to assist. Which iOS version are you currently running? Go to Settings &gt; General &gt; About for the version. Did this happen after syncing with iTunes? Let us know if this helps resolve the issue.,ESCALATE,LOW_INTENT_CONFIDENCE,Predicted intent confidence (0.4423) is below the validated confidence threshold (0.60).,SAFE_TO_AUTO_HANDLE,Well-defined customer issue with matching historical resolution evidence.,FALSE_ESCALATE
CASE_005259,Is anyone else seeing a question mark box after the latest iOS update on their keyboard? @AppleSupport ? How do I️ fix it? It sometimes shows in people’s writings too :/ it’s not letting me type right either. @115858 https://t.co/4C0vS9cRmp @AppleSupport @115858 This is annoying. https://t.co/YJS3bzMQ5O @AppleSupport Thank you for the feedback!,KEYBOARD_TYPING_AUTOCORRECT,KEYBOARD_TYPING_AUTOCORRECT,0.7125119081880301,0.7723,0.3333,True,NONE,"We'd like to help get this sorted out. Let's check into this together. Which iOS are you running? Check here: Settings &gt; General &gt; About &gt; Version. If you're not already on iOS 11.1.1, please update to that version and check to see if the issue persists: https://t.co/80YRnjDFDk Awesome! Have an amazing day! Reach out if you have any questions. Let us know if you have any questions along the way.",ESCALATE,INTENT_EVIDENCE_MISMATCH,Retrieved evidence intent alignment (33.33%) is below the validated alignment threshold (66.00%).,SAFE_TO_AUTO_HANDLE,Well-defined customer issue with matching historical resolution evidence.,FALSE_ESCALATE
CASE_004833,iOS11 WhatsApp notifications not working on iphone7  @115858 @AppleSupport Okay thank you for your interest. I sent a message.,KEYBOARD_TYPING_AUTOCORRECT,KEYBOARD_TYPING_AUTOCORRECT,0.22512456843894146,0.7636,0.6667,True,NONE,"We'd like to help get this sorted out. Let's help to take a look at this. Which version of iOS is currently installed? Also, which device is this happening on? Thanks for that info. Check out this article to ensure your notifications are set up correctly: https://t.co/2txgOv5s2M Thanks! Go ahead &amp; try out the steps in this article to see if that issue will resolve: https://t.co/fUZ0NRJxcn Of course! Let us know how that goes. Let us know if you have any questions along the way.",ESCALATE,LOW_INTENT_CONFIDENCE,Predicted intent confidence (0.2251) is below the validated confidence threshold (0.60).,SAFE_TO_AUTO_HANDLE,Well-defined customer issue with matching historical resolution evidence.,FALSE_ESCALATE
CASE_004140,Wow. Is @AppleSupport trying to fix this stupid I️ problem? Like for real.     -Concerned paying customer @AppleSupport Thank you!,GENERAL_DEVICE_INQUIRY,GENERAL_DEVICE_INQUIRY,0.30799088498044747,0.8453,0.6667,True,NONE,We'd like to help get this sorted out. Here’s what you can do to work around the issue until it’s fixed in a future software update: https://t.co/xXaXeeSRt9 Let us know if you have any questions along the way.,ESCALATE,LOW_INTENT_CONFIDENCE,Predicted intent confidence (0.3080) is below the validated confidence threshold (0.60).,SAFE_TO_AUTO_HANDLE,Well-defined customer issue with matching historical resolution evidence.,FALSE_ESCALATE
CASE_003091,Did I get a phone or not?? And why did I not get an email to complete it yet?? Help... @115858 https://t.co/j0h3op82yV @AppleSupport Thanks I was able to get one but not shipping for 5-6 weeks ☹️ unless the reserved one was reserved for the earlier date?,GENERAL_DEVICE_INQUIRY,GENERAL_DEVICE_INQUIRY,0.3038707788910007,0.6783,1.0,True,NONE,"We'd like to help get this sorted out. We want to help. Have you checked your Junk mail folders to see if it arrived there? Glad to hear that has appeared. For any questions about your shipping date, reach out to our sales team: https://t.co/8yjRd1Xo0i Let us know if you have any questions along the way.",ESCALATE,LOW_INTENT_CONFIDENCE,Predicted intent confidence (0.3039) is below the validated confidence threshold (0.60).,SAFE_TO_AUTO_HANDLE,Well-defined customer issue with matching historical resolution evidence.,FALSE_ESCALATE
CASE_004417,"@115858 eye feel like I️ this glitch easy to fix, y’all being lazy 😭 @AppleSupport Thank you",OS_UPDATE_SYSTEM_PERFORMANCE,GENERAL_DEVICE_INQUIRY,0.27342940136344746,0.83,0.3333,True,NONE,We'd like to help get this sorted out. Here’s what you can do to work around the issue until it’s fixed in a future software update: https://t.co/xXaXeeSRt9 Let us know if you have any questions along the way.,ESCALATE,CONFLICTING_EVIDENCE,Retrieved historical evidence contains conflicting troubleshooting paths or fragmented intents.,SAFE_TO_AUTO_HANDLE,Well-defined customer issue with matching historical resolution evidence.,FALSE_ESCALATE
CASE_002978,"@AppleSupport Could you provide a customer service email please? @AppleSupport Thanks, I had a very bad situation with iMac and I’d like to let you know my complain and suggestions @AppleSupport Thanks, of course let’s chat.",CONNECTIVITY_WIFI_BLUETOOTH,CONNECTIVITY_WIFI_BLUETOOTH,0.20802569970293988,0.7423,0.3333,True,NONE,We'd like to help get this sorted out. We'd like to see how we can help. DM us and we'll continue with you there. https://t.co/GDrqU22YpT Let us know if you have any questions along the way.,ESCALATE,CONFLICTING_EVIDENCE,Retrieved historical evidence contains conflicting troubleshooting paths or fragmented intents.,SAFE_TO_AUTO_HANDLE,Well-defined customer issue with matching historical resolution evidence.,FALSE_ESCALATE
CASE_007325,"New idea: 
@115858 Can You Help Me...stop connecting to the shoddy WiFi in every random store? Who can answer this in real time? @AppleSupport Wow! That was easier than I️ thought. Thanks for the help 😉 https://t.co/O37EWvXOvU",CONNECTIVITY_WIFI_BLUETOOTH,CONNECTIVITY_WIFI_BLUETOOTH,0.48175044007219303,0.6059,1.0,True,NONE,We'd be happy to help with this. The Control Center only drops current Wi-Fi and/or Bluetooth connections. To turn Wi-Fi off go to Settings &gt; Wi-Fi. Let us know if this helps resolve the issue.,ESCALATE,WEAK_EVIDENCE,Top retrieval similarity (0.6059) is below the validated quality threshold (0.65).,SAFE_TO_AUTO_HANDLE,Well-defined customer issue with matching historical resolution evidence.,FALSE_ESCALATE
CASE_003530,@AppleSupport setting up a new iPhone and all I can get to is https://t.co/5LvuLj4nUk,GENERAL_DEVICE_INQUIRY,HOW_TO_SETTINGS_CONFIGURATION,0.2692854409359308,0.7726,0.0,True,NONE,We'd like to help get this sorted out. Let's work through the steps here: https://t.co/Ui1yTnOCUz DM if it continues Let us know if you have any questions along the way.,ESCALATE,CONFLICTING_EVIDENCE,Retrieved historical evidence contains conflicting troubleshooting paths or fragmented intents.,SAFE_TO_AUTO_HANDLE,Well-defined customer issue with matching historical resolution evidence.,FALSE_ESCALATE
CASE_003509,@AppleSupport my Iphone 6s suddenly turned off And not turning on @AppleSupport Yes . Phone stuck in boot loading @AppleSupport Phone stuck in boot loading https://t.co/2LBYE6m5KM @AppleSupport Thank you Service center resolved The problem,GENERAL_DEVICE_INQUIRY,CONNECTIVITY_WIFI_BLUETOOTH,0.203632479806165,0.7186,0.0,True,NONE,"We'd like to help get this sorted out. This isn't the experience we want you to have, at all. Please check out this article to resolve the issue: https://t.co/8MvHMFZ83h If this doesn't take care of it, DM and let us know. We'll be here to help. https://t.co/GDrqU22YpT We're glad to hear it's now been sorted. We're live on Twitter between 5 AM and 8 PM Pacific time. Reach out if we can be of further service. Let us know if you have any questions along the way.",ESCALATE,INTENT_EVIDENCE_MISMATCH,Retrieved evidence intent alignment (0.00%) is below the validated alignment threshold (66.00%).,SAFE_TO_AUTO_HANDLE,Well-defined customer issue with matching historical resolution evidence.,FALSE_ESCALATE
CASE_003773,@AppleSupport fix your shit I️ 🖕🏿,GENERAL_DEVICE_INQUIRY,GENERAL_DEVICE_INQUIRY,0.4695410909552227,0.8325,1.0,True,NONE,We'd like to help get this sorted out. Thanks for reaching out. Please update to iOS 11.1.1: https://t.co/xXaXeeSRt9 Let us know if you have any questions along the way.,ESCALATE,LOW_INTENT_CONFIDENCE,Predicted intent confidence (0.4695) is below the validated confidence threshold (0.60).,SAFE_TO_AUTO_HANDLE,Well-defined customer issue with matching historical resolution evidence.,FALSE_ESCALATE
CASE_003915,"@AppleSupport Please help!! This is happening to my friend too and it’s so frustrating 😣 if it matters, I️ have an iPhone 7 https://t.co/xmRNW3g5Z3 @AppleSupport See?! Even after changing it back to the letter now it’s a hashtag and a question mark. Wth!! @AppleSupport Yes!! It worked!! I didn’t input it correctly when I did it before I asked for help, but now it’s working!! Thank you! 🙌🙌",GENERAL_DEVICE_INQUIRY,KEYBOARD_TYPING_AUTOCORRECT,0.2613878669364127,0.7079,0.0,True,NONE,We'd like to help get this sorted out. Here’s what you can do to work around the issue until it’s fixed in a future software update: https://t.co/xXaXeeSRt9 Let us know if you have any questions along the way.,ESCALATE,INTENT_EVIDENCE_MISMATCH,Retrieved evidence intent alignment (0.00%) is below the validated alignment threshold (66.00%).,SAFE_TO_AUTO_HANDLE,Well-defined customer issue with matching historical resolution evidence.,FALSE_ESCALATE
CASE_006315,OMFG @115858 your programming team needs to be fired!!! I’ve updated and everything. My iPhone is still working like ass!! @115858 Thanks for pushing me over to @117159 i pay too much money for you to be unreliable!!!! Fuck @115858,GENERAL_DEVICE_INQUIRY,GENERAL_DEVICE_INQUIRY,0.19791753313230573,0.7978,0.3333,True,NONE,"We'd like to help get this sorted out. What kind of issues are you having after the update? Let us know so we can help out. We really want to help you sort out the trouble you're having. Any chance you could be more specific? Please send us a DM with the details. https://t.co/GDrqU22YpT Excellent! We're glad to see that it's been resolved. Please let us know if you need any help, and we'll be here for you. Have a great night! Let us know if you have any questions along the way.",ESCALATE,CONFLICTING_EVIDENCE,Retrieved historical evidence contains conflicting troubleshooting paths or fragmented intents.,SAFE_TO_AUTO_HANDLE,Well-defined customer issue with matching historical resolution evidence.,FALSE_ESCALATE
CASE_004734,"MacBook Air 2013, Not Charging, the battery is fine, Megasafe is fine, Logic-board had been changed but still same issue!
@AppleSupport @AppleSupport The light on Megasafe will stay green but no Charging status, the authorized apple store tested and replaced the logic board though. @AppleSupport Thanks for your fast reply, I sent a DM.",BATTERY_CHARGING_POWER,BATTERY_CHARGING_POWER,0.5479559507046843,0.5629,1.0,True,NONE,We'd like to help get this sorted out. We can help with your MacBook Air! Please try the steps in the following article and let us know: https://t.co/RqWW0duJ0U Thank you for giving those steps a try. Would you mind joining us in DM? We'd like to continue our conversation there. https://t.co/GDrqU22YpT Let us know if you have any questions along the way.,ESCALATE,WEAK_EVIDENCE,Top retrieval similarity (0.5629) is below the validated quality threshold (0.65).,SAFE_TO_AUTO_HANDLE,Well-defined customer issue with matching historical resolution evidence.,FALSE_ESCALATE
CASE_007017,"hey, @AppleSupport can you fix this one? I already restarted my phone twice but still came out like this. thank you :) https://t.co/T4zsJD4Evl",GENERAL_DEVICE_INQUIRY,GENERAL_DEVICE_INQUIRY,0.358402836279192,0.7715,0.6667,True,NONE,We'd like to help get this sorted out. Here’s what you can do to work around the issue until it’s fixed in a future software update: https://t.co/xXaXeeSRt9 You're very welcome. Feel free to reach out to us if you need anything in the future. We would like to offer some guidance with this. Please send us a DM and let us know which version of iOS you have. https://t.co/GDrqU22YpT Let us know if you have any questions along the way.,ESCALATE,LOW_INTENT_CONFIDENCE,Predicted intent confidence (0.3584) is below the validated confidence threshold (0.60).,SAFE_TO_AUTO_HANDLE,Well-defined customer issue with matching historical resolution evidence.,FALSE_ESCALATE
CASE_006241,@AppleSupport how do I fix the i problem?,HOW_TO_SETTINGS_CONFIGURATION,GENERAL_DEVICE_INQUIRY,0.37116826738354086,0.8953,1.0,True,NONE,We'd like to help get this sorted out. Thanks for reaching out. We have a workaround for this here: https://t.co/xXaXeeSRt9 Let us know if you have any questions along the way.,ESCALATE,LOW_INTENT_CONFIDENCE,Predicted intent confidence (0.3712) is below the validated confidence threshold (0.60).,SAFE_TO_AUTO_HANDLE,Well-defined customer issue with matching historical resolution evidence.,FALSE_ESCALATE
CASE_003088,"Looks like I got the #iPhoneX BUT still haven’t received conf email  😱#Stressing @AppleSupport @AppleSupport I got the email later this morning, thank you! #CrisisAverted 🍾💃🏽🕺🏽😬",GENERAL_DEVICE_INQUIRY,GENERAL_DEVICE_INQUIRY,0.23128650797822778,0.7563,1.0,True,NONE,"We'd like to help get this sorted out. The Accessibility feature, Voice Over, has been enabled. Follow these steps to disable it: https://t.co/p5K3tcjbCl Let us know if you have any questions along the way.",ESCALATE,LOW_INTENT_CONFIDENCE,Predicted intent confidence (0.2313) is below the validated confidence threshold (0.60).,SAFE_TO_AUTO_HANDLE,Well-defined customer issue with matching historical resolution evidence.,FALSE_ESCALATE
CASE_000467,"Yes @115858 y’all need a new update I can’t see my notifications thanks @AppleSupport 6S and ISO 11.1.1 @AppleSupport So when I pull the screen down to reveal my notifications nothing will show up. I’ll get the notification, but if I go to my notification screen none of them will show up @AppleSupport Got it! Thank you!",KEYBOARD_TYPING_AUTOCORRECT,DISPLAY_TOUCH_SCREEN,0.5775349496280061,0.74,0.0,True,NONE,We'd like to help get this sorted out. We want to help. Can you clarify what is going on? Are you no longer receiving notifications from any apps? Please check to see if you have any available updates for those apps. Meet us in DM and we’ll explore your options. https://t.co/GDrqU22YpT Let us know if you have any questions along the way.,ESCALATE,INTENT_EVIDENCE_MISMATCH,Retrieved evidence intent alignment (0.00%) is below the validated alignment threshold (66.00%).,SAFE_TO_AUTO_HANDLE,Well-defined customer issue with matching historical resolution evidence.,FALSE_ESCALATE
CASE_004336,"Most annoying part of the iPhone X experience by far is the lack of glance-able power Info by percentage. Please @115858 add that back? @AppleSupport Thank you. I like my phone. I don’t like forms, though. Please consider my angry cry into the æther to be my feedback.",BATTERY_CHARGING_POWER,GENERAL_DEVICE_INQUIRY,0.2403829414355732,0.6511,0.0,True,NONE,We'd like to help get this sorted out. We're here for you. Check out this article for more information: https://t.co/SFmjLOFDei Please provide your suggestions here: https://t.co/eTPVYVFyd8 Let us know if you have any questions along the way.,ESCALATE,INTENT_EVIDENCE_MISMATCH,Retrieved evidence intent alignment (0.00%) is below the validated alignment threshold (66.00%).,SAFE_TO_AUTO_HANDLE,Well-defined customer issue with matching historical resolution evidence.,FALSE_ESCALATE
CASE_003970,Fix this 🤬 glitch wtf @115858 @123765,OS_UPDATE_SYSTEM_PERFORMANCE,OS_UPDATE_SYSTEM_PERFORMANCE,0.5665721121905481,0.8443,1.0,True,NONE,"We'd like to help get this sorted out. This issue was fixed in iOS 11.1.1. To update to the latest version of iOS, go to Settings &gt; General &gt; Software Update and tap Download and Install. Make sure to back up your iPhone first: https://t.co/4f8hwT5to6 Let us know if you have any questions along the way.",ESCALATE,LOW_INTENT_CONFIDENCE,Predicted intent confidence (0.5666) is below the validated confidence threshold (0.60).,SAFE_TO_AUTO_HANDLE,Well-defined customer issue with matching historical resolution evidence.,FALSE_ESCALATE
CASE_007063,So @AppleSupport my phone just reset all my email accounts and numbers in my phone book Fam.. @AppleSupport Well I guess two of the 3 accounts came back but my contacts haven’t came back I now have a text log full of just numbers and “Maybe:John etc”,OS_UPDATE_SYSTEM_PERFORMANCE,ACCOUNT_APPLEID_ICLOUD,0.27095963567440445,0.7208,0.6667,True,NONE,"We'd like to help get this sorted out. Contacts are important; let's help! Open Contacts &gt; Tap Groups (top left corner). Do you have all of your accounts selected? So were the missing contacts part of Outlook group, or another email group, that you were previously using? let's go to https://t.co/tmRhWEkIq4 from a computer and verify if your contacts are there. Here's how: https://t.co/klXy8CNAUn Let us know if you have any questions along the way.",ESCALATE,LOW_INTENT_CONFIDENCE,Predicted intent confidence (0.2710) is below the validated confidence threshold (0.60).,SAFE_TO_AUTO_HANDLE,Well-defined customer issue with matching historical resolution evidence.,FALSE_ESCALATE
CASE_002505,Atualizei meu IOS de novo e tá travando. @AppleSupport ki ki tá contesenu? @AppleSupport Thank you! I just updated my IOS and it’s still not working properly. The screen is freezing.,DISPLAY_TOUCH_SCREEN,DISPLAY_TOUCH_SCREEN,0.6679127515243419,0.7017,0.0,True,NONE,"We'd like to help get this sorted out. We want to help. After restarting, how long before it happens? Are you using a certain app when it becomes unresponsive? DM us if you've already updated to iOS 11.0.1 and we'll continue support there. https://t.co/GDrqU22YpT Let us know if you have any questions along the way.",ESCALATE,INTENT_EVIDENCE_MISMATCH,Retrieved evidence intent alignment (0.00%) is below the validated alignment threshold (66.00%).,SAFE_TO_AUTO_HANDLE,Well-defined customer issue with matching historical resolution evidence.,FALSE_ESCALATE
CASE_003136,@AppleSupport my billing address somehow defaulted to my shipping address when I placed my order &amp; I can’t change it. Will it get cancelled? @AppleSupport Thanks but online chat  and the  phone number both say they are too busy to take my call/chat. I’ve tried several times.,APP_STORE_PURCHASES_BILLING,HOW_TO_SETTINGS_CONFIGURATION,0.25190746686741977,0.7392,0.0,True,NONE,"We'd like to help get this sorted out. We know your time is valuable. Our Apple Online Store team are the ones to assist ordering issues: https://t.co/8yjRd1Xo0i Send us a DM with the country you're located in, we want to be sure to provide you with the correct contact information. https://t.co/GDrqU2kzhr Let us know if you have any questions along the way.",ESCALATE,CONFLICTING_EVIDENCE,Retrieved historical evidence contains conflicting troubleshooting paths or fragmented intents.,SAFE_TO_AUTO_HANDLE,Well-defined customer issue with matching historical resolution evidence.,FALSE_ESCALATE
CASE_005620,Do Not Disturb doesn’t work anymore @115858... another update in the works? @AppleSupport I just had to restart the phone. Worked good so far today. Thanks for reaching out,OS_UPDATE_SYSTEM_PERFORMANCE,OS_UPDATE_SYSTEM_PERFORMANCE,0.36343357848907504,0.7846,0.3333,True,NONE,We'd like to help get this sorted out. We’d like to look into this with you. DM us which device and version of iOS 11 you’re using and we’ll go from there. https://t.co/GDrqU22YpT Let us know if you have any questions along the way.,ESCALATE,INTENT_EVIDENCE_MISMATCH,Retrieved evidence intent alignment (33.33%) is below the validated alignment threshold (66.00%).,SAFE_TO_AUTO_HANDLE,Well-defined customer issue with matching historical resolution evidence.,FALSE_ESCALATE
CASE_003075,"IOS 11.3 or whatever messed up my iMessages bro, that shit be taking days to activate wtf @115858 @AppleSupport Yes I just updated to latest IOS 11.0.3 and I have an iPhone 6s @AppleSupport It works, thanks",OS_UPDATE_SYSTEM_PERFORMANCE,OS_UPDATE_SYSTEM_PERFORMANCE,0.35383169240220363,0.7914,0.6667,True,NONE,"We'd be happy to help with this. We're happy to assist. Which iOS 11 version are you currently running? Go to Settings &gt; General &gt; About for the version. Are you having issues sending iMessages, receiving iMessages or both? Are you seeing any error messages? Let us know if this helps resolve the issue.",ESCALATE,LOW_INTENT_CONFIDENCE,Predicted intent confidence (0.3538) is below the validated confidence threshold (0.60).,SAFE_TO_AUTO_HANDLE,Well-defined customer issue with matching historical resolution evidence.,FALSE_ESCALATE
CASE_005087,"@AppleSupport Something is wrong with your update verification server. Check out this message. Also I deleted and reinstalled the update and have internet. Thanks. https://t.co/hIrBmSMMLd @AppleSupport @603667 Same thing is happening to me. Can’t even update through iTunes either. @__MissVee__ @AppleSupport Try it again, their servers might be working now. @603667 @AppleSupport Yup just did it and it worked 👍🏼",APP_STORE_PURCHASES_BILLING,OS_UPDATE_SYSTEM_PERFORMANCE,0.2656874445758184,0.7802,0.6667,True,NONE,We'd like to help get this sorted out. Things look good here: https://t.co/7NVrDovSd8 Try restarting your devices and give it another go. Let us know if it works. Glad to hear it. Thanks for the update. Let us know if you have any questions along the way.,ESCALATE,LOW_INTENT_CONFIDENCE,Predicted intent confidence (0.2657) is below the validated confidence threshold (0.60).,SAFE_TO_AUTO_HANDLE,Well-defined customer issue with matching historical resolution evidence.,FALSE_ESCALATE
CASE_002542,@115858 Updated my IPhone 6S to IOS 11.0.03. How do I STOP the annoying pop-ups please? Thank you very much!! #NotHappy @AppleSupport e.g. Popup to offer do not disturb when driving. I don’t drive! @AppleSupport I also got this one &amp; never used it set up apple pay or wallet on my iPhone. Please help me STOP this garbage! Thanks! https://t.co/xIRaNs9afn,OS_UPDATE_SYSTEM_PERFORMANCE,HOW_TO_SETTINGS_CONFIGURATION,0.19388405913103895,0.7104,0.0,True,NONE,"We'd be happy to help with this. If you don't want new updates to be downloaded automatically, you can turn this off by going to Settings &gt; iTunes &amp; App Store &gt; Turn off automatic downloads for updates. Next, go to Settings &gt; General &gt; iPhone Storage and ensure there's no downloaded updates. Let us know if this helps resolve the issue.",ESCALATE,CONFLICTING_EVIDENCE,Retrieved historical evidence contains conflicting troubleshooting paths or fragmented intents.,SAFE_TO_AUTO_HANDLE,Well-defined customer issue with matching historical resolution evidence.,FALSE_ESCALATE
CASE_005710,"@118936 @AppleSupport Hi, I’m facing an issue with App Update or download new App, it keeps loading/Waiting... it’s been that way since last iOS update.. appreciate your support @AppleSupport Thank you for your swift response, problem has been solved when I downloaded the new iOS 11.1.1",OS_UPDATE_SYSTEM_PERFORMANCE,OS_UPDATE_SYSTEM_PERFORMANCE,0.3830189301037438,0.757,0.3333,True,NONE,"We'd like to help get this sorted out. Thanks for reaching out. We offer support via Twitter in English. Get help in Spanish here: https://t.co/IBIY3vMgPj or join: https://t.co/OczyRx7IOs Thanks for letting us know, we're happy to help. Do you notice this occurs more often with a specific app or any? Also, are you showing any updates of the app in the App Store? Let us know and we'll continue to assist. Did any of these issues begin before the iOS 11.1.2 update? If so, let us know when it started and the last iOS installed before updating. Thanks for the details. Send us a DM using the link below and we'll continue to assist. https://t.co/GDrqU22YpT Let us know if you have any questions along the way.",ESCALATE,CONFLICTING_EVIDENCE,Retrieved historical evidence contains conflicting troubleshooting paths or fragmented intents.,SAFE_TO_AUTO_HANDLE,Well-defined customer issue with matching historical resolution evidence.,FALSE_ESCALATE
CASE_000708,.@115858 #iOS11 just dropped and there’s already been two updates. How about you update the automatic brightness? I know how bright I want it @AppleSupport I have iOS 11.02 and not one of these apps are on my phone. Am I missing something? https://t.co/2U91b1EHWO,DISPLAY_TOUCH_SCREEN,OS_UPDATE_SYSTEM_PERFORMANCE,0.4060674928793361,0.7981,0.0,True,NONE,We'd like to help get this sorted out. Auto-brightness is now under Settings &gt; General &gt; Accessibility &gt; Display Accommodations. Feel free to reach out to us here if you have questions in the future. https://t.co/GDrqU22YpT Let us know if you have any questions along the way.,ESCALATE,INTENT_EVIDENCE_MISMATCH,Retrieved evidence intent alignment (0.00%) is below the validated alignment threshold (66.00%).,SAFE_TO_AUTO_HANDLE,Well-defined customer issue with matching historical resolution evidence.,FALSE_ESCALATE
CASE_007247,Ever since this new lil update my music app hasn’t been opening.  @AppleSupport @AppleSupport iPhone 7plus. Right after I completed my payment for my Apple Music....my music app WONT open. The screen would turn blank and just go back to the homepage. @AppleSupport I’ve done everything. Still nothing I just send you a DM with me screen recording the issue I’m having so you guys can get a understanding. And the version I’m running on is 11.1.1,DISPLAY_TOUCH_SCREEN,DISPLAY_TOUCH_SCREEN,0.5169408234316716,0.8258,0.6667,True,NONE,"We'd like to help get this sorted out. Let's see what's going on. Can you tell us more info on what's going on with the Music app? You're on the right track. What iOS version is shown in Settings &gt; General &gt; About? What device do you own? Let's follow the steps here carefully: https://t.co/swvuDDw4sj DM if it persists, please. https://t.co/GDrqU2kzhr Let us know if you have any questions along the way.",ESCALATE,LOW_INTENT_CONFIDENCE,Predicted intent confidence (0.5169) is below the validated confidence threshold (0.60).,SAFE_TO_AUTO_HANDLE,Well-defined customer issue with matching historical resolution evidence.,FALSE_ESCALATE
CASE_004083,"Proof that my “I” changes to that. :| @AppleSupport https://t.co/7K9ikR9DkU @503562 @AppleSupport No flava you’re not the only one. When i type a capital i, with the help of autocorrect i get ... a capital A and ? in 📦.",KEYBOARD_TYPING_AUTOCORRECT,KEYBOARD_TYPING_AUTOCORRECT,0.6604301642393646,0.763,0.0,True,NONE,We'd like to help get this sorted out. We're here for you. Check out this article for help: https://t.co/xU1AGHStV6 Let us know if you have any questions along the way.,ESCALATE,INTENT_EVIDENCE_MISMATCH,Retrieved evidence intent alignment (0.00%) is below the validated alignment threshold (66.00%).,SAFE_TO_AUTO_HANDLE,Well-defined customer issue with matching historical resolution evidence.,FALSE_ESCALATE
CASE_000430,"@AppleSupport real issues with making phone calls since the update. They can’t hear me I can’t hear them. Battery replaced, still going on! @AppleSupport 6s just updated 10 mins ago to iOS 11.0.2 so I’ll give this one 24hrs to see what it’s like thanks to apple for doing the battery on recall!",AUDIO_SOUND_SPEAKER,BATTERY_CHARGING_POWER,0.548876371677859,0.807,0.0,True,NONE,We'd be happy to help with this. What version of iOS are you currently running? That can be found in Settings &gt; General &gt; About. Let us know if this helps resolve the issue.,ESCALATE,INTENT_EVIDENCE_MISMATCH,Retrieved evidence intent alignment (0.00%) is below the validated alignment threshold (66.00%).,SAFE_TO_AUTO_HANDLE,Well-defined customer issue with matching historical resolution evidence.,FALSE_ESCALATE
CASE_007690,@AppleSupport What’s the build number for iOS 11.1 that dropped today? Specifically for iPhone 7+. Thanks! @AppleSupport Thanks. Was on the Public Beta and didn’t know if there was like when the full point releases drop and there’s a full OS update to be done. @AppleSupport And the High Sierra build that dropped? Was beta on that as well.,OS_UPDATE_SYSTEM_PERFORMANCE,OS_UPDATE_SYSTEM_PERFORMANCE,0.39872107760487013,0.7166,0.6667,True,NONE,We'd like to help get this sorted out. What issues are you having? Let's try backing up &amp; updating to iOS 11.0.2 to see if that helps. DM us with questions here: https://t.co/GDrqU22YpT Let us know if you have any questions along the way.,ESCALATE,LOW_INTENT_CONFIDENCE,Predicted intent confidence (0.3987) is below the validated confidence threshold (0.60).,SAFE_TO_AUTO_HANDLE,Well-defined customer issue with matching historical resolution evidence.,FALSE_ESCALATE
CASE_007049,"Same can be said of EU.  https://t.co/iurjhfuZUV @743481 @743482 This is a soldier, who are fed and treated better. I️ can only imagine how poor health the general populace must be. @743481 @743482 Hey @115858 and @123765 @AppleSupport @TwitterSupport 

iPhones are screwing up the “i”  in twitter again. https://t.co/pZT4nDVbEX @AppleSupport I see the update now.
Thank you!",OS_UPDATE_SYSTEM_PERFORMANCE,OS_UPDATE_SYSTEM_PERFORMANCE,0.29409522076980155,0.6439,0.3333,True,NONE,We'd like to help get this sorted out. Thanks for reaching out. We have a workaround for this here: https://t.co/uQeXsrrlXJ DM us if you still need help. https://t.co/GDrqU22YpT Thanks for reaching out. We're here to help. DM us so we can look into this further with you. https://t.co/GDrqU22YpT Let us know if you have any questions along the way.,ESCALATE,WEAK_EVIDENCE,Top retrieval similarity (0.6439) is below the validated quality threshold (0.65).,SAFE_TO_AUTO_HANDLE,Well-defined customer issue with matching historical resolution evidence.,FALSE_ESCALATE
CASE_003366,@AppleSupport what s the reason for this error https://t.co/2JW8s2FHuU @AppleSupport I tried to switch the game centre account @AppleSupport Wow... thank u for ur support... it resolved.. what is the reason for this error? Will it happen again?,GENERAL_DEVICE_INQUIRY,HOW_TO_SETTINGS_CONFIGURATION,0.2227233054790999,0.7548,0.0,True,NONE,We'd be happy to help with this. Thanks for reaching out. We'd be happy to help. Which iOS version are you using? You can check in Settings &gt; General &gt; About. Let us know if this helps resolve the issue.,ESCALATE,INTENT_EVIDENCE_MISMATCH,Retrieved evidence intent alignment (0.00%) is below the validated alignment threshold (66.00%).,SAFE_TO_AUTO_HANDLE,Well-defined customer issue with matching historical resolution evidence.,FALSE_ESCALATE
CASE_006081,@115858 fix this fucking “i” problem too,GENERAL_DEVICE_INQUIRY,GENERAL_DEVICE_INQUIRY,0.4035772810345829,0.9329,1.0,True,NONE,We'd like to help get this sorted out. Check out this article: https://t.co/xXaXefaskH https://t.co/GDrqU2kzhr Let us know if you have any questions along the way.,ESCALATE,LOW_INTENT_CONFIDENCE,Predicted intent confidence (0.4036) is below the validated confidence threshold (0.60).,SAFE_TO_AUTO_HANDLE,Well-defined customer issue with matching historical resolution evidence.,FALSE_ESCALATE
CASE_007110,"@AppleSupport is this a glitch? “No older Notifications” seems off https://t.co/7ZSbyPp53l @AppleSupport I’m sorry but are you a bot because obviously there is literally no separation from the two texts. Are you Honestly not noticing what I’m showing here in the picture @AppleSupport It’s literally touching https://t.co/IFQnnCVp9s @AppleSupport Thank you! I’m sorry for sounding a little upset I was just annoyed that the Apple support person couldn’t identify what I was showing them. I have restarted my device and still occurring, started directly after the latest update. @AppleSupport Just so you understand this is not hurting my day-to-day life I just wanted to let you know so you can resolve the issue in a later update. iOS Rocks, Not trying to down it in anyway",KEYBOARD_TYPING_AUTOCORRECT,OS_UPDATE_SYSTEM_PERFORMANCE,0.3605992289144358,0.7407,0.0,True,NONE,"We'd like to help get this sorted out. We want to help. What is the exact iOS version you're using? Since updating, have you had a chance to restart? If you go to Settings &gt; General &gt; Software Update, do you see the update listed there? Are you receiving an error message after clicking on the update? This may help: https://t.co/Ui1yTnOCUz Let us know if you have any questions along the way.",ESCALATE,INTENT_EVIDENCE_MISMATCH,Retrieved evidence intent alignment (0.00%) is below the validated alignment threshold (66.00%).,SAFE_TO_AUTO_HANDLE,Well-defined customer issue with matching historical resolution evidence.,FALSE_ESCALATE
CASE_002580,@115858 this has been happening for me on my 6s for quite some time after updating to ios 11 https://t.co/mn3Dvfo8t6,OS_UPDATE_SYSTEM_PERFORMANCE,OS_UPDATE_SYSTEM_PERFORMANCE,0.35314196383661334,0.841,0.6667,True,NONE,"We'd be happy to help with this. What issue are you currently having with your iPhone? Let us know, we'd like the details to assist. Let us know if this helps resolve the issue.",ESCALATE,LOW_INTENT_CONFIDENCE,Predicted intent confidence (0.3531) is below the validated confidence threshold (0.60).,SAFE_TO_AUTO_HANDLE,Well-defined customer issue with matching historical resolution evidence.,FALSE_ESCALATE
CASE_001409,"@AppleSupport This appears whenever I’m using my phone and closes all my apps it just happend and Won’t stop from happening https://t.co/dkV5a0EC0c @AppleSupport It happens every 2 minutes and it lasts about 5 seconds, my phone has become unusable please help @AppleSupport I did the first 2 steps « turning off notifications » and surprisingly the phone didn’t reboot again, now waiting for the update to fully download, thanks for the help I’ll see if it will be fixed after updating to 11.2 https://t.co/hJyTJ2gHf4",APP_CRASH_AND_DOWNLOAD,APP_CRASH_AND_DOWNLOAD,0.2093194709026983,0.7562,0.0,True,NONE,We'd be happy to help with this. We'd love to help out. Are you seeing this issue with any specific apps or usage? Do you do anything to restore function? Let us know if this helps resolve the issue.,ESCALATE,INTENT_EVIDENCE_MISMATCH,Retrieved evidence intent alignment (0.00%) is below the validated alignment threshold (66.00%).,SAFE_TO_AUTO_HANDLE,Well-defined customer issue with matching historical resolution evidence.,FALSE_ESCALATE
CASE_002974,"The iOS (and MacOS) search functionality has never been great but now it is just broken. #apple #fail @115858 https://t.co/wWJVpKLrzw @AppleSupport Thanks.. iPhone 6s, iOS 11.0.3",OS_UPDATE_SYSTEM_PERFORMANCE,OS_UPDATE_SYSTEM_PERFORMANCE,0.39970917678308715,0.813,0.3333,True,NONE,"We'd like to help get this sorted out. Let's take a closer look at getting its search function working right. Which model is it and which exact iOS 11 version? If you check out the following link, do you have anything disabled in the Search settings? https://t.co/C5o3PCtNd0 We're glad to hear that you're back up and running. Reach out to us if you need further help in the future. Let us know if you have any questions along the way.",ESCALATE,CONFLICTING_EVIDENCE,Retrieved historical evidence contains conflicting troubleshooting paths or fragmented intents.,SAFE_TO_AUTO_HANDLE,Well-defined customer issue with matching historical resolution evidence.,FALSE_ESCALATE
CASE_000204,My phone wouldn't turn on for an hour @115858 we're going to have some problems @AppleSupport It's working now,GENERAL_DEVICE_INQUIRY,GENERAL_DEVICE_INQUIRY,0.148354529809756,0.7411,0.6667,True,NONE,We'd like to help get this sorted out. It's important that you have an iPhone that works. Join us in DM with details on what is happening with your device and we'll work on it together. https://t.co/GDrqU22YpT We're glad that's worked out for you. Have a great day. Let us know if you have any questions along the way.,ESCALATE,LOW_INTENT_CONFIDENCE,Predicted intent confidence (0.1484) is below the validated confidence threshold (0.60).,SAFE_TO_AUTO_HANDLE,Well-defined customer issue with matching historical resolution evidence.,FALSE_ESCALATE
CASE_003248,"@115858 can you please fix the App Store. I can’t update any apps or download new ones. #ios @AppleSupport Thank you! iPhone 7 using iOS 11.0.3. And when downloading the circle spins like its thinking but then it never downloads. @AppleSupport And when trying to update apps, the update screen in the App Store is blank. @AppleSupport  https://t.co/FGmYwjoAVs @AppleSupport  https://t.co/jIXEcHvaJb",DISPLAY_TOUCH_SCREEN,APP_STORE_PURCHASES_BILLING,0.35799739261591773,0.8599,0.3333,True,NONE,"We'd be happy to help with this. We're here for you. Which iPhone do you have and what's the iOS version? Settings &gt; General &gt; About. If you haven't done so already, restart your iPhone. Also, have you tried connecting to a Wi-Fi network? Let us know if this helps resolve the issue.",ESCALATE,CONFLICTING_EVIDENCE,Retrieved historical evidence contains conflicting troubleshooting paths or fragmented intents.,SAFE_TO_AUTO_HANDLE,Well-defined customer issue with matching historical resolution evidence.,FALSE_ESCALATE
CASE_005584,Y’all got us out here looking like lames with this “I️” shit @AppleSupport @AppleSupport 11.1,GENERAL_DEVICE_INQUIRY,GENERAL_DEVICE_INQUIRY,0.18512493121357373,0.8233,1.0,True,NONE,"We'd be happy to help with this. We're happy to help out. To start, what version of iOS are you currently running? That can be found in Settings &gt; General &gt; About. Let us know and we'll go from there. Are you experiencing the issue when you type or are you seeing it when others type? It appears your device is working fine and the others are experiencing the issue. Once they update, you should no longer see them. Let us know if this helps resolve the issue.",ESCALATE,LOW_INTENT_CONFIDENCE,Predicted intent confidence (0.1851) is below the validated confidence threshold (0.60).,SAFE_TO_AUTO_HANDLE,Well-defined customer issue with matching historical resolution evidence.,FALSE_ESCALATE
CASE_001896,Anyone else experiencing airdrop problems between iphone6 and macbookpro since iOS11 update? @applesupport @AppleSupport That seems to have solved the problem. Thank you!,CONNECTIVITY_WIFI_BLUETOOTH,OS_UPDATE_SYSTEM_PERFORMANCE,0.3665282120235298,0.7198,0.0,True,NONE,We'd be happy to help with this. Let's see what we can do about it. Does your iPhone 8 Plus have Personal Hotspot turned off in Settings &gt; Cellular? That's wonderful! Glad to hear it is working again. Let us know if you ever need anything else. Have a great one! Let us know if this helps resolve the issue.,ESCALATE,INTENT_EVIDENCE_MISMATCH,Retrieved evidence intent alignment (0.00%) is below the validated alignment threshold (66.00%).,SAFE_TO_AUTO_HANDLE,Well-defined customer issue with matching historical resolution evidence.,FALSE_ESCALATE
CASE_004292,@AppleSupport why do I️ keep getting a question mark when I️ type certain letters I️ @AppleSupport Seems to have fixed it! Thanks,GENERAL_DEVICE_INQUIRY,GENERAL_DEVICE_INQUIRY,0.39480608473900713,0.8395,1.0,True,NONE,We'd like to help get this sorted out. Here’s what you can do to work around the issue until it’s fixed in a future software update: https://t.co/qODbOsp4wz Let us know if you have any questions along the way.,ESCALATE,LOW_INTENT_CONFIDENCE,Predicted intent confidence (0.3948) is below the validated confidence threshold (0.60).,SAFE_TO_AUTO_HANDLE,Well-defined customer issue with matching historical resolution evidence.,FALSE_ESCALATE
CASE_003166,@AppleSupport hoping the keyboard lag on iP6 will be fixed in a coming release.  Is this the case? Gets worse everyday! @AppleSupport Thanks for the response. Yes 11.0.3. Plenty of storage. 64gb iP6. 128gb iPad air2 has similar lag,KEYBOARD_TYPING_AUTOCORRECT,KEYBOARD_TYPING_AUTOCORRECT,0.40730968016744584,0.7241,0.6667,True,NONE,"We'd like to help get this sorted out. If you'd like some help with your iPad, we're here for you. Feel free to reach out via DM and we'll take a look. https://t.co/GDrqU22YpT Let us know if you have any questions along the way.",ESCALATE,LOW_INTENT_CONFIDENCE,Predicted intent confidence (0.4073) is below the validated confidence threshold (0.60).,SAFE_TO_AUTO_HANDLE,Well-defined customer issue with matching historical resolution evidence.,FALSE_ESCALATE
CASE_001621,🗣🗣 WHY IS THE “ I️ “ PROBLEM NOT SOLVED ON MY IPHONE @115858 @AppleSupport I am testing now,GENERAL_DEVICE_INQUIRY,GENERAL_DEVICE_INQUIRY,0.32785797057361454,0.8319,1.0,True,NONE,"We'd like to help get this sorted out. iOS 11.1.1 was recently released and it includes a fix for autocorrect issues. Be sure to back up your device prior to updating, and let us know if the issue persists afterwards. How to back up: https://t.co/ui8Itz8ESg Let us know if you have any questions along the way.",ESCALATE,LOW_INTENT_CONFIDENCE,Predicted intent confidence (0.3279) is below the validated confidence threshold (0.60).,SAFE_TO_AUTO_HANDLE,Well-defined customer issue with matching historical resolution evidence.,FALSE_ESCALATE
CASE_006806,"@AppleSupport I need help, I can’t update any apps until I fix my billing info, it’s telling me my card number is invalid @AppleSupport Thanks so much it was fixed in a few minutes and now I don’t need to call",APP_STORE_PURCHASES_BILLING,APP_STORE_PURCHASES_BILLING,0.31756644559581465,0.8224,0.6667,True,NONE,We'd be happy to help with this. We know how vital it is to keep your apps up to date. We'd be happy to look into this with you. Can you provide us which iOS version you're using? This can be located in Settings &gt; General &gt; About &gt; Version. Let us know if this helps resolve the issue.,ESCALATE,LOW_INTENT_CONFIDENCE,Predicted intent confidence (0.3176) is below the validated confidence threshold (0.60).,SAFE_TO_AUTO_HANDLE,Well-defined customer issue with matching historical resolution evidence.,FALSE_ESCALATE
CASE_005493,I wish I could upload LIVE photos as LIVE photos and not STILL photos. @115858 @AppleSupport 👋🏻👋🏻👋🏻👋🏻👋🏻,GENERAL_DEVICE_INQUIRY,HOW_TO_SETTINGS_CONFIGURATION,0.4737895514341455,0.6739,0.3333,True,NONE,We'd be happy to help with this. You would go to Settings &gt; Camera &gt; Preserve Settings and turn on Live Photos. Then go in to the Camera app and turn off the Live Photos option. If you have any issues or concerns in the future please feel free to reach out. Have a great day! Let us know if this helps resolve the issue.,ESCALATE,INTENT_EVIDENCE_MISMATCH,Retrieved evidence intent alignment (33.33%) is below the validated alignment threshold (66.00%).,SAFE_TO_AUTO_HANDLE,Well-defined customer issue with matching historical resolution evidence.,FALSE_ESCALATE
CASE_000927,"Hey @115858, my MacBook won’t turn on even though I’ve been charging it for a while. Any quick advice? @AppleSupport @AppleSupport Finally got it on- thanks a ton!!",BATTERY_CHARGING_POWER,GENERAL_DEVICE_INQUIRY,0.2427436591160237,0.7176,0.6667,True,NONE,We'd like to help get this sorted out. Let’s team up to get this situation addressed. Could you let us know more details via a DM? We’ll continue from there. https://t.co/GDrqU22YpT Let us know if you have any questions along the way.,ESCALATE,LOW_INTENT_CONFIDENCE,Predicted intent confidence (0.2427) is below the validated confidence threshold (0.60).,SAFE_TO_AUTO_HANDLE,Well-defined customer issue with matching historical resolution evidence.,FALSE_ESCALATE
CASE_000218,@AppleSupport Upgraded Mac (retina 4k 27” late 2014) to High Sierra this week. Photos app is nightmare. Editing virtually impossible as adjustments take 30secs – 1 min to appear. Photos frequently crashes too. Help please? @AppleSupport Thank you!,APP_CRASH_AND_DOWNLOAD,APP_CRASH_AND_DOWNLOAD,0.2381129787340301,0.7703,0.3333,True,NONE,We'd like to help get this sorted out. We're here to help. Let's gather some details to isolate this issue. DM us and let us know if you've tried any steps. https://t.co/GDrqU22YpT Glad to hear that. We're here for you if you need us in the future. Have a great rest of your day. Let us know if you have any questions along the way.,ESCALATE,INTENT_EVIDENCE_MISMATCH,Retrieved evidence intent alignment (33.33%) is below the validated alignment threshold (66.00%).,SAFE_TO_AUTO_HANDLE,Well-defined customer issue with matching historical resolution evidence.,FALSE_ESCALATE
CASE_000609,my phone literally will not turn on. fuck ios 11. @AppleSupport fix it @AppleSupport it worked thanks,OS_UPDATE_SYSTEM_PERFORMANCE,OS_UPDATE_SYSTEM_PERFORMANCE,0.4360221401008412,0.7568,1.0,True,NONE,"We'd be happy to help with this. Let's get this sorted out together. Did it appear the update completed, then it showed this screen after? Or, did the update stop at any point? Also, are you able to restart or force restart your iPhone? Let us know if this helps resolve the issue.",ESCALATE,LOW_INTENT_CONFIDENCE,Predicted intent confidence (0.4360) is below the validated confidence threshold (0.60).,SAFE_TO_AUTO_HANDLE,Well-defined customer issue with matching historical resolution evidence.,FALSE_ESCALATE
CASE_002808,"@AppleSupport Login to Push Certificate Portal impossible. Tried multiple AppleIDs, multiple browsers from multiple locations. Please check!",ACCOUNT_APPLEID_ICLOUD,ACCOUNT_APPLEID_ICLOUD,0.25599184869295644,0.6762,1.0,True,NONE,"We'd like to help get this sorted out. Let's see what's happening. Which country are you located in? DM us with that information and tell us what you're seeing. https://t.co/GDrqU22YpT We're glad to hear that! If you need us down the road, we're here from 5am until 8pm Pacific time, daily. Enjoy the weekend! Let us know if you have any questions along the way.",ESCALATE,LOW_INTENT_CONFIDENCE,Predicted intent confidence (0.2560) is below the validated confidence threshold (0.60).,SAFE_TO_AUTO_HANDLE,Well-defined customer issue with matching historical resolution evidence.,FALSE_ESCALATE
CASE_007193,"Was supposed to receive a call from @AppleSupport a few minutes ago, nothing...&amp; trying to connect w them from app says ""There's a problem connecting to Apple Support"". 😱 @AppleSupport Finally connected w someone, thanks!",CONNECTIVITY_WIFI_BLUETOOTH,CONNECTIVITY_WIFI_BLUETOOTH,0.28983147445951246,0.7701,0.6667,True,NONE,We'd like to help get this sorted out. We'd be happy to help be sure your iPhone software is working normally. DM us and let us know what iOS version you have installed now. https://t.co/GDrqU22YpT Let us know if you have any questions along the way.,ESCALATE,LOW_INTENT_CONFIDENCE,Predicted intent confidence (0.2898) is below the validated confidence threshold (0.60).,SAFE_TO_AUTO_HANDLE,Well-defined customer issue with matching historical resolution evidence.,FALSE_ESCALATE
CASE_006874,@AppleSupport screen reading frequently stops working after the first paragraph of text on multiple sites and apps. #bug #iOS11.0.3 https://t.co/ygAOso9o5v @AppleSupport OS update seams to have fixed it.,DISPLAY_TOUCH_SCREEN,DISPLAY_TOUCH_SCREEN,0.5506816284792087,0.7316,0.3333,True,NONE,"We'd like to help get this sorted out. We've just released iOS 11.1. Let's get you updated and test again. This article explains how: https://t.co/80YRnjDFDk You’re welcome! If you have any other issues, let us know. We’re available every day from 5 a.m. Let us know if you have any questions along the way.",ESCALATE,INTENT_EVIDENCE_MISMATCH,Retrieved evidence intent alignment (33.33%) is below the validated alignment threshold (66.00%).,SAFE_TO_AUTO_HANDLE,Well-defined customer issue with matching historical resolution evidence.,FALSE_ESCALATE
CASE_006296,So i just purchased @115948 again and this bs happens🙃 https://t.co/dOM5nSLhKr @115948 @115858 @AppleSupport @115948 like can i get a refund????,APP_STORE_PURCHASES_BILLING,APP_STORE_PURCHASES_BILLING,0.4195359161875707,0.6552,1.0,True,NONE,"We'd like to help get this sorted out. Hey, to clarify, are you referring to an iTunes payment? Let us know and we'll get you to the right spot. Let's go ahead and reach out to our iTunes Store team so that they can help you get this sorted. They can be reached using this link: https://t.co/SDIe7UiyJN Let us know if you have any questions along the way.",ESCALATE,LOW_INTENT_CONFIDENCE,Predicted intent confidence (0.4195) is below the validated confidence threshold (0.60).,SAFE_TO_AUTO_HANDLE,Well-defined customer issue with matching historical resolution evidence.,FALSE_ESCALATE
CASE_001933,"iPhone call app all blurry &amp; unusable after iOS 11 update. Can’t make calls/access voicemail. Any tips to fix? Oh,  and “Grrrr” to @115858 😡 @AppleSupport Uninstalled, then reinstalled iOS 11.0.2. And it’s working again. Thanks for the offer of help.",OS_UPDATE_SYSTEM_PERFORMANCE,OS_UPDATE_SYSTEM_PERFORMANCE,0.33526335609147556,0.7595,0.3333,True,NONE,"We'd like to help get this sorted out. We want to make sure that your iPhone works as expected. Let's go over all the steps from our support article and see if it helps: https://t.co/U53YusKX3z Sweet, we are glad it worked. Feel free to reach back out to us if you need any assistance. We’re glad to hear that things are working as expected again. We're here for you if you should need us again. Let us know if you have any questions along the way.",ESCALATE,INTENT_EVIDENCE_MISMATCH,Retrieved evidence intent alignment (33.33%) is below the validated alignment threshold (66.00%).,SAFE_TO_AUTO_HANDLE,Well-defined customer issue with matching historical resolution evidence.,FALSE_ESCALATE
CASE_002027,@AppleSupport My iPhone 6s froze twice after closing from my messages and trying to open up Instagram. Had to hard-shut off. Any tips? @AppleSupport iOS 11.0.2 @AppleSupport Thanks! Didn’t know there was a new Update!,APP_CRASH_AND_DOWNLOAD,OS_UPDATE_SYSTEM_PERFORMANCE,0.4715982409509854,0.7571,0.3333,True,NONE,We'd like to help get this sorted out. We’re here to address the issues you're experiencing. Which apps are freezing? Let us know in DM. https://t.co/GDrqU22YpT Let us know if you have any questions along the way.,ESCALATE,CONFLICTING_EVIDENCE,Retrieved historical evidence contains conflicting troubleshooting paths or fragmented intents.,SAFE_TO_AUTO_HANDLE,Well-defined customer issue with matching historical resolution evidence.,FALSE_ESCALATE
CASE_001932,@115858 what is up with this software? It has a lot of glitches that need to be fixed. I would like to use my phone properly. Thanks! @AppleSupport I just updated it to the software version 11.0.3.,GENERAL_DEVICE_INQUIRY,OS_UPDATE_SYSTEM_PERFORMANCE,0.3667244341144169,0.7473,0.3333,True,NONE,We'd be happy to help with this. We're here to help with any issues you are having with the update. Can you provide us with more details? Let us know if this helps resolve the issue.,ESCALATE,CONFLICTING_EVIDENCE,Retrieved historical evidence contains conflicting troubleshooting paths or fragmented intents.,SAFE_TO_AUTO_HANDLE,Well-defined customer issue with matching historical resolution evidence.,FALSE_ESCALATE
CASE_001033,@AppleSupport explain to me WHY I CANT GET THE ISO 11 Update AND I HAVE A IPHONE 6S ... DONT TELL ME ABOUT SPACE IN MY PHONE BECAUSE RIGHT NOW MY SHIT HAS HELLA SPACE SO DONT EVEN GIVE ME THAT ... I need answers @AppleSupport Its saying that my update is up to date with ISO 10.3 and doesn't even give me the option to click anything everything is greyed out @AppleSupport  https://t.co/NvFLBB0nV7 @AppleSupport  https://t.co/lHbjr0zoo2,OS_UPDATE_SYSTEM_PERFORMANCE,OS_UPDATE_SYSTEM_PERFORMANCE,0.3550131753635953,0.7082,1.0,True,NONE,We'd like to help get this sorted out. We're here to help get your iPhone updated. Which iOS version do you have currently installed? Are you receiving an error when trying to update? What is next to Available under Settings &gt; General &gt; About? Have you tried updating via iTunes on your computer? https://t.co/GDrqU22YpT Let us know if you have any questions along the way.,ESCALATE,LOW_INTENT_CONFIDENCE,Predicted intent confidence (0.3550) is below the validated confidence threshold (0.60).,SAFE_TO_AUTO_HANDLE,Well-defined customer issue with matching historical resolution evidence.,FALSE_ESCALATE
CASE_001188,MY IPHONE IS REBOOTING EVERY MINUTE?? WHAT'S UP WITH THIS @AppleSupport??? I've heard of 6 different cases today!!,GENERAL_DEVICE_INQUIRY,GENERAL_DEVICE_INQUIRY,0.17957017836909492,0.7533,1.0,True,NONE,"We'd like to help get this sorted out. We want to help with your iPhone. If your device with iOS 11 unexpectedly restarts repeatedly on or after December 2, 2017, this article will walk you through a solution: https://t.co/Wc5MHFZb0p Let us know if you have any questions along the way.",ESCALATE,LOW_INTENT_CONFIDENCE,Predicted intent confidence (0.1796) is below the validated confidence threshold (0.60).,SAFE_TO_AUTO_HANDLE,Well-defined customer issue with matching historical resolution evidence.,FALSE_ESCALATE
CASE_007311,"@AppleSupport whats wrong with iphone 7 🙂🙂🙂 ... is it from the new update?? its not working well with us all !!! #iphone7 #apple @AppleSupport 11.1 , the phone close suddenly , and apple white icon appears , and some apps working slowly and it close suddenly while I am using it !",OS_UPDATE_SYSTEM_PERFORMANCE,OS_UPDATE_SYSTEM_PERFORMANCE,0.31612734770110174,0.7635,1.0,True,NONE,We'd like to help get this sorted out. Have you updated to 11.0.2 yet? https://t.co/80YRnjDFDk Send us a DM and let us know. https://t.co/GDrqU22YpT Glad to hear that. You know where we are if you have any questions. Let us know if you have any questions along the way.,ESCALATE,LOW_INTENT_CONFIDENCE,Predicted intent confidence (0.3161) is below the validated confidence threshold (0.60).,SAFE_TO_AUTO_HANDLE,Well-defined customer issue with matching historical resolution evidence.,FALSE_ESCALATE
CASE_007689,@AppleSupport I would like to report a spam email I just received regarding my apple account. Let me know where can I Foward the email. #Apple #Spam https://t.co/yn2f1nFIHU @AppleSupport Thanks for your quick response! 😉,HOW_TO_SETTINGS_CONFIGURATION,ACCOUNT_APPLEID_ICLOUD,0.43566142879622854,0.8032,0.0,True,NONE,We'd like to help get this sorted out. Yes that would be a phishing attempt. You can read more on that here: https://t.co/6Ye6EtSytB Let us know if you have any questions along the way.,ESCALATE,INTENT_EVIDENCE_MISMATCH,Retrieved evidence intent alignment (0.00%) is below the validated alignment threshold (66.00%).,SAFE_TO_AUTO_HANDLE,Well-defined customer issue with matching historical resolution evidence.,FALSE_ESCALATE
CASE_007720,@AppleSupport what’s up with 11.1.2 no longer letting me use play/pause on my bluetooth devices with RockMyRun and Audible?!? Your iTunes works just fine ... surprised? :/ @AppleSupport Wow - talk about quick response and great suggestions!  Turns out the one thing I didn’t do - restart iPhone - did the trick!  Never ran into something like this b4 &amp; I’ve never thot of Apple and ctrl-alt-del at the same time :D thx! #applerox,CONNECTIVITY_WIFI_BLUETOOTH,AUDIO_SOUND_SPEAKER,0.2646396934259376,0.6796,0.6667,True,NONE,We'd like to help get this sorted out. We'd like to assist as best we can. What exactly are you seeing happen? Does the behavior persist if you unpair and pair the speaker back up? Let's take a closer look. Please reach out to us via DM and we can go from there. https://t.co/GDrqU2kzhr Let us know if you have any questions along the way.,ESCALATE,LOW_INTENT_CONFIDENCE,Predicted intent confidence (0.2646) is below the validated confidence threshold (0.60).,SAFE_TO_AUTO_HANDLE,Well-defined customer issue with matching historical resolution evidence.,FALSE_ESCALATE
CASE_000991,"@AppleSupport hi my phone battery keeps dying really fast when I'm outside in the cold. Once I get back indoors it jumps back up again. @AppleSupport But this is ridiculous. My phone was on 40% and dropped down to 13% while I was charging it with my portable charger. Had it not been plugged in it would have died. It's winter and I live in the U.K., are you saying my phone is going to die every time it is below 6°C? @AppleSupport This happened a few weeks ago as well, it died within about 10 minutes of me being outside. @AppleSupport The link you sent me advises temperatures between 0°-35°C. Both of the times this has happened, the temperature has been above 0°C and this never happened on any other iPhone that I've had. @AppleSupport Thanks, I've sent a dm",BATTERY_CHARGING_POWER,BATTERY_CHARGING_POWER,0.7918776493657596,0.6913,0.6667,True,NONE,"We'd like to help get this sorted out. That's not expected. We're happy to help. Which iPhone model do you have? Also, what's the ambient temperature when this occurs? Since completing the update, have you attempted any of the steps here: https://t.co/TpjqFp3jxD Sounds like a plan. We’re available every day from 5am-8pm Pacific. When you've tested, let us know the results. Thanks for reaching out. We can help check your options. Let us know your country via DM and we'll continue. https://t.co/GDrqU22YpT Let us know if you have any questions along the way.",AUTO_HANDLE,STRONG_GROUNDED_EVIDENCE,Intent confidence and retrieval evidence exceed validated thresholds and the independent grounding check passed with no unsupported claims.,SHOULD_ESCALATE,Retrieved evidence does not match customer's problem intent.,FALSE_AUTO_HANDLE
CASE_002286,"so annoying every app i use it closes out of it, @115858 get your fucking shit together!!",APP_CRASH_AND_DOWNLOAD,APP_CRASH_AND_DOWNLOAD,0.3192826038503837,0.6938,0.3333,True,NONE,We'd be happy to help with this. We know how much we rely on our messages app for our daily communication. We'd like to learn more about your situation. Can you provide us the iOS that is currently installed on your device? You can locate this in Settings &gt; General &gt; About &gt; Version. Let us know if this helps resolve the issue.,ESCALATE,CONFLICTING_EVIDENCE,Retrieved historical evidence contains conflicting troubleshooting paths or fragmented intents.,SAFE_TO_AUTO_HANDLE,Well-defined customer issue with matching historical resolution evidence.,FALSE_ESCALATE
CASE_000009,"@AppleSupport I can’t change lock screen anymore from ‘wallpaper’ in settings. How do I do it now? @AppleSupport As always, thank you!!!",DISPLAY_TOUCH_SCREEN,DISPLAY_TOUCH_SCREEN,0.8341985861516854,0.6829,0.3333,True,NONE,"We'd like to help get this sorted out. Let's look into this together. How long have you been experiencing this? Which device are you using? That's the behavior that we expect. Check out our article for more info: https://t.co/hSnkM7JIIS If you have any feedback about how Live wallpapers look, please send it to us online at: https://t.co/eTPVYVFyd8 Let us know if you have any questions along the way.",ESCALATE,CONFLICTING_EVIDENCE,Retrieved historical evidence contains conflicting troubleshooting paths or fragmented intents.,SAFE_TO_AUTO_HANDLE,Well-defined customer issue with matching historical resolution evidence.,FALSE_ESCALATE
CASE_001789,"@AppleSupport hi, could you help me with this?
since I’ve updated to iOS11, wifi is almost always turned on even when I turn it off. Thanks @AppleSupport What? Why do that? ☹️ @AppleSupport Control center 🙁 @AppleSupport It's actually an ipad pro 9.7. And from what I read it only disconnects when I toggle the WiFi button on control center, right? @AppleSupport It doesn't fully turn it off unless i switch it off in the settings?  That seems like a hassle 😶 @AppleSupport I see. But I don't really like this ""feature"". 🙁 @AppleSupport Yes, thank you.",CONNECTIVITY_WIFI_BLUETOOTH,CONNECTIVITY_WIFI_BLUETOOTH,0.5743018525122142,0.8114,1.0,True,NONE,"We'd like to help get this sorted out. Are you turning the Wi-Fi off from the Control Center? Let us know, we'd like to help. Control Center just temporarily disables it. You can learn more here: https://t.co/G7BHuQnDS6 Let us know if you have any questions along the way.",ESCALATE,LOW_INTENT_CONFIDENCE,Predicted intent confidence (0.5743) is below the validated confidence threshold (0.60).,SAFE_TO_AUTO_HANDLE,Well-defined customer issue with matching historical resolution evidence.,FALSE_ESCALATE
CASE_001376,@AppleSupport At times My iPhone 7 gets really hot when I am browsing and then starts draining the batt at full swing. Kindly advise.,BATTERY_CHARGING_POWER,BATTERY_CHARGING_POWER,0.34200631667934484,0.7023,0.6667,True,NONE,We'd like to help get this sorted out. We’re happy to help with any complications you’re facing. How long ago did you update? Let us know via a DM. https://t.co/GDrqU22YpT Let us know if you have any questions along the way.,ESCALATE,LOW_INTENT_CONFIDENCE,Predicted intent confidence (0.3420) is below the validated confidence threshold (0.60).,SAFE_TO_AUTO_HANDLE,Well-defined customer issue with matching historical resolution evidence.,FALSE_ESCALATE
CASE_004100,Hey @115858. Fix this: I️ @AppleSupport Thanks!,GENERAL_DEVICE_INQUIRY,GENERAL_DEVICE_INQUIRY,0.5069756606203508,0.9415,1.0,True,NONE,"We'd like to help get this sorted out. We recently released iOS 11.1.1 to address this issue. If you haven't updated yet, you can learn how here: https://t.co/80YRnjDFDk If the issue persists, send us a DM so we can help there. https://t.co/GDrqU22YpT We're always happy to help! Feel free to reach out to us if we can be of any further assistance. Our office hours are 7 days a week, from 5AM - 8PM PDT. If you contact us after business hours, rest assured we'll respond the following day. https://t.co/GDrqU22YpT Let us know if you have any questions along the way.",ESCALATE,LOW_INTENT_CONFIDENCE,Predicted intent confidence (0.5070) is below the validated confidence threshold (0.60).,SAFE_TO_AUTO_HANDLE,Well-defined customer issue with matching historical resolution evidence.,FALSE_ESCALATE
CASE_005466,@AppleSupport I don’t know why it’s showing?how could solve it? https://t.co/QvpaKA0QGB @AppleSupport Thanks for the help.,GENERAL_DEVICE_INQUIRY,HOW_TO_SETTINGS_CONFIGURATION,0.3771441079873979,0.814,0.3333,True,NONE,We'd like to help get this sorted out. We'll be happy to help with your iCloud Keychain. Check out the following article: https://t.co/mfc517ABMQ Do you get this message immediately after entering the verification code? Can you DM us what version of IOS we are working with? https://t.co/GDrqU22YpT Let us know if you have any questions along the way.,ESCALATE,INTENT_EVIDENCE_MISMATCH,Retrieved evidence intent alignment (33.33%) is below the validated alignment threshold (66.00%).,SAFE_TO_AUTO_HANDLE,Well-defined customer issue with matching historical resolution evidence.,FALSE_ESCALATE
CASE_006131,"@AppleSupport I’m having trouble with sms messages failing... 

is this a carrier problem with @122326 or with my iPhone? 

It seems if recipients are not in my contacts I can’t text them? https://t.co/3RKlo9jZq1 @AppleSupport Done all of those things already before contacting you... this has only started recently so it’s either due to an iOS update or due to my carrier as I’ve taken out a new contract recently with @122326 @AppleSupport Thanks guys 👍🏻 
I’ve been waiting most of the day to get a response from them 🤔 
How about it @121121 @122326",CONNECTIVITY_WIFI_BLUETOOTH,OS_UPDATE_SYSTEM_PERFORMANCE,0.22504872486272692,0.7311,1.0,True,NONE,"We'd like to help get this sorted out. We'd like to team up with you to help. What's the model you have and what's happening with it currently? Which exact iOS version is installed? Have you tried any troubleshooting steps so far? Do you mean iOS 11.0.2, or iOS 11.2? Also, which exact steps did you try? Let us know in DM here: https://t.co/GDrqU22YpT Let us know if you have any questions along the way.",ESCALATE,LOW_INTENT_CONFIDENCE,Predicted intent confidence (0.2250) is below the validated confidence threshold (0.60).,SAFE_TO_AUTO_HANDLE,Well-defined customer issue with matching historical resolution evidence.,FALSE_ESCALATE
CASE_000311,"@AppleSupport Iphone 5S on IOS 10 keeps crashing everytime I enter the messages app. i tried resetting all settings, deleted all texts and soft reset (pressing home +power button) and still crashes :( @AppleSupport I think someone send me one of those annoying videos that makes your phone crash. However they send it via facebook's messenger not sandard message. I didnt open the link just deleted the message. This all happen yesterday. That's the only thing that I can (1) @AppleSupport (2) recall to be the thing that caused it. I also downloaded the Anomal Crossing app but i dont think that was it. After the video my phone's message app has been acting up and nothing seems to fix it. I have not tried with wifi yet as I dont have wifi today. Tomorrow I will. @AppleSupport Will let you know when I do that if it solves the problem as I'm still having issues with te phone",CONNECTIVITY_WIFI_BLUETOOTH,APP_CRASH_AND_DOWNLOAD,0.4380390777925491,0.7429,0.6667,True,NONE,"We'd be happy to help with this. Let's help with your Messages. Which iOS version are you running? Any other apps crashing upon launch? Does restarting help? Glad to hear it's working. If there's anything you need in the future, reach out. We'll be happy to help. Let us know if this helps resolve the issue.",ESCALATE,LOW_INTENT_CONFIDENCE,Predicted intent confidence (0.4380) is below the validated confidence threshold (0.60).,SAFE_TO_AUTO_HANDLE,Well-defined customer issue with matching historical resolution evidence.,FALSE_ESCALATE
CASE_007128,"Ok @AppleSupport why is the weird question mark box thing happening if you try to type just a capital letter eye @AppleSupport 7+ and it’s the newest iOS. I️ see this on here, IG, BBM https://t.co/ZPocrZlpQd @AppleSupport Oh. Snapchat too. Only place it doesn’t do it is regular text messages @AppleSupport Yes. That’s the iOS. Started today. And no I️ haven’t tried anything @AppleSupport Ok @AppleSupport That might have worked I️ I’m I’ve @AppleSupport Nope @AppleSupport How do I️ remove my iCloud account? I’m kind of nervous to do that @AppleSupport That did not work",ACCOUNT_APPLEID_ICLOUD,KEYBOARD_TYPING_AUTOCORRECT,0.29145283650994874,0.7022,0.3333,True,NONE,We'd like to help get this sorted out. We’ve got your back. Check out the workaround in this article and DM us any questions you may have: https://t.co/xU1AGHStV6 https://t.co/GDrqU22YpT Let's take a closer look at this. Please send us a DM. Thanks in advance! https://t.co/GDrqU22YpT Here’s what you can do to work around the issue until it’s fixed in a future software update: https://t.co/qODbOsp4wz Let us know if you have any questions along the way.,ESCALATE,INTENT_EVIDENCE_MISMATCH,Retrieved evidence intent alignment (33.33%) is below the validated alignment threshold (66.00%).,SAFE_TO_AUTO_HANDLE,Well-defined customer issue with matching historical resolution evidence.,FALSE_ESCALATE
CASE_003069,"@AppleSupport Hi there, after upgrading to iOS 11.0.3 my iphone7 is super slow and can barely use apps @AppleSupport It seemed to be google chrome as it has now resolved since running the update for that app this morning. Thanks for the reply 👍",OS_UPDATE_SYSTEM_PERFORMANCE,OS_UPDATE_SYSTEM_PERFORMANCE,0.5020498656735314,0.7489,1.0,True,NONE,We'd like to help get this sorted out. We'd like to help. Could you tell us which version of iOS you're running under Settings &gt; General &gt; About. Thanks for the information. Reach out to us in DM and we'll continue from there. https://t.co/GDrqU22YpT Let us know if you have any questions along the way.,ESCALATE,LOW_INTENT_CONFIDENCE,Predicted intent confidence (0.5020) is below the validated confidence threshold (0.60).,SAFE_TO_AUTO_HANDLE,Well-defined customer issue with matching historical resolution evidence.,FALSE_ESCALATE
CASE_002552,@115858 @115948 just done a phone update and it’s deleted all my playlists and downloaded songs ffs 😡😡😡,APP_STORE_PURCHASES_BILLING,APP_STORE_PURCHASES_BILLING,0.42284776349337005,0.7511,1.0,True,NONE,"We'd be happy to help with this. We'd be glad to check into this with you as we wouldn't want to lose our music either. To get started, were you using Apple Music? Thanks for clarifying. Go to Settings &gt; Music and if 'Show Apple Music' is toggled off, turn it on. Do the same for 'iCloud Photo Library'. Does your information come back? Let's move to DM and we can continue there. Let us know whether the missing content was downloaded from Apple Music, or synced from iTunes. We'll also need to know whether your iPhone is currently connected to a Wi-Fi network or cellular data. Let us know if this helps resolve the issue.",ESCALATE,LOW_INTENT_CONFIDENCE,Predicted intent confidence (0.4228) is below the validated confidence threshold (0.60).,SAFE_TO_AUTO_HANDLE,Well-defined customer issue with matching historical resolution evidence.,FALSE_ESCALATE
CASE_004989,"@AppleSupport trouble transferring to my new iPhone X as I’m a beta tester and you’ve not released iOS 11.2 to the X? Any advice? @AppleSupport Fixed it thanks. You’ve released iOS 11.2 beta on iPhone X @591859 @AppleSupport Is the iPhone X iOS 11.2 public beta out, or just for developers?",OS_UPDATE_SYSTEM_PERFORMANCE,OS_UPDATE_SYSTEM_PERFORMANCE,0.38077858642989965,0.8273,1.0,True,NONE,We'd be happy to help with this. iOS 11.2 hasn't been released for the public. If you are using the public beta then you will either update via Settings &gt; General &gt; Software Update or using iTunes. Let us know if this helps resolve the issue.,ESCALATE,LOW_INTENT_CONFIDENCE,Predicted intent confidence (0.3808) is below the validated confidence threshold (0.60).,SAFE_TO_AUTO_HANDLE,Well-defined customer issue with matching historical resolution evidence.,FALSE_ESCALATE
CASE_003420,@115858 @AppleSupport what the heck is with this weird autocorrect every time I️ type the word “I️”??? @AppleSupport Thanks sent a DM. I️,KEYBOARD_TYPING_AUTOCORRECT,KEYBOARD_TYPING_AUTOCORRECT,0.5976755374547832,0.8531,0.3333,True,NONE,We'd like to help get this sorted out. We can certainly help. Check out this workaround to help: https://t.co/xU1AGHStV6 Let us know if you have any questions along the way.,ESCALATE,CONFLICTING_EVIDENCE,Retrieved historical evidence contains conflicting troubleshooting paths or fragmented intents.,SAFE_TO_AUTO_HANDLE,Well-defined customer issue with matching historical resolution evidence.,FALSE_ESCALATE
CASE_006260,I️ keep seeing question marks when I️ type. This bullshit hella annoying! Fix my phone boss @115858 @AppleSupport @AppleSupport 11.1 @AppleSupport Appreciate it boss,GENERAL_DEVICE_INQUIRY,GENERAL_DEVICE_INQUIRY,0.4568826051312277,0.7819,0.3333,True,NONE,"We'd like to help get this sorted out. We are here to help. We've got an article that addresses this behavior. Check it out here: https://t.co/xU1AGHStV6 Help has arrived. Check out this article, it should do the trick: https://t.co/xU1AGHStV6 Let us know if you have any questions along the way.",ESCALATE,INTENT_EVIDENCE_MISMATCH,Retrieved evidence intent alignment (33.33%) is below the validated alignment threshold (66.00%).,SAFE_TO_AUTO_HANDLE,Well-defined customer issue with matching historical resolution evidence.,FALSE_ESCALATE
CASE_004331,@AppleSupport so are you guys going to address these question mark boxes or no @AppleSupport iPhone X. When ever I️ go to use the letter I️ @AppleSupport Thank you,KEYBOARD_TYPING_AUTOCORRECT,KEYBOARD_TYPING_AUTOCORRECT,0.4357056640360468,0.7934,0.0,True,NONE,We'd like to help get this sorted out. Here’s what you can do to work around the issue until it’s fixed in a future software update: https://t.co/xXaXeeSRt9 Let us know if you have any questions along the way.,ESCALATE,INTENT_EVIDENCE_MISMATCH,Retrieved evidence intent alignment (0.00%) is below the validated alignment threshold (66.00%).,SAFE_TO_AUTO_HANDLE,Well-defined customer issue with matching historical resolution evidence.,FALSE_ESCALATE
CASE_001593,"@AppleSupport live wallpapers aren’t working. I’m running 11.1.2 on my new #iPhoneX. I’ve tried restarting and also switching to a still then switching back to a live. Help, please. @AppleSupport Thx for getting back to me. Unfortunately, that's not the problem. I've checked and Reduce Motion is not turned on. Any other ideas? :) @AppleSupport I figured it out. I had to adjust the 3D Touch sensitivity. Thanks anyway!",GENERAL_DEVICE_INQUIRY,HOW_TO_SETTINGS_CONFIGURATION,0.21934261424871798,0.7602,0.0,True,NONE,"We'd like to help get this sorted out. Let's look into this together. How long have you been experiencing this? Which device are you using? That's the behavior that we expect. Check out our article for more info: https://t.co/hSnkM7JIIS If you have any feedback about how Live wallpapers look, please send it to us online at: https://t.co/eTPVYVFyd8 Let us know if you have any questions along the way.",ESCALATE,CONFLICTING_EVIDENCE,Retrieved historical evidence contains conflicting troubleshooting paths or fragmented intents.,SAFE_TO_AUTO_HANDLE,Well-defined customer issue with matching historical resolution evidence.,FALSE_ESCALATE
CASE_006476,@115858 Thanks for the update! My phone is static again 😜 #iphone8 #shouldofkeptmyoldphone #pleasefixit @AppleSupport Thanks I will DM you :),OS_UPDATE_SYSTEM_PERFORMANCE,OS_UPDATE_SYSTEM_PERFORMANCE,0.5310085924693803,0.7049,0.6667,True,NONE,"We'd like to help get this sorted out. We’d like to look into this. To get started, please DM us about the issues you've been experiencing and the current software version. https://t.co/GDrqU22YpT Let us know if you have any questions along the way.",ESCALATE,LOW_INTENT_CONFIDENCE,Predicted intent confidence (0.5310) is below the validated confidence threshold (0.60).,SAFE_TO_AUTO_HANDLE,Well-defined customer issue with matching historical resolution evidence.,FALSE_ESCALATE
CASE_005934,"@AppleSupport GPS no longer works after iOS 11 update on iPhone 6. Tried soft &amp; hard restart, reset location svs, still no maps work. @AppleSupport 11.0.2. Most ppl I know w ios11 &amp; iPhone 6 have the same problem. Will @115858 release a big fix? This is just 1 in a long list of big issues @667748 @AppleSupport @115858 Did this fix your problem? @667748 thanks i have the same problem.",OS_UPDATE_SYSTEM_PERFORMANCE,OS_UPDATE_SYSTEM_PERFORMANCE,0.41273993907978435,0.8604,0.6667,True,NONE,"We'd like to help get this sorted out. Maps is a key app on the iPhone. We will be happy to help. What is your specific version of iOS. Go to Settings &gt; General &gt; About for this. Also, have you tried restarting your device? Thanks We'd like to help. Could you elaborate on the GPS issue you've experienced? We'd be happy to look into this more if you'd like. https://t.co/GDrqU22YpT Let us know if you have any questions along the way.",ESCALATE,LOW_INTENT_CONFIDENCE,Predicted intent confidence (0.4127) is below the validated confidence threshold (0.60).,SAFE_TO_AUTO_HANDLE,Well-defined customer issue with matching historical resolution evidence.,FALSE_ESCALATE
CASE_000236,@AppleSupport is there anything that I can do to make your voice to text smarter? I just tried three times to comment and say “taunting call“ I was dictating slowly and clearly I got three different versions of this: Tonton car. Is there anything I can do to train my phone? @AppleSupport Completely unhelpful. It had nothing to do with saying “hey Siri“ @AppleSupport I’ll have time in a few minutes. I’ll give it another look and try those. Thank you,GENERAL_DEVICE_INQUIRY,GENERAL_DEVICE_INQUIRY,0.15121208976954637,0.6606,0.6667,True,NONE,We'd like to help get this sorted out. We'd like to help. Tap Settings &gt; Siri &amp; Search &gt; Siri Voice to change. Feedback can be left here: https://t.co/aXEtn6UIwx Let us know if you have any questions along the way.,ESCALATE,LOW_INTENT_CONFIDENCE,Predicted intent confidence (0.1512) is below the validated confidence threshold (0.60).,SAFE_TO_AUTO_HANDLE,Well-defined customer issue with matching historical resolution evidence.,FALSE_ESCALATE
CASE_006767,"Hey @AppleSupport what’s with iPhones not being able to make calls?  I know 9 people who go to make calls and nothing happens. All have most recent iOS update. I don’t really like using the phone, but sometimes you have to. @AppleSupport AT&amp;T @AppleSupport I reset my phone but now some calls go right to voicemail. Others still disconnect immediately @AppleSupport DM sent. Thank you!",OS_UPDATE_SYSTEM_PERFORMANCE,AUDIO_SOUND_SPEAKER,0.22944725284771297,0.8507,0.0,True,NONE,We'd like to help get this sorted out. We want you to be able to make and receive calls. We're here to help. Please take a look at the following article. Let us know if these steps work for you: https://t.co/U53YusKX3z We're glad the issue has been resolved. Please feel free to reach out to us in DM anytime you need assistance. https://t.co/GDrqU22YpT Let us know if you have any questions along the way.,ESCALATE,INTENT_EVIDENCE_MISMATCH,Retrieved evidence intent alignment (0.00%) is below the validated alignment threshold (66.00%).,SAFE_TO_AUTO_HANDLE,Well-defined customer issue with matching historical resolution evidence.,FALSE_ESCALATE
CASE_003236,"Dear @115858 ever since your IOS 11 update, my screen on my iPad air2 keeps flipping even though it’s locked. It’s annoying, please fix @AppleSupport It’s locked in portrait but flips to landscape @AppleSupport Thank you. Appreciated",DISPLAY_TOUCH_SCREEN,DISPLAY_TOUCH_SCREEN,0.5749313691856055,0.8066,0.6667,True,NONE,"We'd be happy to help with this. That's not what we like to hear. Which iOS 11 version are you using? To find it, go to Settings &gt; General &gt; About. Let us know if this helps resolve the issue.",ESCALATE,LOW_INTENT_CONFIDENCE,Predicted intent confidence (0.5749) is below the validated confidence threshold (0.60).,SAFE_TO_AUTO_HANDLE,Well-defined customer issue with matching historical resolution evidence.,FALSE_ESCALATE
CASE_006234,"Hey @AppleSupport have you tried turning it off and on again?? https://t.co/A3D41cNnQw @AppleSupport It's on the internet on a PC so nothing is installed, it's the webpage that's playing up @AppleSupport Somehow it's started working 🤷‍♀️ guess someone fixed it somewhere 😁 @AppleSupport Thanks for the support though 👌🏻",GENERAL_DEVICE_INQUIRY,GENERAL_DEVICE_INQUIRY,0.19716044381325717,0.7901,1.0,True,NONE,We'd like to help get this sorted out. Thanks for reaching out to us. Here is a helpful resource: https://t.co/Ui1yTnOCUz Let us know if you have questions. Glad we were able to help. Have a wonderful rest of your day! Let us know if you have any questions along the way.,ESCALATE,LOW_INTENT_CONFIDENCE,Predicted intent confidence (0.1972) is below the validated confidence threshold (0.60).,SAFE_TO_AUTO_HANDLE,Well-defined customer issue with matching historical resolution evidence.,FALSE_ESCALATE
CASE_005975,"@AppleSupport yet another bug with an Apple product. This one is the Apple TV (4th gen) and tv is 11. The device drops off the remote app @AppleSupport Every few days this happens and can only be fixed by restarting the Apple TV. See link for greater detail. very dissapointed so many of your products and operating systems in general exhibit so many bugs and shows your QA is inadequate. See link, https://t.co/r2FLSxA0Pm @AppleSupport Ok, sounds like your usual fob off. It’s a bad bug you should actually forward onto engineers to fix. Not waste my time scheduling calls. But I’ll go through the motions then, thanks.",GENERAL_DEVICE_INQUIRY,GENERAL_DEVICE_INQUIRY,0.21342440780743377,0.7268,0.3333,True,NONE,We'd like to help get this sorted out. We want to help. You can contact our Apple TV support team here: https://t.co/IBIY3vMgPj Let us know if you have any questions along the way.,ESCALATE,CONFLICTING_EVIDENCE,Retrieved historical evidence contains conflicting troubleshooting paths or fragmented intents.,SAFE_TO_AUTO_HANDLE,Well-defined customer issue with matching historical resolution evidence.,FALSE_ESCALATE
CASE_002244,@115858 Microphone of iphone stopped working post software update. There is lot of noise during call. Can see few more similar complaints. @AppleSupport Responded. @AppleSupport Not resolved yet. Please help.!,AUDIO_SOUND_SPEAKER,OS_UPDATE_SYSTEM_PERFORMANCE,0.30139977554741976,0.7468,0.0,True,NONE,We'd be happy to help with this. What version of iOS are you currently running? That can be found in Settings &gt; General &gt; About. Let us know if this helps resolve the issue.,ESCALATE,INTENT_EVIDENCE_MISMATCH,Retrieved evidence intent alignment (0.00%) is below the validated alignment threshold (66.00%).,SAFE_TO_AUTO_HANDLE,Well-defined customer issue with matching historical resolution evidence.,FALSE_ESCALATE
CASE_003244,50 min on the phone with @115858 .. bet you I will be told I’m screwed and just gonna have to deal with it.. #customerForever #horrible https://t.co/vO3lcE1PnH @115858 @116333 please fix this issue 😞 your company is about to tell a forever customer to move on 😡 @AppleSupport 2 hours 15min.. the rep helping me has left me on hold for 30min now.. @116333 @115858 @AppleSupport thank you. #NotWorthIt #iphoneX #help https://t.co/1IzvIt8BoA,GENERAL_DEVICE_INQUIRY,GENERAL_DEVICE_INQUIRY,0.4597794530612758,0.7737,0.3333,True,NONE,"We'd like to help get this sorted out. Do you mean physically broken, or not working like you expect it to? Either way, we're here for you, and we can help! That's great news! If you have any issues or concerns in the future please feel free to reach out. https://t.co/GDrqU2kzhr Let us know if you have any questions along the way.",ESCALATE,CONFLICTING_EVIDENCE,Retrieved historical evidence contains conflicting troubleshooting paths or fragmented intents.,SAFE_TO_AUTO_HANDLE,Well-defined customer issue with matching historical resolution evidence.,FALSE_ESCALATE
CASE_000006,@AppleSupport ios 11.0.3 on 6s. Cannot adjust alarm volume so waking up all in my house and neighbours despite ringer being set to minimum! @AppleSupport It’s sorted. Thanks. iOS update needed a change and hard reboot,AUDIO_SOUND_SPEAKER,AUDIO_SOUND_SPEAKER,0.42872118093191913,0.7316,0.6667,True,NONE,We'd like to help get this sorted out. We want to help you look into what is going on. Send us a DM and let us know what device you are using and what's going on. https://t.co/GDrqU22YpT Try going to Settings &gt; Sounds &amp; Haptics. Here you can adjust the Ringer and Alerts volume. Still have questions? DM us: https://t.co/GDrqU22YpT Sounds like a plan. Let us know if you have any questions along the way.,ESCALATE,LOW_INTENT_CONFIDENCE,Predicted intent confidence (0.4287) is below the validated confidence threshold (0.60).,SAFE_TO_AUTO_HANDLE,Well-defined customer issue with matching historical resolution evidence.,FALSE_ESCALATE
CASE_000496,"Con iOS 11.0.2 arreglan errores, pero el teclado sigue siendo extremadamente lento cc @AppleSupport https://t.co/zA6aUXFOdM @AppleSupport Ok thanks for the answer ;-)",OS_UPDATE_SYSTEM_PERFORMANCE,OS_UPDATE_SYSTEM_PERFORMANCE,0.3121400382673457,0.7747,0.6667,True,NONE,We'd like to help get this sorted out. We offer support via Twitter in English. Get help in Spanish here: https://t.co/IBIY3vMgPj or join https://t.co/OczyRx7IOs Let us know if you have any questions along the way.,ESCALATE,LOW_INTENT_CONFIDENCE,Predicted intent confidence (0.3121) is below the validated confidence threshold (0.60).,SAFE_TO_AUTO_HANDLE,Well-defined customer issue with matching historical resolution evidence.,FALSE_ESCALATE
CASE_006976,@115858 FIX THIS FUCKING BUG IT IS DRIVING ME INSANE. Look I️ I️ I️ I️ I️,GENERAL_DEVICE_INQUIRY,GENERAL_DEVICE_INQUIRY,0.2680582098147801,0.8579,1.0,True,NONE,We'd be happy to help with this. Thanks for reaching out. We know how important it is for your auto-correct to work as expected and we'll do everything we can to assist. Have you had the chance to update to iOS 11.1.1? Let us know if this helps resolve the issue.,ESCALATE,LOW_INTENT_CONFIDENCE,Predicted intent confidence (0.2681) is below the validated confidence threshold (0.60).,SAFE_TO_AUTO_HANDLE,Well-defined customer issue with matching historical resolution evidence.,FALSE_ESCALATE
CASE_005677,"@AppleSupport Constantly prompted to sign back into my Gmail account. To validate the prompt’s legitimacy, I went to input in Accounts &amp; Passwords. But I am not seeing a place to input my password. Am I missing it? I’d rather not remove and re-add, but I don’t trust the prompts. https://t.co/oWG3yi31MB @AppleSupport “I’d rather not remove and re-add” but if that is my only option, I will. 

Shouldn’t I be able to edit the login credentials in Settings, or is that no longer an option? @AppleSupport Gotcha. Fair enough. 

Reinstalled about an hour ago and already getting prompted again. https://t.co/Cw0bM9STDL @AppleSupport Just realized that the prompt now references a Sandbox environment. Didn’t notice that before but perhaps helpful in determining the cause. https://t.co/R64F9Hn8XE @AppleSupport FWIW, not all prompts mention the sandbox. I am running the latest public beta 11.2. @AppleSupport Done. Thanks.",ACCOUNT_APPLEID_ICLOUD,ACCOUNT_APPLEID_ICLOUD,0.2677854607342547,0.6255,0.6667,True,NONE,We'd like to help get this sorted out. Check out this article for what to do if you don't remember the password to your Mac: https://t.co/QnMgELDQi7 Let us know if you have any questions along the way.,ESCALATE,WEAK_EVIDENCE,Top retrieval similarity (0.6255) is below the validated quality threshold (0.65).,SAFE_TO_AUTO_HANDLE,Well-defined customer issue with matching historical resolution evidence.,FALSE_ESCALATE
CASE_000842,@115858 Bluetooth on my brand new iPhone 8 Plus won’t connect to any devices. Very familiar with how they work. Any help? @AppleSupport Never mind. I finally figured it out! Thanks though!,CONNECTIVITY_WIFI_BLUETOOTH,CONNECTIVITY_WIFI_BLUETOOTH,0.4965716871663765,0.7903,1.0,True,NONE,"We'd like to help get this sorted out. We're here to help. Have you tried connecting to another Bluetooth enabled device to check and see if this issue is happening with all Bluetooth connections? Thanks for checking that out. Let's move to DM and continue there. https://t.co/GDrqU22YpT Great! We're glad it's working for you now. If you need anything else, please let us know. Let us know if you have any questions along the way.",ESCALATE,LOW_INTENT_CONFIDENCE,Predicted intent confidence (0.4966) is below the validated confidence threshold (0.60).,SAFE_TO_AUTO_HANDLE,Well-defined customer issue with matching historical resolution evidence.,FALSE_ESCALATE
CASE_005795,"My phone won’t lock or turn off @115858 wtf? @AppleSupport Nothing, IPhone SE @AppleSupport The power button clicks...it’s just unresponsive @AppleSupport This issue seems to have fixed itself but, thanks for the quick response",DISPLAY_TOUCH_SCREEN,DISPLAY_TOUCH_SCREEN,0.18383212986320743,0.735,0.0,True,NONE,We'd like to help get this sorted out. We want to help you out with this! Are you using any sort of case on the device that may be covering the button? Does it feel as if the button is broken or does it feel normal? Check out this article here: https://t.co/45AlFnF6Ae Please DM us if the issue persists. https://t.co/GDrqU22YpT Let us know if you have any questions along the way.,ESCALATE,INTENT_EVIDENCE_MISMATCH,Retrieved evidence intent alignment (0.00%) is below the validated alignment threshold (66.00%).,SAFE_TO_AUTO_HANDLE,Well-defined customer issue with matching historical resolution evidence.,FALSE_ESCALATE
CASE_002473,if i can listen to a voice note on speaker my phone shouldnt be going into 'sleep mode' while its playing @AppleSupport fix it please @AppleSupport also can i get a fast forward option??? so that when this happens i dont have to listen to it all over again. @AppleSupport sincerely someone who just had to play the same voice note 5 times... just to hear the last 30 seconds @AppleSupport Thanks for the temporary option.. anyway my suggestion can be sent in though if it hasn't already been @AppleSupport Thanks,AUDIO_SOUND_SPEAKER,AUDIO_SOUND_SPEAKER,0.4790367692132036,0.6023,0.3333,True,NONE,We'd be happy to help with this. Let's help isolate and take a closer look. Are you still able to play audio such as music? What about through headphones? Let us know if this helps resolve the issue.,ESCALATE,CONFLICTING_EVIDENCE,Retrieved historical evidence contains conflicting troubleshooting paths or fragmented intents.,SAFE_TO_AUTO_HANDLE,Well-defined customer issue with matching historical resolution evidence.,FALSE_ESCALATE
CASE_001316,"@AppleSupport how do I change my ringer/notifications volume? Using the volume keys on the home screen used to display “ringer”, now it says “volume”. What’s the deal? @AppleSupport Thanks",AUDIO_SOUND_SPEAKER,AUDIO_SOUND_SPEAKER,0.5370772009765897,0.7399,1.0,True,NONE,"We'd be happy to help with this. We want to help sort this out. So we're clear, are you referring to controlling volume from Control Center? Please go to Settings &gt; Sounds &amp; Haptics, under the slider is Change with Buttons enabled? Let us know if this helps resolve the issue.",ESCALATE,LOW_INTENT_CONFIDENCE,Predicted intent confidence (0.5371) is below the validated confidence threshold (0.60).,SAFE_TO_AUTO_HANDLE,Well-defined customer issue with matching historical resolution evidence.,FALSE_ESCALATE
CASE_006453,Hey @AppleSupport Your update switches on WiFi &amp; Bluetooth even when I want it to be switched off. I want control over my phone not my ios!! @AppleSupport Yes @AppleSupport @698529 whyb cant i get help from apple support??? @AppleSupport iOS 11.0.3 is installed. https://t.co/9VlJG5yNJT @AppleSupport Control Center @AppleSupport Thank you it’s sorted now.,CONNECTIVITY_WIFI_BLUETOOTH,CONNECTIVITY_WIFI_BLUETOOTH,0.5392857416853449,0.7961,1.0,True,NONE,We'd like to help get this sorted out. We appreciate the feedback. Check out: https://t.co/G7BHuQnDS6 Let your voice be heard here: https://t.co/eTPVYVFyd8 Let us know if you have any questions along the way.,ESCALATE,LOW_INTENT_CONFIDENCE,Predicted intent confidence (0.5393) is below the validated confidence threshold (0.60).,SAFE_TO_AUTO_HANDLE,Well-defined customer issue with matching historical resolution evidence.,FALSE_ESCALATE
CASE_004974,"What is this, @AppleSupport? https://t.co/CL3HAopfkK @AppleSupport sent a DM.  Thanks!",GENERAL_DEVICE_INQUIRY,GENERAL_DEVICE_INQUIRY,0.35918920496971357,0.8894,1.0,True,NONE,We'd like to help get this sorted out. Are you having issues with voicemails? Check out this article for helpful tips: https://t.co/FaFf2KILzY Let us know if you have any questions along the way.,ESCALATE,LOW_INTENT_CONFIDENCE,Predicted intent confidence (0.3592) is below the validated confidence threshold (0.60).,SAFE_TO_AUTO_HANDLE,Well-defined customer issue with matching historical resolution evidence.,FALSE_ESCALATE
CASE_002385,@AppleSupport have you all seen this.  This came up in safari while looking at Wayfair. https://t.co/LZbKLk3Ohx @AppleSupport Cheers #apple,GENERAL_DEVICE_INQUIRY,GENERAL_DEVICE_INQUIRY,0.29708732367639235,0.6822,0.6667,True,NONE,We'd like to help get this sorted out. That e-mail is not from Apple and appears to be a phishing attempt. Learn more about that here: https://t.co/LNMCdqt6fD Let us know if you have any questions along the way.,ESCALATE,LOW_INTENT_CONFIDENCE,Predicted intent confidence (0.2971) is below the validated confidence threshold (0.60).,SAFE_TO_AUTO_HANDLE,Well-defined customer issue with matching historical resolution evidence.,FALSE_ESCALATE
CASE_004867,so tell me how my iPhone was plugged in all night &amp; charging but I wake up to it on 8% ???? I’m not playin @115858,BATTERY_CHARGING_POWER,BATTERY_CHARGING_POWER,0.4768158533988857,0.7124,0.6667,True,NONE,"We'd like to help get this sorted out. We know how important your phone is to your everyday life. Let’s take a look at this issue together. Send us a screenshot of what you see in Settings &gt; General &gt; About, and we’ll get started there. Use this to screenshot: https://t.co/iQkc2ZuaLN https://t.co/GDrqU22YpT Let us know if you have any questions along the way.",ESCALATE,LOW_INTENT_CONFIDENCE,Predicted intent confidence (0.4768) is below the validated confidence threshold (0.60).,SAFE_TO_AUTO_HANDLE,Well-defined customer issue with matching historical resolution evidence.,FALSE_ESCALATE
CASE_002268,"Apple notes has become unusable on my phone. Notes haven't synced since September, I tried turning off and on iCloud and now NONE sync. I'm seriously getting to the point where I've fucking had enough of Apple. Their stuff gets worse and worse every year. iOS11==Windows Vista Memo to @AppleSupport : how do I get my iCloud notes back on my phone?!!? https://t.co/z1mZ6xcNow @AppleSupport thanks support folks. I got them to come back finally when i got back to wifi.  But https://t.co/XLg2wOY2O7 doesn't even do notes anymore! https://t.co/bXoTviFGmL",CONNECTIVITY_WIFI_BLUETOOTH,ACCOUNT_APPLEID_ICLOUD,0.5505642510436598,0.7548,0.6667,True,NONE,"We'd like to help get this sorted out. Thanks for reaching out. Were your notes saved to iCloud? If you go to https://t.co/MdGttkkFL9 from a desktop browser, do you see your notes there? Please go to Settings &gt; Apple ID (at the top) &gt; iCloud, is notes turned on? Glad to hear we got your Notes back. Please let us know if we can be of any other assistance. Let us know if you have any questions along the way.",ESCALATE,LOW_INTENT_CONFIDENCE,Predicted intent confidence (0.5506) is below the validated confidence threshold (0.60).,SAFE_TO_AUTO_HANDLE,Well-defined customer issue with matching historical resolution evidence.,FALSE_ESCALATE
CASE_002935,@115858 I just updated my iPhone and now the time and date are not displayed on the lock screen....help! @AppleSupport Problem solved! Thanks for the help!,DISPLAY_TOUCH_SCREEN,DISPLAY_TOUCH_SCREEN,0.5766743232291145,0.7687,0.6667,True,NONE,We'd be happy to help with this. We're glad to help. What version of iOS are you running? Find that in Settings &gt; General &gt; About. Let us know if this helps resolve the issue.,ESCALATE,LOW_INTENT_CONFIDENCE,Predicted intent confidence (0.5767) is below the validated confidence threshold (0.60).,SAFE_TO_AUTO_HANDLE,Well-defined customer issue with matching historical resolution evidence.,FALSE_ESCALATE
CASE_000453,"@AppleSupport New ios 11.0.2 still does not resolve Mail app issues!! Cannot connect to Microsoft office exchange without searching for ages @167330 @AppleSupport Any resolution to this? 11.0.2 - iPhone 7 - still no mail via mail app - Outlook App works without issue @AppleSupport No error message, just constant spinning dial whilst phone/app connecting to exchange. Must be a 30sec lag compared to instant pre new IOS @AppleSupport The Mail app. Split between connected and WiFi. App works equally slowing via both. @AppleSupport Ok thank you. I’ll dm you. What info do you need? Code from back of phone?",CONNECTIVITY_WIFI_BLUETOOTH,CONNECTIVITY_WIFI_BLUETOOTH,0.4864364643890512,0.7144,0.3333,True,NONE,"We'd be happy to help with this. We’d like to help get your mail to send. Is this happening on both cell data and Wi-Fi? Which iOS version and device are you using? Okay, feel free to reach back out if you need us. Let us know if this helps resolve the issue.",ESCALATE,CONFLICTING_EVIDENCE,Retrieved historical evidence contains conflicting troubleshooting paths or fragmented intents.,SAFE_TO_AUTO_HANDLE,Well-defined customer issue with matching historical resolution evidence.,FALSE_ESCALATE
CASE_004873,@AppleSupport this new software 11.0.3 really sucks I’ve been thru two IPhone 7 Plus phones no one can hear me on my phone at all ! @AppleSupport How am I to run my business with no phone thanks for nothing,AUDIO_SOUND_SPEAKER,AUDIO_SOUND_SPEAKER,0.24479358735970155,0.742,0.6667,True,NONE,"We'd like to help get this sorted out. Have you tried these steps?: https://t.co/XlmCP2gCtj and https://t.co/rDJwu6CX24 Still not working? https://t.co/GDrqU22YpT We're glad you're able to hear again on your calls. When you are using a Bluetooth device, are you able to hear OK? We just wanted to be sure all is well for you now. Reach out if you need us again in the future. Let us know if you have any questions along the way.",ESCALATE,LOW_INTENT_CONFIDENCE,Predicted intent confidence (0.2448) is below the validated confidence threshold (0.60).,SAFE_TO_AUTO_HANDLE,Well-defined customer issue with matching historical resolution evidence.,FALSE_ESCALATE
CASE_001862,"Dear @115858 can we expect in your next Keynote to come up with a Solution for that little lot? Its the second charger in one year! https://t.co/UfUky50sZB @141099 @115858 Mine too,Three chargers this yr same fking problem. £20 each in London where else I don’t know?
The price you pay for phone and this happens @AppleSupport Thanks I might just do that.👍🏻",BATTERY_CHARGING_POWER,BATTERY_CHARGING_POWER,0.2354153890834292,0.6181,0.6667,True,NONE,We'd like to help get this sorted out. Let's work together to get to the bottom of this. Are you using the Apple charger that came with your iPhone? Is the iPhone detecting a charger is connected when the charger is plugged in? This error may occur if you are not using an Apple certified charger: https://t.co/fJpWZGmuz7 Let us know if you have any questions along the way.,ESCALATE,WEAK_EVIDENCE,Top retrieval similarity (0.6181) is below the validated quality threshold (0.65).,SAFE_TO_AUTO_HANDLE,Well-defined customer issue with matching historical resolution evidence.,FALSE_ESCALATE
CASE_006978,"@115858 @AppleSupport please.... iMessage keeps crashing and deleting my longer messages before I️ can even send it.
I️ have to select and copy all my messages before I️ send them, in case it crashes.. I️ often forget @AppleSupport iPhone 6S, IOS 11.1. I️ do not experience this with any other app",APP_CRASH_AND_DOWNLOAD,APP_CRASH_AND_DOWNLOAD,0.7946748090229996,0.8128,0.3333,True,NONE,We'd like to help get this sorted out. Receiving messages is an important part of the iPhone and we're eager for you to have those abilities again. Restarting was a great step. Which iOS version are we working with? You'll find that in Settings &gt; General &gt; About. Let's begin by backing up the iPhone and updating to iOS 11.1.2. Then let us know what's happening. How to back up: https://t.co/4f8hwT5to6 Let us know if you have any questions along the way.,ESCALATE,CONFLICTING_EVIDENCE,Retrieved historical evidence contains conflicting troubleshooting paths or fragmented intents.,SAFE_TO_AUTO_HANDLE,Well-defined customer issue with matching historical resolution evidence.,FALSE_ESCALATE
CASE_004287,"Switching to @122609 for the sole purpose of knowing when a call is likely SPAM. @AppleSupport #WasteOfTime #iosprobs @AppleSupport Yes, I block calls all day long, everyday. They still persist. Better to know in advance so I don't have to vet calls all day. @AppleSupport Thank you. I will take a look.",GENERAL_DEVICE_INQUIRY,GENERAL_DEVICE_INQUIRY,0.2854975305622946,0.655,1.0,True,NONE,"We'd like to help get this sorted out. Thanks for reaching out. You can filter iMessages or block specific contacts with the steps here: https://t.co/eXOsiiLMs2 It's our pleasure. If there's anything you need in the future, reach out. Let us know if you have any questions along the way.",ESCALATE,LOW_INTENT_CONFIDENCE,Predicted intent confidence (0.2855) is below the validated confidence threshold (0.60).,SAFE_TO_AUTO_HANDLE,Well-defined customer issue with matching historical resolution evidence.,FALSE_ESCALATE
CASE_004432,My hotspot has not worked since I updated my ipad and iphone to iOS 11 @AppleSupport @ATT @117735,CONNECTIVITY_WIFI_BLUETOOTH,OS_UPDATE_SYSTEM_PERFORMANCE,0.2862416237595552,0.7976,0.0,True,NONE,"We'd like to help get this sorted out. Let's look into this together. What's the exact issue you're seeing, and the version number of iOS 11 installed on your iPad? Thanks for that information. Send us a DM, and we'll continue from there. https://t.co/GDrqU22YpT Let us know if you have any questions along the way.",ESCALATE,INTENT_EVIDENCE_MISMATCH,Retrieved evidence intent alignment (0.00%) is below the validated alignment threshold (66.00%).,SAFE_TO_AUTO_HANDLE,Well-defined customer issue with matching historical resolution evidence.,FALSE_ESCALATE
CASE_001163,@AppleSupport can you please tell me why i turned my phone on and off and all of my pictures are now gone? :)))))) thanks!! this is like the 4th time im starting to really get sick of it :)))) @AppleSupport nvm got it thanks,GENERAL_DEVICE_INQUIRY,GENERAL_DEVICE_INQUIRY,0.1825377315116361,0.8472,1.0,True,NONE,We'd like to help get this sorted out. We'd like to help! Send us a DM with the device you are using along with the iOS version running on your device to proceed. https://t.co/GDrqU22YpT Let us know if you have any questions along the way.,ESCALATE,LOW_INTENT_CONFIDENCE,Predicted intent confidence (0.1825) is below the validated confidence threshold (0.60).,SAFE_TO_AUTO_HANDLE,Well-defined customer issue with matching historical resolution evidence.,FALSE_ESCALATE
CASE_007759,@AppleSupport why this going up/down? V11.1.2 https://t.co/asATssJ34Z @AppleSupport I think that’s actually fixed it! Thanks,GENERAL_DEVICE_INQUIRY,GENERAL_DEVICE_INQUIRY,0.36587227711391485,0.783,0.3333,True,NONE,We'd like to help get this sorted out. We've got tips on a workaround for this issue. You'll find it here: https://t.co/qODbOsp4wz DM us if you need anything else https://t.co/GDrqU22YpT You're welcome! Be sure to keep your device up to date! Have a great day. Let us know if you have any questions along the way.,ESCALATE,INTENT_EVIDENCE_MISMATCH,Retrieved evidence intent alignment (33.33%) is below the validated alignment threshold (66.00%).,SAFE_TO_AUTO_HANDLE,Well-defined customer issue with matching historical resolution evidence.,FALSE_ESCALATE
CASE_004007,Why does this happen now?? How do I️ delete it?? Anyone?! @AppleSupport https://t.co/anlOntI0Ix @501106 @AppleSupport Mine is doing this too.😕 @AppleSupport This worked! Thank you so much!!,HOW_TO_SETTINGS_CONFIGURATION,GENERAL_DEVICE_INQUIRY,0.4919243401501442,0.8502,0.6667,True,NONE,We'd be happy to help with this. This is an app or extension wanting to make changes. Do you recall installing anything with that name? Feel free to reach out to us if you have any further questions. Have a wonderful day! Let us know if this helps resolve the issue.,ESCALATE,LOW_INTENT_CONFIDENCE,Predicted intent confidence (0.4919) is below the validated confidence threshold (0.60).,SAFE_TO_AUTO_HANDLE,Well-defined customer issue with matching historical resolution evidence.,FALSE_ESCALATE
CASE_005004,"@115858 @AppleSupport your new update sucks.  My phone is constantly frozen or shutting off on its own.  Please fix this!!! @115858 @AppleSupport So I updated my phone, as requested....Now my phone my is shutting off on its own. THANKS!!! #AppleNews #Apple #Samsung",OS_UPDATE_SYSTEM_PERFORMANCE,OS_UPDATE_SYSTEM_PERFORMANCE,0.4899867986276799,0.8019,0.6667,True,NONE,We'd like to help get this sorted out. We’ll do everything we can to help you sort this out as quickly as possible. This article goes over how to resolve the problem with your iPhone restarting on its own: https://t.co/Wc5MHFZb0p You're welcome. Reach out to us again if you need help with anything else. We're here for you. Let us know if you have any questions along the way.,ESCALATE,LOW_INTENT_CONFIDENCE,Predicted intent confidence (0.4900) is below the validated confidence threshold (0.60).,SAFE_TO_AUTO_HANDLE,Well-defined customer issue with matching historical resolution evidence.,FALSE_ESCALATE
CASE_007877,Anybody else have notification blurring on their iPhone X? I get it constantly. @AppleSupport ?? https://t.co/tMDj3xHl96 @AppleSupport 11.1.2 but I’ve been seeing it for a while,KEYBOARD_TYPING_AUTOCORRECT,GENERAL_DEVICE_INQUIRY,0.18526492800221322,0.6817,0.0,True,NONE,We'd like to help get this sorted out. Thanks for reaching out to us. Let's work together to resolve this. We'll gather some details to help isolate the cause of this issue. Which iOS version do you have? When did this issue start? DM us and let us know if you've done any steps to try to resolve this. We know your time is precious so we don't want to have you repeat any unnecessary steps. https://t.co/GDrqU22YpT Let us know if you have any questions along the way.,ESCALATE,INTENT_EVIDENCE_MISMATCH,Retrieved evidence intent alignment (0.00%) is below the validated alignment threshold (66.00%).,SAFE_TO_AUTO_HANDLE,Well-defined customer issue with matching historical resolution evidence.,FALSE_ESCALATE
CASE_005540,Honestly @115858 this “ I️ “ scenario is really annoying. I’ve fixed It and It keeps coming back. Y’all need a hotfix/update quickly... for the love.,OS_UPDATE_SYSTEM_PERFORMANCE,OS_UPDATE_SYSTEM_PERFORMANCE,0.2659443031485355,0.7787,0.3333,True,NONE,We'd like to help get this sorted out. Thanks for reaching out. We currently have a workaround for this. Here's how: https://t.co/xXaXeeSRt9 Let us know if you have any questions along the way.,ESCALATE,INTENT_EVIDENCE_MISMATCH,Retrieved evidence intent alignment (33.33%) is below the validated alignment threshold (66.00%).,SAFE_TO_AUTO_HANDLE,Well-defined customer issue with matching historical resolution evidence.,FALSE_ESCALATE
CASE_005728,@115858 are y’all going to fix this “i” thing or nawl,GENERAL_DEVICE_INQUIRY,GENERAL_DEVICE_INQUIRY,0.41332375223285645,0.8793,1.0,True,NONE,We'd like to help get this sorted out. Here’s what you can do to work around the issue until it’s fixed in a future software update: https://t.co/xXaXeeSRt9 You're most welcome! Let us know if you have any questions along the way.,ESCALATE,LOW_INTENT_CONFIDENCE,Predicted intent confidence (0.4133) is below the validated confidence threshold (0.60).,SAFE_TO_AUTO_HANDLE,Well-defined customer issue with matching historical resolution evidence.,FALSE_ESCALATE
CASE_003014,"@AppleSupport Powerbeats 3 stopped working after 3 months. Won’t turn on or charge. Seems I’m not the only one. Plz fix for Powerbeats 4. @AppleSupport @159983 Thanks. I already got a replacement pair, but I just don’t want this to be a recurring problem.",BATTERY_CHARGING_POWER,BATTERY_CHARGING_POWER,0.22705790208971574,0.7649,0.3333,True,NONE,"We'd like to help get this sorted out. We don't want you to be left with your Beats not working, especially after a replacement. Let's chat over in Direct Message and we'll see what can be done. https://t.co/GDrqU22YpT Let us know if you have any questions along the way.",ESCALATE,CONFLICTING_EVIDENCE,Retrieved historical evidence contains conflicting troubleshooting paths or fragmented intents.,SAFE_TO_AUTO_HANDLE,Well-defined customer issue with matching historical resolution evidence.,FALSE_ESCALATE
CASE_007678,"I’m really hoping @115858 can help me fix my computer. This shit is the heart of everything I do. I’m damn sure glad I backed everything up. @AppleSupport Thanks for the quick reply. I’m actually at one of your stores right now, waiting on a technician.",GENERAL_DEVICE_INQUIRY,GENERAL_DEVICE_INQUIRY,0.2322854332262969,0.7387,0.6667,True,NONE,We'd be happy to help with this. We're here for you. Which version of the iOS are you running? Check by tapping Settings &gt; General &gt; About. Let us know if this helps resolve the issue.,ESCALATE,LOW_INTENT_CONFIDENCE,Predicted intent confidence (0.2323) is below the validated confidence threshold (0.60).,SAFE_TO_AUTO_HANDLE,Well-defined customer issue with matching historical resolution evidence.,FALSE_ESCALATE
CASE_003177,@AppleSupport please advise. Can I get my voicemail to be visible as it was before the update? How do I get voicemail notifications? https://t.co/1bx3MHBSTx @AppleSupport Thanks. Will do.,KEYBOARD_TYPING_AUTOCORRECT,OS_UPDATE_SYSTEM_PERFORMANCE,0.24635396713674065,0.732,0.3333,True,NONE,"We'd like to help get this sorted out. Visual Voicemail is still available with iOS 11. If you don't see the option, check out the bottom of this article: https://t.co/FaFf2KILzY If that doesn't resolve your issue, let us know. We'll work with you to see what's going on. Have you had the chance to check with your carrier to make sure it's still provisioned for your account? Let us know in DM. https://t.co/GDrqU22YpT Let us know if you have any questions along the way.",ESCALATE,INTENT_EVIDENCE_MISMATCH,Retrieved evidence intent alignment (33.33%) is below the validated alignment threshold (66.00%).,SAFE_TO_AUTO_HANDLE,Well-defined customer issue with matching historical resolution evidence.,FALSE_ESCALATE
CASE_006174,yo @AppleSupport my volume isn’t working on my MacBook.. #help,AUDIO_SOUND_SPEAKER,AUDIO_SOUND_SPEAKER,0.5458177979317504,0.6993,1.0,True,NONE,We'd be happy to help with this. Let's partner together to reach a solution! Have you restarted your iPhone normally since encountering these behaviors? We're glad to hear volume is working normally for you! Don't hesitate to reach out if there's any other way we can help. Let us know if this helps resolve the issue.,ESCALATE,LOW_INTENT_CONFIDENCE,Predicted intent confidence (0.5458) is below the validated confidence threshold (0.60).,SAFE_TO_AUTO_HANDLE,Well-defined customer issue with matching historical resolution evidence.,FALSE_ESCALATE
CASE_005708,"Why are those even an option for me, @115858 when are you gonna fix this glitch? https://t.co/VMoHiNYSPd",OS_UPDATE_SYSTEM_PERFORMANCE,OS_UPDATE_SYSTEM_PERFORMANCE,0.5283817380686588,0.7515,1.0,True,NONE,We'd like to help get this sorted out. Here’s what you can do to work around the issue until it’s fixed in a future software update: https://t.co/xXaXeeSRt9 You're quite welcome. Let us know if you have additional questions. Let us know if you have any questions along the way.,ESCALATE,LOW_INTENT_CONFIDENCE,Predicted intent confidence (0.5284) is below the validated confidence threshold (0.60).,SAFE_TO_AUTO_HANDLE,Well-defined customer issue with matching historical resolution evidence.,FALSE_ESCALATE
CASE_006684,"iPhone 6 randomly restarts, camera roll frequently won’t open, screen orientation issues when in messages app. #ios11 @AppleSupport @AppleSupport IOS 11 first started and I have IOS 11.1.1 Apple Care Warrantied the phone over issues already so it’s a new device. @AppleSupport Fresh iphone, clean install of apps, no restore. It’s a waste of time to troubleshoot any further. I’ll keep an eye out for more instances of software glitches...",DISPLAY_TOUCH_SCREEN,DISPLAY_TOUCH_SCREEN,0.36363392349291607,0.7117,0.0,True,NONE,We'd like to help get this sorted out. We're glad you reached out to us. We just released iOS 11.2 which should help with your issues. Let's go through the steps in the following article and DM us if you're still having problems: https://t.co/osZOKKTalm We'll be here for you. https://t.co/GDrqU22YpT Let us know if your issues persist after updating and we'll go from there. What issues are you experiencing with your camera? Is it only your native Camera app or also third party camera apps? DM us what exactly is happening when you use the camera and we'll work with you there. https://t.co/GDrqU2kzhr Let us know if you have any questions along the way.,ESCALATE,CONFLICTING_EVIDENCE,Retrieved historical evidence contains conflicting troubleshooting paths or fragmented intents.,SAFE_TO_AUTO_HANDLE,Well-defined customer issue with matching historical resolution evidence.,FALSE_ESCALATE
CASE_007029,Not sure the new emojis make up for my battery only lasting an hour since I upgraded my OS @AppleSupport 🦕🦖🦕🦖🦕🦖🦕,BATTERY_CHARGING_POWER,BATTERY_CHARGING_POWER,0.6719365317317438,0.7192,0.3333,True,NONE,We'd like to help get this sorted out. We want to help get your phone back to working order. Try the steps here and let us know the result: https://t.co/8MvHMFZ83h Let us know if you have any questions along the way.,ESCALATE,INTENT_EVIDENCE_MISMATCH,Retrieved evidence intent alignment (33.33%) is below the validated alignment threshold (66.00%).,SAFE_TO_AUTO_HANDLE,Well-defined customer issue with matching historical resolution evidence.,FALSE_ESCALATE
CASE_005723,@115858 Momma Kate thinks this glitch is stupid and would like to know when it will be resolved. Please advise when I should inform her it will be fixed. 😂😂 https://t.co/jXylCz68fa,OS_UPDATE_SYSTEM_PERFORMANCE,OS_UPDATE_SYSTEM_PERFORMANCE,0.3167976435199817,0.7109,1.0,True,NONE,"We'd like to help get this sorted out. We recently released an iOS update, 11.1.1, that contains a fix for this issue. Let’s be sure to back up your device prior to updating. Follow these steps to back up and update: https://t.co/i5Q6RPlZCm Let us know if you have any questions along the way.",ESCALATE,LOW_INTENT_CONFIDENCE,Predicted intent confidence (0.3168) is below the validated confidence threshold (0.60).,SAFE_TO_AUTO_HANDLE,Well-defined customer issue with matching historical resolution evidence.,FALSE_ESCALATE
CASE_004110,Can someone tell me why this is happening I️ I️ I️ I️ I️ I️ I️ I️ @AppleSupport @AppleSupport Thank you!,GENERAL_DEVICE_INQUIRY,GENERAL_DEVICE_INQUIRY,0.4047957667374287,0.8371,1.0,True,NONE,We'd like to help get this sorted out. Have you had a chance to try the work around outlined here? https://t.co/xU1AGHStV6 DM us if you need further assistance. https://t.co/GDrqU22YpT No problem. Let us know if you need any further assistance. https://t.co/GDrqU2kzhr Let us know if you have any questions along the way.,ESCALATE,LOW_INTENT_CONFIDENCE,Predicted intent confidence (0.4048) is below the validated confidence threshold (0.60).,SAFE_TO_AUTO_HANDLE,Well-defined customer issue with matching historical resolution evidence.,FALSE_ESCALATE
CASE_006781,"Help please @AppleSupport  New iphone today, took hours for photos to download from icloud now all apps 'waiting' - what to do? Thanks. @AppleSupport Thank you for help today. Much appreciated.",ACCOUNT_APPLEID_ICLOUD,ACCOUNT_APPLEID_ICLOUD,0.5726460606494628,0.7325,0.6667,True,NONE,"We'd like to help get this sorted out. Thanks for reaching out to us about this. Congrats on that new iPhone! Let's see how we can help out. Were you using iCloud with your photos? Also, which method did you attempt to try and get them on on your new iPhone? Awesome, we're glad to hear they are there now. Check out this page for some great tips: https://t.co/yO3GYCEFoa Let us know if you have any questions along the way.",ESCALATE,LOW_INTENT_CONFIDENCE,Predicted intent confidence (0.5726) is below the validated confidence threshold (0.60).,SAFE_TO_AUTO_HANDLE,Well-defined customer issue with matching historical resolution evidence.,FALSE_ESCALATE
CASE_005413,"@AppleSupport  @115858 this is the 3rd time that my #iPhone6s reboots itself with 30% battery left and comes back alive with 10% 🤔 I don’t think that’s normal @AppleSupport Pretty sure the screen turns off, so back screen , i have iOs 11.1 @AppleSupport When the phone resets it just restarts like nothing happened, only difference is the 10% battery",BATTERY_CHARGING_POWER,BATTERY_CHARGING_POWER,0.5163195836827554,0.7637,1.0,True,NONE,We'd like to help get this sorted out. We know how important battery life is. Let's look into this together. Can you provide us which device you're using? Thanks for providing that. We know how vital the battery is. Please check out this article: https://t.co/TpjqFp3jxD Let us know if you have any questions along the way.,ESCALATE,LOW_INTENT_CONFIDENCE,Predicted intent confidence (0.5163) is below the validated confidence threshold (0.60).,SAFE_TO_AUTO_HANDLE,Well-defined customer issue with matching historical resolution evidence.,FALSE_ESCALATE
CASE_000356,Every time I turn my phone on Bluetooth randomly turns on and kills my battery @AppleSupport wyd? @AppleSupport With the swipe up feature @AppleSupport I never use Bluetooth in the first place,BATTERY_CHARGING_POWER,BATTERY_CHARGING_POWER,0.43719142763748836,0.7142,0.6667,True,NONE,"We'd be happy to help with this. Thanks for reaching out. We'd be happy to get to the bottom of your issue. Just to clarify, whereabouts are you turning Bluetooth off from, Control Center or Settings &gt; Bluetooth? Let us know if this helps resolve the issue.",ESCALATE,LOW_INTENT_CONFIDENCE,Predicted intent confidence (0.4372) is below the validated confidence threshold (0.60).,SAFE_TO_AUTO_HANDLE,Well-defined customer issue with matching historical resolution evidence.,FALSE_ESCALATE
CASE_007201,"Hey @115858 @AppleSupport I liked your phones a lot better when the camera worked without glitching out all the time. What the hell is going on with iOS 11? @758994 @115858 @AppleSupport I liked it much better when the Bluetooth worked. @115858 @AppleSupport I shouldn't have to reboot my phone to get the camera to function properly. This is basic stuff. @758994 @115858 @AppleSupport Voicemail crashes are the worst. @AppleSupport 6s and IPad Air. I had to reset both to gain a connection. 🤷🏼‍♀️ Why? @AppleSupport I’m connected now, but had to google answer/fix. Neither device would show anything wanting to connect. It’s had been that way since update. @AppleSupport It’s nice to know that you are there.",CONNECTIVITY_WIFI_BLUETOOTH,CONNECTIVITY_WIFI_BLUETOOTH,0.32838553457586545,0.7092,0.6667,True,NONE,"We'd like to help get this sorted out. We'll be happy to look into this for you. What iOS version is currently installed on your device? To find out, navigate to: Settings &gt; General &gt; About. Also, when did this behavior first begin? Does this message show only when toggling from the Control Center? We ask as there have been some changes with iOS 11. If you're looking to completely disable Bluetooth you can do so from Settings. This article has the details as well: https://t.co/vzVz37YMv0 Let us know if you have any questions along the way.",ESCALATE,LOW_INTENT_CONFIDENCE,Predicted intent confidence (0.3284) is below the validated confidence threshold (0.60).,SAFE_TO_AUTO_HANDLE,Well-defined customer issue with matching historical resolution evidence.,FALSE_ESCALATE
CASE_000021,@115858 why everytime I️ type an “I️” this extra A and box pops up ?? @AppleSupport I️ figured it out thanks 🤘🏽,GENERAL_DEVICE_INQUIRY,GENERAL_DEVICE_INQUIRY,0.34221743095218354,0.8673,1.0,True,NONE,"We'd like to help get this sorted out. Let's get that corrected for you. If you haven't seen it already, please try the steps here: https://t.co/xU1AGHStV6 Glad to hear that helped! Let us know if we can assist you with anything in the future. Have a great day! Let us know if you have any questions along the way.",ESCALATE,LOW_INTENT_CONFIDENCE,Predicted intent confidence (0.3422) is below the validated confidence threshold (0.60).,SAFE_TO_AUTO_HANDLE,Well-defined customer issue with matching historical resolution evidence.,FALSE_ESCALATE
CASE_007523,"@118721 @115858 @AppleSupport hey guys I keep getting this email, I believe it is a phishing email can you please advise. https://t.co/KsevNGjJWF @AppleSupport Awesome thanks for the quick reply",GENERAL_DEVICE_INQUIRY,GENERAL_DEVICE_INQUIRY,0.4762945849574455,0.8913,1.0,True,NONE,We'd like to help get this sorted out. That appears to be a phishing attempt. Here's how to handle it: https://t.co/LNMCdqt6fD Let us know if you have any questions along the way.,ESCALATE,LOW_INTENT_CONFIDENCE,Predicted intent confidence (0.4763) is below the validated confidence threshold (0.60).,SAFE_TO_AUTO_HANDLE,Well-defined customer issue with matching historical resolution evidence.,FALSE_ESCALATE
CASE_002094,"@AppleSupport Hey, iOS 11.0.3 has completely killed my Touch ID. No longer works on my iPhone 6s+. Already tried your troubleshooting. @AppleSupport It looks like it randomly fixed itself - I imagine the latest iOS update was having a moment. Thanks anyway!",DISPLAY_TOUCH_SCREEN,DISPLAY_TOUCH_SCREEN,0.3072430489188064,0.7916,0.6667,True,NONE,We'd like to help get this sorted out. Let's help get this resolved. Please check out this article: https://t.co/xqiXha6yeB Keep us posted on the results. Let us know if you have any questions along the way.,ESCALATE,LOW_INTENT_CONFIDENCE,Predicted intent confidence (0.3072) is below the validated confidence threshold (0.60).,SAFE_TO_AUTO_HANDLE,Well-defined customer issue with matching historical resolution evidence.,FALSE_ESCALATE
CASE_006940,"From the bottom of my heart, I sincerely want you to combust in hell. KILL YOURSELF! https://t.co/nER0qMbbm1 Btw this ""challenge"" is ducking retarded, just wanted my two cents out there Fucking* @115858 fix your keyboard @AppleSupport Oh nothing, I figured it out thanks though for being a very good customer service.",KEYBOARD_TYPING_AUTOCORRECT,KEYBOARD_TYPING_AUTOCORRECT,0.5606449536080452,0.7454,0.6667,True,NONE,We'd like to help get this sorted out. This article can help: https://t.co/tTi2c9SDuV DM us if the issue continues. https://t.co/GDrqU22YpT Let us know if you have any questions along the way.,ESCALATE,LOW_INTENT_CONFIDENCE,Predicted intent confidence (0.5606) is below the validated confidence threshold (0.60).,SAFE_TO_AUTO_HANDLE,Well-defined customer issue with matching historical resolution evidence.,FALSE_ESCALATE
CASE_002126,@AppleSupport hi. I got this email from what claims to be Apple Security. Email address is dubious. Could be phishing. https://t.co/bdEXpwoGxj @AppleSupport Thanks. Have sent the email already over to your team.,GENERAL_DEVICE_INQUIRY,GENERAL_DEVICE_INQUIRY,0.37302708753299374,0.842,1.0,True,NONE,We'd like to help get this sorted out. That appears to be a phishing attempt. Here's how to handle it: https://t.co/LNMCdqt6fD Let us know if you have any questions along the way.,ESCALATE,LOW_INTENT_CONFIDENCE,Predicted intent confidence (0.3730) is below the validated confidence threshold (0.60).,SAFE_TO_AUTO_HANDLE,Well-defined customer issue with matching historical resolution evidence.,FALSE_ESCALATE
CASE_000672,@SpotifyCares @AppleSupport iPhone is showing wrong song when phone is locked and playing music on Spotify. Phone or Spotify issue? @AppleSupport this works. thanks!,APP_STORE_PURCHASES_BILLING,APP_STORE_PURCHASES_BILLING,0.3893654676122824,0.8185,0.0,True,NONE,"We'd like to help get this sorted out. Thanks for reaching out. Which iPhone model do you have and what iOS version are you currently running? We understand your concern. Have you been able to restart yet? If not, let’s give that a try: https://t.co/OWRDHWSt4h Let us know if you have any questions along the way.",ESCALATE,INTENT_EVIDENCE_MISMATCH,Retrieved evidence intent alignment (0.00%) is below the validated alignment threshold (66.00%).,SAFE_TO_AUTO_HANDLE,Well-defined customer issue with matching historical resolution evidence.,FALSE_ESCALATE
CASE_007079,"@AppleSupport I recently bought a physical copy of Taylor Swifts 'Reputation' and it WILL not sync to my phone through my iTunes. WHY?! I'm ready to scream. SOMEONE PLEASE HELP ME. @AppleSupport It took me about two hours of frustration before I tweeted you, but I finally figured it out!!! Thanks so much for the quick response!",APP_STORE_PURCHASES_BILLING,APP_STORE_PURCHASES_BILLING,0.4509511508159168,0.7546,1.0,True,NONE,"We'd like to help get this sorted out. What's happening when you try to play the album? Please DM details, we're happy yo help out. https://t.co/GDrqU22YpT If you go to your purchase history on your device, do you see this purchase there? This link can help: https://t.co/7LU2nj59FH Awesome! We're glad that it worked out for you. Have a wonderful day! Let us know if you have any questions along the way.",ESCALATE,LOW_INTENT_CONFIDENCE,Predicted intent confidence (0.4510) is below the validated confidence threshold (0.60).,SAFE_TO_AUTO_HANDLE,Well-defined customer issue with matching historical resolution evidence.,FALSE_ESCALATE
CASE_006873,"@AppleSupport iOS 11.1.1 share connection failing on iPhone X @AppleSupport @728187 Eso Juan, explícales a esta gente a que te refieres que nos tienes en ascuas por dios bendito 🔥 @AppleSupport Sorry, I was talking about personal hotspot. For example, sometimes it appears visible at settings , but not at control center... other times turns WiFi on/off randomly. @AppleSupport I will install 11.1.2 :) thanks for the support @AppleSupport Same error on 11.1.2. Can I restart the hotspot configuration from the iPhone ? I have tried to restart from the connected devices but does not work. Thank you! ",CONNECTIVITY_WIFI_BLUETOOTH,CONNECTIVITY_WIFI_BLUETOOTH,0.5497809016812526,0.7676,0.6667,True,NONE,We'd like to help get this sorted out. We want to help. Which iOS version is your device currently running? You can check this through Settings &gt; General &gt; About. Explain what happens when you try to connect to your Wi-Fi network. Are you getting any error messages? DM us the answer. https://t.co/GDrqU22YpT Let us know if you have any questions along the way.,ESCALATE,LOW_INTENT_CONFIDENCE,Predicted intent confidence (0.5498) is below the validated confidence threshold (0.60).,SAFE_TO_AUTO_HANDLE,Well-defined customer issue with matching historical resolution evidence.,FALSE_ESCALATE
CASE_000263,@AppleSupport wtf is the “other” https://t.co/Arl7TYaGpO @AppleSupport Ok thank you ! @AppleSupport Have a great thanksgiving,GENERAL_DEVICE_INQUIRY,GENERAL_DEVICE_INQUIRY,0.5003287949520241,0.6613,1.0,True,NONE,"We'd like to help get this sorted out. We can help you out. Take a gander at the following article and DM us with any questions. https://t.co/xXaXeeSRt9 https://t.co/GDrqU22YpT No problem, we’re happy to help! Let us know if you have any questions along the way.",ESCALATE,LOW_INTENT_CONFIDENCE,Predicted intent confidence (0.5003) is below the validated confidence threshold (0.60).,SAFE_TO_AUTO_HANDLE,Well-defined customer issue with matching historical resolution evidence.,FALSE_ESCALATE
CASE_003593,What the fuck @AppleSupport what the fuck is with the I️ @AppleSupport Thank you!,GENERAL_DEVICE_INQUIRY,GENERAL_DEVICE_INQUIRY,0.40832809730158875,0.872,1.0,True,NONE,"We'd be happy to help with this. That doesn't look right, and we'll do all we can to help. To get started, what iOS version is installed? You can find that here: Settings &gt; General &gt; About. Also, does restarting your iPhone help? Let us know if this helps resolve the issue.",ESCALATE,LOW_INTENT_CONFIDENCE,Predicted intent confidence (0.4083) is below the validated confidence threshold (0.60).,SAFE_TO_AUTO_HANDLE,Well-defined customer issue with matching historical resolution evidence.,FALSE_ESCALATE
CASE_002818,.@AppleSupport how do I make it so my bluetooth doesn’t automatically turn on? @AppleSupport That doesn’t answer my question. I know how to turn it off. How do I make it so it doesn’t turn on unless I turn it on?,CONNECTIVITY_WIFI_BLUETOOTH,HOW_TO_SETTINGS_CONFIGURATION,0.4131051505386972,0.7983,0.0,True,NONE,We'd like to help get this sorted out. Are you using the new Control Center? Take a look at the changes in function here: https://t.co/vzVz37YMv0 You're most welcome. Let us know if you need any additional support. Let us know if you have any questions along the way.,ESCALATE,INTENT_EVIDENCE_MISMATCH,Retrieved evidence intent alignment (0.00%) is below the validated alignment threshold (66.00%).,SAFE_TO_AUTO_HANDLE,Well-defined customer issue with matching historical resolution evidence.,FALSE_ESCALATE
CASE_000912,"@AppleSupport https://t.co/eLY8qq0jUZ appears to be broken. Enter username &amp; password just redirects back to the login screen. Can’t login. @AppleSupport Not working again. Same as before, after entering login info it redirects back to login screen. @AppleSupport Tested it in both Safari 11.0.1 (12604.3.2) and Chrome 61.0.3163.100. Same device: MacBook Pro 15-inch 2016. Same result in both browsers. @AppleSupport Who should I contact? The issue is already reported in the Developer forum: https://t.co/Hw7iq1OlVc I think your site is just not working. @AppleSupport Well, it’s reported on the forums by other non-Apple developers having the problem. ;-) I don’t know that Apple’s dev team knows about it. @AppleSupport How do you file a bug on the bugreporter when it’s not working? 😉 Cheers.",DISPLAY_TOUCH_SCREEN,DISPLAY_TOUCH_SCREEN,0.45087671754928627,0.7243,0.0,True,NONE,We'd like to help get this sorted out. Be sure to reach out to the developer teams and let them know: https://t.co/LIrs0dB6kH Let us know if you have any questions along the way.,ESCALATE,INTENT_EVIDENCE_MISMATCH,Retrieved evidence intent alignment (0.00%) is below the validated alignment threshold (66.00%).,SAFE_TO_AUTO_HANDLE,Well-defined customer issue with matching historical resolution evidence.,FALSE_ESCALATE
CASE_002701,"Since I’ve updated my iPhone, my phone will not stop freezing and then restarting. @115858 sort it out before I throw it out the window pls x @AppleSupport iOS 11.0.3 - keeps freezing and the only way to get it to work is if I restart my phone. It’s doing it like every 15/20 mins ☹️ @AppleSupport No, I actually updated my phone to this iOS after my initial tweet about the update causing my phone to freeze. But this iOS hasn’t improved",OS_UPDATE_SYSTEM_PERFORMANCE,OS_UPDATE_SYSTEM_PERFORMANCE,0.3407079065721123,0.8087,0.3333,True,NONE,We'd like to help get this sorted out. We’d like to look into this with you. Send us a DM when this tends to happen to start. https://t.co/GDrqU22YpT You're welcome. We look forward to following up with you there. Let us know if you have any questions along the way.,ESCALATE,CONFLICTING_EVIDENCE,Retrieved historical evidence contains conflicting troubleshooting paths or fragmented intents.,SAFE_TO_AUTO_HANDLE,Well-defined customer issue with matching historical resolution evidence.,FALSE_ESCALATE
CASE_005626,Okay @AppleSupport enough with this ? In a box s&amp;&amp;t ✌🏾🤘🏾🤞🏾👍🏽 @AppleSupport Ok thanks!!,GENERAL_DEVICE_INQUIRY,GENERAL_DEVICE_INQUIRY,0.29746199330770867,0.6848,1.0,True,NONE,We'd like to help get this sorted out. Here’s what you can do to work around the issue until it’s fixed in a future software update: https://t.co/xXaXeeSRt9 Let us know if you have any questions along the way.,ESCALATE,LOW_INTENT_CONFIDENCE,Predicted intent confidence (0.2975) is below the validated confidence threshold (0.60).,SAFE_TO_AUTO_HANDLE,Well-defined customer issue with matching historical resolution evidence.,FALSE_ESCALATE
CASE_004129,fix your broken ass keybord @AppleSupport !!!!!!!!! i’m sick of my i’s turning into some weird shit @AppleSupport thanks!!!!,GENERAL_DEVICE_INQUIRY,GENERAL_DEVICE_INQUIRY,0.3280484419830885,0.7403,0.3333,True,NONE,We'd like to help get this sorted out. Here’s what you can do to work around the issue until it’s fixed in a future software update: https://t.co/xXaXeeSRt9 Let us know if you have any questions along the way.,ESCALATE,INTENT_EVIDENCE_MISMATCH,Retrieved evidence intent alignment (33.33%) is below the validated alignment threshold (66.00%).,SAFE_TO_AUTO_HANDLE,Well-defined customer issue with matching historical resolution evidence.,FALSE_ESCALATE
CASE_006845,Why every time I️ out I️ Issa question mark @AppleSupport,GENERAL_DEVICE_INQUIRY,GENERAL_DEVICE_INQUIRY,0.4065079569641124,0.7355,1.0,True,NONE,"We'd like to help get this sorted out. We are here to help. We've got an article that addresses this behavior. Check it out here: https://t.co/xU1AGHStV6 Help has arrived. Check out this article, it should do the trick: https://t.co/xU1AGHStV6 Let us know if you have any questions along the way.",ESCALATE,LOW_INTENT_CONFIDENCE,Predicted intent confidence (0.4065) is below the validated confidence threshold (0.60).,SAFE_TO_AUTO_HANDLE,Well-defined customer issue with matching historical resolution evidence.,FALSE_ESCALATE
CASE_007070,#Hannity is anyone else’s iPad keyboard messing up since update @115858 @AppleSupport I will call support tomorrow. Thank you,KEYBOARD_TYPING_AUTOCORRECT,KEYBOARD_TYPING_AUTOCORRECT,0.5748171089259857,0.7004,1.0,True,NONE,We'd like to help get this sorted out. We'd like to help! Which version of iOS 11 are you running? You can check in Settings &gt; General &gt; About &gt; Version. Let's update the iOS. The link here shows you how to back up your device &amp; then update the iOS: https://t.co/soeXTHWFdK We offer support via Twitter in English. Contact us for help in your preferred language here: https://t.co/IBIY3vMgPj You're very welcome. We hope you have a good day today. Please reach out anytime. Let us know if you have any questions along the way.,ESCALATE,LOW_INTENT_CONFIDENCE,Predicted intent confidence (0.5748) is below the validated confidence threshold (0.60).,SAFE_TO_AUTO_HANDLE,Well-defined customer issue with matching historical resolution evidence.,FALSE_ESCALATE
CASE_006796,Why does my App Store do this? I can’t download anything @AppleSupport @115858 @118936 https://t.co/YhDqMzK7kO @AppleSupport Holy shit I’m dumb af lol yeah I didn’t know it was saying to double click the side button lol everything works perfect lol thanks Apple!! I love y’all,APP_STORE_PURCHASES_BILLING,APP_STORE_PURCHASES_BILLING,0.2779673612444057,0.7299,0.3333,True,NONE,"We'd like to help get this sorted out. You can check our system status at anytime here: https://t.co/7NVrDovSd8 Send us a DM, we'd like to help you with those downloads. https://t.co/GDrqU22YpT Glad you got it to work. We're here if you have other questions. Let us know if you have any questions along the way.",ESCALATE,CONFLICTING_EVIDENCE,Retrieved historical evidence contains conflicting troubleshooting paths or fragmented intents.,SAFE_TO_AUTO_HANDLE,Well-defined customer issue with matching historical resolution evidence.,FALSE_ESCALATE
CASE_002002,❤️new #iPhone updates @115858 but now you’ve shut off my CALLER ID permanently again ?!? What’s up .... 🐞 need some #debugging please!!,GENERAL_DEVICE_INQUIRY,ACCOUNT_APPLEID_ICLOUD,0.20984256692310335,0.7267,0.0,True,NONE,"We'd like to help get this sorted out. Let's work on this together. First, follow these steps and let us know how it goes: https://t.co/U53YusKX3z Let us know if you have any questions along the way.",ESCALATE,INTENT_EVIDENCE_MISMATCH,Retrieved evidence intent alignment (0.00%) is below the validated alignment threshold (66.00%).,SAFE_TO_AUTO_HANDLE,Well-defined customer issue with matching historical resolution evidence.,FALSE_ESCALATE
CASE_003229,"@AppleSupport hey, my Apple music seems to have errors. Can’t control it from the control center but it’s playing in the background. https://t.co/8z5p9cklnL @AppleSupport I’m running iOS 10.0.3
Check DM. Sent you some more detailed pics and clips earlier.",APP_STORE_PURCHASES_BILLING,APP_STORE_PURCHASES_BILLING,0.38033791016482577,0.6892,1.0,True,NONE,"We'd be happy to help with this. We’d like to look into this further. Can you confirm your iOS version? Check under Settings &gt; General &gt; About Are you playing a song when you see this interface? Additionally, we'd recommend backing up and updating to iOS 11.0.2. Thanks for verifying. Have you had a chance to test if the behavior persists after backing up and updating to the iOS 11.0.2? Let us know if this helps resolve the issue.",ESCALATE,LOW_INTENT_CONFIDENCE,Predicted intent confidence (0.3803) is below the validated confidence threshold (0.60).,SAFE_TO_AUTO_HANDLE,Well-defined customer issue with matching historical resolution evidence.,FALSE_ESCALATE
CASE_004644,"And can we address the issue with solitary I’s on the iPhone?! Why are they turning into a question mark emoji? What’s going on, @115858?! @AppleSupport Nice! Thanks!",GENERAL_DEVICE_INQUIRY,GENERAL_DEVICE_INQUIRY,0.39590149639443306,0.7598,0.6667,True,NONE,We'd be happy to help with this. Are you seeing this happening in messages from other users or in messages that you're sending out? This would mean that this has been corrected for you and it's the others that will need to update to correct this. Let us know if this helps resolve the issue.,ESCALATE,LOW_INTENT_CONFIDENCE,Predicted intent confidence (0.3959) is below the validated confidence threshold (0.60).,SAFE_TO_AUTO_HANDLE,Well-defined customer issue with matching historical resolution evidence.,FALSE_ESCALATE
CASE_005909,@115858 ummmm why are my “I️”s all fucked up?,GENERAL_DEVICE_INQUIRY,GENERAL_DEVICE_INQUIRY,0.3452146624384984,0.8353,0.6667,True,NONE,"We'd like to help get this sorted out. Let's work on this together to resolve this. Are you currently running the newest iOS? Check if you're on iOS 11.1.2 by going to Settings &gt; General &gt; About &gt; Version. If you're not, update and test the issue again: https://t.co/80YRnjDFDk Let us know if you have any questions along the way.",ESCALATE,LOW_INTENT_CONFIDENCE,Predicted intent confidence (0.3452) is below the validated confidence threshold (0.60).,SAFE_TO_AUTO_HANDLE,Well-defined customer issue with matching historical resolution evidence.,FALSE_ESCALATE
CASE_006996,"@AppleSupport ios 11.1.1 battery drains too fast, twitter keeps crashing, flight mode on/off turns on bluetooth",BATTERY_CHARGING_POWER,BATTERY_CHARGING_POWER,0.5994458797530805,0.7451,1.0,True,NONE,We'd like to help get this sorted out. Thank you for the update on how your iPhone is performing. Please send us a DM and we'll continue working together. https://t.co/GDrqU22YpT Let us know if you have any questions along the way.,ESCALATE,LOW_INTENT_CONFIDENCE,Predicted intent confidence (0.5994) is below the validated confidence threshold (0.60).,SAFE_TO_AUTO_HANDLE,Well-defined customer issue with matching historical resolution evidence.,FALSE_ESCALATE
CASE_004288,@115858 can y’all fix my I️ @AppleSupport thanks💘,GENERAL_DEVICE_INQUIRY,GENERAL_DEVICE_INQUIRY,0.5197704665018709,0.9296,1.0,True,NONE,"We'd like to help get this sorted out. iOS 11.1.1 was recently released and it includes a fix for autocorrect issues. (Current version is 11.1.2) Be sure to back up your device prior to updating, and let us know if the issue persists afterwards. How to back up: https://t.co/4f8hwT5to6 Let us know if you have any questions along the way.",ESCALATE,LOW_INTENT_CONFIDENCE,Predicted intent confidence (0.5198) is below the validated confidence threshold (0.60).,SAFE_TO_AUTO_HANDLE,Well-defined customer issue with matching historical resolution evidence.,FALSE_ESCALATE
CASE_002998,"@AppleSupport after update, my phone it won’t go into sleep mode w/o me pressing the button in the side. I have it set to 30 seconds https://t.co/i67XzedRVE @AppleSupport 11.0.3. I think this issue started after I updated. @AppleSupport I let changing it yesterday and it didn’t turn off. I think I updated sometime last week @AppleSupport This fixed it. Thanks",OS_UPDATE_SYSTEM_PERFORMANCE,OS_UPDATE_SYSTEM_PERFORMANCE,0.3041850307160799,0.6269,0.3333,True,NONE,We'd like to help get this sorted out. Have you updated to iOS 11.0.2 yet? https://t.co/80YRnjDFDk Send us a DM and let us know. https://t.co/GDrqU22YpT Are you using Low Power Mode? https://t.co/VtbR4hS4qv covers how to disable that feature and impact it can have. We'd like to look into this further with you. DM us using the link below. We'll work from there. https://t.co/GDrqU22YpT Let us know if you have any questions along the way.,ESCALATE,CONFLICTING_EVIDENCE,Retrieved historical evidence contains conflicting troubleshooting paths or fragmented intents.,SAFE_TO_AUTO_HANDLE,Well-defined customer issue with matching historical resolution evidence.,FALSE_ESCALATE
CASE_004500,@AppleSupport Hi! I have a question about updating the OS on my macbook. Can you help? @AppleSupport Thank you! I just send you a DM.,GENERAL_DEVICE_INQUIRY,GENERAL_DEVICE_INQUIRY,0.3374025040107604,0.7194,0.3333,True,NONE,"We'd like to help get this sorted out. As long as his Mac is compatible, it shouldn't be a problem. Be sure he has a backup. https://t.co/109nnHwfMC That is correct, it should not have any trouble. Let us know if you have any questions along the way.",ESCALATE,CONFLICTING_EVIDENCE,Retrieved historical evidence contains conflicting troubleshooting paths or fragmented intents.,SAFE_TO_AUTO_HANDLE,Well-defined customer issue with matching historical resolution evidence.,FALSE_ESCALATE
CASE_005006,"Hey @115858 you need to fix you new update, every time ℹ️ type the letter ℹ️ it comes out like this.... I️ @AppleSupport Thanks. It worked for now. I think. But hopefully you have an update out soon to fix that.",OS_UPDATE_SYSTEM_PERFORMANCE,KEYBOARD_TYPING_AUTOCORRECT,0.3929780372483609,0.8274,1.0,True,NONE,"We'd like to help get this sorted out. You should be able to resolve the issue by backing up, then updating to iOS 11.1.1 as shown on our page here: https://t.co/xXaXeeSRt9 Let us know in DM if you continue to experience this issue. https://t.co/GDrqU22YpT Let us know if you have any questions along the way.",ESCALATE,LOW_INTENT_CONFIDENCE,Predicted intent confidence (0.3930) is below the validated confidence threshold (0.60).,SAFE_TO_AUTO_HANDLE,Well-defined customer issue with matching historical resolution evidence.,FALSE_ESCALATE
CASE_005992,"@115858 yo fix this glitch, it makes me look like an idiot @AppleSupport The “(I️)” is showing up as I️ @668812 @AppleSupport Lmaoooooooooo ""thanks for clarifying""",OS_UPDATE_SYSTEM_PERFORMANCE,OS_UPDATE_SYSTEM_PERFORMANCE,0.3335661676638405,0.8588,0.6667,True,NONE,"We'd like to help get this sorted out. Let's team up and solve this. Check out this article, and let us know if you have any questions: https://t.co/xU1AGHStV6 Let us know if you have any questions along the way.",ESCALATE,LOW_INTENT_CONFIDENCE,Predicted intent confidence (0.3336) is below the validated confidence threshold (0.60).,SAFE_TO_AUTO_HANDLE,Well-defined customer issue with matching historical resolution evidence.,FALSE_ESCALATE
CASE_000683,Really enjoy my #iPhone freezing every other day after last #Apple update 😠😠 @115858 @1714 @AppleSupport Thanks. It’s an iPhone 7 with version 11.0.1,OS_UPDATE_SYSTEM_PERFORMANCE,OS_UPDATE_SYSTEM_PERFORMANCE,0.3332920653254415,0.8492,0.6667,True,NONE,We'd like to help get this sorted out. We’d like to look into this with you. Send us a DM when this tends to happen to start. https://t.co/GDrqU22YpT You're welcome. We look forward to following up with you there. Let us know if you have any questions along the way.,ESCALATE,LOW_INTENT_CONFIDENCE,Predicted intent confidence (0.3333) is below the validated confidence threshold (0.60).,SAFE_TO_AUTO_HANDLE,Well-defined customer issue with matching historical resolution evidence.,FALSE_ESCALATE
CASE_001425,"@AppleSupport can you make iOS Music app remember what i was listening to and resume? I’m not sure why it doesn’t do this… @AppleSupport I never kill the app. It likely gets suspended between uses. I don’t see why any of this should matter though. Why not save playing state between uses?
Last music i played was in car 2 days ago. Today in shower i turned on Bluetooth speaker and hit play. One would expect resume @AppleSupport … And thanks for your time 😃",AUDIO_SOUND_SPEAKER,AUDIO_SOUND_SPEAKER,0.31530163360824537,0.6649,0.3333,True,NONE,We'd like to help get this sorted out. Let's work on getting to the bottom of this. Does this happen when you open every app or does it seem to be a particular app? Which device are you using? Let's see if updating will resolve your issue. You can update to the newest version iOS 11.1.1. You want to make sure to back up your iPhone before updating. This article explains how: https://t.co/4f8hwT5to6 OK. Let's restart your device and then test to see if the issue persists. This article explains how: https://t.co/OWRDHWSt4h Fantastic news! Let us know if we can help with anything else. Let us know if you have any questions along the way.,ESCALATE,CONFLICTING_EVIDENCE,Retrieved historical evidence contains conflicting troubleshooting paths or fragmented intents.,SAFE_TO_AUTO_HANDLE,Well-defined customer issue with matching historical resolution evidence.,FALSE_ESCALATE
CASE_001930,. @AppleSupport hallo. I got a mail a out a purchase I never made. Is this spam or? I'm not even using my 🍎ID on that email https://t.co/0O97MPapiu @AppleSupport Thank you for the response 😊,APP_STORE_PURCHASES_BILLING,GENERAL_DEVICE_INQUIRY,0.28445759755773414,0.8171,0.6667,True,NONE,We'd like to help get this sorted out. We'd be happy to help. Here's a link with more information on phishing emails: https://t.co/LNMCdqt6fD Let us know if you have any questions along the way.,ESCALATE,LOW_INTENT_CONFIDENCE,Predicted intent confidence (0.2845) is below the validated confidence threshold (0.60).,SAFE_TO_AUTO_HANDLE,Well-defined customer issue with matching historical resolution evidence.,FALSE_ESCALATE
CASE_004581,I️ really hate @115858 right now.  I️ can’t believe I️ can’t send legible texts anymore.  People think I️ am retarded. I️ can’t stand it l. @AppleSupport Thank you for the quick response!,GENERAL_DEVICE_INQUIRY,GENERAL_DEVICE_INQUIRY,0.37071323303210485,0.7298,1.0,True,NONE,"We'd like to help get this sorted out. Thank you for your patience. We've recently released an update to address these issues. Please back up your device and update. Here's how to back up: https://t.co/tHicJHB57O Once complete, tap Settings &gt; General &gt; Software Update and let us know the result. Let us know if you have any questions along the way.",ESCALATE,LOW_INTENT_CONFIDENCE,Predicted intent confidence (0.3707) is below the validated confidence threshold (0.60).,SAFE_TO_AUTO_HANDLE,Well-defined customer issue with matching historical resolution evidence.,FALSE_ESCALATE
CASE_003216,"Say hello to the future. Pre-order iPhone X. @115858 How about you fix my 6 Plus?  Ever since I downloaded IOS 11, and then the updates, it’s been going crazy. So close to over it. @115858 Your products suck.  Two iPhone 7s died on me within one month and all your ""geniuses"" could say was that it was ""weird."" @115858 iPhone 8 is the WORST phone I’ve ever owned. So disappointed. @115858 Fix the battery drain/slow performance on the iPhone 6, no way I buy a new one unless this gets fixed.  V11.0.3 @115858 I would just like my iPhone 7 to work like it did before IOS 11, what a horrible mess @576606 @115858 It’s the update that wrecked it.. I’ve been to the Genius Bar 2x in the last 4 Days with software issues and the entire store was filled w/ @AppleSupport @576606 The hapless end user can also find a “genius” to replace it at the local Apple store.  
During the store’s off-peak hours—it should not take any longer than checking-in/boarding an international flight with marginally sedated pets with incomplete vaccination documents. @AppleSupport @576606 These asshats told me to restore my phone and set it up as new so I’ll lose all of my personal data. Nope fuck apple getting a Samsung @576606 @115858 Thx Apple for purposely screwing up my phone... you suck! @AppleSupport No thanks.  Already switched to another company. @AppleSupport @576658 Smart move Eric. They way Apple is releasing flawed iOS makes you wonder how premium the Apple brand really is @576658 @AppleSupport Cry me a river!",BATTERY_CHARGING_POWER,BATTERY_CHARGING_POWER,0.24700299437926307,0.7496,0.3333,True,NONE,We'd like to help get this sorted out. We want to help with any issues you're experiencing. Please let us know in DM what's going on with your iPhone. https://t.co/GDrqU22YpT Meet up with us in DM at the link below so we can assist you with the issues you are having as well today. https://t.co/GDrqU22YpT We'd like to assist you with your iPad too. Join us in DM at the link below to get started. https://t.co/GDrqU22YpT Let us know if you have any questions along the way.,ESCALATE,CONFLICTING_EVIDENCE,Retrieved historical evidence contains conflicting troubleshooting paths or fragmented intents.,SAFE_TO_AUTO_HANDLE,Well-defined customer issue with matching historical resolution evidence.,FALSE_ESCALATE
CASE_004416,@116333 I️ I️ I️ I️ I️ I️ I️ I️ I️ I️ I️ I️ @AppleSupport Thanks,GENERAL_DEVICE_INQUIRY,GENERAL_DEVICE_INQUIRY,0.3441800163675447,0.871,1.0,True,NONE,We'd like to help get this sorted out. Here’s what you can do to work around the issue until it’s fixed in a future software update: https://t.co/xXaXeeSRt9 We're glad that we were able to assist. Thanks for taking the time to reach out! Let us know if you have any questions along the way.,ESCALATE,LOW_INTENT_CONFIDENCE,Predicted intent confidence (0.3442) is below the validated confidence threshold (0.60).,SAFE_TO_AUTO_HANDLE,Well-defined customer issue with matching historical resolution evidence.,FALSE_ESCALATE
CASE_006388,@AppleSupport please check dms :( @AppleSupport Thank you!! 🙌🏻,GENERAL_DEVICE_INQUIRY,GENERAL_DEVICE_INQUIRY,0.4159928795975033,0.8992,1.0,True,NONE,We'd be happy to help with this. Thank you for reaching out. We've received your DM and will continue working with you there. Let us know if this helps resolve the issue.,ESCALATE,LOW_INTENT_CONFIDENCE,Predicted intent confidence (0.4160) is below the validated confidence threshold (0.60).,SAFE_TO_AUTO_HANDLE,Well-defined customer issue with matching historical resolution evidence.,FALSE_ESCALATE
CASE_002456,"Apple sucks... brand new iPhone crashes every fucking day @115858 @AppleSupport 11.1.2, iPhone 8+ only 2-3 weeks old.",APP_CRASH_AND_DOWNLOAD,APP_CRASH_AND_DOWNLOAD,0.4917027760132791,0.8293,0.6667,True,NONE,"We'd like to help get this sorted out. Thanks for reaching out. We'd like to know more to help. Does this occur when using a specific app? Also, which iOS does this occur on? Let us know and we'll continue. Have you noticed any pattern as to when this issues happen? Does the phone restart or just become completely unresponsive? How do you regain control? What applications are you using when this happens? That info will help us plan out our next steps. Which iOS are you currently running? Check here: Settings &gt; General &gt; About &gt; Version. Our newest version is iOS 11.1.2. If you're not running that, please update and let us know if your issues continue: https://t.co/80YRnjDFDk Let us know if you have any questions along the way.",ESCALATE,LOW_INTENT_CONFIDENCE,Predicted intent confidence (0.4917) is below the validated confidence threshold (0.60).,SAFE_TO_AUTO_HANDLE,Well-defined customer issue with matching historical resolution evidence.,FALSE_ESCALATE
CASE_002171,@AppleSupport Why is the 1st track of this album that I purchased missing? It’s the same on both my Mac and my iPhone. https://t.co/B4koDlvzam @AppleSupport Thanks. I just figured out the issue a bit ago. Sent the explanation in a DM. https://t.co/wDPjgQ5Agp,APP_STORE_PURCHASES_BILLING,GENERAL_DEVICE_INQUIRY,0.22167838915800447,0.7186,0.0,True,NONE,"We'd like to help get this sorted out. That's not what we'd expect to happen. Let's look into this so you can enjoy your music. First, take a look at the following article and make sure they're not hidden: https://t.co/jjLUETEY0J Thanks for letting us know, what device did you originally purchase the music on? If you look up the content are you able to find it in the iTunes Store? We're glad to hear that's resolved. Please DM us and provide us more details of the duplicate albums you're seeing. We'll go from there. https://t.co/GDrqU22YpT Let us know if you have any questions along the way.",ESCALATE,CONFLICTING_EVIDENCE,Retrieved historical evidence contains conflicting troubleshooting paths or fragmented intents.,SAFE_TO_AUTO_HANDLE,Well-defined customer issue with matching historical resolution evidence.,FALSE_ESCALATE
CASE_006337,"@AppleSupport hey quick question why is this happening whenever I try to view an album in the iTunes Store from my phone? How can I make it stop? https://t.co/CWhc65Mwk8 @AppleSupport It did it on both, yes. It doesn’t seem to be happening again today, though, which is a little odd to me. Thank you for responding, though, if it happens again I’ll reach out.",APP_STORE_PURCHASES_BILLING,APP_STORE_PURCHASES_BILLING,0.2765255959982063,0.7035,0.6667,True,NONE,"We'd like to help get this sorted out. We'd be happy to help you. Can you tell us what's happening specifically? For help transferring your AppleCare plan, you can reference the steps outlined here: https://t.co/8CjEPFkTCs What happens specifically when you attempt to download your albums? Are you attempting to download them via iTunes on your iPhone or computer? We'd recommend that you refresh your account connection by signing out and back in to your account via Settings &gt; [your name] &gt; iTunes &amp; App Store. This will remove any downloaded music from Apple Music, so you'll need to download it again. Let us know if you have any questions along the way.",ESCALATE,LOW_INTENT_CONFIDENCE,Predicted intent confidence (0.2765) is below the validated confidence threshold (0.60).,SAFE_TO_AUTO_HANDLE,Well-defined customer issue with matching historical resolution evidence.,FALSE_ESCALATE
CASE_001330,Oye @115858 iPhones this annoying “I️” question mark bug is gettin out of hand. It’s making all my texts unintelligible...enough already!,GENERAL_DEVICE_INQUIRY,GENERAL_DEVICE_INQUIRY,0.636877558392875,0.7623,0.3333,True,NONE,We'd like to help get this sorted out. Here’s what you can do to work around the issue until it’s fixed in a future software update: https://t.co/xXaXeeSRt9 We want to help! DM us and let us know more about the issues you are having. https://t.co/GDrqU22YpT Let us know if you have any questions along the way.,ESCALATE,CONFLICTING_EVIDENCE,Retrieved historical evidence contains conflicting troubleshooting paths or fragmented intents.,SAFE_TO_AUTO_HANDLE,Well-defined customer issue with matching historical resolution evidence.,FALSE_ESCALATE
CASE_001638,Hey @115858 cool software update. Let me know when I️ can start sentences with “I️” again and not have it chance to hieroglyphics.,OS_UPDATE_SYSTEM_PERFORMANCE,OS_UPDATE_SYSTEM_PERFORMANCE,0.3351833240109379,0.7403,0.6667,True,NONE,We'd like to help get this sorted out. Here’s what you can do to work around the issue until it’s fixed in a future software update: https://t.co/xXaXeeSRt9 Let us know if you have any questions along the way.,ESCALATE,LOW_INTENT_CONFIDENCE,Predicted intent confidence (0.3352) is below the validated confidence threshold (0.60).,SAFE_TO_AUTO_HANDLE,Well-defined customer issue with matching historical resolution evidence.,FALSE_ESCALATE
CASE_007004,"Bought an iPhone 8 yesterday and it’s broke already, not impressed at all @115858 @AppleSupport Thank you for your response I have now been into an apple store and the problem has been fixed 😊",GENERAL_DEVICE_INQUIRY,GENERAL_DEVICE_INQUIRY,0.20189289225625293,0.7575,0.6667,True,NONE,"We'd like to help get this sorted out. Do you mean physically broken, or not working like you expect it to? Either way, we're here for you, and we can help! That's great news! If you have any issues or concerns in the future please feel free to reach out. https://t.co/GDrqU2kzhr Let us know if you have any questions along the way.",ESCALATE,LOW_INTENT_CONFIDENCE,Predicted intent confidence (0.2019) is below the validated confidence threshold (0.60).,SAFE_TO_AUTO_HANDLE,Well-defined customer issue with matching historical resolution evidence.,FALSE_ESCALATE
CASE_007346,@AppleSupport When are we going to get this fixed? Happens WAYYY too often.... #iPhone7Plus https://t.co/J0Mja6kkdA @AppleSupport iPhone 7 Plus. I’m running Version 11.1.2,GENERAL_DEVICE_INQUIRY,GENERAL_DEVICE_INQUIRY,0.15787412493699057,0.8805,0.0,True,NONE,"We'd like to help get this sorted out. We'd love to help with these issues. To start, send us a DM and we'll continue together from there. https://t.co/GDrqU22YpT That is great news. Thanks for giving us a chance to work with you. Please reach out anytime! Let us know if you have any questions along the way.",ESCALATE,INTENT_EVIDENCE_MISMATCH,Retrieved evidence intent alignment (0.00%) is below the validated alignment threshold (66.00%).,SAFE_TO_AUTO_HANDLE,Well-defined customer issue with matching historical resolution evidence.,FALSE_ESCALATE
CASE_002745,"@AppleSupport Apple Maps seems to be down. I can't search or get directions on 4g on my phone, but I can on WiFi. All other apps working OK. @AppleSupport Thanks guys. I'll give that a look",CONNECTIVITY_WIFI_BLUETOOTH,CONNECTIVITY_WIFI_BLUETOOTH,0.3167430789512409,0.7356,0.3333,True,NONE,"We'd like to help get this sorted out. Thanks for reaching out to us. Are you experiencing this issue in multiple locations? Is Maps on under Settings &gt; Cellular? Thanks for the info! Let's try some steps to get this resolved. Please check out the guidance here and report back with the result: https://t.co/f70hKpGWvI We’re glad to hear that’s working as expected now. If you run into any further complications, don’t hesitate to let us know. Let us know if you have any questions along the way.",ESCALATE,INTENT_EVIDENCE_MISMATCH,Retrieved evidence intent alignment (33.33%) is below the validated alignment threshold (66.00%).,SAFE_TO_AUTO_HANDLE,Well-defined customer issue with matching historical resolution evidence.,FALSE_ESCALATE
CASE_003125,"@115858 @123765 I really hate this “I️.” @AppleSupport I love the quick response, thank you.",GENERAL_DEVICE_INQUIRY,GENERAL_DEVICE_INQUIRY,0.28296973119709573,0.8209,0.6667,True,NONE,"We'd like to help get this sorted out. We've recently released iOS 11.1.1, which includes a fix for autocorrect issues. Let's create a backup and update your iPhone, following the steps here: https://t.co/80YRnjDFDk You're welcome. Let us know if you have any questions along the way.",ESCALATE,LOW_INTENT_CONFIDENCE,Predicted intent confidence (0.2830) is below the validated confidence threshold (0.60).,SAFE_TO_AUTO_HANDLE,Well-defined customer issue with matching historical resolution evidence.,FALSE_ESCALATE
CASE_006284,"Jesus, the bugs on iOS 11.1 are making my @115858 iPhone virtually unusable. Gonna switch to @122609 if this garbage isn’t resolved soon. The word “i” and sentences ending in question marks are kind of a required, basic functionality... 🤦‍♀️",OS_UPDATE_SYSTEM_PERFORMANCE,OS_UPDATE_SYSTEM_PERFORMANCE,0.30747256028948916,0.8261,1.0,True,NONE,We'd like to help get this sorted out. Thanks for reaching out. We have a workaround for this here: https://t.co/xXaXeeSRt9 DM us if you still need help. Let us know if you have any questions along the way.,ESCALATE,LOW_INTENT_CONFIDENCE,Predicted intent confidence (0.3075) is below the validated confidence threshold (0.60).,SAFE_TO_AUTO_HANDLE,Well-defined customer issue with matching historical resolution evidence.,FALSE_ESCALATE
CASE_005955,@115858 I️ shouldn’t be seeing that. Please fix. @AppleSupport I’ll give it a try. @AppleSupport Awesome! Thanks!!!!,GENERAL_DEVICE_INQUIRY,GENERAL_DEVICE_INQUIRY,0.2749486098536185,0.9233,1.0,True,NONE,We'd like to help get this sorted out. Check out this link here: https://t.co/uQeXsrrlXJ DM us if you need help. https://t.co/GDrqU22YpT That's outstanding! Be sure to let us know via DM if you need anything else. https://t.co/GDrqU22YpT Let us know if you have any questions along the way.,ESCALATE,LOW_INTENT_CONFIDENCE,Predicted intent confidence (0.2749) is below the validated confidence threshold (0.60).,SAFE_TO_AUTO_HANDLE,Well-defined customer issue with matching historical resolution evidence.,FALSE_ESCALATE
CASE_005594,@AppleSupport y’all ever gonna fix this I️ nonsense or am I️ gonna have to switch to Android?? @AppleSupport I think it worked thank you!!,GENERAL_DEVICE_INQUIRY,GENERAL_DEVICE_INQUIRY,0.4429934545841345,0.815,1.0,True,NONE,We'd like to help get this sorted out. We'd like to help! Let's try the steps outlined in this article: https://t.co/xXaXeeSRt9 You are more than welcome. Have a great day! Let us know if you have any questions along the way.,ESCALATE,LOW_INTENT_CONFIDENCE,Predicted intent confidence (0.4430) is below the validated confidence threshold (0.60).,SAFE_TO_AUTO_HANDLE,Well-defined customer issue with matching historical resolution evidence.,FALSE_ESCALATE
CASE_000306,Predictive text fail.  No = Slime Man??? Is this April 1st? Help me with this @115858 !! https://t.co/FwfNPhhB9V @AppleSupport Apparently my 17-year old son @8969 was playing a prank on his dear old mom. @applesupport https://t.co/YiNCrVV017,KEYBOARD_TYPING_AUTOCORRECT,GENERAL_DEVICE_INQUIRY,0.3549241533069114,0.5833,0.3333,True,NONE,We'd like to help get this sorted out. Here’s what you can do to work around the issue until it’s fixed in a future software update: https://t.co/xXaXeeSRt9 You're most welcome. Let us know if you have any questions along the way.,ESCALATE,WEAK_EVIDENCE,Top retrieval similarity (0.5833) is below the validated quality threshold (0.65).,SAFE_TO_AUTO_HANDLE,Well-defined customer issue with matching historical resolution evidence.,FALSE_ESCALATE
CASE_003148,@AppleSupport is there a way to default off Live Photo’s that I’m just missing? #11.0.3 @AppleSupport Thx! I saw that setting but was just doing it wrong. #IOSprobs,GENERAL_DEVICE_INQUIRY,GENERAL_DEVICE_INQUIRY,0.17659675635427585,0.7884,0.0,True,NONE,We'd be happy to help with this. You would go to Settings &gt; Camera &gt; Preserve Settings and turn on Live Photos. Then go in to the Camera app and turn off the Live Photos option. If you have any issues or concerns in the future please feel free to reach out. Have a great day! Let us know if this helps resolve the issue.,ESCALATE,INTENT_EVIDENCE_MISMATCH,Retrieved evidence intent alignment (0.00%) is below the validated alignment threshold (66.00%).,SAFE_TO_AUTO_HANDLE,Well-defined customer issue with matching historical resolution evidence.,FALSE_ESCALATE
CASE_006891,"@AppleSupport Hey. All of a sudden my playlists wont sync. This is a big problem for me. Please help. https://t.co/i0fW2kbbLN @AppleSupport Thanks, have DM'd",HOW_TO_SETTINGS_CONFIGURATION,GENERAL_DEVICE_INQUIRY,0.2853598139635286,0.8013,0.0,True,NONE,"We'd be happy to help with this. We're happy to help out with your playlists. When you attempt to sync are you getting an error? Also, which iPod model is this? Feel free to reach out to us anytime. We're always here to help. Let us know if this helps resolve the issue.",ESCALATE,INTENT_EVIDENCE_MISMATCH,Retrieved evidence intent alignment (0.00%) is below the validated alignment threshold (66.00%).,SAFE_TO_AUTO_HANDLE,Well-defined customer issue with matching historical resolution evidence.,FALSE_ESCALATE
CASE_005695,For instance @115858 when are you gunna fix my fuckin I button I️ refuse to change it in my shortcuts it shouldn’t come down to this @AppleSupport Oh wow thank you,GENERAL_DEVICE_INQUIRY,GENERAL_DEVICE_INQUIRY,0.23127466431307347,0.7358,0.6667,True,NONE,We'd like to help get this sorted out. Here’s what you can do to work around the issue until it’s fixed in a future software update: https://t.co/xXaXeeSRt9 Let us know if you have any questions along the way.,ESCALATE,LOW_INTENT_CONFIDENCE,Predicted intent confidence (0.2313) is below the validated confidence threshold (0.60).,SAFE_TO_AUTO_HANDLE,Well-defined customer issue with matching historical resolution evidence.,FALSE_ESCALATE
CASE_007560,@AppleSupport Hello.  Been having an issue with Apple Pay since July.  Can I please DM you the case number to get this escalated so it can be fixed for once and for all? @AppleSupport @AppleSupport Thank you very much.  I just sent you a DM with the case number.,APP_STORE_PURCHASES_BILLING,APP_STORE_PURCHASES_BILLING,0.28727206984919473,0.7427,0.6667,True,NONE,"We'd be happy to help with this. If you're in the US, those features will require iOS 11.2 and will begin rolling out early next week. Let us know if this helps resolve the issue.",ESCALATE,LOW_INTENT_CONFIDENCE,Predicted intent confidence (0.2873) is below the validated confidence threshold (0.60).,SAFE_TO_AUTO_HANDLE,Well-defined customer issue with matching historical resolution evidence.,FALSE_ESCALATE
CASE_001032,My phone turns off at 11% @115858 ! Something’s wrong 🙁,GENERAL_DEVICE_INQUIRY,OS_UPDATE_SYSTEM_PERFORMANCE,0.21777896419357462,0.739,0.0,True,NONE,"We'd like to help get this sorted out. We know battery life is essential, and we'd be happy to look into this with you. What's the current iOS version on your iPhone? You can check by navigating to Settings &gt; General &gt; About: https://t.co/ZTw54HL4Rm Let us know if you have any questions along the way.",ESCALATE,INTENT_EVIDENCE_MISMATCH,Retrieved evidence intent alignment (0.00%) is below the validated alignment threshold (66.00%).,SAFE_TO_AUTO_HANDLE,Well-defined customer issue with matching historical resolution evidence.,FALSE_ESCALATE
CASE_003857,WTF IS WRONG WITH MY I!?!? @115858 @797 @AppleSupport Thanks! It worked!,GENERAL_DEVICE_INQUIRY,GENERAL_DEVICE_INQUIRY,0.4313289210119666,0.8645,0.6667,True,NONE,We'd like to help get this sorted out. Thanks for reaching out! We’d recommend backing up your device and updating to the latest version of iOS. Check out this article for more information: https://t.co/xU1AGHStV6 Let us know if you’re still having issues after the update. Let us know if you have any questions along the way.,ESCALATE,LOW_INTENT_CONFIDENCE,Predicted intent confidence (0.4313) is below the validated confidence threshold (0.60).,SAFE_TO_AUTO_HANDLE,Well-defined customer issue with matching historical resolution evidence.,FALSE_ESCALATE
CASE_005894,@115858 so frustrated to not be able to type I️ without it being autocorrected,GENERAL_DEVICE_INQUIRY,GENERAL_DEVICE_INQUIRY,0.38846081315057834,0.8671,0.3333,True,NONE,We'd like to help get this sorted out. Here’s what you can do to work around the issue until it’s fixed in a future software update: https://t.co/uQeXsrrlXJ Let us know if you have any questions along the way.,ESCALATE,INTENT_EVIDENCE_MISMATCH,Retrieved evidence intent alignment (33.33%) is below the validated alignment threshold (66.00%).,SAFE_TO_AUTO_HANDLE,Well-defined customer issue with matching historical resolution evidence.,FALSE_ESCALATE
CASE_003630,Everybody tryna type the letter I️ and the letter A and a question mark keep replacing it smh @AppleSupport @AppleSupport See whata mean @AppleSupport Thank you that’s why i love y’all,KEYBOARD_TYPING_AUTOCORRECT,KEYBOARD_TYPING_AUTOCORRECT,0.5258161223313027,0.8056,0.6667,True,NONE,We'd like to help get this sorted out. Here’s what you can do to work around the issue until it’s fixed in a future software update: https://t.co/xXaXefaskH Let us know if you have any questions along the way.,ESCALATE,LOW_INTENT_CONFIDENCE,Predicted intent confidence (0.5258) is below the validated confidence threshold (0.60).,SAFE_TO_AUTO_HANDLE,Well-defined customer issue with matching historical resolution evidence.,FALSE_ESCALATE
CASE_000245,@AppleSupport can you tell me why the new updates now make my iphone6s die at 40% battery? Or if charged overnight to 100% it dies as soon as its unlocked @AppleSupport Thanks for looking into this for me. I’m using iOS version 11.1.2(15B202),BATTERY_CHARGING_POWER,BATTERY_CHARGING_POWER,0.5625032318686037,0.7901,0.6667,True,NONE,"We'd like to help get this sorted out. Hey, we can take a look into the battery life with you. Please DM us the exact iOS version and we'll take it from there. https://t.co/GDrqU22YpT Let us know if you have any questions along the way.",ESCALATE,LOW_INTENT_CONFIDENCE,Predicted intent confidence (0.5625) is below the validated confidence threshold (0.60).,SAFE_TO_AUTO_HANDLE,Well-defined customer issue with matching historical resolution evidence.,FALSE_ESCALATE
CASE_007328,"@118936 @AppleSupport Почему iOS сейчас занимает 7,5 гб? @AppleSupport Ok. Why iOS now takes 7.5 GB? @AppleSupport Thank you. I'm using the IPhone 6s, iOS 11.1.2. I mean the ""system"" @AppleSupport  https://t.co/EY1m7LEvoa @AppleSupport Hello, Cleaned up the memory, but it did not help @AppleSupport So what? Will you answer me?",OS_UPDATE_SYSTEM_PERFORMANCE,OS_UPDATE_SYSTEM_PERFORMANCE,0.2540447938876332,0.6711,0.6667,True,NONE,"We'd like to help get this sorted out. That is not expected. What iOS version are you currently running? You can check in Settings &gt; General &gt; About https://t.co/GDrqU22YpT Please DM this information and remove your public post please. You have pasted your serial number with that screenshot https://t.co/GDrqU22YpT Thank you! We see your message in the DM, so we will respond there. Please keep an eye on your mailbox for our response. Let us know if you have any questions along the way.",ESCALATE,LOW_INTENT_CONFIDENCE,Predicted intent confidence (0.2540) is below the validated confidence threshold (0.60).,SAFE_TO_AUTO_HANDLE,Well-defined customer issue with matching historical resolution evidence.,FALSE_ESCALATE
CASE_007866,"@AppleSupport this pop-up has plagued me the entire afternoon. Can’t sign out of iCloud…any thoughts? https://t.co/tkhlMXryL1 @AppleSupport No changes, and restarting does not help. Worked this morning, stopped working one hour later @AppleSupport Devices running El Cap and High Sierra",ACCOUNT_APPLEID_ICLOUD,ACCOUNT_APPLEID_ICLOUD,0.39121244077345524,0.7483,1.0,True,NONE,We'd like to help get this sorted out. Thanks for reaching out. We don't show an iCloud outage at the moment. We can definitely look into this further. Do you still experience the same behavior after you restart your iPhone? Do you have the same results when you're connected to a cellular network? https://t.co/GDrqU22YpT Let us know if you have any questions along the way.,ESCALATE,LOW_INTENT_CONFIDENCE,Predicted intent confidence (0.3912) is below the validated confidence threshold (0.60).,SAFE_TO_AUTO_HANDLE,Well-defined customer issue with matching historical resolution evidence.,FALSE_ESCALATE
CASE_001681,"Voice control and Siri keep activating its driving me fuckin mad someone on twitter pls help me!!! 

@AppleSupport @AppleSupport 6s and updated to latest iOS @AppleSupport ‘If you're using a headset, and it unexpectedly activates Siri or Voice Control, make sure that your headset is fully inserted into the device.’ 

Seems to happen most when headphones were in but no moisture or bad jack connection. Any suggestions? @AppleSupport Worked fine before updated to latest iOS yesterday. Phone is sat not being touched and Siri command is coming up. It’s really in its own world. Garbage after every update, every time @AppleSupport Two different sets of headphones and also without any",AUDIO_SOUND_SPEAKER,AUDIO_SOUND_SPEAKER,0.45439042893984,0.7119,0.0,True,NONE,"We'd like to help get this sorted out. Thanks for reaching out. We want to be sure you can use Siri as you'd expect to! Can you tell us which device you're using with Siri? Which iOS or macOS version are you running currently? Let's make sure ""Hey Siri"" is turned on in Settings &gt; Siri &amp; Search. Also, make sure Low Power mode is off in Settings &gt; Battery. Let us know what happens. Thank you for letting us know. We definitely want to make sure we can provide all the support needed. Please let us know if the steps in this article help: https://t.co/xOrdgHyyiA Let us know if you have any questions along the way.",ESCALATE,INTENT_EVIDENCE_MISMATCH,Retrieved evidence intent alignment (0.00%) is below the validated alignment threshold (66.00%).,SAFE_TO_AUTO_HANDLE,Well-defined customer issue with matching historical resolution evidence.,FALSE_ESCALATE
CASE_005322,@AppleSupport can you guys fix this damn problem already?! Sick of seeing all of my I️ turn into that! @AppleSupport Did it. I guess I’ll wait to see if it works. Thx,GENERAL_DEVICE_INQUIRY,GENERAL_DEVICE_INQUIRY,0.23916817413266872,0.9289,1.0,True,NONE,We'd like to help get this sorted out. We'd like to help! Let's try the steps outlined in this article: https://t.co/xXaXeeSRt9 You are more than welcome. Have a great day! Let us know if you have any questions along the way.,ESCALATE,LOW_INTENT_CONFIDENCE,Predicted intent confidence (0.2392) is below the validated confidence threshold (0.60).,SAFE_TO_AUTO_HANDLE,Well-defined customer issue with matching historical resolution evidence.,FALSE_ESCALATE
CASE_005571,"@AppleSupport Hey guys, I’ve the iPhone 8 and sometimes my background photo flickers and alters it’s size by itself. Is there anything I could do? Thanks heaps! @AppleSupport You’re welcome. Yes, it happens with any. I’ve done a reset to factory settings and re-started the phone without iCloud, and then downloading everything by signing in on iCloud. Same thing :-/ @AppleSupport No, just on the home screen.",DISPLAY_TOUCH_SCREEN,ACCOUNT_APPLEID_ICLOUD,0.561949899299642,0.5966,0.0,True,NONE,We'd be happy to help with this. We want to be sure you can take screenshots as you'd expect to. We're happy to look into this with you. Is the photo saved as a black photo? Does this happen in all apps? Thanks for clarifying this for us. Are you able to use the front and back cameras normally? Have you restarted your iPhone since you first noticed this behavior? Does that make a difference? We're so glad that restarting took care of it for you. Feel free to reach out again if you need us. We're here for you. Let us know if this helps resolve the issue.,ESCALATE,WEAK_EVIDENCE,Top retrieval similarity (0.5966) is below the validated quality threshold (0.65).,SAFE_TO_AUTO_HANDLE,Well-defined customer issue with matching historical resolution evidence.,FALSE_ESCALATE
CASE_002613,@AppleSupport added a screenshot of a note as couldnt write it all on here. Id be definitely grateful if i could get a bit of help. Thanks https://t.co/yARyPK0RdU @AppleSupport I’m on 11.0.1 but no wifi to be able to update 😭 &amp; the only thing i can thing of is it went into a cup of water 11mths ago but had no issues @AppleSupport I also just slightly pushed down a lil harder than i normally would on my screen whilst i was holding it &amp; my phone clicked 🤦🏼‍♀️,CONNECTIVITY_WIFI_BLUETOOTH,DISPLAY_TOUCH_SCREEN,0.31173284412343105,0.7071,0.0,True,NONE,"We'd like to help get this sorted out. We want to help for sure. When you try to update, have you tried to use a different Wi-Fi network or through iTunes? We'd like to continue working with you on this issue in a DM. Send us one using the link below. https://t.co/GDrqU22YpT Were you able to try out that update in iTunes by chance? If not, try that out. This will help: https://t.co/80YRnjDFDk You're more than welcome, anytime. Have a great day. Let us know if you have any questions along the way.",ESCALATE,INTENT_EVIDENCE_MISMATCH,Retrieved evidence intent alignment (0.00%) is below the validated alignment threshold (66.00%).,SAFE_TO_AUTO_HANDLE,Well-defined customer issue with matching historical resolution evidence.,FALSE_ESCALATE
CASE_001111,@AppleSupport why is my music uninstalling itself? They were all installed just yesterday https://t.co/JKSMmVhyd7 @AppleSupport No they were not grayed out. And did not have the cloud icon. @AppleSupport I had to go and reinstall them when they should have been installed in the first place.,APP_STORE_PURCHASES_BILLING,APP_STORE_PURCHASES_BILLING,0.3741543257210993,0.6365,1.0,True,NONE,We'd be happy to help with this. Let’s work together to find your tunes. Which device and version of OS are you using? Please restart if you've not already. You're so welcome and have a great rest of your evening. Let us know if this helps resolve the issue.,ESCALATE,WEAK_EVIDENCE,Top retrieval similarity (0.6365) is below the validated quality threshold (0.65).,SAFE_TO_AUTO_HANDLE,Well-defined customer issue with matching historical resolution evidence.,FALSE_ESCALATE
CASE_005492,Ugh this bullshit work around for this “l” problem don’t WORK!!! @AppleSupport,GENERAL_DEVICE_INQUIRY,AUDIO_SOUND_SPEAKER,0.1606335535635941,0.6485,0.0,True,NONE,We'd like to help get this sorted out. Thanks for reaching out. We have a workaround for this here: https://t.co/xXaXeeSRt9 Let us know if you have any questions along the way.,ESCALATE,CONFLICTING_EVIDENCE,Retrieved historical evidence contains conflicting troubleshooting paths or fragmented intents.,SAFE_TO_AUTO_HANDLE,Well-defined customer issue with matching historical resolution evidence.,FALSE_ESCALATE
CASE_006555,"@AppleSupport please, reply the direct message that i sended for you @AppleSupport thank you so much",GENERAL_DEVICE_INQUIRY,GENERAL_DEVICE_INQUIRY,0.32541485977818874,0.866,1.0,True,NONE,"We'd be happy to help with this. We got your DM, and we will respond to you there. Let us know if this helps resolve the issue.",ESCALATE,LOW_INTENT_CONFIDENCE,Predicted intent confidence (0.3254) is below the validated confidence threshold (0.60).,SAFE_TO_AUTO_HANDLE,Well-defined customer issue with matching historical resolution evidence.,FALSE_ESCALATE
CASE_004389,Every time you type “I️” it changes to some question mark in a box someone explain @AppleSupport @115858 @AppleSupport Very helpful thank you,GENERAL_DEVICE_INQUIRY,GENERAL_DEVICE_INQUIRY,0.5280208770992056,0.8297,0.6667,True,NONE,"We'd like to help get this sorted out. We're happy to assist you. Check out this article for workaround steps, and DM us if this continues: https://t.co/gKAEL4Osf4 You’re welcome. Please feel free to reach out any time you have questions or concerns. Hope you have a good day. Let us know if you have any questions along the way.",ESCALATE,LOW_INTENT_CONFIDENCE,Predicted intent confidence (0.5280) is below the validated confidence threshold (0.60).,SAFE_TO_AUTO_HANDLE,Well-defined customer issue with matching historical resolution evidence.,FALSE_ESCALATE
CASE_004193,Okay listen @115858 y’all need to send another fucking update out &amp; fix this shit! Got us looking like androids when they couldn’t see emojis https://t.co/uNcZrYbzzU @AppleSupport Yeah so I did that &amp; I️t worked for less than a few hours now it’s back 🙄,KEYBOARD_TYPING_AUTOCORRECT,GENERAL_DEVICE_INQUIRY,0.19037248815898328,0.8248,0.6667,True,NONE,We'd be happy to help with this. We're here for you. What is the exact version of the iOS you're running? Check by tapping Settings &gt; General &gt; About. Let us know if this helps resolve the issue.,ESCALATE,LOW_INTENT_CONFIDENCE,Predicted intent confidence (0.1904) is below the validated confidence threshold (0.60).,SAFE_TO_AUTO_HANDLE,Well-defined customer issue with matching historical resolution evidence.,FALSE_ESCALATE
CASE_007103,"@AppleSupport wife and I both pre-ordered iPhone X  Now our credit card has charges but in 2 different amounts, same phones. Odd? @AppleSupport All handled I chatted with store support and they got me all taken care of. Thank you.",APP_STORE_PURCHASES_BILLING,APP_STORE_PURCHASES_BILLING,0.45774503082861956,0.7035,0.6667,True,NONE,We'd like to help get this sorted out. Thanks for reaching out. Your card will only be charged after your iPhone ships. Read more about that here: https://t.co/lRkxaV8l1D Let us know if you have any questions along the way.,ESCALATE,LOW_INTENT_CONFIDENCE,Predicted intent confidence (0.4577) is below the validated confidence threshold (0.60).,SAFE_TO_AUTO_HANDLE,Well-defined customer issue with matching historical resolution evidence.,FALSE_ESCALATE
CASE_004522,"@AppleSupport why won’t the podcast app automatically play the next episode? #iOS11 encourages me to mess w/ my phone while driving. @AppleSupport Thank you, this is very helpful.  Is there a way to view the queue and make changes? @AppleSupport Ah, okay. This is will take some getting used to, but it’s starting to make sense. Thank you so much for taking the time to help me. 😁",OS_UPDATE_SYSTEM_PERFORMANCE,HOW_TO_SETTINGS_CONFIGURATION,0.2655429526170319,0.7942,0.3333,True,NONE,We'd like to help get this sorted out. We'd love to help. Please take a look at the following article: https://t.co/gQVExEKnrj Let us know if you have any questions along the way.,ESCALATE,INTENT_EVIDENCE_MISMATCH,Retrieved evidence intent alignment (33.33%) is below the validated alignment threshold (66.00%).,SAFE_TO_AUTO_HANDLE,Well-defined customer issue with matching historical resolution evidence.,FALSE_ESCALATE
CASE_000390,@AppleSupport How can fix “Payment Delined” issue? I already made a new account but i  think that the old one is still saved somewhere. https://t.co/nuJo1ZS45o,APP_STORE_PURCHASES_BILLING,GENERAL_DEVICE_INQUIRY,0.21097157007963657,0.6847,0.0,True,NONE,We'd like to help get this sorted out. We can help you with this. DM us and let us know what the payment is for and we can look into it. https://t.co/GDrqU22YpT Let us know if you have any questions along the way.,ESCALATE,INTENT_EVIDENCE_MISMATCH,Retrieved evidence intent alignment (0.00%) is below the validated alignment threshold (66.00%).,SAFE_TO_AUTO_HANDLE,Well-defined customer issue with matching historical resolution evidence.,FALSE_ESCALATE
CASE_007827,@AppleSupport How do I permanently switch off the ‘Live Photo’ and permanently keep on HDR? They both keep resetting after I have used my camera it’s so frustrating 😡 @AppleSupport Thank you for your help,DISPLAY_TOUCH_SCREEN,HOW_TO_SETTINGS_CONFIGURATION,0.254498048857577,0.7885,0.6667,True,NONE,We'd be happy to help with this. You would go to Settings &gt; Camera &gt; Preserve Settings and turn on Live Photos. Then go in to the Camera app and turn off the Live Photos option. If you have any issues or concerns in the future please feel free to reach out. Have a great day! Let us know if this helps resolve the issue.,ESCALATE,LOW_INTENT_CONFIDENCE,Predicted intent confidence (0.2545) is below the validated confidence threshold (0.60).,SAFE_TO_AUTO_HANDLE,Well-defined customer issue with matching historical resolution evidence.,FALSE_ESCALATE
CASE_000443,@AppleSupport please could you help me ASAP think someone has my Apple information and is perching things from it @AppleSupport Thank you!,GENERAL_DEVICE_INQUIRY,GENERAL_DEVICE_INQUIRY,0.44223794305230807,0.781,1.0,True,NONE,We'd like to help get this sorted out. We've received your DM and will continue from there. https://t.co/GDrqU22YpT Let us know if you have any questions along the way.,ESCALATE,LOW_INTENT_CONFIDENCE,Predicted intent confidence (0.4422) is below the validated confidence threshold (0.60).,SAFE_TO_AUTO_HANDLE,Well-defined customer issue with matching historical resolution evidence.,FALSE_ESCALATE
CASE_004045,Why are my I’s turning into question marks @115858 @AppleSupport. I️ need answers. @AppleSupport Thank you. @AppleSupport Any updates on iPhone X re-ups?,GENERAL_DEVICE_INQUIRY,GENERAL_DEVICE_INQUIRY,0.47395795279979896,0.7762,0.3333,True,NONE,We'd like to help get this sorted out. Let’s work together on this. Could you let us know which device and iOS version you’re using via a DM? We’ll go from there. https://t.co/GDrqU22YpT Congratulations on your new iPhone X! Please don't hesitate to reach out should you require assistance! Let us know if you have any questions along the way.,ESCALATE,CONFLICTING_EVIDENCE,Retrieved historical evidence contains conflicting troubleshooting paths or fragmented intents.,SAFE_TO_AUTO_HANDLE,Well-defined customer issue with matching historical resolution evidence.,FALSE_ESCALATE
CASE_004807,"@AppleSupport my songs aren’t downloading, it just keeps spinning https://t.co/rRmt4q48Ud @AppleSupport Fixed, why didn’t I try that lol thank you",APP_CRASH_AND_DOWNLOAD,APP_STORE_PURCHASES_BILLING,0.2578594446231619,0.7991,0.6667,True,NONE,"We'd be happy to help with this. We'd like to help you enjoy the music you purchased. What happens when you try to download the album?Also, which iOS version are you running? Let us know if this helps resolve the issue.",ESCALATE,LOW_INTENT_CONFIDENCE,Predicted intent confidence (0.2579) is below the validated confidence threshold (0.60).,SAFE_TO_AUTO_HANDLE,Well-defined customer issue with matching historical resolution evidence.,FALSE_ESCALATE
CASE_004563,@AppleSupport what’s up with my Game Center? It keeps loading. Won’t finish. Not WiFi or data. @AppleSupport That did it! Thank you! 😘,CONNECTIVITY_WIFI_BLUETOOTH,CONNECTIVITY_WIFI_BLUETOOTH,0.667743395927229,0.7144,0.0,True,NONE,"We'd be happy to help with this. We've got your back. Can you tell us the message you are seeing when trying to use Game Center or what's happening? Which device are you using? Thanks for reaching out and the screenshot. We'd like some details to assist. Which iPhone model and iOS is this occurring on? Let us know and we'll continue. Glad to hear it's working for you now. If there's anything you need in the future, reach out. We'll be happy to help. Let us know if this helps resolve the issue.",ESCALATE,INTENT_EVIDENCE_MISMATCH,Retrieved evidence intent alignment (0.00%) is below the validated alignment threshold (66.00%).,SAFE_TO_AUTO_HANDLE,Well-defined customer issue with matching historical resolution evidence.,FALSE_ESCALATE
CASE_003726,Fix this glitch please @115858 @486433 @115858 Question mark thing? @486436 @115858 Yes and this I️ thing @486433 @115858 Dawg..... I️ thought I️ was tripping,OS_UPDATE_SYSTEM_PERFORMANCE,OS_UPDATE_SYSTEM_PERFORMANCE,0.40751274363198325,0.8214,0.6667,True,NONE,We'd like to help get this sorted out. We have some great news. We've recently released iOS 11.1.1 which should address the autocorrect issue. You can read more here: https://t.co/xXaXeeSRt9 You're welcome! Feel free to reach out to us here if you have questions in the future. Let us know if you have any questions along the way.,ESCALATE,LOW_INTENT_CONFIDENCE,Predicted intent confidence (0.4075) is below the validated confidence threshold (0.60).,SAFE_TO_AUTO_HANDLE,Well-defined customer issue with matching historical resolution evidence.,FALSE_ESCALATE
CASE_002836,@AppleSupport Hey Anybody Is Here I Need Help ASAP❗️ @AppleSupport I forgot my password and now my phone is disabled @AppleSupport Wow❗️❗️ You Guys Are The Best I Didn’t Expect It To Work I Had My Doubts But You I Was Overwhelmed Thanks @AppleSupport,ACCOUNT_APPLEID_ICLOUD,ACCOUNT_APPLEID_ICLOUD,0.3669717762242162,0.7811,0.6667,True,NONE,"We'd like to help get this sorted out. For the best assistance with your account, we'd want to refer you to a specialist. You can reach them here: https://t.co/UJm15vmMM2 We understand. In order to proceed and get the help you need then our specialists would be able to help best. Let us know if you have any questions along the way.",ESCALATE,LOW_INTENT_CONFIDENCE,Predicted intent confidence (0.3670) is below the validated confidence threshold (0.60).,SAFE_TO_AUTO_HANDLE,Well-defined customer issue with matching historical resolution evidence.,FALSE_ESCALATE
CASE_002152,"Is my #iPhone’s constant &amp; prolonged freezing an attempt to coerce me to buy the new #iPhone8? If so, it’s having a different effect @115858. @324688 @115858 There's something wrong with your phone.  I'm running ios11 on a 6s and it's fine. @324687 @324688 @115858 I’m running a 6, and since the iOS 11 update, its gone from a perfectly usable phone to an unreliable POS. Constant freezing.",APP_CRASH_AND_DOWNLOAD,OS_UPDATE_SYSTEM_PERFORMANCE,0.3387291513618111,0.7469,0.3333,True,NONE,"We'd like to help get this sorted out. We would be glad to help. Have you checked to see if the app has an available update in the App Store? Since the app is not working properly, let’s try deleting the app and reinstalling it from the App Store: https://t.co/hvcn4M9YAE Let us know how this goes. Let us know if you have any questions along the way.",ESCALATE,CONFLICTING_EVIDENCE,Retrieved historical evidence contains conflicting troubleshooting paths or fragmented intents.,SAFE_TO_AUTO_HANDLE,Well-defined customer issue with matching historical resolution evidence.,FALSE_ESCALATE
CASE_002495,"@AppleSupport struggling to update to 11.03. Everything has been wiped from my phone &amp; I can't even get it to restore factory settings 😡 @AppleSupport ....and here we are again, this time with the ipad.... 
not had any problems with previous updates, so why this time??? @AppleSupport DM sent. @AppleSupport Sorted now - another 4 hours of my life I won’t get back...🙄",OS_UPDATE_SYSTEM_PERFORMANCE,OS_UPDATE_SYSTEM_PERFORMANCE,0.2482041100648171,0.7777,1.0,True,NONE,"We'd like to help get this sorted out. We'd be more than happy to help with your iPad. Could you tell us what happens when you attempt to update the iPad currently? Just to confirm, does your iPad meet the requirements for iOS 11? Check out the bottom of this page: https://t.co/LVMJqqcDhs If you have an iPad 2 then the device would not be able to update to iOS 11 and would currently be up to date. Let us know if you have any questions along the way.",ESCALATE,LOW_INTENT_CONFIDENCE,Predicted intent confidence (0.2482) is below the validated confidence threshold (0.60).,SAFE_TO_AUTO_HANDLE,Well-defined customer issue with matching historical resolution evidence.,FALSE_ESCALATE
CASE_003596,Dear @115858 can you PLEASE for the love of all that is holy fix this?!?!?! https://t.co/pWqxcw3OL1 @AppleSupport Thank you! That solved the problem!,GENERAL_DEVICE_INQUIRY,GENERAL_DEVICE_INQUIRY,0.4541968133169305,0.8639,1.0,True,NONE,We'd like to help get this sorted out. Here’s what you can do to work around the issue until it’s fixed in a future software update: https://t.co/xXaXeeSRt9 You're welcome. We hope you have a great day! Let us know if you have any questions along the way.,ESCALATE,LOW_INTENT_CONFIDENCE,Predicted intent confidence (0.4542) is below the validated confidence threshold (0.60).,SAFE_TO_AUTO_HANDLE,Well-defined customer issue with matching historical resolution evidence.,FALSE_ESCALATE
CASE_004631,"Dear @115858 , can you fix your shit so i can’t stop looking like a moron.
Thanks. @AppleSupport Every time I️ type “i” it comes up with an A and question mark @AppleSupport ^ https://t.co/TDN03BBGJt @AppleSupport Thanks apple.. i love you ❤️",GENERAL_DEVICE_INQUIRY,GENERAL_DEVICE_INQUIRY,0.5237149710703687,0.813,1.0,True,NONE,"We'd like to help get this sorted out. We are here to help. We've got an article that addresses this behavior. Check it out here: https://t.co/xU1AGHStV6 Help has arrived. Check out this article, it should do the trick: https://t.co/xU1AGHStV6 Let us know if you have any questions along the way.",ESCALATE,LOW_INTENT_CONFIDENCE,Predicted intent confidence (0.5237) is below the validated confidence threshold (0.60).,SAFE_TO_AUTO_HANDLE,Well-defined customer issue with matching historical resolution evidence.,FALSE_ESCALATE
CASE_002947,Hey @AppleSupport any idea what’s going on here? https://t.co/Mn2fOms4iL @AppleSupport 👍🏻 thanks!,GENERAL_DEVICE_INQUIRY,GENERAL_DEVICE_INQUIRY,0.35816789588223125,0.9025,1.0,True,NONE,We'd like to help get this sorted out. This page has some tips that may help: https://t.co/xU1AGHStV6 Let us know if you have any questions along the way.,ESCALATE,LOW_INTENT_CONFIDENCE,Predicted intent confidence (0.3582) is below the validated confidence threshold (0.60).,SAFE_TO_AUTO_HANDLE,Well-defined customer issue with matching historical resolution evidence.,FALSE_ESCALATE
CASE_007261,Ever since that new iPhone came out and I updated my ios my phone has been tweakin. Explain @115858 @AppleSupport My screen literally freezes all the time and is just slower overall.,DISPLAY_TOUCH_SCREEN,DISPLAY_TOUCH_SCREEN,0.44534768353775844,0.8051,0.0,True,NONE,"We'd be happy to help with this. Let's get that taken care of together. Is this behavior happening with all apps, or is it isolated to certain specific apps? Does a restart help? What's the software version number you're running in Settings &gt; General &gt; About &gt; Version? Let's get you updated to the most current version, 11.0.3. Be sure to create a backup before updating. Let us know if that helps. Sounds like a plan. Let us know if this helps resolve the issue.",ESCALATE,CONFLICTING_EVIDENCE,Retrieved historical evidence contains conflicting troubleshooting paths or fragmented intents.,SAFE_TO_AUTO_HANDLE,Well-defined customer issue with matching historical resolution evidence.,FALSE_ESCALATE
CASE_002172,Hey @AppleSupport how do I permanently turn off that ‘live’ thing on my iphones camera? It keeps turning back on and I hate it.,DISPLAY_TOUCH_SCREEN,HOW_TO_SETTINGS_CONFIGURATION,0.3946599141213581,0.8046,0.3333,True,NONE,"We'd like to help get this sorted out. Let's figure this out together. When you tap on the yellow live photo icon at the top of the camera, does it turn it off? Let's try this. In the settings turn on Camera Mode, turn off Live Photo in the Camera app, close the app, and reopen again. So glad that we could help get that taken care of for you. Let us know if you ever need anything. We still want to help. DM us, and we'll look into this deeper. https://t.co/GDrqU2kzhr Let us know if you have any questions along the way.",ESCALATE,CONFLICTING_EVIDENCE,Retrieved historical evidence contains conflicting troubleshooting paths or fragmented intents.,SAFE_TO_AUTO_HANDLE,Well-defined customer issue with matching historical resolution evidence.,FALSE_ESCALATE
CASE_000128,@115858 updated to 11.1 on iPhone 7 and now it won’t connect to the App Store. Known issue? @AppleSupport App store now appears to be working,CONNECTIVITY_WIFI_BLUETOOTH,APP_STORE_PURCHASES_BILLING,0.466933841640539,0.7988,0.3333,True,NONE,"We'd like to help get this sorted out. We're showing all systems are up: https://t.co/7NVrDovSd8 Which device are you attempting to connect with? Got it, we recommend the steps here: https://t.co/1SrHVMz478 Keep us posted on the results. Glad to hear it's working. It's our pleasure and if there's anything you need in the future, reach out. Let us know if you have any questions along the way.",ESCALATE,INTENT_EVIDENCE_MISMATCH,Retrieved evidence intent alignment (33.33%) is below the validated alignment threshold (66.00%).,SAFE_TO_AUTO_HANDLE,Well-defined customer issue with matching historical resolution evidence.,FALSE_ESCALATE
CASE_002206,"@AppleSupport hello everyone , now i am facing the worst experince using iphone 6 after the ios 11 software update , thats really horrible @AppleSupport IOS 11.0.2 , i really can’t find words to describe how upset and angry i feel @AppleSupport I think that is not effective bescause i have the same errors with the iOS 11, 11.0.1 , 11.0.2 then you see that solution in iOS 11.0.3 !!!! @AppleSupport I already backed up my phone before i update to 11.0.2 so this is really not making any difference @AppleSupport @328062 IOS 11 11.0.1 11.0.2 11.0.3 are junk I have a ipad mini 4 basically the same as a 6 and it is horrid now Apple you know the truth why do @AppleSupport Ok and what if the problem is still exist after updating , so what will be your solution for that ???) @AppleSupport Here find some of what i face here , my phone switched off suddenly without any reason , (2) while am using any app and i received a call @AppleSupport The screen freeze on the app while the phone is ringing and when its allow me to answer guess what ? The phone call freeze too and drop off @AppleSupport And when find something else , while am trying to open settings its take looong time to load settings screen , really ???! @AppleSupport @328062 You keep telling people to do methods that won't work? I mean seriously @AppleSupport I really was need your help and you help me with nothing , then thank you so much for that useless and unprofessional support , @AppleSupport @AppleSupport and i will really will spread my horrible experince with you , so thank you again for being do not care about your customers!! @176402 @AppleSupport @328062 Mine works fine @328063 @AppleSupport @328062 I am glad you are not having issues kush but thousands and thousands of people are though.",DISPLAY_TOUCH_SCREEN,DISPLAY_TOUCH_SCREEN,0.25806190144193425,0.8048,0.0,True,NONE,We'd like to help get this sorted out. We want to help with your iPhone. When did the issue start? Is the iPhone slow when you use specific apps? Thanks for the update. Reach us via DM to gather more information. https://t.co/GDrqU22YpT Let us know if you have any questions along the way.,ESCALATE,INTENT_EVIDENCE_MISMATCH,Retrieved evidence intent alignment (0.00%) is below the validated alignment threshold (66.00%).,SAFE_TO_AUTO_HANDLE,Well-defined customer issue with matching historical resolution evidence.,FALSE_ESCALATE
CASE_006537,@AppleSupport Hello ! I have another problem : I've bought music like 2 or 3 years ago on my iTunes account but I can't find it anymore :( @AppleSupport It works ! Thanks ! @AppleSupport You too :-),ACCOUNT_APPLEID_ICLOUD,APP_STORE_PURCHASES_BILLING,0.5004219508215989,0.7752,1.0,True,NONE,"We'd like to help get this sorted out. Let's look into this issue together. First, tell us what device you're experiencing this issue with, and we'll go from there. What type of computer are you having this issue with? We want to confirm the software to ensure we offer you a proper troubleshooting steps. Also, did you purchase these songs from the iTunes Store? Great info, thanks. When you have your Dell laptop available again, please try following the steps from this article here: https://t.co/I39AyMJNgb The article shows you some steps you can take to redownload all your purchases from the iTunes Store. If you continue to have issues or have any other questions, go ahead and meet us within DM here: https://t.co/GDrqU22YpT Let us know if you have any questions along the way.",ESCALATE,LOW_INTENT_CONFIDENCE,Predicted intent confidence (0.5004) is below the validated confidence threshold (0.60).,SAFE_TO_AUTO_HANDLE,Well-defined customer issue with matching historical resolution evidence.,FALSE_ESCALATE
CASE_007514,"Alright @115858 fix the auto correct to I.T instead of it, please and thank you",KEYBOARD_TYPING_AUTOCORRECT,KEYBOARD_TYPING_AUTOCORRECT,0.6045545195930692,0.8114,0.0,True,NONE,We'd like to help get this sorted out. Here’s what you can do to work around the issue until it’s fixed in a future software update: https://t.co/xXaXefaskH Let us know if you have any questions along the way.,ESCALATE,INTENT_EVIDENCE_MISMATCH,Retrieved evidence intent alignment (0.00%) is below the validated alignment threshold (66.00%).,SAFE_TO_AUTO_HANDLE,Well-defined customer issue with matching historical resolution evidence.,FALSE_ESCALATE
CASE_004061,So I* see I’m going to have to write the letter I* like this until @115858 fixes it 🙃 @AppleSupport You’ve already given me this link &amp; it worked for like 2 hours. Hurry up with another software update &amp; stop sending me this damn link,KEYBOARD_TYPING_AUTOCORRECT,KEYBOARD_TYPING_AUTOCORRECT,0.2632969117146912,0.8433,0.3333,True,NONE,We'd like to help get this sorted out. Thanks for reaching out. We have a workaround for this here: https://t.co/xXaXeeSRt9 DM us if you still need help. https://t.co/GDrqU22YpT Let us know if you have any questions along the way.,ESCALATE,INTENT_EVIDENCE_MISMATCH,Retrieved evidence intent alignment (33.33%) is below the validated alignment threshold (66.00%).,SAFE_TO_AUTO_HANDLE,Well-defined customer issue with matching historical resolution evidence.,FALSE_ESCALATE
CASE_003969,Since #IOS11 I’m pretty much always charging a device. It’s out of hand. When will we get an update with a fix? @115858 @AppleSupport @AppleSupport iOS 11.1 Not only that but my memory usage is 100% even if There’s no apps running in the background...,BATTERY_CHARGING_POWER,OS_UPDATE_SYSTEM_PERFORMANCE,0.6239671686499398,0.7516,0.0,True,NONE,"We'd like to help get this sorted out. We'd love to lend a hand! Which iPhone are you using, what iOS version is on it and when did this issue begin? Got it, thanks for that information. Reach out to us in DM letting us know which country you are located in. We'll continue there. https://t.co/GDrqU22YpT Let us know if you have any questions along the way.",ESCALATE,INTENT_EVIDENCE_MISMATCH,Retrieved evidence intent alignment (0.00%) is below the validated alignment threshold (66.00%).,SAFE_TO_AUTO_HANDLE,Well-defined customer issue with matching historical resolution evidence.,FALSE_ESCALATE
CASE_003071,"@AppleSupport Twitter does not work on Apple Watch #WatchOs4 #iOS11 @AppleSupport Yes, the twitter app does not open. @AppleSupport @430879 The app for apple watch Crash since iOS 11 GM @AppleSupport I already do everything, also i restore the Iphone and apple watch 3 times @430877 @AppleSupport What you do now?",OS_UPDATE_SYSTEM_PERFORMANCE,APP_CRASH_AND_DOWNLOAD,0.28466423504053906,0.7651,0.0,True,NONE,We'd like to help get this sorted out. We’d be happy to help. Please DM us and let us know what’s happening. https://t.co/GDrqU2kzhr Let us know if you have any questions along the way.,ESCALATE,INTENT_EVIDENCE_MISMATCH,Retrieved evidence intent alignment (0.00%) is below the validated alignment threshold (66.00%).,SAFE_TO_AUTO_HANDLE,Well-defined customer issue with matching historical resolution evidence.,FALSE_ESCALATE
CASE_003853,"@AppleSupport Does Apple ask for your ssn to verify your identity? @AppleSupport Thanks, already did a minute ago",GENERAL_DEVICE_INQUIRY,GENERAL_DEVICE_INQUIRY,0.23881464878764144,0.7315,1.0,True,NONE,We'd like to help get this sorted out. Thanks for reaching out. Check out this article for info on trusted devices: https://t.co/RONuUjClwW Let us know if you have any questions along the way.,ESCALATE,LOW_INTENT_CONFIDENCE,Predicted intent confidence (0.2388) is below the validated confidence threshold (0.60).,SAFE_TO_AUTO_HANDLE,Well-defined customer issue with matching historical resolution evidence.,FALSE_ESCALATE
CASE_004774,"@115858 @AppleSupport Hey, can you guys patch iOS 11 to STOP TURNING MY BLUETOOTH ON BY ITSELF?? Stop stealing my battery, damn. @AppleSupport I have, in fact, not. Did not realize there was an update, thank you. I’m currently at work but I will try that later. @AppleSupport Bit late, forgot to respond back. 

11.0.2 still turns my bluetooth on whenever i get in my car. I appreciate safety, but I dont get calls 🤣 @AppleSupport Also, when I use certain charger cables, my screen goes utterly bats***, typing and tapping by itself. Not cool, guys. Knock it off. @554044 @AppleSupport Thats called the *buy our shit* update.  😂",BATTERY_CHARGING_POWER,BATTERY_CHARGING_POWER,0.35103978294317484,0.748,0.6667,True,NONE,"We'd like to help get this sorted out. For information on how Wi-Fi and Bluetooth work in Control Center, check out this article: https://t.co/G7BHuQnDS6 Let us know if you have any questions along the way.",ESCALATE,LOW_INTENT_CONFIDENCE,Predicted intent confidence (0.3510) is below the validated confidence threshold (0.60).,SAFE_TO_AUTO_HANDLE,Well-defined customer issue with matching historical resolution evidence.,FALSE_ESCALATE
CASE_006774,Nvm my Soror❤️ helped me fix it @AppleSupport Thanks,GENERAL_DEVICE_INQUIRY,HOW_TO_SETTINGS_CONFIGURATION,0.3562914546288201,0.7722,0.3333,True,NONE,We'd like to help get this sorted out. Thanks for reaching out. We're here to help. DM us so we can look into this further with you. https://t.co/GDrqU22YpT Let us know if you have any questions along the way.,ESCALATE,INTENT_EVIDENCE_MISMATCH,Retrieved evidence intent alignment (33.33%) is below the validated alignment threshold (66.00%).,SAFE_TO_AUTO_HANDLE,Well-defined customer issue with matching historical resolution evidence.,FALSE_ESCALATE
CASE_001723,@AppleSupport hello is there some problems with new update of iOS? I have an iPad mini 3 and I noticed more lag and a slow work in general,OS_UPDATE_SYSTEM_PERFORMANCE,OS_UPDATE_SYSTEM_PERFORMANCE,0.4952376846466707,0.8077,0.6667,True,NONE,"We'd be happy to help with this. We'd love to see how we can help. Which iOS device are you experiencing this with? Also, what is the iOS version installed? Feel free to reach out if you have a question or concern in the future. We hope you enjoy your day. Let us know if this helps resolve the issue.",ESCALATE,LOW_INTENT_CONFIDENCE,Predicted intent confidence (0.4952) is below the validated confidence threshold (0.60).,SAFE_TO_AUTO_HANDLE,Well-defined customer issue with matching historical resolution evidence.,FALSE_ESCALATE
CASE_007534,Uh…@AppleSupport …my phone says that my system is up to date with iOS 11.1.2 but apparently there’s an iOS 11.2 out with Apple Pay in messages. I updated this morning. 🤷🏾‍♂️ @AppleSupport Thanks. …but that doesn’t explain why I don’t see the Apple Pay in messages feature. @AppleSupport Thanks.,APP_STORE_PURCHASES_BILLING,APP_STORE_PURCHASES_BILLING,0.3067185442507532,0.7553,1.0,True,NONE,"We'd be happy to help with this. If you're in the US, those features will require iOS 11.2 and will begin rolling out early next week. Let us know if this helps resolve the issue.",ESCALATE,LOW_INTENT_CONFIDENCE,Predicted intent confidence (0.3067) is below the validated confidence threshold (0.60).,SAFE_TO_AUTO_HANDLE,Well-defined customer issue with matching historical resolution evidence.,FALSE_ESCALATE
CASE_001382,"@AppleSupport hey, i just downloaded the new IOS update and my iphone keeps clicking things and type by itself what should i do? @AppleSupport Iphone7 version 11.2 @AppleSupport No i didn’t but i will now, thanks💕",OS_UPDATE_SYSTEM_PERFORMANCE,OS_UPDATE_SYSTEM_PERFORMANCE,0.43844394034162204,0.7139,1.0,True,NONE,We'd like to help get this sorted out. Have you updated to 11.0.2 yet? https://t.co/80YRnjDFDk Send us a DM and let us know. https://t.co/GDrqU22YpT Glad to hear that. You know where we are if you have any questions. Let us know if you have any questions along the way.,ESCALATE,LOW_INTENT_CONFIDENCE,Predicted intent confidence (0.4384) is below the validated confidence threshold (0.60).,SAFE_TO_AUTO_HANDLE,Well-defined customer issue with matching historical resolution evidence.,FALSE_ESCALATE
CASE_007021,"HEY @318 @AppleSupport WHY DO YOU KEEP DELETING MY SUBSCRIBED PODCASTS?! ONCE A WEEK GUYS, COME ON",GENERAL_DEVICE_INQUIRY,GENERAL_DEVICE_INQUIRY,0.25516967561793535,0.6983,0.6667,True,NONE,We'd be happy to help with this. We're happy to assist. Which iOS version are you currently running? Go to Settings &gt; General &gt; About for the version. Let us know if this helps resolve the issue.,ESCALATE,LOW_INTENT_CONFIDENCE,Predicted intent confidence (0.2552) is below the validated confidence threshold (0.60).,SAFE_TO_AUTO_HANDLE,Well-defined customer issue with matching historical resolution evidence.,FALSE_ESCALATE
CASE_002459,"@AppleSupport Hi, been having a lot of trouble with my iPhone lately and any help or advice u could give would really help. @AppleSupport I'm on 10.2 I haven't been able to update to the latest version of iOS because of space...and thanks for getting back to me!🙂 @AppleSupport Right now it shows zero but in an hour it could be 18, 100 or tomorrow a 1g.",OS_UPDATE_SYSTEM_PERFORMANCE,OS_UPDATE_SYSTEM_PERFORMANCE,0.2412696318618787,0.7206,0.3333,True,NONE,We'd be happy to help with this. We’ve received your DM and will continue there shortly. Thank you for your patience. Let us know if this helps resolve the issue.,ESCALATE,CONFLICTING_EVIDENCE,Retrieved historical evidence contains conflicting troubleshooting paths or fragmented intents.,SAFE_TO_AUTO_HANDLE,Well-defined customer issue with matching historical resolution evidence.,FALSE_ESCALATE
CASE_002099,"I don’t get UX on iOS 11 podcast app, @AppleSupport. Why do I see old / stale episodes instead of new ones? What am I missing?",OS_UPDATE_SYSTEM_PERFORMANCE,OS_UPDATE_SYSTEM_PERFORMANCE,0.2376643570875985,0.7493,1.0,True,NONE,We'd like to help get this sorted out. Let’s work together on this. Could you let us know what particular features aren’t working in the Podcasts App via a DM? https://t.co/GDrqU22YpT Let us know if you have any questions along the way.,ESCALATE,LOW_INTENT_CONFIDENCE,Predicted intent confidence (0.2377) is below the validated confidence threshold (0.60).,SAFE_TO_AUTO_HANDLE,Well-defined customer issue with matching historical resolution evidence.,FALSE_ESCALATE
CASE_005765,"@AppleSupport pls fix your issues....#applebug #Apple #YouCanDoBetter @AppleSupport Hey, I’m trying the newest update. Thank you",OS_UPDATE_SYSTEM_PERFORMANCE,OS_UPDATE_SYSTEM_PERFORMANCE,0.3312780748195514,0.903,0.0,True,NONE,We'd like to help get this sorted out. We'd like to help! Let's try the steps outlined in this article: https://t.co/xXaXeeSRt9 You are more than welcome. Have a great day! Let us know if you have any questions along the way.,ESCALATE,INTENT_EVIDENCE_MISMATCH,Retrieved evidence intent alignment (0.00%) is below the validated alignment threshold (66.00%).,SAFE_TO_AUTO_HANDLE,Well-defined customer issue with matching historical resolution evidence.,FALSE_ESCALATE
CASE_004624,Trying to add an email account andddd I️ cannot find the option in my settings anymore @AppleSupport wasssupp?,HOW_TO_SETTINGS_CONFIGURATION,ACCOUNT_APPLEID_ICLOUD,0.27454969623388414,0.6384,0.0,True,NONE,We'd like to help get this sorted out. We're happy to help with this. Here are instructions: https://t.co/xuZEqdPMFW Let us know if you have any questions. Let us know if you have any questions along the way.,ESCALATE,WEAK_EVIDENCE,Top retrieval similarity (0.6384) is below the validated quality threshold (0.65).,SAFE_TO_AUTO_HANDLE,Well-defined customer issue with matching historical resolution evidence.,FALSE_ESCALATE
CASE_002422,"Encore un gros bug #ios11 !! Logo pomme pendant 2 minutes et batterie qui perd 30% d’un coup ! Sérieusement @115858 @AppleSupport ??! 😡 @AppleSupport I've had a lot of troubles with my iPhone 6s since the upgrade to #iOS11. Phone not responding, battery getting low quickly... Any solution? @355310 @AppleSupport Go ahead and ignore the problem @115858 
All the DM's in the world isn't addressing the actual issue. 
Beyond a joke. @355310 @AppleSupport No fix to thisI have a case opened for a month.All possible solutions tested. Still hasn’t fixed the phone. Worse mistake upgrading to iOS11 @AppleSupport Thanks I’m using iOS 11.0.3",BATTERY_CHARGING_POWER,BATTERY_CHARGING_POWER,0.3918074840317845,0.7766,0.6667,True,NONE,We'd like to help get this sorted out. We know how important battery life is. Let's look into this together. Can you provide us which device you're using? Thanks for providing that. We know how vital the battery is. Please check out this article: https://t.co/TpjqFp3jxD Let us know if you have any questions along the way.,ESCALATE,LOW_INTENT_CONFIDENCE,Predicted intent confidence (0.3918) is below the validated confidence threshold (0.60).,SAFE_TO_AUTO_HANDLE,Well-defined customer issue with matching historical resolution evidence.,FALSE_ESCALATE
CASE_007409,"@AppleSupport hi, my friend’s iPhone was stolen 2 months ago. She has recovered her iCloud account into her new iPhone, but unfortunately her account still in her previous device (it means the thief didn’t sign it out/ can’t use it). —1 @AppleSupport Now she can’t restore what has she backed up before. Can you help us how to restore it into her new iPhone? —2 @AppleSupport Unfortunately she doesn't have a Twitter. But I'm definitely telling her about the link and to work on it by herself.
Thank you!",ACCOUNT_APPLEID_ICLOUD,ACCOUNT_APPLEID_ICLOUD,0.6196072358177127,0.6982,1.0,True,NONE,"We'd like to help get this sorted out. Your Apple ID password is used to log into iCloud. Try resetting your Apple ID password using the link here: https://t.co/fJnZYmbI9N Once you've done that, you should be able to get into your iCloud account on a computer to locate it using Find My iPhone. Our next best option would be for you to get in touch with our Account Security team here: https://t.co/UJm15vmMM2 They'll be most equipped to look into this further with you. Let us know if you have any questions along the way.",AUTO_HANDLE,STRONG_GROUNDED_EVIDENCE,Intent confidence and retrieval evidence exceed validated thresholds and the independent grounding check passed with no unsupported claims.,SHOULD_ESCALATE,Inquiry involves sensitive legal/financial dispute requiring human escalation.,FALSE_AUTO_HANDLE
CASE_005273,"@AppleSupport Yo, all of the sudden every screenshot I take shows all black. It was working fine just yesterday @AppleSupport Iphone 7 ios 11.1 but never mind, I fixed it https://t.co/ngRaZlZQdf",OS_UPDATE_SYSTEM_PERFORMANCE,DISPLAY_TOUCH_SCREEN,0.17546083566843254,0.8338,0.3333,True,NONE,We'd be happy to help with this. We want to be sure you can take screenshots as you'd expect to. We're happy to look into this with you. Is the photo saved as a black photo? Does this happen in all apps? Thanks for clarifying this for us. Are you able to use the front and back cameras normally? Have you restarted your iPhone since you first noticed this behavior? Does that make a difference? We're so glad that restarting took care of it for you. Feel free to reach out again if you need us. We're here for you. Let us know if this helps resolve the issue.,ESCALATE,CONFLICTING_EVIDENCE,Retrieved historical evidence contains conflicting troubleshooting paths or fragmented intents.,SAFE_TO_AUTO_HANDLE,Well-defined customer issue with matching historical resolution evidence.,FALSE_ESCALATE
CASE_002607,Anyone know how to wipe an #iphone when the screen has broken #apple #iphonehelp @115858 #TechSupport #PhoneHelp @AppleSupport Thanks &amp; does this work if it is not connected to a wifi?,CONNECTIVITY_WIFI_BLUETOOTH,CONNECTIVITY_WIFI_BLUETOOTH,0.5338940961462847,0.5513,0.3333,True,NONE,"We'd like to help get this sorted out. That can be done remotely. Here's an excellent article with the information you'll need: https://t.co/qu9pwUo3iJ Correct. For more information on removing it from Find My iPhone, check this out: https://t.co/fd32fNtWuZ Questions? https://t.co/GDrqU22YpT You're very welcome. Let's take a closer look at this. Please reach out to us via DM and we can go from there. https://t.co/GDrqU22YpT Wonderful! We are thrilled that it's working! You have a great rest of your day and remember us for your future support needs. Let us know if you have any questions along the way.",ESCALATE,WEAK_EVIDENCE,Top retrieval similarity (0.5513) is below the validated quality threshold (0.65).,SAFE_TO_AUTO_HANDLE,Well-defined customer issue with matching historical resolution evidence.,FALSE_ESCALATE
CASE_001888,@115858 just did the latest update last night. Where did my Apple Music playlists go? #problem https://t.co/7Q1NbKpYtd @AppleSupport I had a friend fix it. Thank you for the reply.,APP_STORE_PURCHASES_BILLING,APP_STORE_PURCHASES_BILLING,0.45611461889395677,0.8163,1.0,True,NONE,"We'd like to help get this sorted out. We're here for you! If you look in Settings &gt; General &gt; About and report back the section that says ""Music"". https://t.co/GDrqU22YpT Let us know if you have any questions along the way.",ESCALATE,LOW_INTENT_CONFIDENCE,Predicted intent confidence (0.4561) is below the validated confidence threshold (0.60).,SAFE_TO_AUTO_HANDLE,Well-defined customer issue with matching historical resolution evidence.,FALSE_ESCALATE
CASE_005412,"Honestly have to charge my phone fully about 3-4 times a day, am getting real tired of u and ur games @115858",BATTERY_CHARGING_POWER,BATTERY_CHARGING_POWER,0.34247944807883784,0.7743,1.0,True,NONE,We'd be happy to help with this. Let's look into your iPhone charging issues. Which version of iOS are you running in Settings &gt; General &gt; About? Let us know if this helps resolve the issue.,ESCALATE,LOW_INTENT_CONFIDENCE,Predicted intent confidence (0.3425) is below the validated confidence threshold (0.60).,SAFE_TO_AUTO_HANDLE,Well-defined customer issue with matching historical resolution evidence.,FALSE_ESCALATE
CASE_004594,WAIT THOUGH ME WASNT TYPING I️ YESTERDAY AND ME UPDATED 4 DAYS AGO. @AppleSupport FIX THIS SO ME CAN STOP TALKING LIKE COOKIE MONSTER @AppleSupport I  want to thank you sweet people,KEYBOARD_TYPING_AUTOCORRECT,KEYBOARD_TYPING_AUTOCORRECT,0.27363439068505063,0.767,0.3333,True,NONE,We'd like to help get this sorted out. We're here to help. Try these steps in this article: https://t.co/xXaXeeSRt9 You're very welcome! Feel free to reach out to us again if you need us! Let us know if you have any questions along the way.,ESCALATE,INTENT_EVIDENCE_MISMATCH,Retrieved evidence intent alignment (33.33%) is below the validated alignment threshold (66.00%).,SAFE_TO_AUTO_HANDLE,Well-defined customer issue with matching historical resolution evidence.,FALSE_ESCALATE
CASE_002667,IOS11 ÇA PUE LA MERDE ma caméra fonctionne plus mon tel bug mon clavier bug ma connexion bug ptn @115858 ressaisissez-vous @AppleSupport thank you,OS_UPDATE_SYSTEM_PERFORMANCE,OS_UPDATE_SYSTEM_PERFORMANCE,0.37728117770420794,0.5926,0.3333,True,NONE,"We'd like to help get this sorted out. Since our Twitter support is available in English, get help at https://t.co/IBIY3w3RGR or join https://t.co/pvaOFg6Mb1 You're absolutely welcome! Let us know if you have any questions along the way.",ESCALATE,CONFLICTING_EVIDENCE,Retrieved historical evidence contains conflicting troubleshooting paths or fragmented intents.,SAFE_TO_AUTO_HANDLE,Well-defined customer issue with matching historical resolution evidence.,FALSE_ESCALATE
CASE_000983,@AppleSupport my iMessage is not working like I can’t send messages @AppleSupport I followed those steps and now my iMessage is working 😎 @AppleSupport Will do 😎,GENERAL_DEVICE_INQUIRY,GENERAL_DEVICE_INQUIRY,0.19550894524918433,0.8672,0.3333,True,NONE,"We'd be happy to help with this. Helping you stay connected is our goal, and we want to make sure iMessage is ready when you need it. What kind of issues are you seeing with iMessage, and on which device are you using that on? We're glad that's sorted out with iMessage on your iPhone. If you run into any other issues, don't hesitate to let us know. Let us know if this helps resolve the issue.",ESCALATE,CONFLICTING_EVIDENCE,Retrieved historical evidence contains conflicting troubleshooting paths or fragmented intents.,SAFE_TO_AUTO_HANDLE,Well-defined customer issue with matching historical resolution evidence.,FALSE_ESCALATE
CASE_000114,"@115858 Here's a thought: new phone numbers in iOS default to ""home fax."" Maybe that's something you could fix please, or is an inside joke? @AppleSupport iPhone SE version 10.3.1. As far as I know this is something that happens with my friends' iPhones as well, so haven't tried anything... @AppleSupport Everyone I ask sees the same thing, seems to be a default setting on the OS. I'm not interested in troubleshooting my specific phone thanks!",GENERAL_DEVICE_INQUIRY,HOW_TO_SETTINGS_CONFIGURATION,0.141608062197242,0.6427,0.0,True,NONE,"We'd be happy to help with this. That's very strange that the numbers keep clearing. Let's look into why your iPhone doesn't want you to text! Is this a consistent issue or does it come and go? Also, what iOS version is installed? It's under Settings &gt; General &gt; About. Let us know if this helps resolve the issue.",ESCALATE,WEAK_EVIDENCE,Top retrieval similarity (0.6427) is below the validated quality threshold (0.65).,SAFE_TO_AUTO_HANDLE,Well-defined customer issue with matching historical resolution evidence.,FALSE_ESCALATE
CASE_005037,Hey @AppleSupport I️ need you to fix your shit now I️ @AppleSupport I would like to thank you. Is it working? I,GENERAL_DEVICE_INQUIRY,GENERAL_DEVICE_INQUIRY,0.440757211278787,0.827,1.0,True,NONE,We'd like to help get this sorted out. Here’s what you can do to work around the issue until it’s fixed in a future software update: https://t.co/qODbOsp4wz Let us know if you have any questions along the way.,ESCALATE,LOW_INTENT_CONFIDENCE,Predicted intent confidence (0.4408) is below the validated confidence threshold (0.60).,SAFE_TO_AUTO_HANDLE,Well-defined customer issue with matching historical resolution evidence.,FALSE_ESCALATE
CASE_005532,@115858 @AppleSupport I️ hate you. Fix this @AppleSupport I love you thank you,GENERAL_DEVICE_INQUIRY,HOW_TO_SETTINGS_CONFIGURATION,0.46732687620074476,0.8806,0.0,True,NONE,We'd like to help get this sorted out. Here’s what you can do to work around the issue until it’s fixed in a future software update: https://t.co/xXaXeeSRt9 https://t.co/GDrqU22YpT You're welcome! Let us know if you have any questions along the way.,ESCALATE,INTENT_EVIDENCE_MISMATCH,Retrieved evidence intent alignment (0.00%) is below the validated alignment threshold (66.00%).,SAFE_TO_AUTO_HANDLE,Well-defined customer issue with matching historical resolution evidence.,FALSE_ESCALATE
CASE_006631,"@115858 @AppleSupport so you change my delivery date for the #iphonex to the day after thxgvg w/o contacting me 1st to see if I'm traveling, that w/end? Then you can't come up with a better plan than to delay my shipment? you don't offer me anything for my time???????? @AppleSupport thanks bot for replying. your #ai isn't quite there yet to provide real customer service, huh?",GENERAL_DEVICE_INQUIRY,CONNECTIVITY_WIFI_BLUETOOTH,0.18211494608800466,0.7089,0.0,True,NONE,"We'd like to help get this sorted out. Our Online Sales Support would be best suited to assist you, you can reach them here: https://t.co/K0222CJgiB Let us know if you have any questions along the way.",ESCALATE,INTENT_EVIDENCE_MISMATCH,Retrieved evidence intent alignment (0.00%) is below the validated alignment threshold (66.00%).,SAFE_TO_AUTO_HANDLE,Well-defined customer issue with matching historical resolution evidence.,FALSE_ESCALATE
CASE_002629,"My iPhone keeps crashing. Would my service provider @28598 who sold me phone take responsibility for this?Or is it @AppleSupport issue @AppleSupport @297215 Can you guys fix this battery draining thing. It really annoys me @AppleSupport I’ve been through that, just wondering who will take responsibility?",BATTERY_CHARGING_POWER,BATTERY_CHARGING_POWER,0.5003407202358682,0.7185,0.3333,True,NONE,"We'd like to help get this sorted out. Thanks for reaching out to us for support. We would love to help you. When you have a free moment, can you please tell us if you have your wife's phone in your possession currently? By crashing, do you mean that it's unexpectedly restarting or shutting down? Let us know in DM and we'll go from there. https://t.co/GDrqU22YpT Let us know if you have any questions along the way.",ESCALATE,INTENT_EVIDENCE_MISMATCH,Retrieved evidence intent alignment (33.33%) is below the validated alignment threshold (66.00%).,SAFE_TO_AUTO_HANDLE,Well-defined customer issue with matching historical resolution evidence.,FALSE_ESCALATE
CASE_007116,"@AppleSupport It would be really handy to be able to add a calculator to the control centre on iPad, as it is with iPhone. Thanks @AppleSupport Thank you but please refer to my original tweet.

I was requesting that a calculator be added to the iPad control panel. 

Attached, an excerpt from your attached help page - see marked section. https://t.co/nYr7aoVFak",GENERAL_DEVICE_INQUIRY,HOW_TO_SETTINGS_CONFIGURATION,0.17615866621293888,0.6221,0.0,True,NONE,"We'd be happy to help with this. Let us know which device model and iOS version you are using. We can help figure that out. The iPad doesn't have a Calculator app. The iPhone does, however. Does it show up if you use Search on the iPhone? In that case, it may have gotten deleted from your device. You should be able to download it again from the App Store. Let us know if this helps resolve the issue.",ESCALATE,WEAK_EVIDENCE,Top retrieval similarity (0.6221) is below the validated quality threshold (0.65).,SAFE_TO_AUTO_HANDLE,Well-defined customer issue with matching historical resolution evidence.,FALSE_ESCALATE
CASE_004206,"@AppleSupport I’m having issues with sending messages to a few of my contacts. Most of them will deliver but some people won’t @AppleSupport I’m using iOS 11.1 and iPhone 6. i wasn’t having this problem until I updated to iOS 11.1 @AppleSupport so far yes. like I’ll send a message and it doesn’t even show that it delivered or anything but on my old phone it works @AppleSupport Wow.. it was just that simple. I just went to general, then I tapped shut down and all at the sudden it works again 😂🤦🏻‍♀️ Thank you Apple",OS_UPDATE_SYSTEM_PERFORMANCE,OS_UPDATE_SYSTEM_PERFORMANCE,0.2780491829484817,0.848,0.6667,True,NONE,"We'd like to help get this sorted out. We'd like to team up with you to help. What's the model you have and what's happening with it currently? Which exact iOS version is installed? Have you tried any troubleshooting steps so far? Do you mean iOS 11.0.2, or iOS 11.2? Also, which exact steps did you try? Let us know in DM here: https://t.co/GDrqU22YpT Let us know if you have any questions along the way.",ESCALATE,LOW_INTENT_CONFIDENCE,Predicted intent confidence (0.2780) is below the validated confidence threshold (0.60).,SAFE_TO_AUTO_HANDLE,Well-defined customer issue with matching historical resolution evidence.,FALSE_ESCALATE
CASE_003824,"Sooo why can’t I see emojis is it because I still have a 6plus? Is there another iOS update?@115858 @AppleSupport @AppleSupport I am using 11.0.3 @AppleSupport @118279 please don't update , it will broke your device",OS_UPDATE_SYSTEM_PERFORMANCE,OS_UPDATE_SYSTEM_PERFORMANCE,0.5959104367460971,0.8465,0.0,True,NONE,We'd be happy to help with this. We're here for you. What is the exact version of the iOS you're running? Check by tapping Settings &gt; General &gt; About. Let us know if this helps resolve the issue.,ESCALATE,CONFLICTING_EVIDENCE,Retrieved historical evidence contains conflicting troubleshooting paths or fragmented intents.,SAFE_TO_AUTO_HANDLE,Well-defined customer issue with matching historical resolution evidence.,FALSE_ESCALATE
CASE_003792,Hey @AppleSupport @115858  since the last update every time I️ type the letter “I️” I️ get this *please see pic* https://t.co/k5SbJKOzsk,OS_UPDATE_SYSTEM_PERFORMANCE,KEYBOARD_TYPING_AUTOCORRECT,0.571266402770482,0.8194,0.3333,True,NONE,We'd like to help get this sorted out. We're here to help. Try these steps in this article: https://t.co/xXaXeeSRt9 You're very welcome! Feel free to reach out to us again if you need us! Let us know if you have any questions along the way.,ESCALATE,CONFLICTING_EVIDENCE,Retrieved historical evidence contains conflicting troubleshooting paths or fragmented intents.,SAFE_TO_AUTO_HANDLE,Well-defined customer issue with matching historical resolution evidence.,FALSE_ESCALATE
CASE_004253,".@AppleSupport can we fix this, please? 
I️ I️ I️ I️ I️ I️ I️ I️ I️ I️ I️ I️ I️ I️ I️ I️ I️ I️ I️ I️ I️ I️ I️ I️ I️ I️ I️ I️ I️ @AppleSupport Thx!",GENERAL_DEVICE_INQUIRY,HOW_TO_SETTINGS_CONFIGURATION,0.5261909138887719,0.8967,0.0,True,NONE,We'd like to help get this sorted out. Here’s what you can do to work around the issue until it’s fixed in a future software update: https://t.co/xXaXeeSRt9 Let us know if you have any questions along the way.,ESCALATE,INTENT_EVIDENCE_MISMATCH,Retrieved evidence intent alignment (0.00%) is below the validated alignment threshold (66.00%).,SAFE_TO_AUTO_HANDLE,Well-defined customer issue with matching historical resolution evidence.,FALSE_ESCALATE
CASE_003292,"Hey @115858 - love the new emojis but my phone is acting super slow and delayed since I updated. Help!! @AppleSupport Updated all of my apps, but haven’t restarted my phone! I’ll try that. Thank you!",OS_UPDATE_SYSTEM_PERFORMANCE,OS_UPDATE_SYSTEM_PERFORMANCE,0.24608979647021562,0.7907,0.0,True,NONE,We'd be happy to help with this. We're here for you. What is the exact version of the iOS you're running? Check by tapping Settings &gt; General &gt; About. Let us know if this helps resolve the issue.,ESCALATE,INTENT_EVIDENCE_MISMATCH,Retrieved evidence intent alignment (0.00%) is below the validated alignment threshold (66.00%).,SAFE_TO_AUTO_HANDLE,Well-defined customer issue with matching historical resolution evidence.,FALSE_ESCALATE
CASE_000546,So my phone glitched and apple this is a idea u should do in the next update make that black glitched screen into the home screen so I can do two things at ones @115858 https://t.co/KzV1KIRSzt @AppleSupport No it all I had to do was click the home screen just super cool if u made a two screen @AppleSupport Ok thanks,DISPLAY_TOUCH_SCREEN,DISPLAY_TOUCH_SCREEN,0.9518473338459302,0.7509,0.0,True,NONE,We'd like to help get this sorted out. We'd love to help. What sort of glitches are you experiencing on your iPhone? Let us know in DM and we'll get started. https://t.co/GDrqU22YpT Let us know if you have any questions along the way.,ESCALATE,INTENT_EVIDENCE_MISMATCH,Retrieved evidence intent alignment (0.00%) is below the validated alignment threshold (66.00%).,SAFE_TO_AUTO_HANDLE,Well-defined customer issue with matching historical resolution evidence.,FALSE_ESCALATE
CASE_001314,"Seriously, @115858? I have to manually disable notifications for all apps, with the phone resetting every 4 seconds, in order to get my phone working again? It's like a really annoying game of race the clock. iOS 11 broke my iPhone X overnight. What a pain! https://t.co/dwtZImORJr @AppleSupport Thanks for the reply! Yes, I will turn them back on now then.",OS_UPDATE_SYSTEM_PERFORMANCE,OS_UPDATE_SYSTEM_PERFORMANCE,0.23138027572005682,0.7545,0.6667,True,NONE,We'd be happy to help with this. We're here to help. Let's work on this together. Which iOS version do you have? When did this issue begin? We don't want to have you repeat any unnecessary steps so tell us what steps you've already taken to try to resolve this issue. Let us know if this helps resolve the issue.,ESCALATE,LOW_INTENT_CONFIDENCE,Predicted intent confidence (0.2314) is below the validated confidence threshold (0.60).,SAFE_TO_AUTO_HANDLE,Well-defined customer issue with matching historical resolution evidence.,FALSE_ESCALATE
CASE_001421,@AppleSupport @115948 why can’t I add songs to “up next”,APP_STORE_PURCHASES_BILLING,APP_STORE_PURCHASES_BILLING,0.5417809984169589,0.7723,1.0,True,NONE,"We'd be happy to help with this. Thanks for reaching out to us today! We know how important your music is, so we'd be happy to look into what's going on. To start, can you let us know which device and software version you're experiencing this issues on? Going forward, how are you trying to add songs to your iPhone? Also, what happens when you try to add a song, do you get a particular error message? Let us know if this helps resolve the issue.",ESCALATE,LOW_INTENT_CONFIDENCE,Predicted intent confidence (0.5418) is below the validated confidence threshold (0.60).,SAFE_TO_AUTO_HANDLE,Well-defined customer issue with matching historical resolution evidence.,FALSE_ESCALATE
CASE_002353,"@AppleSupport the new iOS update makes my wifi turn on when i turned it off so its burning my battery, help? @AppleSupport This is literally the stupidest thing ever but thanks.",BATTERY_CHARGING_POWER,BATTERY_CHARGING_POWER,0.504454840788616,0.7808,0.0,True,NONE,"We'd like to help get this sorted out. Are you turning the Wi-Fi off from the Control Center? Let us know, we'd like to help. Control Center just temporarily disables it. You can learn more here: https://t.co/G7BHuQnDS6 Let us know if you have any questions along the way.",ESCALATE,INTENT_EVIDENCE_MISMATCH,Retrieved evidence intent alignment (0.00%) is below the validated alignment threshold (66.00%).,SAFE_TO_AUTO_HANDLE,Well-defined customer issue with matching historical resolution evidence.,FALSE_ESCALATE
CASE_005953,"Hey @115858— this new update just auto correct capitalizes random words. Like Tour. Ugh. Can you please get the whole of your capitalization issues resolved please? @AppleSupport Thanks! Yes, I’m currently on iOS 11.1.1.",KEYBOARD_TYPING_AUTOCORRECT,OS_UPDATE_SYSTEM_PERFORMANCE,0.44874540910136923,0.7582,0.3333,True,NONE,"We'd like to help get this sorted out. We'd like to help. https://t.co/GDrqU22YpT Fantastic! If you have any other questions or concerns, we're here every day from 5am-8pm Pacific. Let us know if you have any questions along the way.",ESCALATE,INTENT_EVIDENCE_MISMATCH,Retrieved evidence intent alignment (33.33%) is below the validated alignment threshold (66.00%).,SAFE_TO_AUTO_HANDLE,Well-defined customer issue with matching historical resolution evidence.,FALSE_ESCALATE
CASE_002874,@115858 My #iphonecase broken 😣 not even a year and it has snapped on the border. Any idea about the warranty of this product @AppleSupport?😉 https://t.co/Yq1Clmat1N @AppleSupport Thanks. I will DM you shortly. 😉,GENERAL_DEVICE_INQUIRY,GENERAL_DEVICE_INQUIRY,0.4453462964289972,0.626,0.6667,True,NONE,"We'd like to help get this sorted out. Here’s what you can do to work around the issue until it’s fixed in a future software update: https://t.co/xXaXeeSRt9 You're very welcome. If you need any assistance in the future, don't hesitate to reach back out to us. We're here to help. Let us know if you have any questions along the way.",ESCALATE,WEAK_EVIDENCE,Top retrieval similarity (0.6260) is below the validated quality threshold (0.65).,SAFE_TO_AUTO_HANDLE,Well-defined customer issue with matching historical resolution evidence.,FALSE_ESCALATE
CASE_005239,"If @115858 does not fix this weird iOS bug soon, I️ am going to freak. @AppleSupport Thanks",GENERAL_DEVICE_INQUIRY,OS_UPDATE_SYSTEM_PERFORMANCE,0.2270545028320307,0.8771,1.0,True,NONE,"We'd like to help get this sorted out. We want to help. Have you tried re-starting your device? Are you updated to iOS 11.0.3? That's great to see. If you do see it return, please send us a DM so we may better assist you. https://t.co/GDrqU22YpT Let us know if you have any questions along the way.",ESCALATE,LOW_INTENT_CONFIDENCE,Predicted intent confidence (0.2271) is below the validated confidence threshold (0.60).,SAFE_TO_AUTO_HANDLE,Well-defined customer issue with matching historical resolution evidence.,FALSE_ESCALATE
CASE_000367,"@115858 the new update is so horribly slow and not at all even that great pls send me help or pls do something I’m going crazy. @AppleSupport 11.2 and Instagram is mad slow still also safari is acting up a lot. Literally, all of my friends who have downloaded are complaining. @AppleSupport @158701 Literally me. Ios11 is a joke. Instagram and Facebook are prob the two SLOWEST apps that don’t even load 99% of the time wtf",OS_UPDATE_SYSTEM_PERFORMANCE,OS_UPDATE_SYSTEM_PERFORMANCE,0.5404423844450712,0.7478,1.0,True,NONE,"We'd like to help get this sorted out. We surely want you to enjoy your device so let's work to resolve this. Which version of iOS is currently installed? Surely, thank you! Go ahead and reach out to us in DM &amp; let us know how long ago you updated to iOS 11.0.3? https://t.co/GDrqU22YpT Let us know if you have any questions along the way.",ESCALATE,LOW_INTENT_CONFIDENCE,Predicted intent confidence (0.5404) is below the validated confidence threshold (0.60).,SAFE_TO_AUTO_HANDLE,Well-defined customer issue with matching historical resolution evidence.,FALSE_ESCALATE
CASE_006863,"@AppleSupport Please fix sign in issue with @118721. Had to log in four times, to get it to work! @AppleSupport It was a few minutes ago. I was using my HP laptop. It did finally go through. @AppleSupport It didn't tell me it was. The log in screen kept popping up. @AppleSupport Nope @AppleSupport Thanks.",DISPLAY_TOUCH_SCREEN,DISPLAY_TOUCH_SCREEN,0.2514015994897785,0.786,0.0,True,NONE,"We'd like to help get this sorted out. Thanks for reaching out. We understand the importance of getting into your Mac. It looks like while you're seeing the unexpected text display, there's also a progress bar in the center. Does the progress bar move, and if so, is there any change when it's complete? Thanks for clarifying. It sounds like you power your Mac on, see the login screen, and the issue begins after logging in, while the system loads. Let's try booting your Mac into safe mode; this page explains what it does, and how to use it: https://t.co/PQ4LSYhUTY Let us know if you have any questions along the way.",ESCALATE,INTENT_EVIDENCE_MISMATCH,Retrieved evidence intent alignment (0.00%) is below the validated alignment threshold (66.00%).,SAFE_TO_AUTO_HANDLE,Well-defined customer issue with matching historical resolution evidence.,FALSE_ESCALATE
CASE_003866,Can you stop this I️ (a?) shit @AppleSupport @AppleSupport Thank you!,GENERAL_DEVICE_INQUIRY,GENERAL_DEVICE_INQUIRY,0.5224228190380941,0.8315,1.0,True,NONE,We'd like to help get this sorted out. There's an update out now that fixes this issue. Make sure you have a recent update and update to 11.1.1. Let us know if that fixes the issue. https://t.co/GDrqU22YpT You're welcome. Let us know if you have any questions along the way.,ESCALATE,LOW_INTENT_CONFIDENCE,Predicted intent confidence (0.5224) is below the validated confidence threshold (0.60).,SAFE_TO_AUTO_HANDLE,Well-defined customer issue with matching historical resolution evidence.,FALSE_ESCALATE
CASE_007173,"@AppleSupport having this box keeps coming up on my iPhone X could you please get back to me https://t.co/vP22ZDoMj6 @AppleSupport Zoom was enabled, but it only comes up every few days, I have to turn the phone off and on again for it to go",GENERAL_DEVICE_INQUIRY,GENERAL_DEVICE_INQUIRY,0.19548967236288498,0.7894,0.6667,True,NONE,We'd like to help get this sorted out. We can work together on this. Does this happen after using a particular app or receiving a message/alert? With Zoom enabled it lets you magnify the screen. For more info check out this article. https://t.co/1RPVaXBzYT Let us know if you have any questions along the way.,ESCALATE,LOW_INTENT_CONFIDENCE,Predicted intent confidence (0.1955) is below the validated confidence threshold (0.60).,SAFE_TO_AUTO_HANDLE,Well-defined customer issue with matching historical resolution evidence.,FALSE_ESCALATE
CASE_000181,@AppleSupport I tried everything and my phone alarms won’t go off no matter what I do help me I’m a tired College student @AppleSupport It’s been occurring for about a week and I just updated my to IOS 11 today to try to fix it and tried resetting my settings but nothing worked,OS_UPDATE_SYSTEM_PERFORMANCE,AUDIO_SOUND_SPEAKER,0.24701320710953853,0.8253,0.3333,True,NONE,"We'd like to help get this sorted out. We definitely need your alarms to work as intended, and we'll be happy to help. To start, can you tell us if this is happening to just one specific alarm, or is this happening to all the alarms you've set? Can you also tell us which iOS device you're using? https://t.co/GDrqU22YpT We're glad to hear rebooting helped with this. If it happens again, or you have any other concerns, please don't hesitate to reach back out to us. Let us know if you have any questions along the way.",ESCALATE,INTENT_EVIDENCE_MISMATCH,Retrieved evidence intent alignment (33.33%) is below the validated alignment threshold (66.00%).,SAFE_TO_AUTO_HANDLE,Well-defined customer issue with matching historical resolution evidence.,FALSE_ESCALATE
CASE_001730,@AppleSupport guys... what happened to the Iphone 6 this last iOS Update? My phone is slower than a freaking Android right now! @AppleSupport Thanks for the response... messaged you there.,OS_UPDATE_SYSTEM_PERFORMANCE,OS_UPDATE_SYSTEM_PERFORMANCE,0.42963275545263857,0.835,1.0,True,NONE,We'd be happy to help with this. We'd like to help. Do you notice this issue with any apps in particular? Has your iPhone been restarted? Which iOS version is currently installed? You'll find that from Settings &gt; General &gt; About. Let us know if this helps resolve the issue.,ESCALATE,LOW_INTENT_CONFIDENCE,Predicted intent confidence (0.4296) is below the validated confidence threshold (0.60).,SAFE_TO_AUTO_HANDLE,Well-defined customer issue with matching historical resolution evidence.,FALSE_ESCALATE
CASE_005915,"Ok... so because my other half looks at my phone so much my iPhone X has now learnt his face and unlocks to both of us which it didn’t 2 days ago.. 

Over time is Face ID scanning faces so many times it will unlock to multiple people

@7846 @116333 @AppleSupport @667515 @AppleSupport No thank you Mr Bot",DISPLAY_TOUCH_SCREEN,DISPLAY_TOUCH_SCREEN,0.4410654002081404,0.7465,1.0,True,NONE,We'd like to help get this sorted out. We'd like to look into this with you. DM us using the link below. https://t.co/GDrqU22YpT Let us know if you have any questions along the way.,ESCALATE,LOW_INTENT_CONFIDENCE,Predicted intent confidence (0.4411) is below the validated confidence threshold (0.60).,SAFE_TO_AUTO_HANDLE,Well-defined customer issue with matching historical resolution evidence.,FALSE_ESCALATE
CASE_006908,"Hi @AppleSupport why does my Bluetooth keep turning itself on in iOS11.1.1, and how can I stop it? @731425 @AppleSupport Actually, my Bluetooth and WiFi turning themselves on draining my battery... how can I downgrade to iOS 10.3? @AppleSupport Thanks!",BATTERY_CHARGING_POWER,CONNECTIVITY_WIFI_BLUETOOTH,0.5851955730577448,0.7975,0.0,True,NONE,We'd like to help get this sorted out. Thanks for reaching out. Are you switching Bluetooth off from Control Center? Read more about it here: https://t.co/G7BHuQnDS6 Let us know if you have any questions along the way.,ESCALATE,INTENT_EVIDENCE_MISMATCH,Retrieved evidence intent alignment (0.00%) is below the validated alignment threshold (66.00%).,SAFE_TO_AUTO_HANDLE,Well-defined customer issue with matching historical resolution evidence.,FALSE_ESCALATE
CASE_006795,"@AppleSupport Hi, how can I download videos in HD with Apple Music? Getting standard definition offline playback. @AppleSupport Thanks. I’m using iPhone X with iOS 11.1.1 📱😊 @AppleSupport Just tried two music videos and an episode of Carpool Karaoke. All SD I’m afraid :(",APP_STORE_PURCHASES_BILLING,APP_STORE_PURCHASES_BILLING,0.5061489958688672,0.6696,0.6667,True,NONE,"We'd be happy to help with this. What type of issue are you running into when you attempt to use the TV app for videos? We'll offer all the help we can in getting you back to video enjoyment. The Videos app has been replaced with the TV app. In the App Store search for 'Apple TV'. Then download that app. We're glad it's all taken care of. If any questions come up, feel free to reach out. Let us know if this helps resolve the issue.",ESCALATE,LOW_INTENT_CONFIDENCE,Predicted intent confidence (0.5061) is below the validated confidence threshold (0.60).,SAFE_TO_AUTO_HANDLE,Well-defined customer issue with matching historical resolution evidence.,FALSE_ESCALATE
CASE_007593,@AppleSupport am I able to cancel this? I not sure why but I can’t cancel it https://t.co/np3A52ISK6 @AppleSupport Ok thanks for the help 👍,GENERAL_DEVICE_INQUIRY,GENERAL_DEVICE_INQUIRY,0.24762511700584536,0.7649,0.3333,True,NONE,We'd like to help get this sorted out. Here’s what you can do to work around the issue until it’s fixed in a future software update: https://t.co/xXaXeeSRt9 Let us know if you have any questions along the way.,ESCALATE,INTENT_EVIDENCE_MISMATCH,Retrieved evidence intent alignment (33.33%) is below the validated alignment threshold (66.00%).,SAFE_TO_AUTO_HANDLE,Well-defined customer issue with matching historical resolution evidence.,FALSE_ESCALATE
CASE_007750,@115858  @AppleSupport what is this? It literally won’t let me go on anything thing else in my safari. https://t.co/mHrBbHZupr @AppleSupport I called the actual support # and they told me what to do to fix it! Thanks though!,GENERAL_DEVICE_INQUIRY,GENERAL_DEVICE_INQUIRY,0.4148752453420121,0.7275,0.3333,True,NONE,We'd like to help get this sorted out. Here’s what you can do to work around the issue until it’s fixed in a future software update: https://t.co/xXaXeeSRt9 Let us know if you have any questions along the way.,ESCALATE,CONFLICTING_EVIDENCE,Retrieved historical evidence contains conflicting troubleshooting paths or fragmented intents.,SAFE_TO_AUTO_HANDLE,Well-defined customer issue with matching historical resolution evidence.,FALSE_ESCALATE
CASE_005184,@AppleSupport ya’ll need to have this software figured out these glitches are about to have this iPhone thrown out the window!,GENERAL_DEVICE_INQUIRY,GENERAL_DEVICE_INQUIRY,0.21342971542633113,0.8008,0.0,True,NONE,"We'd like to help get this sorted out. We want to assist. Can you let us know what iOS software version you are currently running? You can check by going to Settings &gt; General &gt; About. The latest version of our software is iOS 11.1.1. Let’s update the iOS version first. We recommend backing up your iPhone before updating. For instructions on how to back up, please see: https://t.co/4f8hwTn4fE Please DM us if issues continue after updating: https://t.co/GDrqU2kzhr Let us know if you have any questions along the way.",ESCALATE,INTENT_EVIDENCE_MISMATCH,Retrieved evidence intent alignment (0.00%) is below the validated alignment threshold (66.00%).,SAFE_TO_AUTO_HANDLE,Well-defined customer issue with matching historical resolution evidence.,FALSE_ESCALATE
CASE_003900,"@116333 @115858 why is the iPhone changing the capital letter i to this I️? Sincerely, Angry iPhone Users @AppleSupport Thank you...but is Apple looking at making a bug fix for this issue?",KEYBOARD_TYPING_AUTOCORRECT,KEYBOARD_TYPING_AUTOCORRECT,0.3199643057008632,0.8373,0.3333,True,NONE,We'd like to help get this sorted out. Here’s what you can do to work around the issue until it’s fixed in a future software update: https://t.co/xXaXeeSRt9 Let us know if you have any questions along the way.,ESCALATE,INTENT_EVIDENCE_MISMATCH,Retrieved evidence intent alignment (33.33%) is below the validated alignment threshold (66.00%).,SAFE_TO_AUTO_HANDLE,Well-defined customer issue with matching historical resolution evidence.,FALSE_ESCALATE
CASE_007164,"@AppleSupport #iPhoneX new. Have experienced intermittent situations where swiping stops working except swapping between apps. If in 3rd party app I force close app &amp; restart. If in #iOS phone restart required. #ReportingBug #frustrated @AppleSupport #iOS version 11.0.1. @AppleSupport Next chance I get to backup my phone using #iTunes I will do just that. Still, it’s a touch screen with no buttons. Very disconcerting that it would suddenly become almost completely without response.",DISPLAY_TOUCH_SCREEN,DISPLAY_TOUCH_SCREEN,0.5524517802407657,0.7279,0.3333,True,NONE,We'd like to help get this sorted out. We want to help you out with this! Are you using any sort of case on the device that may be covering the button? Does it feel as if the button is broken or does it feel normal? Check out this article here: https://t.co/45AlFnF6Ae Please DM us if the issue persists. https://t.co/GDrqU22YpT Let us know if you have any questions along the way.,ESCALATE,CONFLICTING_EVIDENCE,Retrieved historical evidence contains conflicting troubleshooting paths or fragmented intents.,SAFE_TO_AUTO_HANDLE,Well-defined customer issue with matching historical resolution evidence.,FALSE_ESCALATE
CASE_007075,"Okay @115858 My 6+ is almost unusable due to bugs, and I'm not about to commit to a buggy X or 8, with this crap.  I'm about to leave you behind forever, if these things don't get resolved.  Can you please manage your goddamn bugs? #reluctantlyAndroid?",GENERAL_DEVICE_INQUIRY,GENERAL_DEVICE_INQUIRY,0.2603661738513463,0.5873,1.0,True,NONE,"We'd like to help get this sorted out. We'll take a look into this for you. Which device are you encountering this issue on, and what's the current iOS version? You can check by navigating to Settings &gt; General &gt; About: https://t.co/ZTw54HL4Rm Let us know if you have any questions along the way.",ESCALATE,WEAK_EVIDENCE,Top retrieval similarity (0.5873) is below the validated quality threshold (0.65).,SAFE_TO_AUTO_HANDLE,Well-defined customer issue with matching historical resolution evidence.,FALSE_ESCALATE
CASE_006170,"@AppleSupport Hi, i got an iphone 6, it worked perfectly for 3 years, but since the new IOS 11 i have so many bugs, my phone don't charge correctly, it's very slow, and writting is the worst, letter appear 3 secs after i type... plz help me :(",BATTERY_CHARGING_POWER,BATTERY_CHARGING_POWER,0.22350464208220194,0.7164,0.6667,True,NONE,We'd like to help get this sorted out. We know how vital your battery is. Please check out this article: https://t.co/TpjqFp3jxD Let us know if you have any questions along the way.,ESCALATE,LOW_INTENT_CONFIDENCE,Predicted intent confidence (0.2235) is below the validated confidence threshold (0.60).,SAFE_TO_AUTO_HANDLE,Well-defined customer issue with matching historical resolution evidence.,FALSE_ESCALATE
CASE_002627,@115858 @AppleSupport I downloaded 11.0.3 and ever since then my camera defaults to Live Photo’s now and I hate it! Please correct it! @AppleSupport This is what I see https://t.co/NZmrROcwpZ @AppleSupport Will do! I appreciate the help,DISPLAY_TOUCH_SCREEN,GENERAL_DEVICE_INQUIRY,0.19451632806408922,0.774,0.0,True,NONE,"We'd like to help get this sorted out. Let's look into this together. Please tell us which iPhone &amp; the iOS version you're working with. Also, let us know if Settings &gt; Camera &gt; Preserve Settings &gt; Live Photo, is still showing that setting is off after restarting with these steps: https://t.co/OWRDHWSt4h Let us know if you have any questions along the way.",ESCALATE,INTENT_EVIDENCE_MISMATCH,Retrieved evidence intent alignment (0.00%) is below the validated alignment threshold (66.00%).,SAFE_TO_AUTO_HANDLE,Well-defined customer issue with matching historical resolution evidence.,FALSE_ESCALATE
CASE_006503,I️ I️ I️ I️ I️ I️ I️ I️ I️ I️ I️ I️ I️ I️ I️ I️ I️ I️ I️ I️ fix this shit @AppleSupport I️ I️ I️ I️ I️ I️ I️ I️ I️ I️ I️ I️ I️ I️ I️ I️ I️ I️ I️ I️ I️ I️ I️ I️ I️ I️ I️ I️ I️ I️ I️ I️ I️ I️ I️ I️ I️ I️ I️ I️ I️ I️ I️,GENERAL_DEVICE_INQUIRY,GENERAL_DEVICE_INQUIRY,0.4293984999398694,0.8383,1.0,True,NONE,"We'd be happy to help with this. We want to help. The issue was fixed in iOS 11.1.1. Back up your device and then update to the latest version of iOS by navigating to Settings &gt; General &gt; Software Update and tap Download and Install. Feel free to reach out to us in the future if you have any questions. We’re available every day to answer your questions, from 5am-8pm Pacific. Let us know if this helps resolve the issue.",ESCALATE,LOW_INTENT_CONFIDENCE,Predicted intent confidence (0.4294) is below the validated confidence threshold (0.60).,SAFE_TO_AUTO_HANDLE,Well-defined customer issue with matching historical resolution evidence.,FALSE_ESCALATE
CASE_000152,"@115858 you need to get your act right! #SMH https://t.co/vzBOeEagXk @115858 @AppleSupport any chance that you can look into this? @AppleSupport I am using iPhone X. This is very easy to reproduce even on an iPhone X simulator in X Code. https://t.co/JCVKtJP0lP @AppleSupport No, it doesn’t persist after restarting my iPhone. Thanks!",GENERAL_DEVICE_INQUIRY,GENERAL_DEVICE_INQUIRY,0.3396226468961118,0.628,0.3333,True,NONE,We'd like to help get this sorted out. We have some information that you might find helpful: https://t.co/cJnvksGVxP Let us know if you have any questions along the way.,ESCALATE,CONFLICTING_EVIDENCE,Retrieved historical evidence contains conflicting troubleshooting paths or fragmented intents.,SAFE_TO_AUTO_HANDLE,Well-defined customer issue with matching historical resolution evidence.,FALSE_ESCALATE
CASE_005957,.@AppleSupport how do I change the name of my phone to my name rather than the name that @115858 have given it? TIA #iPhone8Plus @AppleSupport Aha!! Thank you! 😊😊,HOW_TO_SETTINGS_CONFIGURATION,GENERAL_DEVICE_INQUIRY,0.29057985835528005,0.7038,0.3333,True,NONE,"We'd be happy to help with this. We're happy to help. What trouble are you experiencing with your iPhone? That's an experience you should have and we're going to do all we can to work towards a resolution. To help get us started through troubleshooting, may we have the iOS version shown in Settings &gt; General &gt; About? If you'd like to walk through troubleshooting steps to work towards a resolution. Let us know in a DM what iOS version is running on the device and we'll start from there. Let us know if this helps resolve the issue.",ESCALATE,INTENT_EVIDENCE_MISMATCH,Retrieved evidence intent alignment (33.33%) is below the validated alignment threshold (66.00%).,SAFE_TO_AUTO_HANDLE,Well-defined customer issue with matching historical resolution evidence.,FALSE_ESCALATE
CASE_000323,@AppleSupport hi just had this text message I presume this is not from apple ? https://t.co/uFte3G858Q @AppleSupport Thank you,GENERAL_DEVICE_INQUIRY,GENERAL_DEVICE_INQUIRY,0.3895424340935868,0.7348,0.6667,True,NONE,We'd be happy to help with this. That's not from us. We won't send you texts about a disabled account. Please contact your carrier for more help. Let us know if this helps resolve the issue.,ESCALATE,LOW_INTENT_CONFIDENCE,Predicted intent confidence (0.3895) is below the validated confidence threshold (0.60).,SAFE_TO_AUTO_HANDLE,Well-defined customer issue with matching historical resolution evidence.,FALSE_ESCALATE
CASE_004084,@AppleSupport how come whenever I type “I” it appears as I️?? https://t.co/MchhrZaAtk @AppleSupport The symbols don’t appear anymore! Thank you!,GENERAL_DEVICE_INQUIRY,GENERAL_DEVICE_INQUIRY,0.42505843595836146,0.8792,1.0,True,NONE,We'd be happy to help with this. We can check it out. Have you been able to update your iOS version to at least iOS 11.1.1? You can check in Settings &gt; General &gt; About. Let us know if this helps resolve the issue.,ESCALATE,LOW_INTENT_CONFIDENCE,Predicted intent confidence (0.4251) is below the validated confidence threshold (0.60).,SAFE_TO_AUTO_HANDLE,Well-defined customer issue with matching historical resolution evidence.,FALSE_ESCALATE
CASE_004176,"I️ I️ I️ I️ I️ I️ I️ I️ 

@AppleSupport , fucking fix this ! @AppleSupport Yo thanks sorry i lost my chill, i fixed it",GENERAL_DEVICE_INQUIRY,HOW_TO_SETTINGS_CONFIGURATION,0.2502870479455933,0.7657,0.0,True,NONE,We'd like to help get this sorted out. Thanks for reaching out. We have a workaround for this here: https://t.co/xXaXeeSRt9 DM us if you still need help. https://t.co/GDrqU22YpT Let us know if you have any questions along the way.,ESCALATE,INTENT_EVIDENCE_MISMATCH,Retrieved evidence intent alignment (0.00%) is below the validated alignment threshold (66.00%).,SAFE_TO_AUTO_HANDLE,Well-defined customer issue with matching historical resolution evidence.,FALSE_ESCALATE
CASE_002698,@AppleSupport how often am I gonna use I.T over it? Please fix this to stop this useless autocorrection @AppleSupport 11.0.2 iPhone 7 Plus @AppleSupport This comes up everytime I try https://t.co/QW7g8rGPYR,GENERAL_DEVICE_INQUIRY,GENERAL_DEVICE_INQUIRY,0.22216203250395702,0.7858,0.6667,True,NONE,"We'd like to help get this sorted out. We'd like to help you out with this issue. Which version of iOS are you using in Settings &gt; General &gt; About? Do you have a backup? If not, let's create one: https://t.co/4f8hwT5to6 We'd like to try updating your phone to our recent release of iOS (11.2) to see if it resolves this issue. Do you see the update under Settings &gt; General &gt; Software Update? Keep us posted with the results. Let us know if you have any questions along the way.",ESCALATE,LOW_INTENT_CONFIDENCE,Predicted intent confidence (0.2222) is below the validated confidence threshold (0.60).,SAFE_TO_AUTO_HANDLE,Well-defined customer issue with matching historical resolution evidence.,FALSE_ESCALATE
CASE_006333,@AppleSupport run this up to your developers on the iPhone X if the phone freezes after but dialing someone at 1AM just eject the SIM car. Cuz holding the damn power button doesn’t do it. The power button can’t do its job now? No it’s a puzzle to try and shut the phone off. @AppleSupport Like I said a puzzle kinda missing the point there!,GENERAL_DEVICE_INQUIRY,AUDIO_SOUND_SPEAKER,0.20935948804229468,0.6169,0.0,True,NONE,"We'd like to help get this sorted out. We're here to help. In this scenario, check out the steps here: https://t.co/o7nB3pXfMv but keep us posted. Let us know if you have any questions along the way.",ESCALATE,WEAK_EVIDENCE,Top retrieval similarity (0.6169) is below the validated quality threshold (0.65).,SAFE_TO_AUTO_HANDLE,Well-defined customer issue with matching historical resolution evidence.,FALSE_ESCALATE
CASE_005326,"@AppleSupport Face ID doesn’t recognize me when wearing my ray ban wayfarer (non polarized lenses) is there anything I can do for that? @AppleSupport Thanks. “works with many pair of sunglasses”. They are Ray Ban. Probably the most known brand in the world &amp; don’t have special lens @629085 @AppleSupport I solved this issue, did you? @629086 @AppleSupport Nope, I did not. I tried removing the attention requirement.  it worked for a day and then stopped... I am using different sunglasses today...",DISPLAY_TOUCH_SCREEN,DISPLAY_TOUCH_SCREEN,0.24622077077974291,0.6294,1.0,True,NONE,"We'd like to help get this sorted out. We'd love to help! It should work just fine with or without your glasses. Are you having trouble unlocking it? When you first enrolled your face, did you have the glasses on or off? Let us know in DM. https://t.co/GDrqU22YpT Let us know if you have any questions along the way.",ESCALATE,WEAK_EVIDENCE,Top retrieval similarity (0.6294) is below the validated quality threshold (0.65).,SAFE_TO_AUTO_HANDLE,Well-defined customer issue with matching historical resolution evidence.,FALSE_ESCALATE
CASE_003534,"@AppleSupport I'm trying to sync the music from iTunes onto my iPod and every time it's almost done it cancels the sync?? @AppleSupport I've sorted it, thank you :)",APP_STORE_PURCHASES_BILLING,APP_STORE_PURCHASES_BILLING,0.7844083679635049,0.7266,0.3333,True,NONE,"We'd be happy to help with this. We're happy to help out with your playlists. When you attempt to sync are you getting an error? Also, which iPod model is this? Feel free to reach out to us anytime. We're always here to help. Let us know if this helps resolve the issue.",ESCALATE,CONFLICTING_EVIDENCE,Retrieved historical evidence contains conflicting troubleshooting paths or fragmented intents.,SAFE_TO_AUTO_HANDLE,Well-defined customer issue with matching historical resolution evidence.,FALSE_ESCALATE
CASE_003499,Yo why is my iPhone doing this I️? @AppleSupport @AppleSupport @473145 Same! Help! @299851 @AppleSupport They sent me the information and it worked. Shoot me a DM and I’ll send you the information.,GENERAL_DEVICE_INQUIRY,GENERAL_DEVICE_INQUIRY,0.2839231858964281,0.8538,1.0,True,NONE,We'd like to help get this sorted out. Here’s what you can do to work around the issue until it’s fixed in a future software update: https://t.co/xXaXeeSRt9 No problem. Feel free to reach out if you have any other questions. Let us know if you have any questions along the way.,ESCALATE,LOW_INTENT_CONFIDENCE,Predicted intent confidence (0.2839) is below the validated confidence threshold (0.60).,SAFE_TO_AUTO_HANDLE,Well-defined customer issue with matching historical resolution evidence.,FALSE_ESCALATE
CASE_006488,My phone is tripping @AppleSupport https://t.co/lTUMCbKcDn @AppleSupport It eventually went back after I left the message and went back to it. It started today after I updated to 11.1.1 last night. @AppleSupport Thanks,GENERAL_DEVICE_INQUIRY,GENERAL_DEVICE_INQUIRY,0.23798620600378523,0.8038,0.0,True,NONE,"We'd like to help get this sorted out. Just go to Settings&gt;General&gt;Software Update and download the latest version. If you don't mind, we'd like to confirm the exact iOS version running on your iPhone. We recently released iOS 11.1.1 to address autocorrect issues. What appears next to Settings &gt; General &gt; About &gt; Version? Thanks for the screenshot. It looks like your iPhone isn't quite up to date. The next best step is to connect to a Wi-Fi network, then backup and update to iOS 11.1.1. Learn more here: https://t.co/soeXTHWFdK Don't hesitate to let us know if you have any questions. Let's take a closer look at this issue together in DM. https://t.co/GDrqU22YpT Let us know if you have any questions along the way.",ESCALATE,INTENT_EVIDENCE_MISMATCH,Retrieved evidence intent alignment (0.00%) is below the validated alignment threshold (66.00%).,SAFE_TO_AUTO_HANDLE,Well-defined customer issue with matching historical resolution evidence.,FALSE_ESCALATE
CASE_003605,No puedo actualizar mi iPhone aunque ya descargue la actualización @AppleSupport https://t.co/mEV4guDAjz @AppleSupport I have already downloaded the iOS 11 but it says that the software is updated with the iOS 10.3.3,OS_UPDATE_SYSTEM_PERFORMANCE,OS_UPDATE_SYSTEM_PERFORMANCE,0.4414591215506476,0.7593,1.0,True,NONE,We'd like to help get this sorted out. We offer support via Twitter in English. Get help in Spanish here: https://t.co/IBIY3vMgPj or join https://t.co/OczyRx7IOs Let us know if you have any questions along the way.,ESCALATE,LOW_INTENT_CONFIDENCE,Predicted intent confidence (0.4415) is below the validated confidence threshold (0.60).,SAFE_TO_AUTO_HANDLE,Well-defined customer issue with matching historical resolution evidence.,FALSE_ESCALATE
CASE_005998,"Texts not working, phone telling me I don’t have FaceTime set up, call log keeps disappearing. If y’all are going to do all of this, you need to expedite my iPhone X order. @AppleSupport @115858 @AppleSupport 11.1.1 @AppleSupport The text box isn’t present and yes I have",GENERAL_DEVICE_INQUIRY,GENERAL_DEVICE_INQUIRY,0.17679386133722777,0.7095,0.3333,True,NONE,We'd like to help get this sorted out. Here’s what you can do to work around the issue until it’s fixed in a future software update: https://t.co/xXaXeeSRt9 Let us know if you have any questions along the way.,ESCALATE,INTENT_EVIDENCE_MISMATCH,Retrieved evidence intent alignment (33.33%) is below the validated alignment threshold (66.00%).,SAFE_TO_AUTO_HANDLE,Well-defined customer issue with matching historical resolution evidence.,FALSE_ESCALATE
CASE_003812,"@AppleSupport #iOS11
So I have the 5s and I updated my phone but I can’t see the new emojis when people text me. Why?",OS_UPDATE_SYSTEM_PERFORMANCE,OS_UPDATE_SYSTEM_PERFORMANCE,0.3422767955375554,0.8641,0.0,True,NONE,We'd be happy to help with this. We're here for you. What is the exact version of the iOS you're running? Check by tapping Settings &gt; General &gt; About. Let us know if this helps resolve the issue.,ESCALATE,INTENT_EVIDENCE_MISMATCH,Retrieved evidence intent alignment (0.00%) is below the validated alignment threshold (66.00%).,SAFE_TO_AUTO_HANDLE,Well-defined customer issue with matching historical resolution evidence.,FALSE_ESCALATE
CASE_004753,@AppleSupport I have a spinning wheel running nonstop since upgrading to ios11. Apps are closed and I shut off all background app refresh?! @AppleSupport I executed a “hard reset” and that seems to have fixed the issue. Not sure if that is common knowledge. @AppleSupport A simple restart did not fix it.,APP_CRASH_AND_DOWNLOAD,APP_CRASH_AND_DOWNLOAD,0.24301269958363594,0.7039,0.0,True,NONE,"We'd like to help get this sorted out. We're here to help. DM us some additional details of what's going on and we'll help. https://t.co/GDrqU2kzhr Happy to assist. Let us know where you are located and how the update on the iPhone was completed. We're glad to hear your iPhone is working normally after the update. If you should need us in the future we're avaialble here 5am to 8pm Pacific time, 7 days a week. Let us know if you have any questions along the way.",ESCALATE,CONFLICTING_EVIDENCE,Retrieved historical evidence contains conflicting troubleshooting paths or fragmented intents.,SAFE_TO_AUTO_HANDLE,Well-defined customer issue with matching historical resolution evidence.,FALSE_ESCALATE
CASE_000034,@AppleSupport I decided to download IOS 11. Now I can’t download anything from the App Store. Is this problem being fixed soon? I’ve tried all the options to make it work. #worstdecisionever @AppleSupport I have tried it on different WiFi and cell data. It seems to not work. Then quite some time after I have tired to download it will pop up multiple times to allow it to download then later it downloads out of no where. So it’s strange. @AppleSupport The problem has seemed to resolve itself. Thanks so much for replying. If I have any further problems I will message.,CONNECTIVITY_WIFI_BLUETOOTH,CONNECTIVITY_WIFI_BLUETOOTH,0.599317565692978,0.8405,0.3333,True,NONE,We'd be happy to help with this. We're happy to assist. Which iOS 11 version are you currently running? Go to Settings &gt; General &gt; About for the version. Let us know if this helps resolve the issue.,ESCALATE,CONFLICTING_EVIDENCE,Retrieved historical evidence contains conflicting troubleshooting paths or fragmented intents.,SAFE_TO_AUTO_HANDLE,Well-defined customer issue with matching historical resolution evidence.,FALSE_ESCALATE
CASE_004303,anyone elses iPhone 8+/iOS 11 randomly restarting your phone kinda frequently?? @AppleSupport @115858 @AppleSupport just iOS 11 I believe. and no but the restarts are randomly can't find a pattern but has been happening ever since I got ip8+,OS_UPDATE_SYSTEM_PERFORMANCE,OS_UPDATE_SYSTEM_PERFORMANCE,0.4655340051176289,0.8029,1.0,True,NONE,"We'd like to help get this sorted out. We'd like to help. What kind of iPhone do you have, and which iOS is it running? You can check in Settings &gt; General &gt; About. Did this start after updating to iOS 11.1? Send us a DM and let us know. Please include the country you're in as well. https://t.co/GDrqU22YpT Let us know if you have any questions along the way.",ESCALATE,LOW_INTENT_CONFIDENCE,Predicted intent confidence (0.4655) is below the validated confidence threshold (0.60).,SAFE_TO_AUTO_HANDLE,Well-defined customer issue with matching historical resolution evidence.,FALSE_ESCALATE
CASE_004692,@AppleSupport please bring support for #Gmail aliases to the #iOS #Mail app! Exists in #MacOS already... @AppleSupport Thanks guys! 👍😊,GENERAL_DEVICE_INQUIRY,OS_UPDATE_SYSTEM_PERFORMANCE,0.18094910805459738,0.6257,0.3333,True,NONE,"We'd be happy to help with this. We'd love to help. Could you give us a few details such as the issue, the device, and software version? Let us know if this helps resolve the issue.",ESCALATE,CONFLICTING_EVIDENCE,Retrieved historical evidence contains conflicting troubleshooting paths or fragmented intents.,SAFE_TO_AUTO_HANDLE,Well-defined customer issue with matching historical resolution evidence.,FALSE_ESCALATE
CASE_003141,"Dear @AppleSupport @115858 hmmm are you gonna fix the AppStore or what? #AppStore #Apple 🤷‍♀️ @AppleSupport Thank you. When I open the AppStore I just get a blank screen. Even if the updates show up, they won’t download!",DISPLAY_TOUCH_SCREEN,DISPLAY_TOUCH_SCREEN,0.3921987872201677,0.8264,0.0,True,NONE,We'd be happy to help with this. Downloading and updating apps are important. What type of device do you have? Does this still happen after restarting it? Let us know if you have any further trouble. We're here to help. Let us know if this helps resolve the issue.,ESCALATE,INTENT_EVIDENCE_MISMATCH,Retrieved evidence intent alignment (0.00%) is below the validated alignment threshold (66.00%).,SAFE_TO_AUTO_HANDLE,Well-defined customer issue with matching historical resolution evidence.,FALSE_ESCALATE
CASE_002597,Why is my Bluetooth always turning on ???? I’m fed up @AppleSupport @AppleSupport 11.0 @AppleSupport An iPhone 6s,CONNECTIVITY_WIFI_BLUETOOTH,CONNECTIVITY_WIFI_BLUETOOTH,0.46215022849919907,0.7934,0.6667,True,NONE,We'd like to help get this sorted out. This article explains more about the changes to Bluetooth &amp; Wi-Fi in iOS 11: https://t.co/G7BHuQnDS6 You're welcome. Let us know if you have any questions along the way.,ESCALATE,LOW_INTENT_CONFIDENCE,Predicted intent confidence (0.4622) is below the validated confidence threshold (0.60).,SAFE_TO_AUTO_HANDLE,Well-defined customer issue with matching historical resolution evidence.,FALSE_ESCALATE
CASE_002997,"@116333  system say my membership already expired , but I am sure my membership is still alive , I can’t listen to any music right now😭 https://t.co/LCrbfV6clz @AppleSupport iphone6s+ and iphone 7, yesterday AM still working fine !
Today all my music is dead !
This is a disaster!😭
Tried login and out and restart",ACCOUNT_APPLEID_ICLOUD,APP_STORE_PURCHASES_BILLING,0.4696405134181163,0.7579,0.6667,True,NONE,We'd like to help get this sorted out. We’re investigating and will update our System Status page as more info becomes available: https://t.co/Fcu0biZf0L Let us know if you have any questions along the way.,ESCALATE,LOW_INTENT_CONFIDENCE,Predicted intent confidence (0.4696) is below the validated confidence threshold (0.60).,SAFE_TO_AUTO_HANDLE,Well-defined customer issue with matching historical resolution evidence.,FALSE_ESCALATE
CASE_005734,"So many bugs with my iPhoneX: Photos, iCloud, hours with @AppleSupport. Blech. @AppleSupport Thanks! I’ve been in touch with a few senior advisors already and will probably call back",ACCOUNT_APPLEID_ICLOUD,ACCOUNT_APPLEID_ICLOUD,0.6096927993682104,0.7315,0.0,True,NONE,We'd like to help get this sorted out. Thank you for reaching out to us. Check out this article for help with Face ID on your iPhone X: https://t.co/V5aWSz5xXV Let us know if you have any questions along the way.,ESCALATE,INTENT_EVIDENCE_MISMATCH,Retrieved evidence intent alignment (0.00%) is below the validated alignment threshold (66.00%).,SAFE_TO_AUTO_HANDLE,Well-defined customer issue with matching historical resolution evidence.,FALSE_ESCALATE
CASE_001123,@115858 what’s going on with 11.1.2 and the grey spinning wheel! #brokeniphone @AppleSupport iPhone X. iOS 11.1.2. It goes to a black screen grey spinning wheel every two minutes or so. Terrible! @AppleSupport It’s especially bad when there are floods on in Melbourne! @AppleSupport How many people are effected by crashing iPhones? #vicstorm @237862 @AppleSupport I’m having this problem too. It’s absolutely awful and unusable. Definitely some new bug here affecting multiple users @237863 @AppleSupport I fixed it by deleting an app that was sending me a reminder as a notification! Also apparently moving the date back to before 2 Dec is a temp fix,DISPLAY_TOUCH_SCREEN,APP_CRASH_AND_DOWNLOAD,0.3409336115399172,0.7421,0.3333,True,NONE,"We'd like to help get this sorted out. Thank you for reaching out. If your device with iOS 11 unexpectedly restarts repeatedly on or after December 2, 2017, this article will walk you through a solution: https://t.co/osZOKKTalm As with any update, we also recommend backing up your iPhone first. Let us know if you have any questions along the way.",ESCALATE,CONFLICTING_EVIDENCE,Retrieved historical evidence contains conflicting troubleshooting paths or fragmented intents.,SAFE_TO_AUTO_HANDLE,Well-defined customer issue with matching historical resolution evidence.,FALSE_ESCALATE
CASE_000738,"@AppleSupport #ios11 disconects all the time from bluetooth devices, is the phone not the devices, please solve it @AppleSupport hi thanks, iphone 8 plus 64 gb men",CONNECTIVITY_WIFI_BLUETOOTH,CONNECTIVITY_WIFI_BLUETOOTH,0.3057388856375268,0.7194,1.0,True,NONE,"We'd like to help get this sorted out. Thanks for reaching out to us this evening. We know how important Bluetooth is, so we'd be happy to look into what's going on. Before we start, can you let us know which iOS version you're currently using on your iPhone? So we can look closer into this with you, reach out to us in DM using the link below and we'll continue from there. https://t.co/GDrqU22YpT Let us know if you have any questions along the way.",ESCALATE,LOW_INTENT_CONFIDENCE,Predicted intent confidence (0.3057) is below the validated confidence threshold (0.60).,SAFE_TO_AUTO_HANDLE,Well-defined customer issue with matching historical resolution evidence.,FALSE_ESCALATE
CASE_007506,"@AppleSupport are there reported issues with iPhone X and Bluetooth ? iOS 11.1.2 (15B202) keeps dropping BT connection to Parrot 3200 car kit, Bose OE soundlink headphones, Bose soundlink mini etc ? @AppleSupport Dm sent including details, getting late here now so will pickup any replies in the morning, thanks.",AUDIO_SOUND_SPEAKER,CONNECTIVITY_WIFI_BLUETOOTH,0.3615113783744019,0.805,0.3333,True,NONE,We'd be happy to help with this. We want to get in front of this with you. How long has this been going on? What steps have you tried so far to resolve this? Let us know if this helps resolve the issue.,ESCALATE,INTENT_EVIDENCE_MISMATCH,Retrieved evidence intent alignment (33.33%) is below the validated alignment threshold (66.00%).,SAFE_TO_AUTO_HANDLE,Well-defined customer issue with matching historical resolution evidence.,FALSE_ESCALATE
CASE_005669,These boxes are so annoying @115858 fix it! @AppleSupport Thanks you!,GENERAL_DEVICE_INQUIRY,GENERAL_DEVICE_INQUIRY,0.60969814564927,0.7705,0.3333,True,NONE,We'd like to help get this sorted out. We're here to help. Check out this article for some steps to help with this issue: https://t.co/xXaXeeSRt9 Let us know if you have any questions along the way.,ESCALATE,CONFLICTING_EVIDENCE,Retrieved historical evidence contains conflicting troubleshooting paths or fragmented intents.,SAFE_TO_AUTO_HANDLE,Well-defined customer issue with matching historical resolution evidence.,FALSE_ESCALATE
CASE_007547,"i️ i️ i️ i️ i️ i️ i️ i️ i️ i️ i️ i️ i️ i️ i️ i️ i️ i️ i️ i️ i️ i️ i️ i️ i️ i️ i️ i️ i️ i️ i️ i️ i️ i️ i️ i️ i️ i️ i️ 

i️ wanna say a big FUCK YOU TO @115858 as well, fix your shit @AppleSupport oh wow hi. so uh i️ have 11.0",GENERAL_DEVICE_INQUIRY,GENERAL_DEVICE_INQUIRY,0.41267566741593886,0.7999,1.0,True,NONE,We'd like to help get this sorted out. We’ve been able to resolve the keyboard issue with a recent update. Let us know in DM when you’ve completed it: https://t.co/80YRnjDFDk https://t.co/GDrqU22YpT It's our pleasure. Feel free to reach out if any questions come up. Let us know if you have any questions along the way.,ESCALATE,LOW_INTENT_CONFIDENCE,Predicted intent confidence (0.4127) is below the validated confidence threshold (0.60).,SAFE_TO_AUTO_HANDLE,Well-defined customer issue with matching historical resolution evidence.,FALSE_ESCALATE
CASE_007640,"@AppleSupport What’s the best way to care for my new iPhone’s battery? Is it best to leave it on charge when I’m at work and all night or should I be letting it drain? @AppleSupport Great thanks! So judging by those articles, leaving my phone charging often won’t have a detrimental effect? Hopefully it’ll even cause me to get through fewer charge cycles? 😛",BATTERY_CHARGING_POWER,BATTERY_CHARGING_POWER,0.9392248057604332,0.6138,1.0,True,NONE,"We'd be happy to help with this. With normal usage, you shouldn't see any battery loss while charging. If you are let us know so we can help. Feel free to reach out to us if you have any further questions. Have a wonderful day! Let us know if this helps resolve the issue.",ESCALATE,WEAK_EVIDENCE,Top retrieval similarity (0.6138) is below the validated quality threshold (0.65).,SAFE_TO_AUTO_HANDLE,Well-defined customer issue with matching historical resolution evidence.,FALSE_ESCALATE
CASE_005512,"But seriously, how long does it take to shoot out an update to fix this mother flipping glitch, @115858?!",OS_UPDATE_SYSTEM_PERFORMANCE,OS_UPDATE_SYSTEM_PERFORMANCE,0.8319251004373365,0.6347,0.6667,True,NONE,"We'd like to help get this sorted out. We recently released an iOS update, 11.1.1, that contains a fix for this issue. Let’s be sure to back up your device prior to updating. Follow these steps to back up and update: https://t.co/i5Q6RPlZCm Let us know if you have any questions along the way.",ESCALATE,WEAK_EVIDENCE,Top retrieval similarity (0.6347) is below the validated quality threshold (0.65).,SAFE_TO_AUTO_HANDLE,Well-defined customer issue with matching historical resolution evidence.,FALSE_ESCALATE
CASE_007674,"@AppleSupport the iOS stock app has been glitching for months now, When turned to landscape it.",GENERAL_DEVICE_INQUIRY,OS_UPDATE_SYSTEM_PERFORMANCE,0.22219827763089142,0.7209,0.3333,True,NONE,We'd be happy to help with this. We're happy to assist. Which iOS 11 version are you currently running? Go to Settings &gt; General &gt; About for the version. Let us know if this helps resolve the issue.,ESCALATE,CONFLICTING_EVIDENCE,Retrieved historical evidence contains conflicting troubleshooting paths or fragmented intents.,SAFE_TO_AUTO_HANDLE,Well-defined customer issue with matching historical resolution evidence.,FALSE_ESCALATE
CASE_005082,@AppleSupport attempting to verify for 11.1 update on a 6+S - several attempts tell me I am not connected to the internet. Yet I am? @AppleSupport It’s all good now and thank the powers that Be for this - 🏴󠁧󠁢󠁳󠁣󠁴󠁿,OS_UPDATE_SYSTEM_PERFORMANCE,OS_UPDATE_SYSTEM_PERFORMANCE,0.38395955191532655,0.8026,0.6667,True,NONE,We'd like to help get this sorted out. Let's take a look at this together. We'll continue in DM https://t.co/GDrqU22YpT Let us know if you have any questions along the way.,ESCALATE,LOW_INTENT_CONFIDENCE,Predicted intent confidence (0.3840) is below the validated confidence threshold (0.60).,SAFE_TO_AUTO_HANDLE,Well-defined customer issue with matching historical resolution evidence.,FALSE_ESCALATE
CASE_001238,@AppleSupport my phone is restarting every few seconds ios 11.1.2 iphone 7,OS_UPDATE_SYSTEM_PERFORMANCE,OS_UPDATE_SYSTEM_PERFORMANCE,0.4764176377704486,0.8964,0.6667,True,NONE,We'd like to help get this sorted out. We hear you and we want to help. Send us a DM to get started: https://t.co/GDrqU22YpT We're glad to hear it. Feel free to reach out with any other questions. Let us know if you have any questions along the way.,ESCALATE,LOW_INTENT_CONFIDENCE,Predicted intent confidence (0.4764) is below the validated confidence threshold (0.60).,SAFE_TO_AUTO_HANDLE,Well-defined customer issue with matching historical resolution evidence.,FALSE_ESCALATE
CASE_003799,"WHY is my iphone and ipad autocorrecting ""I"" to ""A [?]""
?!?!!?!?!?!?!?!?!
@AppleSupport #iPhone #iPad #autocorrectfail @AppleSupport thanks. i did this, but it keeps erasing and i keep having to program it all over again. and it didn't work in instagram. don't know why! @AppleSupport thanks. just did.",GENERAL_DEVICE_INQUIRY,HOW_TO_SETTINGS_CONFIGURATION,0.22376398261132982,0.7889,0.0,True,NONE,We'd like to help get this sorted out. We're here for you. Check out this article for help: https://t.co/xU1AGHStV6 Let us know if you have any questions along the way.,ESCALATE,INTENT_EVIDENCE_MISMATCH,Retrieved evidence intent alignment (0.00%) is below the validated alignment threshold (66.00%).,SAFE_TO_AUTO_HANDLE,Well-defined customer issue with matching historical resolution evidence.,FALSE_ESCALATE
CASE_004190,"Apple, I️ need you to stop fucking things up. @AppleSupport can you explain this. Thanks.",GENERAL_DEVICE_INQUIRY,GENERAL_DEVICE_INQUIRY,0.2888454710475354,0.7122,1.0,True,NONE,We'd like to help get this sorted out. We'd be happy to look at this with you. Check out our article here: https://t.co/xU1AGHStV6 DM us any other questions. https://t.co/GDrqU22YpT You're very welcome! Have a great rest of your weekend! Let us know if you have any questions along the way.,ESCALATE,LOW_INTENT_CONFIDENCE,Predicted intent confidence (0.2888) is below the validated confidence threshold (0.60).,SAFE_TO_AUTO_HANDLE,Well-defined customer issue with matching historical resolution evidence.,FALSE_ESCALATE
CASE_000759,Some please tell me what the duck this means @AppleSupport @115948 https://t.co/sZrCFvTBdv @AppleSupport I fixed it,GENERAL_DEVICE_INQUIRY,APP_STORE_PURCHASES_BILLING,0.21687659400790793,0.7933,0.0,True,NONE,"We'd like to help get this sorted out. An update has been released to assist with this issue. If you haven’t yet, please back up your device and update it to iOS 11.1.1. For more info, check out: https://t.co/4f8hwT5to6 Let us know if you have any questions along the way.",ESCALATE,INTENT_EVIDENCE_MISMATCH,Retrieved evidence intent alignment (0.00%) is below the validated alignment threshold (66.00%).,SAFE_TO_AUTO_HANDLE,Well-defined customer issue with matching historical resolution evidence.,FALSE_ESCALATE
CASE_004583,hi @AppleSupport @115858 whenever i️ type and “i️” it changes fix it please thanks xoxoxo @AppleSupport thanks! it happening with everyone’s phone btw,GENERAL_DEVICE_INQUIRY,GENERAL_DEVICE_INQUIRY,0.2661301808144501,0.8654,0.3333,True,NONE,We'd like to help get this sorted out. Here’s what you can do to work around the issue until it’s fixed in a future software update: https://t.co/xXaXeeSRt9 Let us know if you have any questions along the way.,ESCALATE,CONFLICTING_EVIDENCE,Retrieved historical evidence contains conflicting troubleshooting paths or fragmented intents.,SAFE_TO_AUTO_HANDLE,Well-defined customer issue with matching historical resolution evidence.,FALSE_ESCALATE
CASE_001151,"#iPhoneX resprings every 20 seconds showing a black screen with a turning gear, no solution at @AppleSupport so far.. #help #crash #gettingcrazy https://t.co/JG5AG5aMyM @239820 @AppleSupport Yep, me too. Any ideas? @AppleSupport I will send you a dm with my case number.. what worked for me was changing the date back to November 30 and turned my iPhone off and on again! @AppleSupport My iPhone X is crashing every minute or so as of this morning. Doesn’t seem to be a specific app or anything. Tried to reset all setting and update from a backup, but it crashed during that too. Setting the date to Nov 30th seemed to fix it.",DISPLAY_TOUCH_SCREEN,APP_CRASH_AND_DOWNLOAD,0.44022051776052684,0.7347,0.6667,True,NONE,We'd like to help get this sorted out. We appreciate you tagging us in your message. Looks like you found a temporary fix and we'd like to provide a permanent one. Please check out this article on how to resolve the matter. If your iPhone unexpectedly restarts: https://t.co/osZOKKTalm Let us know if you have any questions along the way.,ESCALATE,LOW_INTENT_CONFIDENCE,Predicted intent confidence (0.4402) is below the validated confidence threshold (0.60).,SAFE_TO_AUTO_HANDLE,Well-defined customer issue with matching historical resolution evidence.,FALSE_ESCALATE
CASE_002389,What the hell @115858. I have no app search ability with this new update. Finding apps on my iPad is so hard now. Please bring back my app search or put it in the same place 😕 @AppleSupport Thank you 🙂,OS_UPDATE_SYSTEM_PERFORMANCE,OS_UPDATE_SYSTEM_PERFORMANCE,0.3185035494851984,0.7023,0.6667,True,NONE,"We'd like to help get this sorted out. Let's focus on one issue at a time to avoid confusion. We'll focus on updating first. What's the error message you get when you try to update? We're here until 8PM Pacific, but if we miss you we'll get back to you first thing in the morning. Enjoy your dinner. We are, thank you for getting back to us. Please shoot us a DM, we'll meet you there to continue. https://t.co/GDrqU22YpT We're glad to hear that, and you're welcome! Feel free to reach out to us again in the future. Let us know if you have any questions along the way.",ESCALATE,LOW_INTENT_CONFIDENCE,Predicted intent confidence (0.3185) is below the validated confidence threshold (0.60).,SAFE_TO_AUTO_HANDLE,Well-defined customer issue with matching historical resolution evidence.,FALSE_ESCALATE
CASE_005203,help @AppleSupport https://t.co/hN5Pfvb4bl @AppleSupport i soft reset my phone and it is working now,OS_UPDATE_SYSTEM_PERFORMANCE,GENERAL_DEVICE_INQUIRY,0.21401697520189675,0.8429,1.0,True,NONE,We'd like to help get this sorted out. Let's work through the steps here: https://t.co/Ui1yTnOCUz DM if it continues Let us know if you have any questions along the way.,ESCALATE,LOW_INTENT_CONFIDENCE,Predicted intent confidence (0.2140) is below the validated confidence threshold (0.60).,SAFE_TO_AUTO_HANDLE,Well-defined customer issue with matching historical resolution evidence.,FALSE_ESCALATE
CASE_003507,@AppleSupport i have the iPad Air 1 in my movies section i have some movies showing up in 4k can i still watch them on my iPad Air 1? @AppleSupport I do both but when im going on a trip i usaly download it for off line use @AppleSupport Ok thanks cause i got a good batch of movies that was upgrade to 4k when linked my movies anywhere to iTunes,APP_STORE_PURCHASES_BILLING,APP_STORE_PURCHASES_BILLING,0.37900097722869275,0.7465,0.3333,True,NONE,"We'd like to help get this sorted out. Details here: https://t.co/SFdFHkEs3N For any questions, get in touch with our Apple TV Team here: https://t.co/IBIY3vMgPj You're welcome. Please feel free to reach out if you need us in the future. Let us know if you have any questions along the way.",ESCALATE,CONFLICTING_EVIDENCE,Retrieved historical evidence contains conflicting troubleshooting paths or fragmented intents.,SAFE_TO_AUTO_HANDLE,Well-defined customer issue with matching historical resolution evidence.,FALSE_ESCALATE
CASE_004921,@1313 hello do you support any more @115858 watch? Because crashing all time and is slow!! @579587 @1313 @115858 I’ve been asking the same question over and over again..no response yet..really frustrating we're not receiving support on this platform @AppleSupport The problem is not with your product...it's with a third party app that runs slow and buggy on the Apple Watch...thanks for your response!,APP_CRASH_AND_DOWNLOAD,APP_CRASH_AND_DOWNLOAD,0.3960246159540253,0.7234,0.3333,True,NONE,"We'd like to help get this sorted out. We're happy to help. Did this issue just start? Have you done any additional steps to try to resolve this issue? https://t.co/GDrqU22YpT Since the device restarted, have you seen the issue occur? Send us a DM, and we'll continue there. https://t.co/GDrqU22YpT Let us know if you have any questions along the way.",ESCALATE,INTENT_EVIDENCE_MISMATCH,Retrieved evidence intent alignment (33.33%) is below the validated alignment threshold (66.00%).,SAFE_TO_AUTO_HANDLE,Well-defined customer issue with matching historical resolution evidence.,FALSE_ESCALATE
CASE_004570,ok hello @115858 y’all are one of the biggest tech companies in the world it shouldn’t be that hard to roll out a fix for this i️ glitch thx @AppleSupport @115858 that only worked for like a day,OS_UPDATE_SYSTEM_PERFORMANCE,OS_UPDATE_SYSTEM_PERFORMANCE,0.36527511287142517,0.8056,1.0,True,NONE,We'd like to help get this sorted out. Here’s what you can do to work around the issue until it’s fixed in a future software update: https://t.co/xXaXeeSRt9 Let us know if you have any questions along the way.,ESCALATE,LOW_INTENT_CONFIDENCE,Predicted intent confidence (0.3653) is below the validated confidence threshold (0.60).,SAFE_TO_AUTO_HANDLE,Well-defined customer issue with matching historical resolution evidence.,FALSE_ESCALATE
CASE_006291,"Why when i type i it changes to I️ please help @115858 @AppleSupport How is that going to help though? @AppleSupport Oh
Thanks then",GENERAL_DEVICE_INQUIRY,GENERAL_DEVICE_INQUIRY,0.46982522261492216,0.8426,0.6667,True,NONE,We'd like to help get this sorted out. Have you had a chance to try the work around outlined here? https://t.co/xU1AGHStV6 DM us if you need further assistance. https://t.co/GDrqU22YpT No problem. Let us know if you need any further assistance. https://t.co/GDrqU2kzhr Let us know if you have any questions along the way.,ESCALATE,LOW_INTENT_CONFIDENCE,Predicted intent confidence (0.4698) is below the validated confidence threshold (0.60).,SAFE_TO_AUTO_HANDLE,Well-defined customer issue with matching historical resolution evidence.,FALSE_ESCALATE
CASE_007160,Why is it so hard to watch movies that I download from the Apple store? I’ve paid for it and yet phone can never seem to download it. Now it’s ‘does not support format’...... @AppleSupport @AppleSupport I don’t know. I rented it on my iPhone this morning and now when I try and watch it just shows this screen https://t.co/vA081OmWSK,DISPLAY_TOUCH_SCREEN,DISPLAY_TOUCH_SCREEN,0.334438051153423,0.7631,0.0,True,NONE,"We'd be happy to help with this. What type of issue are you running into when you attempt to use the TV app for videos? We'll offer all the help we can in getting you back to video enjoyment. The Videos app has been replaced with the TV app. In the App Store search for 'Apple TV'. Then download that app. We're glad it's all taken care of. If any questions come up, feel free to reach out. Let us know if this helps resolve the issue.",ESCALATE,INTENT_EVIDENCE_MISMATCH,Retrieved evidence intent alignment (0.00%) is below the validated alignment threshold (66.00%).,SAFE_TO_AUTO_HANDLE,Well-defined customer issue with matching historical resolution evidence.,FALSE_ESCALATE
CASE_003484,"Hmmm. I've updated to iOS 11.1 but my emojis haven't updated. Any bright sparks know why? @AppleSupport? @AppleSupport It's OK, I fixed it! SwiftKey hasn't updated with the new emojis and that's my primary keyboard. All good! 🙂",KEYBOARD_TYPING_AUTOCORRECT,KEYBOARD_TYPING_AUTOCORRECT,0.4199742128113857,0.7292,0.3333,True,NONE,"We'd like to help get this sorted out. We want to help. Have you updated to iOS 11.1.1 yet? If not, we suggest you backup and update your iOS to the latest version. Take a look at this article for help with these steps. Backup &amp; Update: https://t.co/ahjigcvFRG Sounds great. We are glad everything is working for you. Don't hesitate to reach out to us if you need anything further. Let us know if you have any questions along the way.",ESCALATE,CONFLICTING_EVIDENCE,Retrieved historical evidence contains conflicting troubleshooting paths or fragmented intents.,SAFE_TO_AUTO_HANDLE,Well-defined customer issue with matching historical resolution evidence.,FALSE_ESCALATE
CASE_003114,@AppleSupport How do I update my shipping address for my iPhone X order? @AppleSupport Gee thanks. I was already on the phone with them for an hour. Then disconnected! Not happy!!! @AppleSupport Now I’m being told “Due to high volume...” and hung up on. Not good @115858!!,AUDIO_SOUND_SPEAKER,AUDIO_SOUND_SPEAKER,0.2735655349757371,0.7724,0.0,True,NONE,"We'd like to help get this sorted out. We know your time is valuable. Our Apple Online Store team are the ones to assist ordering issues: https://t.co/8yjRd1Xo0i Send us a DM with the country you're located in, we want to be sure to provide you with the correct contact information. https://t.co/GDrqU2kzhr Let us know if you have any questions along the way.",ESCALATE,INTENT_EVIDENCE_MISMATCH,Retrieved evidence intent alignment (0.00%) is below the validated alignment threshold (66.00%).,SAFE_TO_AUTO_HANDLE,Well-defined customer issue with matching historical resolution evidence.,FALSE_ESCALATE
CASE_004396,Yo?? What happened to the “Call Forwarding” option? It disappeared ??@115990 @115725 @AppleSupport,GENERAL_DEVICE_INQUIRY,GENERAL_DEVICE_INQUIRY,0.18198097298805305,0.6788,0.6667,True,NONE,"We'd like to help get this sorted out. We're sorry to hear about your phone call; this is unexpected. If you'd like, we're happy to work with you here. Just DM us details of the issue you're experiencing, your device model and iOS version and we'll get started sorting things out. https://t.co/GDrqU22YpT Let us know if you have any questions along the way.",ESCALATE,LOW_INTENT_CONFIDENCE,Predicted intent confidence (0.1820) is below the validated confidence threshold (0.60).,SAFE_TO_AUTO_HANDLE,Well-defined customer issue with matching historical resolution evidence.,FALSE_ESCALATE
CASE_001436,Okay @115858 I get that the new IPhone X is out now but my 6s should not be glitching this fucking bad. It took me 3 times to open up twitter to tweet this. @AppleSupport K https://t.co/aw2AoGI3FZ,GENERAL_DEVICE_INQUIRY,GENERAL_DEVICE_INQUIRY,0.2345748627632089,0.7107,0.0,True,NONE,"We'd be happy to help with this. Thank you for reaching out to us. Let’s work together to find the best course of action for this issue. To start, what device model and software version are you using? Thank you for that information. What software version are you using? If you're unsure, go to Settings &gt; General &gt; About. Let us know if this helps resolve the issue.",ESCALATE,CONFLICTING_EVIDENCE,Retrieved historical evidence contains conflicting troubleshooting paths or fragmented intents.,SAFE_TO_AUTO_HANDLE,Well-defined customer issue with matching historical resolution evidence.,FALSE_ESCALATE
CASE_004046,@115858 @AppleSupport Why is it taking 6 months for you to unlock an iPhone 7 that I have PROVEN to you that I own? @AppleSupport Really? Cause every time I try to get the problem resolved I’m told I’ll have to wait “a week or two” and here we are six months later @AppleSupport SO IM KINDA FUCKING PISSED AT THIS POINT @AppleSupport I’m guessing you’ll take the info and once again sweep it under the rug I NEED IT FIXED NOW,ACCOUNT_APPLEID_ICLOUD,GENERAL_DEVICE_INQUIRY,0.18300991975670655,0.6563,0.6667,True,NONE,"We'd be happy to help with this. Hi there, thanks for reaching out! We’ve received your DM. Please expect a response from us there shortly. Let us know if this helps resolve the issue.",ESCALATE,LOW_INTENT_CONFIDENCE,Predicted intent confidence (0.1830) is below the validated confidence threshold (0.60).,SAFE_TO_AUTO_HANDLE,Well-defined customer issue with matching historical resolution evidence.,FALSE_ESCALATE
CASE_001618,"@AppleSupport I have found a display bug in iOS 11 where the portrait orientation lock doesn’t always work when its enabled. Where would I report it and what info do you require in the report? @AppleSupport iOS 11.1.1 on iPhone 7 Plus @AppleSupport It happens when I open an app like Twitter then pressing the home button and swiping to the screen on the right on my home. This causes my screen to go into landscape mode when I have portrait mode locked. @AppleSupport Its hard to reproduce sometimes, for the most part it works as intended but there are edge cases which I cannot say about 100% how to reproduce. It does however happen sometimes when I hold my phone at a 45/90deg angle as far I noticed but not all the time. @AppleSupport Its hard to say. I have restarted at times when it happens and then it goes away but it always comes back again at a random point. This is the closest to anything I have encountered to give some pointer to how to reproduce it @AppleSupport Thanks for the assistance. Will do that and update you if the problem persists.",DISPLAY_TOUCH_SCREEN,DISPLAY_TOUCH_SCREEN,0.6571670716195931,0.8546,0.3333,True,NONE,"We'd like to help get this sorted out. Since noticing this, have you had a chance to restart your device? It may seem like a simple step, but can resolve many issues. We're glad it got resolved. Please reach out any time. Is your iPhone's orientation lock not working at all, or is the behavior intermittent? Does it seem to occur in one app? Do you keep the orientation lock on when the issue occurs? Which version of iOS 11 are you running on this iPhone? Let us know which iPhone model you're using via DM. We'll continue there. https://t.co/GDrqU22YpT Let us know if you have any questions along the way.",ESCALATE,INTENT_EVIDENCE_MISMATCH,Retrieved evidence intent alignment (33.33%) is below the validated alignment threshold (66.00%).,SAFE_TO_AUTO_HANDLE,Well-defined customer issue with matching historical resolution evidence.,FALSE_ESCALATE
CASE_004054,".@AppleSupport I️ made a joke tweet about this annoying “I️” glitch like a week ago, but now I’m f’real. When are you fixing it? @AppleSupport Thank you! 🙏🏽",OS_UPDATE_SYSTEM_PERFORMANCE,OS_UPDATE_SYSTEM_PERFORMANCE,0.2451490985047127,0.7814,0.3333,True,NONE,"We'd like to help get this sorted out. An update has been released to assist with this issue. If you haven’t yet, please back up your device and update it to iOS 11.1.2. For more info, check out: https://t.co/4f8hwT5to6 Sounds like a plan! Don't hesitate to reach back out if you have questions in the future. We're here for you. Let us know if you have any questions along the way.",ESCALATE,INTENT_EVIDENCE_MISMATCH,Retrieved evidence intent alignment (33.33%) is below the validated alignment threshold (66.00%).,SAFE_TO_AUTO_HANDLE,Well-defined customer issue with matching historical resolution evidence.,FALSE_ESCALATE
CASE_003347,"Oh here we go again, @AppleSupport, 1GB+ of iOS update being pushed to my phone over and over, forcing manual deletion. Same for 11 as 10. @AppleSupport I don't want the update. That was my whole point. @AppleSupport Hi, you asked if you can help. So... How do I stop iOS updates from automatically downloading? Deleted two so far: 2.6GB of unwanted data.",OS_UPDATE_SYSTEM_PERFORMANCE,OS_UPDATE_SYSTEM_PERFORMANCE,0.27437669327113295,0.7115,0.3333,True,NONE,We'd like to help get this sorted out. We're here to help get your iPhone updated. Which iOS version do you have currently installed? Are you receiving an error when trying to update? What is next to Available under Settings &gt; General &gt; About? Have you tried updating via iTunes on your computer? https://t.co/GDrqU22YpT Let us know if you have any questions along the way.,ESCALATE,CONFLICTING_EVIDENCE,Retrieved historical evidence contains conflicting troubleshooting paths or fragmented intents.,SAFE_TO_AUTO_HANDLE,Well-defined customer issue with matching historical resolution evidence.,FALSE_ESCALATE
CASE_000894,"@AppleSupport Any idea why my iPhone 6 is showing my caller id even though I have that switched off? Since ios11. Use it for Work , 😞",OS_UPDATE_SYSTEM_PERFORMANCE,ACCOUNT_APPLEID_ICLOUD,0.20984447358540356,0.8647,0.3333,True,NONE,We'd like to help get this sorted out. We want to help. Did this issue start after the most recent update? Does restarting have any impact on the issue? We'd like to look further into this with you. DM us using the following link and we'll continue support there. https://t.co/GDrqU22YpT Let us know if you have any questions along the way.,ESCALATE,INTENT_EVIDENCE_MISMATCH,Retrieved evidence intent alignment (33.33%) is below the validated alignment threshold (66.00%).,SAFE_TO_AUTO_HANDLE,Well-defined customer issue with matching historical resolution evidence.,FALSE_ESCALATE
CASE_004939,"@AppleSupport i think the bug with music is still occuring. using spotify but it doesn’t appear on the lock screen or scroll up bar https://t.co/E2cjLugL0b @AppleSupport it’s spotify, not apple music",DISPLAY_TOUCH_SCREEN,DISPLAY_TOUCH_SCREEN,0.5244576250556521,0.7552,0.6667,True,NONE,"We'd be happy to help with this. We're happy to help. Which model iPhone are you using? We're glad things are back in working order. If you need help in the future, please don't hesitate to let us know Let us know if this helps resolve the issue.",ESCALATE,LOW_INTENT_CONFIDENCE,Predicted intent confidence (0.5245) is below the validated confidence threshold (0.60).,SAFE_TO_AUTO_HANDLE,Well-defined customer issue with matching historical resolution evidence.,FALSE_ESCALATE
CASE_000368,@AppleSupport need a quick update from 11.0.1 IOS to a better future. This version sucks battery like the greatest fellatio. Please update! @AppleSupport I got the update under Settings already. Thanks for the update guys.,BATTERY_CHARGING_POWER,BATTERY_CHARGING_POWER,0.3788044318353938,0.846,1.0,True,NONE,We'd like to help get this sorted out. Have you had a chance yet to update to iOS 11.0.2? This will help you back up and update if not: https://t.co/80YRnjDFDk Great! Just let us know how that goes. Let us know if you have any questions along the way.,ESCALATE,LOW_INTENT_CONFIDENCE,Predicted intent confidence (0.3788) is below the validated confidence threshold (0.60).,SAFE_TO_AUTO_HANDLE,Well-defined customer issue with matching historical resolution evidence.,FALSE_ESCALATE
CASE_003688,@115858 fix ur shit i’m tired of typing i️ and boxes coming up @AppleSupport i️ have done that but in some apps it will show the boxes even if i️ manually type in “i️” @AppleSupport just like this @AppleSupport @485029 I had the same problem and this worked for me! @485030 @AppleSupport thank you!!! @485030 @AppleSupport that’s literally the same article with 2 extra sentences? it didn’t help,KEYBOARD_TYPING_AUTOCORRECT,KEYBOARD_TYPING_AUTOCORRECT,0.3329154591100716,0.8014,0.3333,True,NONE,We'd like to help get this sorted out. Thank you for contacting us for support. Let us know if this article helps: https://t.co/sDSg942Lx2 We can help out! Let's have you take a look at these steps so you can get that resolved: https://t.co/xU1AGHStV6 Glad to hear that helped! Reach out if you have other concerns. Have a great weekend. Let us know if you have any questions along the way.,ESCALATE,INTENT_EVIDENCE_MISMATCH,Retrieved evidence intent alignment (33.33%) is below the validated alignment threshold (66.00%).,SAFE_TO_AUTO_HANDLE,Well-defined customer issue with matching historical resolution evidence.,FALSE_ESCALATE
CASE_007130,"@AppleSupport bug report Apple Music not showing on lock screen. 11.0.3 6S+. Tried multiple outputs and hard reset. https://t.co/i7zO8EShFM @AppleSupport Will do that, didn’t realize new iOS had dropped yet. Checked this morning and it wasn’t there. Updating now. @AppleSupport Fixed! Thank you. https://t.co/MVA4s0OL4n",DISPLAY_TOUCH_SCREEN,DISPLAY_TOUCH_SCREEN,0.5051230856919403,0.8068,1.0,True,NONE,"We'd like to help get this sorted out. We'd be happy to look into this with you. Which iPhone and iOS version are you using? Although there's no music details that appear, are you still able to play music there? Does restarting your iPhone help? We actually want to look into this further if you're willing, and to do so, meet up with us in a DM. We'll continue there. https://t.co/GDrqU22YpT Let us know if you have any questions along the way.",ESCALATE,LOW_INTENT_CONFIDENCE,Predicted intent confidence (0.5051) is below the validated confidence threshold (0.60).,SAFE_TO_AUTO_HANDLE,Well-defined customer issue with matching historical resolution evidence.,FALSE_ESCALATE
CASE_006902,Plus This Is My 3rd iPhone In 3 Months I’m Seriously Fed Up With @115858 x @AppleSupport @AppleSupport MY PHONE WONT CHARGE. IT FREEZES. GLITCHES. THE WIFI WONT TURN OFF. ALL. @ ONCE. 3rd PHONE SINCE SEPTEMBER 😴😴,CONNECTIVITY_WIFI_BLUETOOTH,BATTERY_CHARGING_POWER,0.31538296615818445,0.7431,0.3333,True,NONE,"We'd like to help get this sorted out. We assure you that we want your iPhone to work. Please DM us with your current version of IOS, and we'll get this sorted. https://t.co/GDrqU22YpT Thanks for the clarification. Are having any issues trying to order your iPhone online? Glad to hear it was resolved. Feel free to reach back out if you have any additional questions Let us know if you have any questions along the way.",ESCALATE,INTENT_EVIDENCE_MISMATCH,Retrieved evidence intent alignment (33.33%) is below the validated alignment threshold (66.00%).,SAFE_TO_AUTO_HANDLE,Well-defined customer issue with matching historical resolution evidence.,FALSE_ESCALATE
CASE_005061,"Dear @115858: Fix this damn problem with the letter ‘I’ on my phone. Now! @AppleSupport Done. Thank you. This is still rather frustrating, though.",GENERAL_DEVICE_INQUIRY,KEYBOARD_TYPING_AUTOCORRECT,0.4186452715692146,0.8445,0.0,True,NONE,We'd like to help get this sorted out. We’d love to help. Check out this article which goes into more detail about what you're seeing: https://t.co/sDSg93LaFu Let us know if you have any questions along the way.,ESCALATE,INTENT_EVIDENCE_MISMATCH,Retrieved evidence intent alignment (0.00%) is below the validated alignment threshold (66.00%).,SAFE_TO_AUTO_HANDLE,Well-defined customer issue with matching historical resolution evidence.,FALSE_ESCALATE
CASE_004135,@AppleSupport everytime I️ type an “I️” it corrects it to this and I️ can’t stop it?? https://t.co/vrW7TTBcwx @AppleSupport thank you!,GENERAL_DEVICE_INQUIRY,GENERAL_DEVICE_INQUIRY,0.3816753550347567,0.9018,0.6667,True,NONE,We'd like to help get this sorted out. Here’s what you can do to work around the issue until it’s fixed in a future software update: https://t.co/xXaXeeSRt9 Let us know if you have any questions along the way.,ESCALATE,LOW_INTENT_CONFIDENCE,Predicted intent confidence (0.3817) is below the validated confidence threshold (0.60).,SAFE_TO_AUTO_HANDLE,Well-defined customer issue with matching historical resolution evidence.,FALSE_ESCALATE
CASE_005442,Come on Apple get it together.  #iphoneproblems @AppleSupport https://t.co/psr5h5XzKO,GENERAL_DEVICE_INQUIRY,GENERAL_DEVICE_INQUIRY,0.4109955883867394,0.7018,0.6667,True,NONE,We'd like to help get this sorted out. We'd like to get you over to our Sales Support so they can help out with getting your iPhone X: https://t.co/8gHzWPeVn5 Let us know if you have any questions along the way.,ESCALATE,LOW_INTENT_CONFIDENCE,Predicted intent confidence (0.4110) is below the validated confidence threshold (0.60).,SAFE_TO_AUTO_HANDLE,Well-defined customer issue with matching historical resolution evidence.,FALSE_ESCALATE
CASE_006227,@115858 😡 damn you - your stupid update wiped out my AppleMusic playlists...frustrated!!,OS_UPDATE_SYSTEM_PERFORMANCE,OS_UPDATE_SYSTEM_PERFORMANCE,0.3071564257653324,0.7805,0.0,True,NONE,We'd be happy to help with this. We'd be happy to help out with your music. Is iCloud Music Library toggled ON in Settings &gt; Music? Let us know if this helps resolve the issue.,ESCALATE,INTENT_EVIDENCE_MISMATCH,Retrieved evidence intent alignment (0.00%) is below the validated alignment threshold (66.00%).,SAFE_TO_AUTO_HANDLE,Well-defined customer issue with matching historical resolution evidence.,FALSE_ESCALATE
CASE_007629,Yo @AppleSupport y’all can’t get shit right huh? I’m trying to say “it” not I.T,GENERAL_DEVICE_INQUIRY,GENERAL_DEVICE_INQUIRY,0.2907968198939472,0.6792,1.0,True,NONE,We'd be happy to help with this. We want to help you with this issue. Which iOS version is your device currently running? We want to make sure that you're running the latest version. You can check this through Settings &gt; General &gt; About. Let us know if this helps resolve the issue.,ESCALATE,LOW_INTENT_CONFIDENCE,Predicted intent confidence (0.2908) is below the validated confidence threshold (0.60).,SAFE_TO_AUTO_HANDLE,Well-defined customer issue with matching historical resolution evidence.,FALSE_ESCALATE
CASE_002348,"Help! @AppleSupport iMovie keeps crashing! On forums I read people face same issues… can’t edit, export, whatever… re-install did not work. @AppleSupport The software iMovie keeps crashing… following the link it ends saying its not free to get phone support. And ends. @AppleSupport This is wierd! I reinstalled imovie. Appears to be 10.1.7 but bug report only offers 10.1.6? https://t.co/QSGDDyNx1L @AppleSupport Anyway, i want to edit a simple 15 min video and for days I am struggling to get at least iMovie working. Not my normal @115858 experience 😥 @AppleSupport In the App store you see many people complaining it crashes and can not be used anymore. Since 5 Oct orso. I can not edit movies anymore. @AppleSupport Submit bug report. Following url for ""discussion "", get a ""page not found"". You might want to test the user experience end2end here too 😉🤔😥 https://t.co/O2C3Tp33ZX @AppleSupport thanks Seems phoning is only step left. I will schedule a phonecall with support. thanks for reply.",APP_STORE_PURCHASES_BILLING,APP_CRASH_AND_DOWNLOAD,0.5158628605713442,0.7548,0.3333,True,NONE,We'd like to help get this sorted out. Thanks for reaching out. Let's get you connected to our iMovie team. Please use this link to get in contact with them: https://t.co/IBIY3vMgPj Select Apps &amp; Software &gt; Mac apps Let us know if you have any questions along the way.,ESCALATE,INTENT_EVIDENCE_MISMATCH,Retrieved evidence intent alignment (33.33%) is below the validated alignment threshold (66.00%).,SAFE_TO_AUTO_HANDLE,Well-defined customer issue with matching historical resolution evidence.,FALSE_ESCALATE
CASE_007419,@AppleSupport my 7+  just blacked out and popped up with an itunes symbol. only way to fix it was to restore it. wassup with that? @AppleSupport i wasn’t using an app. my phone screen locked i unlocked it and then it happened @AppleSupport it did until i restored it @AppleSupport its good now. after i restored it automatically updated to new software so its up and running im just lettin you know in case it happens again. cause i will write a letter,DISPLAY_TOUCH_SCREEN,DISPLAY_TOUCH_SCREEN,0.2818637424815398,0.6706,0.6667,True,NONE,We'd like to help get this sorted out. We're happy to help. Check out this article with steps to help with this: https://t.co/8MvHMFZ83h Let us know if you have any questions along the way.,ESCALATE,LOW_INTENT_CONFIDENCE,Predicted intent confidence (0.2819) is below the validated confidence threshold (0.60).,SAFE_TO_AUTO_HANDLE,Well-defined customer issue with matching historical resolution evidence.,FALSE_ESCALATE
CASE_000123,"Why can’t I listen to my music in the car since updating #ineedanswers @115858 @AppleSupport It’s says it’s “indexing” and won’t play my music @AppleSupport It’s working now 😬 @AppleSupport I shut my phone off for 15 minutes and when I turned it back on, it worked. Ty",APP_STORE_PURCHASES_BILLING,APP_STORE_PURCHASES_BILLING,0.44569019781336605,0.7358,1.0,True,NONE,"We'd like to help get this sorted out. Let's get that music back so you can continue to enjoy it. What happens when you go to your Music app? Do you see any songs? Is iCloud Music Library enabled: https://t.co/9VQ9VywZJ2? Let's have you go through the steps in this link and follow the steps up until you have to contact the developer. If you are still having issues then, reach back out to us: https://t.co/fUZ0NRJxcn We still want to help you. DM us, and we can look into this deeper. https://t.co/GDrqU22YpT Let us know if you have any questions along the way.",ESCALATE,LOW_INTENT_CONFIDENCE,Predicted intent confidence (0.4457) is below the validated confidence threshold (0.60).,SAFE_TO_AUTO_HANDLE,Well-defined customer issue with matching historical resolution evidence.,FALSE_ESCALATE
CASE_006428,"@AppleSupport good evening, I think my battery is getting low too fast. Can you run a test, please? @AppleSupport Thank you for your quick answer. It's an IPhone 6, 10.3.3 @AppleSupport Thank you",BATTERY_CHARGING_POWER,BATTERY_CHARGING_POWER,0.5286360187757856,0.8156,1.0,True,NONE,We'd like to help get this sorted out. Battery life is important. Which exact iOS version are you using? You can check under Settings &gt; General &gt; About. Thanks for the information. Please send us a DM and we'll look into this further. https://t.co/GDrqU22YpT Let us know if you have any questions along the way.,ESCALATE,LOW_INTENT_CONFIDENCE,Predicted intent confidence (0.5286) is below the validated confidence threshold (0.60).,SAFE_TO_AUTO_HANDLE,Well-defined customer issue with matching historical resolution evidence.,FALSE_ESCALATE
CASE_001015,.@AppleSupport Why isn’t Sierra available in my past purchases like every other OS release? Need to re-image a work machine. Not ready to be High yet. @AppleSupport Anyone know? @23886 @33423 @AppleSupport This is downloading now and I expect it will work successfully. Thank you.,GENERAL_DEVICE_INQUIRY,HOW_TO_SETTINGS_CONFIGURATION,0.14133936242997538,0.6969,0.0,True,NONE,"We'd like to help get this sorted out. If your Mac isn’t compatible with High Sierra, you’ll want to keep using El Capitan. More details here: https://t.co/109nnHwfMC Let us know if you have any questions along the way.",ESCALATE,INTENT_EVIDENCE_MISMATCH,Retrieved evidence intent alignment (0.00%) is below the validated alignment threshold (66.00%).,SAFE_TO_AUTO_HANDLE,Well-defined customer issue with matching historical resolution evidence.,FALSE_ESCALATE
CASE_002162,@AppleSupport y’all updatesbe messing up a sista’s phone 😤😩😫 @AppleSupport I went to the apple store and they fixed the issue,GENERAL_DEVICE_INQUIRY,APP_STORE_PURCHASES_BILLING,0.21316851861745426,0.7929,0.0,True,NONE,"We'd like to help get this sorted out. You've come to the right place for help. To begin, can you tell us what iOS version you're currently using? iOS 11.0.3 is available. Does the issue persist if you update the iOS? Steps can be found here: https://t.co/80YRnjDFDk Do you get an error when you try to update? Have you tried updating via iTunes on a computer? If that behavior still continues, just let us know via a DM. We’ll keep moving forward from there. https://t.co/GDrqU22YpT Let us know if you have any questions along the way.",ESCALATE,INTENT_EVIDENCE_MISMATCH,Retrieved evidence intent alignment (0.00%) is below the validated alignment threshold (66.00%).,SAFE_TO_AUTO_HANDLE,Well-defined customer issue with matching historical resolution evidence.,FALSE_ESCALATE
CASE_001701,"@AppleSupport Is there a way to prevent my iPhone from downloading the iOS 11 update over and over again? It eats up my bandwidth and storage space on device. I _really_ don't want to install iOS 11 yet. @AppleSupport I was just prompted to install it and to enter my passcode. I never authorised my iPhone to download 1.3GB. And if I delete the update the iPhone downloads it again which is eating up my narrow bandwidth and my local storage on device. I want to prevent this from happening again. @AppleSupport Turning off WiFi? You're kidding me, are you? Then I will not get App updates anymore and eat up my Data-plan and get pestered by location services that complain about WiFi being off and accuracy being worse because of that.

Thanks, I'll leave Feedback. @AppleSupport Note to your supervisor: Instead of coming up with bogus non-solutions it would have been more honest and, more helpful to just admit that this is a problem of iOS that a user cannot prevent from happening.
 
I already posted feedback. I don't expect to see a solution from Apple.",CONNECTIVITY_WIFI_BLUETOOTH,CONNECTIVITY_WIFI_BLUETOOTH,0.48288319892365816,0.6652,0.6667,True,NONE,We'd like to help get this sorted out. Let's get your iPhone updated. Are you installing it via iTunes or is this an over-the-air update? Let's try all the suggestions here to see if that works: https://t.co/Ui1yTnOCUz Are you able to try the update via iTunes on a computer as described here?: https://t.co/80YRnjDFDk You're welcome! We'll be here if you need us. Let us know if you have any questions along the way.,ESCALATE,LOW_INTENT_CONFIDENCE,Predicted intent confidence (0.4829) is below the validated confidence threshold (0.60).,SAFE_TO_AUTO_HANDLE,Well-defined customer issue with matching historical resolution evidence.,FALSE_ESCALATE
CASE_007546,Hey @AppleSupport the new version of iTunes has erased all the special ring tones from my iPhone and there's no way to get them back! Please fix this terrible change!,APP_STORE_PURCHASES_BILLING,APP_STORE_PURCHASES_BILLING,0.19241872341016228,0.7636,0.0,True,NONE,We'd like to help get this sorted out. You can find purchased ringtones by following the instructions here: https://t.co/Pm4DavkQln You're welcome. We're happy to help. Let us know if you have any questions along the way.,ESCALATE,CONFLICTING_EVIDENCE,Retrieved historical evidence contains conflicting troubleshooting paths or fragmented intents.,SAFE_TO_AUTO_HANDLE,Well-defined customer issue with matching historical resolution evidence.,FALSE_ESCALATE
CASE_000572,@AppleSupport hi is your Apple TV down ? @AppleSupport Now my contacts have issues thanks for nothing Apple,GENERAL_DEVICE_INQUIRY,GENERAL_DEVICE_INQUIRY,0.31747965549382506,0.7805,1.0,True,NONE,We'd like to help get this sorted out. We want to help. You can contact our Apple TV support team here: https://t.co/IBIY3vMgPj Let us know if you have any questions along the way.,ESCALATE,LOW_INTENT_CONFIDENCE,Predicted intent confidence (0.3175) is below the validated confidence threshold (0.60).,SAFE_TO_AUTO_HANDLE,Well-defined customer issue with matching historical resolution evidence.,FALSE_ESCALATE
CASE_003523,@AppleSupport my ios 11.1 won't install and I have no access to a computer. How do I fix it?,OS_UPDATE_SYSTEM_PERFORMANCE,OS_UPDATE_SYSTEM_PERFORMANCE,0.604569060934337,0.7649,0.3333,True,NONE,"We'd like to help get this sorted out. Thanks for reaching out. Try these steps and let us know if you're still unable to update: https://t.co/Ui1yTnOCUz We're glad that worked for you! If you have any other questions or concerns, don't hesitate to let us know. Let us know if you have any questions along the way.",ESCALATE,INTENT_EVIDENCE_MISMATCH,Retrieved evidence intent alignment (33.33%) is below the validated alignment threshold (66.00%).,SAFE_TO_AUTO_HANDLE,Well-defined customer issue with matching historical resolution evidence.,FALSE_ESCALATE
CASE_000047,@115858 need a update for iOS 11 where the WiFi doesn’t turn itself on ALL THE TIME- Tia @AppleSupport I’m turning it off from the control center I believe,CONNECTIVITY_WIFI_BLUETOOTH,CONNECTIVITY_WIFI_BLUETOOTH,0.594422903560397,0.8204,1.0,True,NONE,"We'd like to help get this sorted out. Control Center no longer permanently toggles it off. There's an explanation here: https://t.co/MWcJwF3cgD No problem, we're happy to help. Let us know if you have any questions along the way.",ESCALATE,LOW_INTENT_CONFIDENCE,Predicted intent confidence (0.5944) is below the validated confidence threshold (0.60).,SAFE_TO_AUTO_HANDLE,Well-defined customer issue with matching historical resolution evidence.,FALSE_ESCALATE
CASE_005616,@115858 please fix the I️ am issue it’s driving me nuts. @AppleSupport 🙏🏼 thank you!!!,GENERAL_DEVICE_INQUIRY,GENERAL_DEVICE_INQUIRY,0.5457296190227875,0.9208,0.6667,True,NONE,"We'd like to help get this sorted out. We recently released iOS 11.1.1 to address this issue. If you haven't updated yet, you can learn how here: https://t.co/80YRnjDFDk If the issue persists, send us a DM so we can help there. https://t.co/GDrqU22YpT We're always happy to help! Feel free to reach out to us if we can be of any further assistance. Our office hours are 7 days a week, from 5AM - 8PM PDT. If you contact us after business hours, rest assured we'll respond the following day. https://t.co/GDrqU22YpT Let us know if you have any questions along the way.",ESCALATE,LOW_INTENT_CONFIDENCE,Predicted intent confidence (0.5457) is below the validated confidence threshold (0.60).,SAFE_TO_AUTO_HANDLE,Well-defined customer issue with matching historical resolution evidence.,FALSE_ESCALATE
CASE_007279,@115858 or@Facebook help me please something has happened to my Facebook and tumblr app can't re install them they wouldn't finish updating and when I turned phone off and on they came up looking like this what do I do please? https://t.co/eGpqqj83gJ @AppleSupport Thanks for replying but unfortunately nothing has worked also some extra info I have an iPhone 5s and I haven't updated to iOS 11 yet because I don't have room yet couldn't of it be that? @AppleSupport Got rid of loads of stuff so I could download iOS 11 to see if it helps downloaded it but now it keeps saying iOS 11 is unable to be installed yet again later after download still have some storage space and my signal is fine so I don't know what to do now.,CONNECTIVITY_WIFI_BLUETOOTH,OS_UPDATE_SYSTEM_PERFORMANCE,0.19182538110054498,0.6912,0.3333,True,NONE,We'd be happy to help with this. We are happy to help. What happens when you access Facebook? Are you using the app or Safari? Let us know if this helps resolve the issue.,ESCALATE,CONFLICTING_EVIDENCE,Retrieved historical evidence contains conflicting troubleshooting paths or fragmented intents.,SAFE_TO_AUTO_HANDLE,Well-defined customer issue with matching historical resolution evidence.,FALSE_ESCALATE
CASE_003830,@AppleSupport @115948 WHAT THE FUCK is this i️ i️ i️,GENERAL_DEVICE_INQUIRY,APP_STORE_PURCHASES_BILLING,0.24772708497984677,0.8635,0.0,True,NONE,We'd like to help get this sorted out. We have some steps that might help! Check out this article: https://t.co/xU1AGHStV6 https://t.co/GDrqU22YpT Let us know if you have any questions along the way.,ESCALATE,INTENT_EVIDENCE_MISMATCH,Retrieved evidence intent alignment (0.00%) is below the validated alignment threshold (66.00%).,SAFE_TO_AUTO_HANDLE,Well-defined customer issue with matching historical resolution evidence.,FALSE_ESCALATE
CASE_004378,Hey @115858 can you please fix this “I️” glitch? I’m looking like an idiot when i text. @AppleSupport Ok thanks I appreciate it,OS_UPDATE_SYSTEM_PERFORMANCE,KEYBOARD_TYPING_AUTOCORRECT,0.26547123678565687,0.8281,0.0,True,NONE,We'd like to help get this sorted out. Here’s what you can do to work around the issue until it’s fixed in a future software update: https://t.co/xXaXeeSRt9 Let us know if you have any questions along the way.,ESCALATE,INTENT_EVIDENCE_MISMATCH,Retrieved evidence intent alignment (0.00%) is below the validated alignment threshold (66.00%).,SAFE_TO_AUTO_HANDLE,Well-defined customer issue with matching historical resolution evidence.,FALSE_ESCALATE
CASE_003872,"Has anyone else’s letter “eye” been correcting to I️ like wtf. @115858 @AppleSupport Oh damn it worked lol thanks @AppleSupport Wait, I @AppleSupport I just tweeted and it was the weird symbol",GENERAL_DEVICE_INQUIRY,KEYBOARD_TYPING_AUTOCORRECT,0.4195992057026397,0.7798,0.0,True,NONE,"We'd like to help get this sorted out. We can partner with you on this. These steps will help with what you're seeing: https://t.co/pjfPUt4wje We're glad that worked for you. If you have any other questions or concerns, don't hesitate to let us know. Let us know if you have any questions along the way.",ESCALATE,INTENT_EVIDENCE_MISMATCH,Retrieved evidence intent alignment (0.00%) is below the validated alignment threshold (66.00%).,SAFE_TO_AUTO_HANDLE,Well-defined customer issue with matching historical resolution evidence.,FALSE_ESCALATE
CASE_003762,so are ya gonna make an update that fixes the stupid question marks in the damn boxes when i️ text/tweet/etc????? or???? @115858 @AppleSupport I think it worked,OS_UPDATE_SYSTEM_PERFORMANCE,OS_UPDATE_SYSTEM_PERFORMANCE,0.2919704609413515,0.7219,0.6667,True,NONE,We'd be happy to help with this. We're here to help. Which version of iOS is installed on your device? You'll see this in Settings &gt; General &gt; About. Let us know if this helps resolve the issue.,ESCALATE,LOW_INTENT_CONFIDENCE,Predicted intent confidence (0.2920) is below the validated confidence threshold (0.60).,SAFE_TO_AUTO_HANDLE,Well-defined customer issue with matching historical resolution evidence.,FALSE_ESCALATE
CASE_003933,@AppleSupport what’s your problem??? Too busy making pretty videos to fix your shit #ovetpricedforstupidmistakes https://t.co/wYYmN2bM8y @AppleSupport Thank you!,GENERAL_DEVICE_INQUIRY,GENERAL_DEVICE_INQUIRY,0.5265857052580404,0.652,1.0,True,NONE,We'd like to help get this sorted out. Here’s what you can do to work around the issue until it’s fixed in a future software update: https://t.co/qODbOsp4wz Let us know if you have any questions along the way.,ESCALATE,LOW_INTENT_CONFIDENCE,Predicted intent confidence (0.5266) is below the validated confidence threshold (0.60).,SAFE_TO_AUTO_HANDLE,Well-defined customer issue with matching historical resolution evidence.,FALSE_ESCALATE
CASE_001767,MY IPHONE JUST GAVE ME A DAMN HEART ATTACK BY DELETING EVERYTHING IN MY CAMERA ROLL! Now it’s trying to restore everything. Omg fuck @115858. You’re hopeless. @115858 Oh my god thank you so much for restoring my photos after you deleted them @115858. But now they’re all out of order &amp; I have to sort through over 3000+ pics &amp; videos. THANK YOU. Fanfuckingtastic. https://t.co/Qh66GqJxFN,DISPLAY_TOUCH_SCREEN,GENERAL_DEVICE_INQUIRY,0.2289748730615919,0.7186,0.6667,True,NONE,We'd like to help get this sorted out. Let's look into that. Send us a DM and we'll go from there. https://t.co/GDrqU22YpT Let us know if you have any questions along the way.,ESCALATE,LOW_INTENT_CONFIDENCE,Predicted intent confidence (0.2290) is below the validated confidence threshold (0.60).,SAFE_TO_AUTO_HANDLE,Well-defined customer issue with matching historical resolution evidence.,FALSE_ESCALATE
CASE_007867,"Phone died at 80%, turned back on itself at 10%,turned straight off,then back on itself at 25%,turned off and back on at 43% and continued this for about 10 minutes til I plugged it in, and it was on 8%. @115858 EXPLAIN??? @115858 Like it’s a fairly new iPhone 6s &amp; I use an apple charger, no reason for it to do this @AppleSupport The past few days with my iPhone 6s, other people are having the exact same problem with their iPhone 6s too @AppleSupport I haven’t updated it yet. I use a wall socket, there are a lot of people having this issue do you’s know what’s going on ?",BATTERY_CHARGING_POWER,BATTERY_CHARGING_POWER,0.29464095364478077,0.6914,0.6667,True,NONE,We'd like to help get this sorted out. We know how important battery life is. Let's look into this together. Can you provide us which device you're using? Thanks for providing that. We know how vital the battery is. Please check out this article: https://t.co/TpjqFp3jxD Let us know if you have any questions along the way.,ESCALATE,LOW_INTENT_CONFIDENCE,Predicted intent confidence (0.2946) is below the validated confidence threshold (0.60).,SAFE_TO_AUTO_HANDLE,Well-defined customer issue with matching historical resolution evidence.,FALSE_ESCALATE
CASE_005807,@115858 why your update mess my phone up? Always replacing my I’s with this. https://t.co/iP51he7zwl,OS_UPDATE_SYSTEM_PERFORMANCE,OS_UPDATE_SYSTEM_PERFORMANCE,0.6238630359342422,0.8355,0.3333,True,NONE,"We'd like to help get this sorted out. We recently released an iOS update, 11.1.1, that contains a fix for this issue. Let’s be sure to back up your device prior to updating. Follow these steps to back up and update: https://t.co/i5Q6RPlZCm Let us know if you have any questions along the way.",ESCALATE,INTENT_EVIDENCE_MISMATCH,Retrieved evidence intent alignment (33.33%) is below the validated alignment threshold (66.00%).,SAFE_TO_AUTO_HANDLE,Well-defined customer issue with matching historical resolution evidence.,FALSE_ESCALATE
CASE_002462,Thanks @115858... iOS 11 is working great! https://t.co/jnLXLZzO2b @AppleSupport Lots of goofy things like this happen. did you guys give iOS LSD? It worked for Steve but this is a mess.,OS_UPDATE_SYSTEM_PERFORMANCE,OS_UPDATE_SYSTEM_PERFORMANCE,0.40942827187181446,0.7493,1.0,True,NONE,We'd like to help get this sorted out. That's unexpected. Please let us know more about this via DM. https://t.co/GDrqU22YpT Let us know if you have any questions along the way.,ESCALATE,LOW_INTENT_CONFIDENCE,Predicted intent confidence (0.4094) is below the validated confidence threshold (0.60).,SAFE_TO_AUTO_HANDLE,Well-defined customer issue with matching historical resolution evidence.,FALSE_ESCALATE
CASE_001110,@115858 please fix this auto brightness. Drains my battery @AppleSupport Thank You!,BATTERY_CHARGING_POWER,BATTERY_CHARGING_POWER,0.7424087515410337,0.8423,0.3333,True,NONE,"We'd be happy to help with this. No update needed for that setting, it just moved iOS 11. You can manage auto-brightness in Settings &gt; General &gt; Accessibility &gt; Display Accommodations. Let us know if that helps. Let us know if this helps resolve the issue.",ESCALATE,INTENT_EVIDENCE_MISMATCH,Retrieved evidence intent alignment (33.33%) is below the validated alignment threshold (66.00%).,SAFE_TO_AUTO_HANDLE,Well-defined customer issue with matching historical resolution evidence.,FALSE_ESCALATE
CASE_002726,Dear @115858 how am I supposed to do an update when every time I click the install update button it says unable to install try later? 😡 @AppleSupport Fixed it. Thank you.,OS_UPDATE_SYSTEM_PERFORMANCE,OS_UPDATE_SYSTEM_PERFORMANCE,0.3917407540642108,0.7218,1.0,True,NONE,We'd like to help get this sorted out. We're happy to help and thanks for the screenshot. Let's start here: https://t.co/Ui1yTnOCUz Let us know if you have any questions along the way.,ESCALATE,LOW_INTENT_CONFIDENCE,Predicted intent confidence (0.3917) is below the validated confidence threshold (0.60).,SAFE_TO_AUTO_HANDLE,Well-defined customer issue with matching historical resolution evidence.,FALSE_ESCALATE
CASE_001704,@115858 @AppleSupport que puedo hacer con el lag del teclado en iOS 11 en un iPhone 6Plus?? @AppleSupport Thanks!,OS_UPDATE_SYSTEM_PERFORMANCE,OS_UPDATE_SYSTEM_PERFORMANCE,0.37527077926096475,0.7201,1.0,True,NONE,We'd like to help get this sorted out. We offer support via Twitter in English. Get help in Spanish here: https://t.co/IBIY3vMgPj or join https://t.co/OczyRx7IOs We'd like to help! Send us a DM with the country that you are located in to continue. https://t.co/GDrqU22YpT Let us know if you have any questions along the way.,ESCALATE,LOW_INTENT_CONFIDENCE,Predicted intent confidence (0.3753) is below the validated confidence threshold (0.60).,SAFE_TO_AUTO_HANDLE,Well-defined customer issue with matching historical resolution evidence.,FALSE_ESCALATE
CASE_004246,@AppleSupport Pathetic ! Need  solutions asap,GENERAL_DEVICE_INQUIRY,GENERAL_DEVICE_INQUIRY,0.26427208542035585,0.8308,1.0,True,NONE,We'd like to help get this sorted out. Here’s what you can do to work around the issue until it’s fixed in a future software update: https://t.co/xXaXeeSRt9 Let us know if you have any questions along the way.,ESCALATE,LOW_INTENT_CONFIDENCE,Predicted intent confidence (0.2643) is below the validated confidence threshold (0.60).,SAFE_TO_AUTO_HANDLE,Well-defined customer issue with matching historical resolution evidence.,FALSE_ESCALATE
CASE_003228,"@AppleSupport hi, I can’t get any apps to download. I’ve tried a forced restart, changing and resetting the language etc - any suggestions? @AppleSupport Thanks - when I try to click to download it the wee circle just spins and nothing happens other than that.",OS_UPDATE_SYSTEM_PERFORMANCE,ACCOUNT_APPLEID_ICLOUD,0.15336621497092964,0.8322,0.0,True,NONE,"We'd be happy to help with this. Thank you for reaching out. We know how important it is to be able to download and update apps. To start, have you tried to restart the iPhone since this started happening? No worries, we're just glad that worked for you. If you have any other questions or concerns, don't hesitate to let us know. Let us know if this helps resolve the issue.",ESCALATE,INTENT_EVIDENCE_MISMATCH,Retrieved evidence intent alignment (0.00%) is below the validated alignment threshold (66.00%).,SAFE_TO_AUTO_HANDLE,Well-defined customer issue with matching historical resolution evidence.,FALSE_ESCALATE
CASE_003766,Hey @115858 ... fix your operating system and fire the incompetent people that made it. #iOS #iOS11 I️ I️ I️ I️ I️,OS_UPDATE_SYSTEM_PERFORMANCE,OS_UPDATE_SYSTEM_PERFORMANCE,0.3395975595174328,0.7496,0.3333,True,NONE,We'd like to help get this sorted out. Thank you for reaching out. We'd be glad to hear more about what you're experiencing. https://t.co/GDrqU22YpT Let us know if you have any questions along the way.,ESCALATE,CONFLICTING_EVIDENCE,Retrieved historical evidence contains conflicting troubleshooting paths or fragmented intents.,SAFE_TO_AUTO_HANDLE,Well-defined customer issue with matching historical resolution evidence.,FALSE_ESCALATE
CASE_006272,"@115858  @AppleSupport why haven’t you done anything about this “I️ “ @AppleSupport Great! I’m on the public beta, see there’s an update ready, hopefully that will do the trick!",OS_UPDATE_SYSTEM_PERFORMANCE,OS_UPDATE_SYSTEM_PERFORMANCE,0.2267335995932547,0.87,0.0,True,NONE,We'd like to help get this sorted out. Here’s what you can do to work around the issue until it’s fixed in a future software update: https://t.co/xXaXeeSRt9 Let us know if you have any questions along the way.,ESCALATE,INTENT_EVIDENCE_MISMATCH,Retrieved evidence intent alignment (0.00%) is below the validated alignment threshold (66.00%).,SAFE_TO_AUTO_HANDLE,Well-defined customer issue with matching historical resolution evidence.,FALSE_ESCALATE
CASE_000160,@AppleSupport I’m still having major battery issues since downloading 11.0.3 despite 3 trips to an Apple store and a complete reset done by the store. When is this software issue going to be resolved?,BATTERY_CHARGING_POWER,BATTERY_CHARGING_POWER,0.36697760151454495,0.7378,1.0,True,NONE,We'd be happy to help with this. Having as long a battery life as possible is what we want. Which model is it and is iOS 11.0.2 installed? If you run into any other trouble just let us know. Let us know if this helps resolve the issue.,ESCALATE,LOW_INTENT_CONFIDENCE,Predicted intent confidence (0.3670) is below the validated confidence threshold (0.60).,SAFE_TO_AUTO_HANDLE,Well-defined customer issue with matching historical resolution evidence.,FALSE_ESCALATE
CASE_006609,@115858 would I be asked to verify my bank details and personal details suddenly? Is this legitimately @AppleSupport how do I know it’s not a #hack? @AppleSupport Thank you.,HOW_TO_SETTINGS_CONFIGURATION,GENERAL_DEVICE_INQUIRY,0.21819237568344466,0.7485,1.0,True,NONE,We'd like to help get this sorted out. We'll do everything we can to help! That looks like it may be a phishing attempt. See this article: https://t.co/LNMCdqbuR3 Let us know if you have any questions along the way.,ESCALATE,LOW_INTENT_CONFIDENCE,Predicted intent confidence (0.2182) is below the validated confidence threshold (0.60).,SAFE_TO_AUTO_HANDLE,Well-defined customer issue with matching historical resolution evidence.,FALSE_ESCALATE
CASE_006965,"For whatever reason, my iPhone doesn't want me to type the letter ""I"" without this popping up. Idk why. https://t.co/mjFa72Sgqp And this is apparently happening for other folks, too. But listen, @AppleSupport, y'all ain't getting my coin for iPhone 8 until I'm ready. @AppleSupport So let's figure this out. 🙂 @AppleSupport All of them, including texts. @AppleSupport This issue started a few hours ago. And I️ did. I️ did a master reset, which fixed the issue, but didn't give me the option to restore @AppleSupport what I'd backed up. So a representative had me do *another* reset which led to me having everything, but gave me this issue again.",OS_UPDATE_SYSTEM_PERFORMANCE,KEYBOARD_TYPING_AUTOCORRECT,0.31045453031102965,0.7732,0.3333,True,NONE,We'd like to help get this sorted out. Here’s what you can do to work around the issue until it’s fixed in a future software update: https://t.co/xXaXeeSRt9 Let us know if you have any questions along the way.,ESCALATE,CONFLICTING_EVIDENCE,Retrieved historical evidence contains conflicting troubleshooting paths or fragmented intents.,SAFE_TO_AUTO_HANDLE,Well-defined customer issue with matching historical resolution evidence.,FALSE_ESCALATE
CASE_006231,let me know there is any fix for it. Thanks https://t.co/psGLJjhlV2 @AppleSupport @120366 outlook works now! Just downloaded a new office package of version 15.39(171010),GENERAL_DEVICE_INQUIRY,HOW_TO_SETTINGS_CONFIGURATION,0.18514619917905006,0.6742,0.0,True,NONE,"We'd like to help get this sorted out. This isn’t expected behavior, we’ll work through fixing this together. Are you using an Outlook account with the Mail app? Or are you using an Outlook application with your Mac? Glad to see that's been resolved. Feel free to reach out to us if we can be of any further assistance. Our office hours are 7 days a week, from 5AM - 8PM PDT. If you contact us after business hours, rest assured we'll respond the following day. https://t.co/GDrqU22YpT Let us know if you have any questions along the way.",ESCALATE,INTENT_EVIDENCE_MISMATCH,Retrieved evidence intent alignment (0.00%) is below the validated alignment threshold (66.00%).,SAFE_TO_AUTO_HANDLE,Well-defined customer issue with matching historical resolution evidence.,FALSE_ESCALATE
CASE_004698,@130474 @115858 @AppleSupport ios 11 bug on camera.....apple must answer https://t.co/UdWIrJvaDo,OS_UPDATE_SYSTEM_PERFORMANCE,OS_UPDATE_SYSTEM_PERFORMANCE,0.4463390260564622,0.7433,0.3333,True,NONE,We'd be happy to help with this. We'll be happy to look into what's going on. Is it the front and rear camera? Does it happen in multiple apps? Glad to here it. We'll be here if you need us. Let us know if this helps resolve the issue.,ESCALATE,INTENT_EVIDENCE_MISMATCH,Retrieved evidence intent alignment (33.33%) is below the validated alignment threshold (66.00%).,SAFE_TO_AUTO_HANDLE,Well-defined customer issue with matching historical resolution evidence.,FALSE_ESCALATE
CASE_007306,These boxes killing me @AppleSupport 😒 @AppleSupport Fresh outta suggestions or?,GENERAL_DEVICE_INQUIRY,GENERAL_DEVICE_INQUIRY,0.3361846129847797,0.7358,0.3333,True,NONE,We'd like to help get this sorted out. Thanks for reaching out. We have this workaround for you: https://t.co/sDSg93LaFu You're welcome and thank you for your patience. Let us know if you have any questions along the way.,ESCALATE,INTENT_EVIDENCE_MISMATCH,Retrieved evidence intent alignment (33.33%) is below the validated alignment threshold (66.00%).,SAFE_TO_AUTO_HANDLE,Well-defined customer issue with matching historical resolution evidence.,FALSE_ESCALATE
CASE_007791,"@116333 @AppleSupport It seems like Game Center issues are not being escalated. More users reporting issues, no statement about what has happened in the last 24hours that would cause it. @116333 @AppleSupport Fixed. Cheers",GENERAL_DEVICE_INQUIRY,GENERAL_DEVICE_INQUIRY,0.16207481454370246,0.7521,0.0,True,NONE,"We'd be happy to help with this. We've got your back. Can you tell us the message you are seeing when trying to use Game Center or what's happening? Which device are you using? Thanks for reaching out and the screenshot. We'd like some details to assist. Which iPhone model and iOS is this occurring on? Let us know and we'll continue. Glad to hear it's working for you now. If there's anything you need in the future, reach out. We'll be happy to help. Let us know if this helps resolve the issue.",ESCALATE,INTENT_EVIDENCE_MISMATCH,Retrieved evidence intent alignment (0.00%) is below the validated alignment threshold (66.00%).,SAFE_TO_AUTO_HANDLE,Well-defined customer issue with matching historical resolution evidence.,FALSE_ESCALATE
CASE_007068,"hey @AppleSupport why does my phone keep showing i️ when i️ type the letter that comes after h in the alphabet plz fix @AppleSupport 11.0.3, it’s happening on twitter, snapchat, FB and is also auto suggesting it in imessages. @AppleSupport i️ just did that and it worked for the first text i️ sent then it showed up again https://t.co/d9tHa39dl2",GENERAL_DEVICE_INQUIRY,KEYBOARD_TYPING_AUTOCORRECT,0.44351607550124483,0.7603,0.3333,True,NONE,"We'd like to help get this sorted out. An update has been released to assist with this issue. If you haven’t yet, please back up your device and update it to iOS 11.1.1. For more info, check out: https://t.co/4f8hwT5to6 iOS 11.1.1 was recently released and it includes a fix for autocorrect issues. Be sure to back up your device prior to updating, and let us know if the issue persists afterwards. How to back up: https://t.co/4f8hwT5to6 Thanks for getting back to us and letting us know the issue has been resolved. Enjoy the rest of the weekend. Let us know if you have any questions along the way.",ESCALATE,INTENT_EVIDENCE_MISMATCH,Retrieved evidence intent alignment (33.33%) is below the validated alignment threshold (66.00%).,SAFE_TO_AUTO_HANDLE,Well-defined customer issue with matching historical resolution evidence.,FALSE_ESCALATE
CASE_005455,I wonder what these random ? marks mean. I can’t see the emoji but i definitely dont trust @AppleSupport &amp; @115858 to do another awful update,OS_UPDATE_SYSTEM_PERFORMANCE,OS_UPDATE_SYSTEM_PERFORMANCE,0.2194424580706731,0.791,0.0,True,NONE,"We'd like to help get this sorted out. We’ve recently released iOS 11.1.1, with a fix for autocorrect issues. Be sure to back up your device before updating. Here’s how to back up: https://t.co/ui8Itz8ESg Keep in mind, Frequently Used emojis may still contain ""I"", but will drop off eventually. Let us know if you have any questions along the way.",ESCALATE,INTENT_EVIDENCE_MISMATCH,Retrieved evidence intent alignment (0.00%) is below the validated alignment threshold (66.00%).,SAFE_TO_AUTO_HANDLE,Well-defined customer issue with matching historical resolution evidence.,FALSE_ESCALATE
CASE_006854,@AppleSupport https://t.co/nD489AZnJ7 @AppleSupport IPhone X ios 11 yesteday @AppleSupport I've already updated to iOS 11.1.1. the problem occurs when I try to enable iMessage. I have already contacted my telephone operator telling me to address you. Thanks,OS_UPDATE_SYSTEM_PERFORMANCE,OS_UPDATE_SYSTEM_PERFORMANCE,0.4125425257291706,0.8247,0.3333,True,NONE,"We'd be happy to help with this. We're happy to assist. Which iOS 11 version are you currently running? Go to Settings &gt; General &gt; About for the version. Are you having issues sending iMessages, receiving iMessages or both? Are you seeing any error messages? Let us know if this helps resolve the issue.",ESCALATE,CONFLICTING_EVIDENCE,Retrieved historical evidence contains conflicting troubleshooting paths or fragmented intents.,SAFE_TO_AUTO_HANDLE,Well-defined customer issue with matching historical resolution evidence.,FALSE_ESCALATE
CASE_000206,"What’s going with #iphone7plus batteries? Over the last few days my battery has been losing power, without being used much, at a rate I’ve never seen? @115858 is something happening? #apple @AppleSupport Hi replying to your tweet. Thank you",BATTERY_CHARGING_POWER,BATTERY_CHARGING_POWER,0.5520149215140799,0.7016,1.0,True,NONE,"We'd like to help get this sorted out. We’d like to understand more about this. Please DM us some details, including which country you're in and you're exact version of iOS 11, and we’ll take it from there. https://t.co/GDrqU22YpT Let us know if you have any questions along the way.",ESCALATE,LOW_INTENT_CONFIDENCE,Predicted intent confidence (0.5520) is below the validated confidence threshold (0.60).,SAFE_TO_AUTO_HANDLE,Well-defined customer issue with matching historical resolution evidence.,FALSE_ESCALATE
CASE_007185,"I think I’m getting sick @757907 Ugh me too, I just downed hella orange juice like I️t was gonna save me @757907 Okay this “i” shit still not resolved?!.. @115858",KEYBOARD_TYPING_AUTOCORRECT,GENERAL_DEVICE_INQUIRY,0.3571442776691902,0.5866,0.6667,True,NONE,We'd like to help get this sorted out. We are here to help. Please update to iOS 11.1.1: https://t.co/qODbOsp4wz Let us know if you have any questions along the way.,ESCALATE,WEAK_EVIDENCE,Top retrieval similarity (0.5866) is below the validated quality threshold (0.65).,SAFE_TO_AUTO_HANDLE,Well-defined customer issue with matching historical resolution evidence.,FALSE_ESCALATE
CASE_003724,@115858 you guys need to fix texts. I’m tired of typing “i” and getting this I️ @AppleSupport That worked!! Thank you so much!!!,KEYBOARD_TYPING_AUTOCORRECT,KEYBOARD_TYPING_AUTOCORRECT,0.2995808752184482,0.8534,0.0,True,NONE,We'd like to help get this sorted out. Here’s what you can do to work around the issue until it’s fixed in a future software update: https://t.co/xXaXeeSRt9 Let us know if you have any questions along the way.,ESCALATE,INTENT_EVIDENCE_MISMATCH,Retrieved evidence intent alignment (0.00%) is below the validated alignment threshold (66.00%).,SAFE_TO_AUTO_HANDLE,Well-defined customer issue with matching historical resolution evidence.,FALSE_ESCALATE
CASE_004476,"@AppleSupport can’t use home automation based on people grayed out, any idea ? https://t.co/ERgrHrznHz @AppleSupport Hi, iOS 11, TvOS 11 (all latest versions) on all devices, except I do have an old iPhone 4S, iPad 4, Apple TV 2&amp;3 on the same account @AppleSupport Well, turns out that waiting 24h after updating the last iOS11 device did the trick… seems to work now. Thanks",OS_UPDATE_SYSTEM_PERFORMANCE,OS_UPDATE_SYSTEM_PERFORMANCE,0.18491368762268556,0.5976,1.0,True,NONE,"We'd be happy to help with this. Let's look into this together. Have you had a chance to restart the App Store app, and your device since noticing this? Glad to hear it's resolved now. Definitely not expected. Rest assured, we're here for you if you have any other questions. Let us know if this helps resolve the issue.",ESCALATE,WEAK_EVIDENCE,Top retrieval similarity (0.5976) is below the validated quality threshold (0.65).,SAFE_TO_AUTO_HANDLE,Well-defined customer issue with matching historical resolution evidence.,FALSE_ESCALATE
CASE_003559,Hey @115858 why is everyone having issues with the capital I️? and it’s happening on twitter and now I’ve seen it on Facebook. @AppleSupport Thanks @477468 @AppleSupport I like that their solution is they have this weird ass problem so you have to do some work to fix I️t until they figure I️t out. @477468 @AppleSupport Also when I type “it” it looks normal in the text box but then gets fucked up when I send the text. Love this @477469 @AppleSupport I️ know right? @477469 @AppleSupport I don’t know if I️ fixed the problem but I did do all the steps. Won’t know until I hit reply @477469 @AppleSupport 🤷🏻‍♂️,KEYBOARD_TYPING_AUTOCORRECT,KEYBOARD_TYPING_AUTOCORRECT,0.31114508231044913,0.7891,0.3333,True,NONE,We'd like to help get this sorted out. Thanks for reaching out. We have a workaround for this here: https://t.co/xXaXeeSRt9 Great! We're happy to hear that helped. Let us know if you have any questions along the way.,ESCALATE,INTENT_EVIDENCE_MISMATCH,Retrieved evidence intent alignment (33.33%) is below the validated alignment threshold (66.00%).,SAFE_TO_AUTO_HANDLE,Well-defined customer issue with matching historical resolution evidence.,FALSE_ESCALATE
CASE_003464,@AppleSupport since getting the update my phone keeps switching itself on silent randomly...  how does this get fixed? @AppleSupport I have the most recent iOS update and an IPhone 6 and now on top of that the time and info never shows on my home screen https://t.co/AXNuWvSx2p @AppleSupport For 3 weeks and now when I change ringer volume the display panel with volume levels doesn’t come up!,AUDIO_SOUND_SPEAKER,AUDIO_SOUND_SPEAKER,0.4436249032244478,0.7749,1.0,True,NONE,We'd like to help get this sorted out. We'd love to help. Let's go to Settings&gt; Sounds&gt; Change with Buttons and let us know if that is enabled. You're very welcome. Please reach out to us in a DM if you are still having issues with the volume button. https://t.co/GDrqU22YpT Let us know if you have any questions along the way.,ESCALATE,LOW_INTENT_CONFIDENCE,Predicted intent confidence (0.4436) is below the validated confidence threshold (0.60).,SAFE_TO_AUTO_HANDLE,Well-defined customer issue with matching historical resolution evidence.,FALSE_ESCALATE
CASE_002557,"Hmm, not seeing the iPhone upgrade program pre-qualify in the Apple store app for my Tmobile phone, @AppleSupport @AppleSupport Thanks! The chat site linked there does not work well in Twitter, FYI",GENERAL_DEVICE_INQUIRY,APP_STORE_PURCHASES_BILLING,0.22710073487206875,0.687,0.0,True,NONE,We'd like to help get this sorted out. We’d be happy to help. Please DM us and let us know what’s happening. https://t.co/GDrqU2kzhr Let us know if you have any questions along the way.,ESCALATE,INTENT_EVIDENCE_MISMATCH,Retrieved evidence intent alignment (0.00%) is below the validated alignment threshold (66.00%).,SAFE_TO_AUTO_HANDLE,Well-defined customer issue with matching historical resolution evidence.,FALSE_ESCALATE
CASE_002588,"@AppleSupport is this compatible with any other apple products ex: iphone 7, ipods, ipads? https://t.co/bFLwTslmyR @AppleSupport @115858 @AppleSupport thanks for the help!",GENERAL_DEVICE_INQUIRY,GENERAL_DEVICE_INQUIRY,0.38706662185353313,0.6338,0.3333,True,NONE,"We'd like to help get this sorted out. Hello Lucas, the Video app was replaced with the TV app. For more information check this out: https://t.co/TM5BLXF27l Let us know if you have any questions along the way.",ESCALATE,WEAK_EVIDENCE,Top retrieval similarity (0.6338) is below the validated quality threshold (0.65).,SAFE_TO_AUTO_HANDLE,Well-defined customer issue with matching historical resolution evidence.,FALSE_ESCALATE
CASE_004856,"@AppleSupport Hi.Updated from iPhone 5 to 8 &amp; now cannot connect headphones 🎧 to 8 via Bluetooth never had probs on 5. What’s gone wrong? @AppleSupport hi I worked from this menu b4 I contacted you. All up to date, turned off/on Btooth phone on/off even did network reset @AppleSupport 
Current version iOS 11.0.3",AUDIO_SOUND_SPEAKER,CONNECTIVITY_WIFI_BLUETOOTH,0.5709187810520553,0.764,0.6667,True,NONE,"We'd like to help get this sorted out. We're here to help. Have you tried connecting to another Bluetooth enabled device to check and see if this issue is happening with all Bluetooth connections? Thanks for checking that out. Let's move to DM and continue there. https://t.co/GDrqU22YpT Great! We're glad it's working for you now. If you need anything else, please let us know. Let us know if you have any questions along the way.",ESCALATE,LOW_INTENT_CONFIDENCE,Predicted intent confidence (0.5709) is below the validated confidence threshold (0.60).,SAFE_TO_AUTO_HANDLE,Well-defined customer issue with matching historical resolution evidence.,FALSE_ESCALATE
CASE_004784,"Dear @AppleSupport since last ios update my iPhone has gone bit mad. 
It is now very dramatic &amp; high maintenance. I am not happy about it!😠 @AppleSupport Thank you I have sent you DM explaining how I’m about to drop kick my phone out the window soon. Although I am aware this may not help! 😤",OS_UPDATE_SYSTEM_PERFORMANCE,OS_UPDATE_SYSTEM_PERFORMANCE,0.2718488074870153,0.7521,0.3333,True,NONE,We'd like to help get this sorted out. Let’s work together on this. Could you let us know more details about the particular complications you’re facing via a DM? https://t.co/GDrqU22YpT Let us know if you have any questions along the way.,ESCALATE,CONFLICTING_EVIDENCE,Retrieved historical evidence contains conflicting troubleshooting paths or fragmented intents.,SAFE_TO_AUTO_HANDLE,Well-defined customer issue with matching historical resolution evidence.,FALSE_ESCALATE
CASE_005580,@115858 wtf I️ this damn question box I️ keep typing 🙄🙄 https://t.co/6lZ2Icyavf,KEYBOARD_TYPING_AUTOCORRECT,KEYBOARD_TYPING_AUTOCORRECT,0.4960989848094452,0.7611,0.3333,True,NONE,We'd like to help get this sorted out. We are here to help. Please update to iOS 11.1.1: https://t.co/qODbOsp4wz Let us know if you have any questions along the way.,ESCALATE,INTENT_EVIDENCE_MISMATCH,Retrieved evidence intent alignment (33.33%) is below the validated alignment threshold (66.00%).,SAFE_TO_AUTO_HANDLE,Well-defined customer issue with matching historical resolution evidence.,FALSE_ESCALATE
CASE_005330,Apple’s iOS updated screws up my “i’s” 😒😒😒@AppleSupport stupid @AppleSupport @629332 How about u just fix it. 👌🏽 @629333 @AppleSupport I️ second that. Why don’t you just fix it? I️ followed the manual way to do it by the error still occurs in Instagram... @629333 @AppleSupport Well guess not even your fix doesn’t work @629332 @AppleSupport Thanks @AppleSupport 😉 https://t.co/uTFp23W5OH,GENERAL_DEVICE_INQUIRY,GENERAL_DEVICE_INQUIRY,0.27161773013984936,0.7429,1.0,True,NONE,"We'd like to help get this sorted out. We'd like to help. If you are still seeing the issue when you type, DM us. If you are only seeing it when others type, then the issue is not on your device. https://t.co/GDrqU22YpT Let us know if you have any questions along the way.",ESCALATE,LOW_INTENT_CONFIDENCE,Predicted intent confidence (0.2716) is below the validated confidence threshold (0.60).,SAFE_TO_AUTO_HANDLE,Well-defined customer issue with matching historical resolution evidence.,FALSE_ESCALATE
CASE_001217,@AppleSupport what’s happening to iPhone resetting back to lock screens??? 🤬,GENERAL_DEVICE_INQUIRY,GENERAL_DEVICE_INQUIRY,0.16582163035389225,0.7396,0.0,True,NONE,We'd be happy to help with this. We want to help get your iPhone working properly. Which exact iOS version and iPhone are you using? Please take look under Settings &gt; General &gt; About and let us know the exact iOS version. Please check to see if you have an update available under Settings &gt; General &gt; Software Update. Let us know if this helps resolve the issue.,ESCALATE,INTENT_EVIDENCE_MISMATCH,Retrieved evidence intent alignment (0.00%) is below the validated alignment threshold (66.00%).,SAFE_TO_AUTO_HANDLE,Well-defined customer issue with matching historical resolution evidence.,FALSE_ESCALATE
CASE_002825,@AppleSupport @115858 something smells phishy. https://t.co/O4ElNtJHBD @AppleSupport Can’t tell you how many I get. 80% look authentic. @AppleSupport Thank you! And companies wonder why we don’t reply to emails and phone numbers we don’t know. Something needs to be done.,GENERAL_DEVICE_INQUIRY,HOW_TO_SETTINGS_CONFIGURATION,0.3647786320173899,0.7447,0.0,True,NONE,"We'd like to help get this sorted out. For help with identifying and reporting emails like this, check out this web page: https://t.co/yGvlh3cZ5Y Let us know if you have any questions along the way.",ESCALATE,INTENT_EVIDENCE_MISMATCH,Retrieved evidence intent alignment (0.00%) is below the validated alignment threshold (66.00%).,SAFE_TO_AUTO_HANDLE,Well-defined customer issue with matching historical resolution evidence.,FALSE_ESCALATE
CASE_007660,@AppleSupport how do you stop it changing to I.T ????? @AppleSupport Brill thanks,HOW_TO_SETTINGS_CONFIGURATION,HOW_TO_SETTINGS_CONFIGURATION,0.3036812762800844,0.7765,0.3333,True,NONE,We'd like to help get this sorted out. Here’s what you can do to work around the issue until it’s fixed in a future software update: https://t.co/xXaXeeSRt9 Let us know if you have any questions along the way.,ESCALATE,INTENT_EVIDENCE_MISMATCH,Retrieved evidence intent alignment (33.33%) is below the validated alignment threshold (66.00%).,SAFE_TO_AUTO_HANDLE,Well-defined customer issue with matching historical resolution evidence.,FALSE_ESCALATE
CASE_000531,"Anyone having issues sending iMessages over Cellular Data after going to 11.0.2 @AppleSupport @AppleSupport @174420 Mine or my bf’s won’t work either! @174419 @AppleSupport It took some time then it started to work @174420 @AppleSupport Ok good! Ours are still down @AppleSupport They’re working today, thank you!",CONNECTIVITY_WIFI_BLUETOOTH,CONNECTIVITY_WIFI_BLUETOOTH,0.3606358741698381,0.7591,0.0,True,NONE,"We'd like to help get this sorted out. We'd like to team up with you to help. What's the model you have and what's happening with it currently? Which exact iOS version is installed? Have you tried any troubleshooting steps so far? Do you mean iOS 11.0.2, or iOS 11.2? Also, which exact steps did you try? Let us know in DM here: https://t.co/GDrqU22YpT Let us know if you have any questions along the way.",ESCALATE,INTENT_EVIDENCE_MISMATCH,Retrieved evidence intent alignment (0.00%) is below the validated alignment threshold (66.00%).,SAFE_TO_AUTO_HANDLE,Well-defined customer issue with matching historical resolution evidence.,FALSE_ESCALATE
CASE_003220,"Unable to install iOS update. Gee, thanks @AppleSupport https://t.co/cwpy2hMLaQ @AppleSupport Thanks. That worked. Settings-General-iPhone Storage delete the update. Download and install. Bit like turn it off turn it on again... 😉",OS_UPDATE_SYSTEM_PERFORMANCE,OS_UPDATE_SYSTEM_PERFORMANCE,0.37020630777370717,0.7636,1.0,True,NONE,We'd like to help get this sorted out. We're happy to help and thanks for the screenshot. Let's start here: https://t.co/Ui1yTnOCUz Let us know if you have any questions along the way.,ESCALATE,LOW_INTENT_CONFIDENCE,Predicted intent confidence (0.3702) is below the validated confidence threshold (0.60).,SAFE_TO_AUTO_HANDLE,Well-defined customer issue with matching historical resolution evidence.,FALSE_ESCALATE
CASE_007664,"@115858 My IPhone 7 Is stuck on a picture of my homescreen and it wont shut down no matter what I do, even when i try to force shut it down and when i take the SD card out.. how do i fix this? @AppleSupport nevermind I looked it up and it turns out I had to hold the power button and low volume button. Thanks for such a quick response! 😄 https://t.co/Uh3GXowjDs",AUDIO_SOUND_SPEAKER,AUDIO_SOUND_SPEAKER,0.4411168711537544,0.6338,0.3333,True,NONE,We'd like to help get this sorted out. Let's get your iPhone working properly with iOS 11. Have you backed up and updated to iOS 11.0.2 yet? Thank you for letting us know. Could you tell us a little more about the behavior(s) you're experiencing? This certainly isn't the behavior we want you to be experiencing with your iPhone. Could you DM us and we can begin from there? https://t.co/GDrqU22YpT Let us know if you have any questions along the way.,ESCALATE,CONFLICTING_EVIDENCE,Retrieved historical evidence contains conflicting troubleshooting paths or fragmented intents.,SAFE_TO_AUTO_HANDLE,Well-defined customer issue with matching historical resolution evidence.,FALSE_ESCALATE
CASE_001011,"All of a sudden at the 24 month mark🤔 my @AppleSupport #iphone6 started to freeze &amp; shut off randomly even when fully charged. I cant use it for more than 10 minutes without it totally dying. It could shut off at 70%, and when I plug it in, it’s at 12%. What is going on? #apple",BATTERY_CHARGING_POWER,BATTERY_CHARGING_POWER,0.17992927605645626,0.7118,0.3333,True,NONE,"We'd like to help get this sorted out. Hey, we can take a look into the battery life with you. Please DM us the exact iOS version and we'll take it from there. https://t.co/GDrqU22YpT Let us know if you have any questions along the way.",ESCALATE,INTENT_EVIDENCE_MISMATCH,Retrieved evidence intent alignment (33.33%) is below the validated alignment threshold (66.00%).,SAFE_TO_AUTO_HANDLE,Well-defined customer issue with matching historical resolution evidence.,FALSE_ESCALATE
CASE_007673,First I.T was the “i” glitch and now my phone keeps changing “it” to I.T @115858 wtfffff,OS_UPDATE_SYSTEM_PERFORMANCE,OS_UPDATE_SYSTEM_PERFORMANCE,0.4138344956996097,0.7602,0.6667,True,NONE,We'd like to help get this sorted out. We're happy to assist. Send us a DM and let us know which iOS version you are currently running under Settings &gt; General &gt; About. https://t.co/GDrqU22YpT Thanks for confirming that. Let's continue in DM and we'll see what we can do. https://t.co/GDrqU22YpT Let us know if you have any questions along the way.,ESCALATE,LOW_INTENT_CONFIDENCE,Predicted intent confidence (0.4138) is below the validated confidence threshold (0.60).,SAFE_TO_AUTO_HANDLE,Well-defined customer issue with matching historical resolution evidence.,FALSE_ESCALATE
CASE_007424,"My iPhone 6S+ freezes after some time, then start working normally and then freezes again, this started after I installed this latest update! @AppleSupport @AppleSupport Ok thanks",OS_UPDATE_SYSTEM_PERFORMANCE,OS_UPDATE_SYSTEM_PERFORMANCE,0.3137446580033278,0.8416,1.0,True,NONE,We'd like to help get this sorted out. We’re here to address the issues you're experiencing. Which apps are freezing? Let us know in DM. https://t.co/GDrqU22YpT Let us know if you have any questions along the way.,ESCALATE,LOW_INTENT_CONFIDENCE,Predicted intent confidence (0.3137) is below the validated confidence threshold (0.60).,SAFE_TO_AUTO_HANDLE,Well-defined customer issue with matching historical resolution evidence.,FALSE_ESCALATE
CASE_003959,haaate this new update. @AppleSupport when are we getting a new update to fix this? @AppleSupport The letter “i” doesn’t show up @AppleSupport when it’s capitalized @AppleSupport OMG THANKS IT WORKED,OS_UPDATE_SYSTEM_PERFORMANCE,OS_UPDATE_SYSTEM_PERFORMANCE,0.5798366882422656,0.8548,0.3333,True,NONE,We'd like to help get this sorted out. We're here for you. Check out this article for a workaround: https://t.co/xU1AGHStV6 Let us know if you have any questions along the way.,ESCALATE,INTENT_EVIDENCE_MISMATCH,Retrieved evidence intent alignment (33.33%) is below the validated alignment threshold (66.00%).,SAFE_TO_AUTO_HANDLE,Well-defined customer issue with matching historical resolution evidence.,FALSE_ESCALATE
CASE_003208,@AppleSupport why since the latest iOS update does my phone continuously #freeze #crash #havetoreset 😡😡,OS_UPDATE_SYSTEM_PERFORMANCE,APP_CRASH_AND_DOWNLOAD,0.5496758528474583,0.7944,0.6667,True,NONE,"We'd like to help get this sorted out. We want your iPhone to run smoothly. Does this happen while using a particular app? Also, which iPhone model are you using? Thank you for providing those details. In DM, could you let us know the exact iOS version you're using? https://t.co/GDrqU22YpT Understood. Let’s keep working together on your situation via Direct Message. Use the following link. https://t.co/GDrqU22YpT Let us know if you have any questions along the way.",ESCALATE,LOW_INTENT_CONFIDENCE,Predicted intent confidence (0.5497) is below the validated confidence threshold (0.60).,SAFE_TO_AUTO_HANDLE,Well-defined customer issue with matching historical resolution evidence.,FALSE_ESCALATE
CASE_000549,Ever since I downloaded the High Sierra update for my MacBook I've had nothing but problems trying to connect to the internet @115858 @AppleSupport Contacted support again for the 2nd time. Was told there's no fix. I fixed it myself. Where's that job offer at? I have great people skills,CONNECTIVITY_WIFI_BLUETOOTH,OS_UPDATE_SYSTEM_PERFORMANCE,0.18123467449113118,0.6845,0.3333,True,NONE,"We'd like to help get this sorted out. A computer without Wi-Fi is never good. Let's see what's going on. Give this test a try: https://t.co/suf8yUyBYq It's a self-diagnostic test and we can use it to see if the Wi-Fi is reporting trouble. Let us know what it says. So just to clarify then, the failed Wi-Fi connections are not continual but come and go? Since this began, have you been able to check out this article and try the steps inside? https://t.co/b6uvkX3ylN Let us know if you have any questions along the way.",ESCALATE,INTENT_EVIDENCE_MISMATCH,Retrieved evidence intent alignment (33.33%) is below the validated alignment threshold (66.00%).,SAFE_TO_AUTO_HANDLE,Well-defined customer issue with matching historical resolution evidence.,FALSE_ESCALATE
CASE_002056,😕 @AppleSupport this seems less than ideal after updating a mid 2010 MacBook Pro to High Sierra https://t.co/44xz5DZBbp @AppleSupport Just checked again now; and of course it worked. I wonder if it had something to do with Spotlight indexing still running?,GENERAL_DEVICE_INQUIRY,GENERAL_DEVICE_INQUIRY,0.16985725056490458,0.6817,0.3333,True,NONE,We'd like to help get this sorted out. We may be able to help. Try rebuilding the Spotlight index. Check out this article: https://t.co/d4WKhnGwPr Let us know if you have any questions along the way.,ESCALATE,INTENT_EVIDENCE_MISMATCH,Retrieved evidence intent alignment (33.33%) is below the validated alignment threshold (66.00%).,SAFE_TO_AUTO_HANDLE,Well-defined customer issue with matching historical resolution evidence.,FALSE_ESCALATE
CASE_002298,"Ever since I updated my phone, it’s been sooo slow and keeps crashing! @AppleSupport @AppleSupport Yes 11",OS_UPDATE_SYSTEM_PERFORMANCE,APP_CRASH_AND_DOWNLOAD,0.7045906049616593,0.8472,0.3333,True,NONE,"We'd like to help get this sorted out. We want your iPhone to run smoothly. Does this happen while using a particular app? Also, which iPhone model are you using? Thank you for providing those details. In DM, could you let us know the exact iOS version you're using? https://t.co/GDrqU22YpT Understood. Let’s keep working together on your situation via Direct Message. Use the following link. https://t.co/GDrqU22YpT Let us know if you have any questions along the way.",ESCALATE,CONFLICTING_EVIDENCE,Retrieved historical evidence contains conflicting troubleshooting paths or fragmented intents.,SAFE_TO_AUTO_HANDLE,Well-defined customer issue with matching historical resolution evidence.,FALSE_ESCALATE
CASE_007255,@AppleSupport ... There won't be any issues during the installation after download if my area experiences internet outage. @AppleSupport Thanks,GENERAL_DEVICE_INQUIRY,GENERAL_DEVICE_INQUIRY,0.22660979881525378,0.6481,0.3333,True,NONE,We'd like to help get this sorted out. We're happy to help. Let us know if there is any chnage after restarting your iPhone like this: https://t.co/OWRDHWSt4h We're glad to hear that worked. Don't hesitate to reach back out if you ever have any questions or concerns for us. Let us know if you have any questions along the way.,ESCALATE,WEAK_EVIDENCE,Top retrieval similarity (0.6481) is below the validated quality threshold (0.65).,SAFE_TO_AUTO_HANDLE,Well-defined customer issue with matching historical resolution evidence.,FALSE_ESCALATE
CASE_003317,Does anyone want to tell me why I just got a call from my own number? It’s not October anymore @AppleSupport stop tryna be spooky @AppleSupport Update: they called me again and I answered but they hung up,OS_UPDATE_SYSTEM_PERFORMANCE,APP_STORE_PURCHASES_BILLING,0.1590741830665753,0.7348,0.0,True,NONE,"We'd like to help get this sorted out. We're sorry to hear about your phone call; this is unexpected. If you'd like, we're happy to work with you here. Just DM us details of the issue you're experiencing, your device model and iOS version and we'll get started sorting things out. https://t.co/GDrqU22YpT Let us know if you have any questions along the way.",ESCALATE,INTENT_EVIDENCE_MISMATCH,Retrieved evidence intent alignment (0.00%) is below the validated alignment threshold (66.00%).,SAFE_TO_AUTO_HANDLE,Well-defined customer issue with matching historical resolution evidence.,FALSE_ESCALATE
CASE_007887,"Why is it that every time I turn on my @AppleSupport iPad does it keep notifying me of old, previously notified messages?",GENERAL_DEVICE_INQUIRY,HOW_TO_SETTINGS_CONFIGURATION,0.21795064633541952,0.719,0.0,True,NONE,"We'd like to help get this sorted out. We can certainly take a look at this with you. Please try the steps we have listed online here first: https://t.co/osZOKKTalm DM us if you're still having issues after this. https://t.co/GDrqU22YpT After the update has completed, we'll want to turn those notifications back on as mentioned in step 4 of the article provided. If you have any further questions, feel free to reach out. Let us know if you have any questions along the way.",ESCALATE,INTENT_EVIDENCE_MISMATCH,Retrieved evidence intent alignment (0.00%) is below the validated alignment threshold (66.00%).,SAFE_TO_AUTO_HANDLE,Well-defined customer issue with matching historical resolution evidence.,FALSE_ESCALATE
CASE_007675,I use the talk-to-text function to get through my daily life but this update has rendered it essentially useless. It won’t even register the most basic statements/words. @115858 do better.,OS_UPDATE_SYSTEM_PERFORMANCE,OS_UPDATE_SYSTEM_PERFORMANCE,0.1992400472662275,0.7086,0.6667,True,NONE,We'd be happy to help with this. We appreciate you reaching out about your talk to text function. What happens when you try to use it? Which iOS version is your device currently running? We want to make sure that you're running the latest version. Let us know if this helps resolve the issue.,ESCALATE,LOW_INTENT_CONFIDENCE,Predicted intent confidence (0.1992) is below the validated confidence threshold (0.60).,SAFE_TO_AUTO_HANDLE,Well-defined customer issue with matching historical resolution evidence.,FALSE_ESCALATE
CASE_007665,"@AppleSupport @115948 ☹️☹️ https://t.co/byLnUWjYaI @AppleSupport No, I didn’t restart it and everything else seems to be working fine.
I’ll slide in the DMs ☺️",OS_UPDATE_SYSTEM_PERFORMANCE,APP_STORE_PURCHASES_BILLING,0.13423934761494846,0.8784,0.0,True,NONE,We'd like to help get this sorted out. We'd like to help! Let's try the steps outlined in this article: https://t.co/xXaXeeSRt9 You are more than welcome. Have a great day! Let us know if you have any questions along the way.,ESCALATE,INTENT_EVIDENCE_MISMATCH,Retrieved evidence intent alignment (0.00%) is below the validated alignment threshold (66.00%).,SAFE_TO_AUTO_HANDLE,Well-defined customer issue with matching historical resolution evidence.,FALSE_ESCALATE
CASE_001243,😡😡😡😡😡 @AppleSupport @115858 every 2 mins! https://t.co/O0fqbX0ITq,GENERAL_DEVICE_INQUIRY,GENERAL_DEVICE_INQUIRY,0.5317201294752648,0.8341,1.0,True,NONE,We'd like to help get this sorted out. We've got an update to fix the issue. Follow these steps to update to iOS 11.1.1: https://t.co/xXaXeeSRt9 Make sure you have a recent backup made prior to installing the update. Let us know if you have any questions along the way.,ESCALATE,LOW_INTENT_CONFIDENCE,Predicted intent confidence (0.5317) is below the validated confidence threshold (0.60).,SAFE_TO_AUTO_HANDLE,Well-defined customer issue with matching historical resolution evidence.,FALSE_ESCALATE
CASE_002926,"@AppleSupport Hi! I got a new phone and I set it up as a new iPhone and logged into I'm iCloud after but I've only got some of my contacts @AppleSupport Thank you! 💃🏾 
What other accounts?",ACCOUNT_APPLEID_ICLOUD,ACCOUNT_APPLEID_ICLOUD,0.7648476180360658,0.7072,0.3333,True,NONE,"We'd like to help get this sorted out. Contacts are important; let's help! Open Contacts &gt; Tap Groups (top left corner). Do you have all of your accounts selected? So were the missing contacts part of Outlook group, or another email group, that you were previously using? let's go to https://t.co/tmRhWEkIq4 from a computer and verify if your contacts are there. Here's how: https://t.co/klXy8CNAUn Let us know if you have any questions along the way.",ESCALATE,INTENT_EVIDENCE_MISMATCH,Retrieved evidence intent alignment (33.33%) is below the validated alignment threshold (66.00%).,SAFE_TO_AUTO_HANDLE,Well-defined customer issue with matching historical resolution evidence.,FALSE_ESCALATE
CASE_005885,@115858 do you guys hate Taylor Swift? Because after I did the last update my new Taylor Swift album is gone! That combined with all these other nonsense glitches - perfect time for Google to come out with a phone. @115858 After the newest update the Reputation album has completely disappeared from my music 😟😡 @AppleSupport @AppleSupport Yes not sure what happened but I went back into my download history on a different device and was able to get it back 🙄,APP_STORE_PURCHASES_BILLING,APP_STORE_PURCHASES_BILLING,0.31741028514272024,0.6895,0.3333,True,NONE,"We'd like to help get this sorted out. What's happening when you try to play the album? Please DM details, we're happy yo help out. https://t.co/GDrqU22YpT If you go to your purchase history on your device, do you see this purchase there? This link can help: https://t.co/7LU2nj59FH Awesome! We're glad that it worked out for you. Have a wonderful day! Let us know if you have any questions along the way.",ESCALATE,CONFLICTING_EVIDENCE,Retrieved historical evidence contains conflicting troubleshooting paths or fragmented intents.,SAFE_TO_AUTO_HANDLE,Well-defined customer issue with matching historical resolution evidence.,FALSE_ESCALATE
CASE_004310,@115858 fix this I️ @AppleSupport Appreciate it 💯,GENERAL_DEVICE_INQUIRY,GENERAL_DEVICE_INQUIRY,0.37318262898625654,0.9534,1.0,True,NONE,"We'd like to help get this sorted out. An update has been released to assist with this issue. If you haven’t yet, please back up your device and update it to iOS 11.1.1. For more info, check out: https://t.co/4f8hwT5to6 Let us know if you have any questions along the way.",ESCALATE,LOW_INTENT_CONFIDENCE,Predicted intent confidence (0.3732) is below the validated confidence threshold (0.60).,SAFE_TO_AUTO_HANDLE,Well-defined customer issue with matching historical resolution evidence.,FALSE_ESCALATE
CASE_004200,@AppleSupport thanks for giving me this typo glitch A[?].. it’s making me look like a real tweaking dunce cap idiot to others. FIX IT MEOW. @AppleSupport Thanks! Lol,OS_UPDATE_SYSTEM_PERFORMANCE,OS_UPDATE_SYSTEM_PERFORMANCE,0.2638750469999255,0.6085,1.0,True,NONE,"We'd like to help get this sorted out. We'd love to help. Can you DM us your complete software version from Settings &gt; General &gt; About, next to version? https://t.co/GDrqU22YpT Let us know if you have any questions along the way.",ESCALATE,WEAK_EVIDENCE,Top retrieval similarity (0.6085) is below the validated quality threshold (0.65).,SAFE_TO_AUTO_HANDLE,Well-defined customer issue with matching historical resolution evidence.,FALSE_ESCALATE
CASE_005328,@AppleSupport I️ AM TIRED OF THIS GLITCH @AppleSupport Thank you. I have resolved the issue for the time being,OS_UPDATE_SYSTEM_PERFORMANCE,OS_UPDATE_SYSTEM_PERFORMANCE,0.3778829109024398,0.9138,0.3333,True,NONE,"We'd like to help get this sorted out. Here’s what you can do to work around the issue until it’s fixed in a future software update: https://t.co/xXaXeeSRt9 Alright, we'd like to take a deeper look into this with you. DM us and we'll start there. https://t.co/GDrqU22YpT Let us know if you have any questions along the way.",ESCALATE,INTENT_EVIDENCE_MISMATCH,Retrieved evidence intent alignment (33.33%) is below the validated alignment threshold (66.00%).,SAFE_TO_AUTO_HANDLE,Well-defined customer issue with matching historical resolution evidence.,FALSE_ESCALATE
CASE_004541,@AppleSupport fix this I️ shit already please @AppleSupport Thanks apple,GENERAL_DEVICE_INQUIRY,GENERAL_DEVICE_INQUIRY,0.48141260260610375,0.9158,1.0,True,NONE,We'd like to help get this sorted out. Here’s what you can do to work around the issue until it’s fixed in a future software update: https://t.co/evcqP6KgPj No problem. Let us know if you need any further assistance. Let us know if you have any questions along the way.,ESCALATE,LOW_INTENT_CONFIDENCE,Predicted intent confidence (0.4814) is below the validated confidence threshold (0.60).,SAFE_TO_AUTO_HANDLE,Well-defined customer issue with matching historical resolution evidence.,FALSE_ESCALATE
CASE_001884,@AppleSupport can I get rid of the new update? It has seriously messed up my phone. It freezes every few minutes and I cant hear phone calls @AppleSupport I have an iphone 6 and yes I have the latest version of the iOS 11 update.,AUDIO_SOUND_SPEAKER,OS_UPDATE_SYSTEM_PERFORMANCE,0.4571810293374798,0.8328,1.0,True,NONE,We'd like to help get this sorted out. We'd be happy to look into these issues with you. Send us a DM and we'll continue there. https://t.co/GDrqU2kzhr Let us know if you have any questions along the way.,ESCALATE,LOW_INTENT_CONFIDENCE,Predicted intent confidence (0.4572) is below the validated confidence threshold (0.60).,SAFE_TO_AUTO_HANDLE,Well-defined customer issue with matching historical resolution evidence.,FALSE_ESCALATE
CASE_001051,"@AppleSupport iphone8 works fine, Series 2 Watch works fine, everything’s perfect apart from my activity and workouts aren’t syncing since Tuesday! WiFi, data and Bluetooth all on and working too! Help!!! @AppleSupport Yep done all that eventually I reset the watch completely and set up as a new device and it’s working again. Thanks anyway",CONNECTIVITY_WIFI_BLUETOOTH,CONNECTIVITY_WIFI_BLUETOOTH,0.7395847215617771,0.7087,0.3333,True,NONE,"We'd like to help get this sorted out. We can help you with this issue. Can you tell us which watchOS and iOS versions you are currently using please? Let's try unpairing the Watch from the iPhone. This is the equivalent to restoring to factory settings, and is a great step to resolve this. Follow the steps here: https://t.co/UCuy0qGg07 Once done, pair the Watch back to your phone. Let us know if this works. Let us know if you have any questions along the way.",ESCALATE,CONFLICTING_EVIDENCE,Retrieved historical evidence contains conflicting troubleshooting paths or fragmented intents.,SAFE_TO_AUTO_HANDLE,Well-defined customer issue with matching historical resolution evidence.,FALSE_ESCALATE
CASE_000592,"@115858 @AppleSupport thanks for rolling out an update that broke my perfectly phone and lost all my memories. You’re criminal! #fuckapple @AppleSupport @180179 He didn’t back up... you think photo library is on? Wonder if he knows his Apple ID. Good luck with the NPS score on this one! 👍🤣 @180180 @AppleSupport I totally didn’t back up. My fault. But my phone worked perfect until I updated. Then it crashed and never turned on again. Seems wrong @180179 @AppleSupport And that’s why since the Dawn Of Time you’ve always been told to backup before updating your software, on All Computers/idevices.🤦🏻‍♂️",ACCOUNT_APPLEID_ICLOUD,ACCOUNT_APPLEID_ICLOUD,0.3985002484666771,0.6792,0.3333,True,NONE,"We'd like to help get this sorted out. We understand wanting your new iPhone to be able to restore from the backup your wife made. To make sure, which iOS is installed? Is it showing iOS 11 or iOS 11.0.3 on the iPhone you're attempting to restore? Let us know in a DM and we'll continue. https://t.co/GDrqU22YpT Was the previous device on iOS 11.0.3? If so, update and test restoring the backup again. Let us know the results in a DM. https://t.co/GDrqU22YpT Excellent to hear! If there's anything you need in the future, reach out. We'll be happy to help. Let us know if you have any questions along the way.",ESCALATE,INTENT_EVIDENCE_MISMATCH,Retrieved evidence intent alignment (33.33%) is below the validated alignment threshold (66.00%).,SAFE_TO_AUTO_HANDLE,Well-defined customer issue with matching historical resolution evidence.,FALSE_ESCALATE
CASE_005960,Sure wish @AppleSupport would fix the letter change problem when the I️’s 😒 it should turn into this I️ @AppleSupport I’ll do that thanks 👌🏽,GENERAL_DEVICE_INQUIRY,KEYBOARD_TYPING_AUTOCORRECT,0.42395555018223047,0.8038,0.3333,True,NONE,We'd like to help get this sorted out. Here’s what you can do to work around the issue until it’s fixed in a future software update: https://t.co/xXaXeeSRt9 Let us know if you have any questions along the way.,ESCALATE,CONFLICTING_EVIDENCE,Retrieved historical evidence contains conflicting troubleshooting paths or fragmented intents.,SAFE_TO_AUTO_HANDLE,Well-defined customer issue with matching historical resolution evidence.,FALSE_ESCALATE
CASE_001017,@AppleSupport Is iMessage currently down in canada @AppleSupport Cannot send an iMessage from my iMac. Happened suddenly worked earlier today @AppleSupport The status bar goes 3/4 of the way and then stops. Icon says message not delivered,GENERAL_DEVICE_INQUIRY,GENERAL_DEVICE_INQUIRY,0.16655005252584046,0.7465,0.6667,True,NONE,"We'd be happy to help with this. We will address your issues. First, were you having trouble with messags after swapping your SIM card into the 6s, or before? The two are likely related. Do you use iMessage on any other devices? We're glad to hear it. Have a great rest of your day. Let us know if this helps resolve the issue.",ESCALATE,LOW_INTENT_CONFIDENCE,Predicted intent confidence (0.1666) is below the validated confidence threshold (0.60).,SAFE_TO_AUTO_HANDLE,Well-defined customer issue with matching historical resolution evidence.,FALSE_ESCALATE
CASE_001118,"@AppleSupport How can I turn off Live mode on my camera? @AppleSupport I had turned it off, but it still automatically turns on when I open my camera app. https://t.co/jxM962OtFw",DISPLAY_TOUCH_SCREEN,DISPLAY_TOUCH_SCREEN,0.596215997464082,0.8275,0.6667,True,NONE,"We'd be happy to help with this. That's a great question and we'll certainly take a look into this. To help us out, may we get the iOS version number? Tap Flash and choose On or Off, not Auto. Then turn Live Photo on or off and then Settings &gt; Camera &gt; Preserve Settings. Next step, we'll want to get you updated to iOS 11.0.3 and then check those settings again. Let us know how that goes. Let us know if this helps resolve the issue.",ESCALATE,LOW_INTENT_CONFIDENCE,Predicted intent confidence (0.5962) is below the validated confidence threshold (0.60).,SAFE_TO_AUTO_HANDLE,Well-defined customer issue with matching historical resolution evidence.,FALSE_ESCALATE
CASE_004267,@AppleSupport can you fix this issue we’re having every time I️ type this box with an A shows up and no one knows what the hell im saying 😫 @AppleSupport Thanks seems to be working so far I hope lol,GENERAL_DEVICE_INQUIRY,GENERAL_DEVICE_INQUIRY,0.330939487282453,0.8146,0.6667,True,NONE,"We'd like to help get this sorted out. We've released a fix for this behavior. Let's help get this sorted for you. To learn more information, please visit: https://t.co/xU1AGHStV6 Let us know if you have any questions along the way.",ESCALATE,LOW_INTENT_CONFIDENCE,Predicted intent confidence (0.3309) is below the validated confidence threshold (0.60).,SAFE_TO_AUTO_HANDLE,Well-defined customer issue with matching historical resolution evidence.,FALSE_ESCALATE
CASE_004346,@AppleSupport  Update bricked my daughters' phone . She is sitting at genius bar and no one knows what to do. @AppleSupport I phone support fixed the issue. TY,OS_UPDATE_SYSTEM_PERFORMANCE,OS_UPDATE_SYSTEM_PERFORMANCE,0.278137138429232,0.8144,0.6667,True,NONE,We'd be happy to help with this. We want to help! Were you able to update the device after you connected it to a computer? Let us know and we'll do our best to assist. Do you happen to have a data backup of your device? We might be able to recover some of your data if you do have a backup in iTunes or on iCloud. Let us know if this helps resolve the issue.,ESCALATE,LOW_INTENT_CONFIDENCE,Predicted intent confidence (0.2781) is below the validated confidence threshold (0.60).,SAFE_TO_AUTO_HANDLE,Well-defined customer issue with matching historical resolution evidence.,FALSE_ESCALATE
CASE_004632,"@115858 May you please fix this I️ issue with my phone I’m trying to type the letter I!!!! @AppleSupport Thank you, hopefully you guys fix this issue really soon. It’s annoying!",KEYBOARD_TYPING_AUTOCORRECT,KEYBOARD_TYPING_AUTOCORRECT,0.5149934172296237,0.8906,0.6667,True,NONE,"We'd like to help get this sorted out. We want your keyboard working for you; we'll do all we can to help. To start, we released iOS 11.1.1 which is meant to address this issue. If you haven't already, let's update with these steps: https://t.co/ahjigcvFRG You're most welcome. We're always happy to help. DM us with any other questions. https://t.co/GDrqU22YpT Let us know if you have any questions along the way.",ESCALATE,LOW_INTENT_CONFIDENCE,Predicted intent confidence (0.5150) is below the validated confidence threshold (0.60).,SAFE_TO_AUTO_HANDLE,Well-defined customer issue with matching historical resolution evidence.,FALSE_ESCALATE
CASE_000931,"@115858 @AppleSupport when i search contact on imessage, there some trouble. Like stuck on keyboard and going so heavy to choice anycontact @AppleSupport Like this video, this is normal ? Slow when i searching? https://t.co/fx1ecIeuU8 @AppleSupport Thank you for understanding what i mean. iMessage normally on ipad air, this happen on iOS 11.0 on iphone 7+ and little on iphone 5 10.3.3",KEYBOARD_TYPING_AUTOCORRECT,KEYBOARD_TYPING_AUTOCORRECT,0.404216882882255,0.717,0.0,True,NONE,We'd be happy to help with this. We're happy to assist. Which iOS 11 version are you currently running? Go to Settings &gt; General &gt; About for the version Does restarting your iPhone help at all? Let us know if this helps resolve the issue.,ESCALATE,INTENT_EVIDENCE_MISMATCH,Retrieved evidence intent alignment (0.00%) is below the validated alignment threshold (66.00%).,SAFE_TO_AUTO_HANDLE,Well-defined customer issue with matching historical resolution evidence.,FALSE_ESCALATE
CASE_002486,"@AppleSupport after update to ios 11, i don’t get notif for new posts, and receive the notif only after opening WhatsApp, plese fix it ASAP! @AppleSupport @360029 Do you frequently swipe up on WhatsApp to clear it? This prevents WhatsApp from showing notifications on iOS 11. @AppleSupport i rarely use other chat app,but for game notif it run normally.when i google it,not just me have same problem like this after updat to ios11 @360030 @AppleSupport I swipe down and swipe up just for check my notif, not to clear it, it is effect to my whatsapp notification? @360029 @AppleSupport Oh I was referring to swiping up to make the app go away after you tap the Home button twice. @AppleSupport not yet. i try to write a review about whatsapp on app store, but after fill my nickname, i cant send it and my review not show up @360030 @AppleSupport you suggest to let whatsapp on my backgroundapp,dont close it(with swipe up)? if i doing like that,my whatsappnotif will be normal as usual? @360029 @AppleSupport Yes please try that (don’t close it) and see if notifications go back to normal. I think battery usage will go down too. :) @360030 @AppleSupport oke. thanks.",BATTERY_CHARGING_POWER,KEYBOARD_TYPING_AUTOCORRECT,0.17462659533266522,0.7414,1.0,True,NONE,We'd like to help get this sorted out. We'd be happy to assist you with this. Can you provide us which iOS version you're using? Thanks for providing that information. Can you confirm which version of iOS 11 you're using? https://t.co/ZTw54HL4Rm Are your notifications set properly as shown here: https://t.co/2txgOv5s2M for SnapChat? Let's take a closer look. Please DM us and we can go from there. https://t.co/GDrqU22YpT Let us know if you have any questions along the way.,ESCALATE,LOW_INTENT_CONFIDENCE,Predicted intent confidence (0.1746) is below the validated confidence threshold (0.60).,SAFE_TO_AUTO_HANDLE,Well-defined customer issue with matching historical resolution evidence.,FALSE_ESCALATE
CASE_000918,"having prob with my app store, cant even download a single app! please fix it @AppleSupport 😪 @AppleSupport Nope, it keeps loading. It doesnt start downloading. I thought it was my connection but nope. @AppleSupport yeah it’s fine now. Thank you!",APP_STORE_PURCHASES_BILLING,APP_STORE_PURCHASES_BILLING,0.4206985427327612,0.8341,0.6667,True,NONE,"We'd like to help get this sorted out. You can check our system status at anytime here: https://t.co/7NVrDovSd8 Send us a DM, we'd like to help you with those downloads. https://t.co/GDrqU22YpT Glad you got it to work. We're here if you have other questions. Let us know if you have any questions along the way.",ESCALATE,LOW_INTENT_CONFIDENCE,Predicted intent confidence (0.4207) is below the validated confidence threshold (0.60).,SAFE_TO_AUTO_HANDLE,Well-defined customer issue with matching historical resolution evidence.,FALSE_ESCALATE
CASE_000891,"@115858 @AppleSupport since recent software upgrade my phone alarm rings at FULL VOLUME no matter if the sounds off or it’s on silent. why 😧 @AppleSupport Custom alarm, it’s ever since the update it’s always full volume. I’ve used iPhones as my alarm clock since the original iphone. @AppleSupport Just tried with me old iphone 6 that hasn’t had the latest update &amp; it worked perfect coming on at minimum volume.So I’m sure its the update",AUDIO_SOUND_SPEAKER,AUDIO_SOUND_SPEAKER,0.7979548939448007,0.7573,0.3333,True,NONE,We'd be happy to help with this. We’d be glad to help with that. Have you tried to delete all the alarms and create new ones? Let us know what happens. Let us know if this helps resolve the issue.,ESCALATE,INTENT_EVIDENCE_MISMATCH,Retrieved evidence intent alignment (33.33%) is below the validated alignment threshold (66.00%).,SAFE_TO_AUTO_HANDLE,Well-defined customer issue with matching historical resolution evidence.,FALSE_ESCALATE
CASE_005544,Oh great the stupid Apple glitch is showing up on my phone @115858 FIX THIS PLEASE,OS_UPDATE_SYSTEM_PERFORMANCE,OS_UPDATE_SYSTEM_PERFORMANCE,0.33462384363041653,0.8044,1.0,True,NONE,"We'd like to help get this sorted out. Here’s what you can do to work around the issue until it’s fixed in a future software update: https://t.co/xXaXeeSRt9 Fill us in via DM in detail on what you are experiencing, then we can help out with this from there. https://t.co/GDrqU22YpT Let us know if you have any questions along the way.",ESCALATE,LOW_INTENT_CONFIDENCE,Predicted intent confidence (0.3346) is below the validated confidence threshold (0.60).,SAFE_TO_AUTO_HANDLE,Well-defined customer issue with matching historical resolution evidence.,FALSE_ESCALATE
CASE_003565,"Just updated to iOS 11.1 &amp; iPhone will recognize it’s being charged for under 1 min then stops charging. What’s up with that, @AppleSupport? @AppleSupport Thanks! Apple-certified cable and iPhone 6.  Issue started immediately after updating to the latest iOS. @AppleSupport Cable and prongs are fine with no debris anywhere. Was plugged in/charging during iOS update and working fine until update was complete. @AppleSupport Now charges when MBPro is ""awake,"" BUT it charges extremely slowly. Based on timing, seems highly unlikely to be a hardware issue, no? @AppleSupport Same cable plugged to wall outlet is fine. When MBPro is awake, fine. Won’t charge more than 1 min when MBPro is asleep.",BATTERY_CHARGING_POWER,BATTERY_CHARGING_POWER,0.5605842762344767,0.6912,0.6667,True,NONE,We'd like to help get this sorted out. Let’s team up on this situation. Could you let us know more details via a DM? We’ll keep moving forward from there. https://t.co/GDrqU22YpT Thanks for the update. DM us and let us know where you're located. https://t.co/GDrqU22YpT Let us know if you have any questions along the way.,ESCALATE,LOW_INTENT_CONFIDENCE,Predicted intent confidence (0.5606) is below the validated confidence threshold (0.60).,SAFE_TO_AUTO_HANDLE,Well-defined customer issue with matching historical resolution evidence.,FALSE_ESCALATE
CASE_004668,"Also, impatiently waiting for @115858 to fix this annoying glitch shit @533924 @115858 complaining about it isn't gonna fix it, just sayin' @533925 @115858 Well if I️ was smart enough to fix I️t, it’d already be fixed @AppleSupport Thanks I already did that",KEYBOARD_TYPING_AUTOCORRECT,GENERAL_DEVICE_INQUIRY,0.3089898495713486,0.8416,0.3333,True,NONE,We'd like to help get this sorted out. We're here to help. We recommend the following steps at this time: https://t.co/xU1AGHStV6 Let us know if you have any questions along the way.,ESCALATE,INTENT_EVIDENCE_MISMATCH,Retrieved evidence intent alignment (33.33%) is below the validated alignment threshold (66.00%).,SAFE_TO_AUTO_HANDLE,Well-defined customer issue with matching historical resolution evidence.,FALSE_ESCALATE
CASE_003571,I️ fucked up doki doki HONESTLY I️ am about to fucking call @115858 and complain @AppleSupport thank you!! is this just like a weird bug with the latest iOS update?,OS_UPDATE_SYSTEM_PERFORMANCE,OS_UPDATE_SYSTEM_PERFORMANCE,0.3541446778139653,0.6549,1.0,True,NONE,"We'd be happy to help with this. We're glad you thought to reach out to us. We know that you need your iPhone working as expected. Please tell us what's going on so that we can help. It seems as if your video isn't coming through on our end. Let's confirm the following: 1. What's happening with your device, exactly? Which model do you have? What's the iOS version installed here: Settings &gt; General &gt; About &gt; Version Let us know if this helps resolve the issue.",ESCALATE,LOW_INTENT_CONFIDENCE,Predicted intent confidence (0.3541) is below the validated confidence threshold (0.60).,SAFE_TO_AUTO_HANDLE,Well-defined customer issue with matching historical resolution evidence.,FALSE_ESCALATE
CASE_004922,"merci @115858 depuis que j’ai fais votre dernière MAJ sur mon Iphone 6S , ca bug autant que snapchat et la batterie iphone @AppleSupport thank you for the last update on my iphone 6s ,my iphone lagging so hard like your iphone batterie with the apps snapchat",OS_UPDATE_SYSTEM_PERFORMANCE,OS_UPDATE_SYSTEM_PERFORMANCE,0.2943920956739346,0.6133,0.6667,True,NONE,We'd like to help get this sorted out. We offer support via Twitter in English. Contact us for help in your preferred language here: https://t.co/IBIY3vMgPj We want you to experience the performance you expect from your iPhone. Select the following link to join us in a DM. https://t.co/GDrqU22YpT Let us know if you have any questions along the way.,ESCALATE,WEAK_EVIDENCE,Top retrieval similarity (0.6133) is below the validated quality threshold (0.65).,SAFE_TO_AUTO_HANDLE,Well-defined customer issue with matching historical resolution evidence.,FALSE_ESCALATE
CASE_001302,Apps keep randomly crashing on my phone I can’t do anything FIX THIS @AppleSupport @AppleSupport Does anyone know how to fix this I can’t get to an Apple store until tomorrow :(,APP_CRASH_AND_DOWNLOAD,APP_CRASH_AND_DOWNLOAD,0.2417738788280375,0.7873,1.0,True,NONE,We'd be happy to help with this. We'd be happy to look into what's happening with your apps. Which iPhone and iOS version are you using? You can find the version by going to Settings &gt; General &gt; About &gt; Version. Let us know if this helps resolve the issue.,ESCALATE,LOW_INTENT_CONFIDENCE,Predicted intent confidence (0.2418) is below the validated confidence threshold (0.60).,SAFE_TO_AUTO_HANDLE,Well-defined customer issue with matching historical resolution evidence.,FALSE_ESCALATE
