query_case_id,query_thread_id,query_intent,query_customer_text,retrieved_rank,retrieved_case_id,retrieved_intent,similarity_score,retrieved_customer_problem,retrieved_support_response,retrieved_outcome,relevance_score,relevance_label,relevance_rationale
CASE_005171,2093887,ACCOUNT_APPLEID_ICLOUD,"@AppleSupport just received my iPhoneX, my photos aren’t transferring from old to new device. HELP! I have iCloud photo stream on. Only 159 pictures out of over 22,000 transferred. @AppleSupport Got it! Just had to sign in and out of iCloud! Whew!",1,CASE_003598,ACCOUNT_APPLEID_ICLOUD,0.7832,@AppleSupport was my iCloud photo library supposed to automatically transfer to my new iPhone when I signed into icloud? It didn’t. @481188 @AppleSupport I’m having the same issue. Have you figured this out yet? @AppleSupport I’m good now but @481187 needs help. @429849 @AppleSupport Yes I do lol,@481188 Let's help get this sorted. Is iCloud Photo Library enabled as shown here? https://t.co/8YUslsnsM5 Let us know in DM. https://t.co/GDrqU22YpT @429849 We want to help. Meet us in DM and we'll work towards a solution together. https://t.co/GDrqU2kzhr,CLEARLY_RESOLVED,2,Strongly Relevant,Strong semantic alignment with identical customer symptom and actionable resolution.
CASE_005171,2093887,ACCOUNT_APPLEID_ICLOUD,"@AppleSupport just received my iPhoneX, my photos aren’t transferring from old to new device. HELP! I have iCloud photo stream on. Only 159 pictures out of over 22,000 transferred. @AppleSupport Got it! Just had to sign in and out of iCloud! Whew!",2,CASE_000508,ACCOUNT_APPLEID_ICLOUD,0.7248,@AppleSupport none of my photos have went onto my new iPhone device eventhough they were backed up and I’ve tried everything I know of m?? @AppleSupport iCloud I think!,"@173620 You came to the right place! Did you back-up your data with iCloud or iTunes? See if this helps: https://t.co/lOVrD5pu5o @173620 Great. Is iCloud Photo Library enabled on your new iPhone? You can check at Settings &gt; Photo. Also, do you have your old iPhone?",PARTIALLY_RESOLVED,2,Strongly Relevant,Strong semantic alignment with identical customer symptom and actionable resolution.
CASE_005171,2093887,ACCOUNT_APPLEID_ICLOUD,"@AppleSupport just received my iPhoneX, my photos aren’t transferring from old to new device. HELP! I have iCloud photo stream on. Only 159 pictures out of over 22,000 transferred. @AppleSupport Got it! Just had to sign in and out of iCloud! Whew!",3,CASE_002809,ACCOUNT_APPLEID_ICLOUD,0.7029,So my photos haven’t came back on my new phone.... @115858 this restore didn’t work @AppleSupport iCloud,@396700 We can help. Did you restore through iTunes or iCloud? @396700 Let's go to Settings &gt; Photos. Is iCloud Photo Library turned on? Do you see a message showing Photos are being downloaded?,PARTIALLY_RESOLVED,2,Strongly Relevant,Strong semantic alignment with identical customer symptom and actionable resolution.
CASE_004452,1743677,ACCOUNT_APPLEID_ICLOUD,"@AppleSupport hi, when I go to ""Report a Problem"" about some of my receipts, I try to login and it keeps taking me back to login again @AppleSupport Being on a different browser helped, thanks!!",1,CASE_005590,ACCOUNT_APPLEID_ICLOUD,0.6742,@AppleSupport what is this can't log in https://t.co/TPsDdJEL35 @AppleSupport thanks for the reply - sends me back to the log in - no progress,"@629703 Thanks for reaching out. We understand the importance of getting into your Mac. It looks like while you're seeing the unexpected text display, there's also a progress bar in the center. Does the progress bar move, and if so, is there any change when it's complete? @629703 Thanks for clarifying. It sounds like you power your Mac on, see the login screen, and the issue begins after logging in, while the system loads. Let's try booting your Mac into safe mode; this page explains what it does, and how to use it: https://t.co/PQ4LSYhUTY",PARTIALLY_RESOLVED,2,Strongly Relevant,Strong semantic alignment with identical customer symptom and actionable resolution.
CASE_004452,1743677,ACCOUNT_APPLEID_ICLOUD,"@AppleSupport hi, when I go to ""Report a Problem"" about some of my receipts, I try to login and it keeps taking me back to login again @AppleSupport Being on a different browser helped, thanks!!",2,CASE_006768,GENERAL_DEVICE_INQUIRY,0.6614,@AppleSupport help plis https://t.co/KiLdtWnvf3 @AppleSupport I was updating it and then it just stopped and this popped up when I restarted and started logging in @AppleSupport Help me apple support @AppleSupport Yessir and it said the same thing when I tried logging in @AppleSupport Help me please I need to do my homework!! @AppleSupport Thanks,"@718620 We want to help. What were you doing on the Mac when this happened? @718620 Okay, thanks. Have you tried restarting your Mac? @718620 Thanks for letting us know. We've received your DM and we'll continue to assist you from there.",PARTIALLY_RESOLVED,1,Somewhat Relevant,Partial semantic overlap; related hardware/software component or troubleshooting procedure.
CASE_004452,1743677,ACCOUNT_APPLEID_ICLOUD,"@AppleSupport hi, when I go to ""Report a Problem"" about some of my receipts, I try to login and it keeps taking me back to login again @AppleSupport Being on a different browser helped, thanks!!",3,CASE_006261,ACCOUNT_APPLEID_ICLOUD,0.6514,@AppleSupport getting a “connection error” when trying to login on a desktop through a browser. What’s going on? @AppleSupport It’s now working.,"@684424 We'd like to help. Just to clarify, are you referring to logging into iCloud? If so, all services appear to be up and running currently: https://t.co/xR0BAXItoi Could you tell us which system you're experiencing this issue with? @684424 Glad to hear it. Feel free to reach out if you run into any more issues.",CLEARLY_RESOLVED,2,Strongly Relevant,Strong semantic alignment with identical customer symptom and actionable resolution.
CASE_006666,2499259,ACCOUNT_APPLEID_ICLOUD,@AppleSupport I am a technician helping a iPad user retrieve her Apple ID password. Does not have recovery email password and forgets the security questions. How can I get this password back? @AppleSupport This looks good but the iPad has been restored and is waiting for this password . Is there a way to do this on the web? @AppleSupport Thank you for this information,1,CASE_007730,CONNECTIVITY_WIFI_BLUETOOTH,0.7213,@AppleSupport how do I reset my iPad? I have tried to to connect to iTunes.. still saying iPad is disabled @AppleSupport What if it was originally synced with iTunes but I can not remember the log in for that. @AppleSupport If I take this into a store will they be able to help ? @AppleSupport I have worked through the recovery mode but no luck... it originally was connected to my ex's iTunes and he he doesn't have a clue what that is.. @AppleSupport Am not sure I fit into the category of recovery mode as it has been connected to an iTunes account... just no idea what that is,"@802531 We would be happy to help. If the iPad is disabled and connected to iTunes, we'll need to put the iPad in recovery mode. This help to explain the steps: https://t.co/F1QfwW1u1N At the top select, 'If you can't sync or connect with iTunes, use recovery mode.' @802531 We can certainly clarify. If the iPad is at a point where it shows it has been disabled, the only way to set it back up again will be with the recovery mode steps: https://t.co/F1QfwW1u1N @802531 Let's take a closer look into this in DM. 

Send us a message and we'll follow up there. https://t.co/GDrqU22YpT",CLEARLY_RESOLVED,1,Somewhat Relevant,Partial semantic overlap; related hardware/software component or troubleshooting procedure.
CASE_006666,2499259,ACCOUNT_APPLEID_ICLOUD,@AppleSupport I am a technician helping a iPad user retrieve her Apple ID password. Does not have recovery email password and forgets the security questions. How can I get this password back? @AppleSupport This looks good but the iPad has been restored and is waiting for this password . Is there a way to do this on the web? @AppleSupport Thank you for this information,2,CASE_002816,ACCOUNT_APPLEID_ICLOUD,0.6859,@AppleSupport forgot iPhone backup password. What do I do now?,@397343 We understand your concern! Please follow these steps with encrypted iTunes backups: https://t.co/3qND7caI7Z,PARTIALLY_RESOLVED,2,Strongly Relevant,Strong semantic alignment with identical customer symptom and actionable resolution.
CASE_006666,2499259,ACCOUNT_APPLEID_ICLOUD,@AppleSupport I am a technician helping a iPad user retrieve her Apple ID password. Does not have recovery email password and forgets the security questions. How can I get this password back? @AppleSupport This looks good but the iPad has been restored and is waiting for this password . Is there a way to do this on the web? @AppleSupport Thank you for this information,3,CASE_004605,DISPLAY_TOUCH_SCREEN,0.6816,@AppleSupport I need help after updating my iPad I was asked to input my Apple ID password &amp; when I did it's not taking it now I'm trying to get that reset but yet it's stuck on a verifying screen 😐 @AppleSupport It finally went through thanks for the reply,"@519546 Let's take a look into this together. Please send us a DM, and we'll continue there. https://t.co/GDrqU22YpT @519546 Glad that worked. Reach out anytime.",PARTIALLY_RESOLVED,1,Somewhat Relevant,Partial semantic overlap; related hardware/software component or troubleshooting procedure.
CASE_002997,1276326,ACCOUNT_APPLEID_ICLOUD,"@116333  system say my membership already expired , but I am sure my membership is still alive , I can’t listen to any music right now😭 https://t.co/LCrbfV6clz @AppleSupport iphone6s+ and iphone 7, yesterday AM still working fine !
Today all my music is dead !
This is a disaster!😭
Tried login and out and restart",1,CASE_003004,APP_STORE_PURCHASES_BILLING,0.7579,@AppleSupport I cant download anymore music and says my membership expired even though I still have a month left. It was ok until today. https://t.co/qG0Ipptlpi @AppleSupport Ok thank you,@420009 Thank you. We’re investigating and will update our System Status page as more info becomes available: https://t.co/Fcu0biZf0L,PARTIALLY_RESOLVED,1,Somewhat Relevant,Partial semantic overlap; related hardware/software component or troubleshooting procedure.
CASE_002997,1276326,ACCOUNT_APPLEID_ICLOUD,"@116333  system say my membership already expired , but I am sure my membership is still alive , I can’t listen to any music right now😭 https://t.co/LCrbfV6clz @AppleSupport iphone6s+ and iphone 7, yesterday AM still working fine !
Today all my music is dead !
This is a disaster!😭
Tried login and out and restart",2,CASE_005733,CONNECTIVITY_WIFI_BLUETOOTH,0.6544,"@AppleSupport I can't log into my iTunes so I can't use my Apple Music :( https://t.co/e07kOM31jb @AppleSupport Hi yes it's working again now it's back on wifi it seems my account discounts and I can re login when I'm not on wifi, this isn't too much of an issue if I'm honest as long as I can download songs",@542621 We want to help you get to your music. Are you able to try under Wi-Fi? @542621 We think the issue may be in the speed of the 4G network. We want to make sure that you can enjoy Apple Music whenever you like. We should check to make sure that Cellular Data is turned on in the Apple Music Settings.,CLEARLY_RESOLVED,1,Somewhat Relevant,Partial semantic overlap; related hardware/software component or troubleshooting procedure.
CASE_002997,1276326,ACCOUNT_APPLEID_ICLOUD,"@116333  system say my membership already expired , but I am sure my membership is still alive , I can’t listen to any music right now😭 https://t.co/LCrbfV6clz @AppleSupport iphone6s+ and iphone 7, yesterday AM still working fine !
Today all my music is dead !
This is a disaster!😭
Tried login and out and restart",3,CASE_002984,APP_STORE_PURCHASES_BILLING,0.6527,Lol so vele my Apple Music just stopped working? 😂☹️☹️ @417144 Me too! What's going on @AppleSupport ? @417144 Music deleted ? @387011 @AppleSupport Can we get a response? My songs aren't playing. It keeps on notifying me to create a new plan. @AppleSupport @571445 This is legit what I get. Time I've already created an account. @AppleSupport @115948 https://t.co/Tdp9hvwA8V @417144 @AppleSupport @115948 Mine just freezes right there 💔😂 imagine how I feel.. I just want to listen to that one song https://t.co/flkSTGBsDM @AppleSupport Thank you. 😊,"@387011 Let's look into what's happening with Apple Music together. Send us a DM, tell us the country you're in and device you're using. https://t.co/GDrqU22YpT @417144 We would like to get you pointed in the right direction to enjoy Apple Music.  Please reach out here: https://t.co/SDIe7UiyJN @571445 We want to help with your Apple Music issue, too. Meet us in DM. Let us know if you've tried restarting your device yet. https://t.co/GDrqU22YpT @417144 You're welcome.",CLEARLY_RESOLVED,1,Somewhat Relevant,Partial semantic overlap; related hardware/software component or troubleshooting procedure.
CASE_002387,961113,APP_CRASH_AND_DOWNLOAD,@applesupport Why does #iMovie keep crashing. It’s crashed on me at least 8 times today. #frustrating I can’t finish my movie. @AppleSupport Thank you. I’ll have to try tomorrow.,1,CASE_006368,OS_UPDATE_SYSTEM_PERFORMANCE,0.8053,My Mac fucking up too @115858 @AppleSupport My I️ movie keeps force closing @AppleSupport See if y’all fixed the stupid I️ glitch. You would have known I️ said iMovie,"@692603 We'd love to help with your Mac! Let us know exactly what's going on. @692603 We want to help you to watch your movie uninterrupted, and without issue. Do you get an error message? If so, what does it say? Send us a DM with more details so we can help you out. https://t.co/GDrqU22YpT @692603 We'd like to take a closer look at both of the issues you're experiencing. To do that, please send us a Direct Message here: https://t.co/GDrqU22YpT",CLEARLY_RESOLVED,1,Somewhat Relevant,Partial semantic overlap; related hardware/software component or troubleshooting procedure.
CASE_002387,961113,APP_CRASH_AND_DOWNLOAD,@applesupport Why does #iMovie keep crashing. It’s crashed on me at least 8 times today. #frustrating I can’t finish my movie. @AppleSupport Thank you. I’ll have to try tomorrow.,2,CASE_006998,APP_CRASH_AND_DOWNLOAD,0.7975,"Anyone facing iMovie crashes with Mac OS Sierra update? Please help me with any fix? Cc: @115858 @AppleSupport @AppleSupport Sure, appreciate it!","@739964 Thanks for reaching out. Let's get you connected to our iMovie team. Please use this link to get in contact with them: https://t.co/IBIY3vMgPj
Select Apps &amp; Software &gt; Mac apps",PARTIALLY_RESOLVED,2,Strongly Relevant,Strong semantic alignment with identical customer symptom and actionable resolution.
CASE_002387,961113,APP_CRASH_AND_DOWNLOAD,@applesupport Why does #iMovie keep crashing. It’s crashed on me at least 8 times today. #frustrating I can’t finish my movie. @AppleSupport Thank you. I’ll have to try tomorrow.,3,CASE_006932,HOW_TO_SETTINGS_CONFIGURATION,0.6645,"@115858: Running MACBook Pro with SierraOS. iMOVIES keeps giving me this error.... didn't do it before I updated to SierraOS. Any clues as to whats up?
#apple #ERROR https://t.co/494AtFwT8h @AppleSupport Many thanks... I'll give them a call later. At the moment, am having to prep all my work on a Windows which isn't rendering my videos to the optimal #YouTube settings (unless anyone has any suggestions on how to overcome this?)",@143052 Thanks for reaching out to us. Our iMovie Support Team will be happy to assist you here: https://t.co/1OxnSOXiWG,CLEARLY_RESOLVED,1,Somewhat Relevant,Partial semantic overlap; related hardware/software component or troubleshooting procedure.
CASE_002067,827465,APP_CRASH_AND_DOWNLOAD,"#Xcode crashes when trying to change #UITableView Style to Grouped. Did anyone face this issue before? #iOS #iPhone @115858 #iosDeveloper https://t.co/4g5GOkzDDs @AppleSupport @AppleSupport reported, thanks!",1,CASE_005101,APP_CRASH_AND_DOWNLOAD,0.5586,@AppleSupport Are you aware of https://t.co/jtBKL09r6D on iOS 11.1 crashing at launch? @AppleSupport I am all set now. I deleted the https://t.co/jtBKL09r6D from my iPhone 7 and reinstalled it. Thank you for the reply.,"@607777 Let's look into this together. Send us a DM with the device you're experiencing this on, and we'll go from there. https://t.co/GDrqU22YpT",PARTIALLY_RESOLVED,1,Somewhat Relevant,Partial semantic overlap; related hardware/software component or troubleshooting procedure.
CASE_002067,827465,APP_CRASH_AND_DOWNLOAD,"#Xcode crashes when trying to change #UITableView Style to Grouped. Did anyone face this issue before? #iOS #iPhone @115858 #iosDeveloper https://t.co/4g5GOkzDDs @AppleSupport @AppleSupport reported, thanks!",2,CASE_001357,GENERAL_DEVICE_INQUIRY,0.545,"Have updated to the latest iOS and issues persist. Not sure what’s happening but this is really annoying on a daily basis. @AppleSupport @115858 @6126 @AppleSupport Have sent you guys multiple screenshots of the malfunctioning. @AppleSupport Thank you. I don't feel like I'm repeating myself, i actually AM repeating myself. big difference.",@249916 We want to help. Please let us know in DM what issues you're experiencing and we'll go from there. https://t.co/GDrqU22YpT @249916 We apologize if you feel like you're repeating yourself. We're eager to get to the bottom of what's happening. Please reach out to our phone or chat support here:  https://t.co/IBIY3vMgPj https://t.co/GDrqU22YpT,CLEARLY_RESOLVED,0,Irrelevant,Divergent customer issue or low semantic relevance score.
CASE_002067,827465,APP_CRASH_AND_DOWNLOAD,"#Xcode crashes when trying to change #UITableView Style to Grouped. Did anyone face this issue before? #iOS #iPhone @115858 #iosDeveloper https://t.co/4g5GOkzDDs @AppleSupport @AppleSupport reported, thanks!",3,CASE_001993,APP_CRASH_AND_DOWNLOAD,0.5437,@115858 @AppleSupport I can’t believe how my iphone works since iOS 11.0.2. Every app crash my phone. What the hell?! FIX IT!!!! 😠😠 #iOSCrash @AppleSupport Thanks but it’s clearly an iOS problem. It fails even with basic Apple Apps. Thanks for the answer and I’ll keep looking for an iOS update 😞,"@311629 Let's work to get those apps working. Check out the steps in this article to try to resolve the issue: https://t.co/fUZ0NRJxcn @311629 iOS 11.0.3 is available now. Be sure to try out all the steps in the article, including updating &amp; let us know if it persists.",PARTIALLY_RESOLVED,1,Somewhat Relevant,Partial semantic overlap; related hardware/software component or troubleshooting procedure.
CASE_006797,2547271,APP_CRASH_AND_DOWNLOAD,@115858 well you’ve outdone yourselves on shocking service for a faulty 3 month old iPhone that I’m stuck with yet you have my money. @1647 @AppleSupport Thanks I’ve done so,1,CASE_005986,APP_STORE_PURCHASES_BILLING,0.7942,@115858 fix this I️ shit! I️ pay too much money for these phones to be this annoyed! #apple @AppleSupport Thank you,"@172499 We recently released an iOS update, 11.1.1, that contains a fix for autocorrect issues. Let’s be sure to back up your device prior to updating. How to back up: https://t.co/4f8hwT5to6 @172499 We’re glad we could assist you. Please feel free to contact us back if you have any other questions or concerns.",PARTIALLY_RESOLVED,1,Somewhat Relevant,Partial semantic overlap; related hardware/software component or troubleshooting procedure.
CASE_006797,2547271,APP_CRASH_AND_DOWNLOAD,@115858 well you’ve outdone yourselves on shocking service for a faulty 3 month old iPhone that I’m stuck with yet you have my money. @1647 @AppleSupport Thanks I’ve done so,2,CASE_001601,OS_UPDATE_SYSTEM_PERFORMANCE,0.7607,@115858 thank you for the software update which seems to have ruined my phone. @AppleSupport Will do,"@266418 We’d like to look into this. To get started, please DM us about the issues you've been experiencing and the current software version. https://t.co/GDrqU22YpT",PARTIALLY_RESOLVED,1,Somewhat Relevant,Partial semantic overlap; related hardware/software component or troubleshooting procedure.
CASE_006797,2547271,APP_CRASH_AND_DOWNLOAD,@115858 well you’ve outdone yourselves on shocking service for a faulty 3 month old iPhone that I’m stuck with yet you have my money. @1647 @AppleSupport Thanks I’ve done so,3,CASE_000637,GENERAL_DEVICE_INQUIRY,0.7464,@115858 um yeah I'd just like to know why my phone has been screwing up so bad...it started when the new iPhones that I can't afford came out,@185755 Can you tell us a bit about the trouble you're running into? We're happy to help get your iPhone working like it should be!,CLEARLY_RESOLVED,1,Somewhat Relevant,Partial semantic overlap; related hardware/software component or troubleshooting procedure.
CASE_002456,1004998,APP_CRASH_AND_DOWNLOAD,"Apple sucks... brand new iPhone crashes every fucking day @115858 @AppleSupport 11.1.2, iPhone 8+ only 2-3 weeks old.",1,CASE_007088,APP_CRASH_AND_DOWNLOAD,0.8293,@115858 get ur shit together man my brand new iphone crashes like 7 times a day @AppleSupport Oh and this is ever since ios 11 lol @AppleSupport Does all that shit @AppleSupport @749156 iOS 11 sucks @749157 @AppleSupport Facts,"@749156 Thanks for reaching out. We'd like to know more to help. Does this occur when using a specific app? Also, which iOS does this occur on? Let us know and we'll continue. @749156 Have you noticed any pattern as to when this issues happen? Does the phone restart or just become completely unresponsive? How do you regain control? 
 What applications are you using when this happens? That info will help us plan out our next steps. @749156 Which iOS are you currently running? Check here: Settings &gt; General &gt; About &gt; Version. Our newest version is iOS 11.1.2. If you're not running that, please update and let us know if your issues continue: https://t.co/80YRnjDFDk",PARTIALLY_RESOLVED,2,Strongly Relevant,Strong semantic alignment with identical customer symptom and actionable resolution.
CASE_002456,1004998,APP_CRASH_AND_DOWNLOAD,"Apple sucks... brand new iPhone crashes every fucking day @115858 @AppleSupport 11.1.2, iPhone 8+ only 2-3 weeks old.",2,CASE_006063,APP_CRASH_AND_DOWNLOAD,0.7807,@AppleSupport 2nd crash in 1 day.. iPhone 7.. upgraded to ios11.. this is so bad @AppleSupport Thanks for reaching out I’m guna go to one of your stores and get them to look at it.. disappointing tho not had this experience with an apple product before. Hopefully store can rectify - thanks!,"@672416 We'd like to help. Send us over a DM with your current location, as well as the exact iOS 11 version you're running.  We'll go from there. https://t.co/GDrqU22YpT @672416 No problem!  Reach back out if we can be of any assistance.",CLEARLY_RESOLVED,2,Strongly Relevant,Strong semantic alignment with identical customer symptom and actionable resolution.
CASE_002456,1004998,APP_CRASH_AND_DOWNLOAD,"Apple sucks... brand new iPhone crashes every fucking day @115858 @AppleSupport 11.1.2, iPhone 8+ only 2-3 weeks old.",3,CASE_006419,OS_UPDATE_SYSTEM_PERFORMANCE,0.7412,I love Apple so much but y’all bullshitting... stop fucking playing with me y’all better get yaself together @115858 my phone fucking up and I’m not the only fucking one complaining. @AppleSupport I have a iphone 6s and an iOS 11 and my phone keep crashing i have try to reset my phone and it’s still doing it and i have turned off my phone 4 times already. @AppleSupport Ios 11.1 n my phone keeps doing this. https://t.co/RUBtgrZSc7,"@695764 We'd love to help with any issues you're experiencing. So that we have a clear understanding, please let us know which device you're using and exactly what's going on, including the version number of iOS installed. @695764 Thanks for providing that for us. Can you confirm which version of iOS 11 you're using? This can be located in Settings &gt; General &gt; About &gt; Version.",PARTIALLY_RESOLVED,1,Somewhat Relevant,Partial semantic overlap; related hardware/software component or troubleshooting procedure.
CASE_006743,2519453,APP_STORE_PURCHASES_BILLING,"WTF...I can't switch to my new phone because iTunes says the backup from my iPhone 7 isn't compatible with iPhone X. What gives, @AppleSupport? https://t.co/xfyK4jTdUB",1,CASE_003557,APP_STORE_PURCHASES_BILLING,0.7275,@AppleSupport why won’t my new #iPhoneX restore from my backup from last night? @AppleSupport It it was corrupt I backed up my phone on my work computer w old iTunes and it worked fine No reason why it shouldn’t have worked @AppleSupport That is correct. Corrupt or incompatible with my phone.,"@477458 Congratulations on the new iPhone, we'd be happy to help. Are you getting any error message? If so what does it day? @477458 Just to make sure we understand, are you saying you got an error stating the backup was corrupt? @477458 Which version of iOS 11 was your previous iPhone running? Have you updated the iPhone X? Give that a try, let us know what happens.",CLEARLY_RESOLVED,2,Strongly Relevant,Strong semantic alignment with identical customer symptom and actionable resolution.
CASE_006743,2519453,APP_STORE_PURCHASES_BILLING,"WTF...I can't switch to my new phone because iTunes says the backup from my iPhone 7 isn't compatible with iPhone X. What gives, @AppleSupport? https://t.co/xfyK4jTdUB",2,CASE_006895,GENERAL_DEVICE_INQUIRY,0.709,@AppleSupport I've really hit a dead end here - I'm trying to back up my 7 to my macbook air before I set up my new iPhone X but no matter what I do I can't back it up. Been at it for hours i'm so frustrated @AppleSupport So problem has been solved actually but thank you for getting back to me anyway  🙏🏻,@518453 No need to worry. We'd love to help out with your concern. Can you let us know specifically what's happening when you attempt to back up; do you get an error message? We'll take a look. @518453 You're welcome.  We are happy to hear it is resolved.,PARTIALLY_RESOLVED,1,Somewhat Relevant,Partial semantic overlap; related hardware/software component or troubleshooting procedure.
CASE_006743,2519453,APP_STORE_PURCHASES_BILLING,"WTF...I can't switch to my new phone because iTunes says the backup from my iPhone 7 isn't compatible with iPhone X. What gives, @AppleSupport? https://t.co/xfyK4jTdUB",3,CASE_001571,OS_UPDATE_SYSTEM_PERFORMANCE,0.6832,"@115858 received my iPhone X yesterday, while transferring data from iPhone 7 to X, it didn’t restore to the latest backup. 😞 So I don’t have all the photos &amp; data I need on the new iPhone X. @27892 &amp; @27893 couldn’t contain their excitement until the setup was complete.🙄 @AppleSupport I’ll try again. Thank you.","@262101 Hi there! If you'd like, you can go back and follow these steps to get everything transferred over: https://t.co/lOVrD5pu5o",CLEARLY_RESOLVED,1,Somewhat Relevant,Partial semantic overlap; related hardware/software component or troubleshooting procedure.
CASE_003534,1536979,APP_STORE_PURCHASES_BILLING,"@AppleSupport I'm trying to sync the music from iTunes onto my iPod and every time it's almost done it cancels the sync?? @AppleSupport I've sorted it, thank you :)",1,CASE_002068,CONNECTIVITY_WIFI_BLUETOOTH,0.7266,"I hate @115858. My iPod no longer adds my newly purchased songs and my music won't pull up at all now, only this: https://t.co/EwsYujeIKr @AppleSupport Nothing whatsoever. Finally got rid of it by turning it off in settings, disconnecting Wi-Fi, and restarting. Stupid. @AppleSupport But I still can't get my music synced. MY music. @AppleSupport Yes, it does, but when I sync, the new songs don't get added. @AppleSupport My new iTunes songs finally added when I linked to my computer over WiFi (hate that), but I had to manually adjust playlists. @AppleSupport Meanwhile, the new album download I added which came with a vinyl will not sync no matter what I try. @AppleSupport There needs to be a way to plug in and sync EVERYTHING that's checked like has always worked before. @AppleSupport Tried again. Still didn't work and removed the tracks I'd previously synced over WiFi. https://t.co/xgz5PpZXov @AppleSupport https://t.co/UzJzbr4zK3","@317131 We're happy to help you out with this. What happens when you tap Go To My Music under Try It Now? @317131 When you connect your iPod to iTunes, does the screen show Sync Music like in step 5 of this article?  https://t.co/biks8MpbiM @317131 Send us a DM. We'll work with you from there. https://t.co/GDrqU22YpT @317131 Hello Amanda, thanks for sending those screenshots, we'd like to continue working with you on this. DM us. https://t.co/GDrqU22YpT",CLEARLY_RESOLVED,1,Somewhat Relevant,Partial semantic overlap; related hardware/software component or troubleshooting procedure.
CASE_003534,1536979,APP_STORE_PURCHASES_BILLING,"@AppleSupport I'm trying to sync the music from iTunes onto my iPod and every time it's almost done it cancels the sync?? @AppleSupport I've sorted it, thank you :)",2,CASE_002322,APP_STORE_PURCHASES_BILLING,0.6859,@AppleSupport my playlists have disappeared off my iPod and won’t resync from iTunes?? @AppleSupport I sorted it but thanks!,"@342222 We're happy to help out with your playlists. When you attempt to sync are you getting an error? Also, which iPod model is this? @342222 No problem. Feel free to reach out to us anytime. We're always here to help.",CLEARLY_RESOLVED,2,Strongly Relevant,Strong semantic alignment with identical customer symptom and actionable resolution.
CASE_003534,1536979,APP_STORE_PURCHASES_BILLING,"@AppleSupport I'm trying to sync the music from iTunes onto my iPod and every time it's almost done it cancels the sync?? @AppleSupport I've sorted it, thank you :)",3,CASE_004069,GENERAL_DEVICE_INQUIRY,0.6788,"I LOVE Apple, but WTH @AppleSupport? I’ve looked all over the page you sent me to to cancel AppleMusic. No freaking success. @AppleSupport Many thanks. This was very easy using my MacBook. :-)","@434554 We can help! If you're unable to unsubscribe with the steps from this article, we can continue in DM: https://t.co/YKDbvueXrq https://t.co/GDrqU22YpT @434554 You're very welcome!",CLEARLY_RESOLVED,1,Somewhat Relevant,Partial semantic overlap; related hardware/software component or troubleshooting procedure.
CASE_007474,2783294,APP_STORE_PURCHASES_BILLING,"My ipod is having issues loading songs. Oddly only the songs I didnt rip from CDs are affected.  Well played @115858 well played..... @AppleSupport it's likely my hard drive guys, I've worked with you for weeks to figure it out and nothing seems to fix it.  went as high as a senior staff member.  you guys couldn't find anything wrong with your systems. @AppleSupport I was trying to be witty.  because I'm hoping a new hard drive will fix it.  didn't expect you guys to actually answer  :)  tweeting about my problems in a funny ""poke fun at myself"" way. @AppleSupport Im waiting on black friday deals to get a new HD. Already got a new cord, did diagnostics/virus scan nothing fixed it. Moved library to main drive and it transferred. So gonna try a new external this one is from 2015. @AppleSupport If that doesnt work, I will be back. Because the only things left to replace is the actual computer and the actual ipod. Ipod is almost 2 years old now, computer is maybe 3. @AppleSupport Ipod seems fine, laptop seems fine too after i did all that. So gonna try this approach",1,CASE_003098,APP_STORE_PURCHASES_BILLING,0.649,"Suddenly I can't transfer CDs to my ipod. And some tracks already on my ipod won't play. Why, @AppleSupport? @AppleSupport 1/ Thanks. I'm doing what I used to do 2 successfully sync, but CDs I put onto iTunes won't transfer to my iPod. Worse, some that were... @AppleSupport ...on my iPod won't play - greyed out. Tried to follow instructions but did not help.",@432492 We'd love to assist you. What happens when you try to sync? Are you following the guidance here? https://t.co/LvlpsBrAlD @432492 Are you an Apple Music or iTunes Match member? What is the iOS version installed?,CLEARLY_RESOLVED,1,Somewhat Relevant,Partial semantic overlap; related hardware/software component or troubleshooting procedure.
CASE_007474,2783294,APP_STORE_PURCHASES_BILLING,"My ipod is having issues loading songs. Oddly only the songs I didnt rip from CDs are affected.  Well played @115858 well played..... @AppleSupport it's likely my hard drive guys, I've worked with you for weeks to figure it out and nothing seems to fix it.  went as high as a senior staff member.  you guys couldn't find anything wrong with your systems. @AppleSupport I was trying to be witty.  because I'm hoping a new hard drive will fix it.  didn't expect you guys to actually answer  :)  tweeting about my problems in a funny ""poke fun at myself"" way. @AppleSupport Im waiting on black friday deals to get a new HD. Already got a new cord, did diagnostics/virus scan nothing fixed it. Moved library to main drive and it transferred. So gonna try a new external this one is from 2015. @AppleSupport If that doesnt work, I will be back. Because the only things left to replace is the actual computer and the actual ipod. Ipod is almost 2 years old now, computer is maybe 3. @AppleSupport Ipod seems fine, laptop seems fine too after i did all that. So gonna try this approach",2,CASE_007183,GENERAL_DEVICE_INQUIRY,0.6228,"@AppleSupport My ipod by Apple is one of the worst thing ever. I had to change it again a fews weeks ago and again it doesn't work anymore.😡 @AppleSupport I was able to finally open it. The next time it does the same,it will go in the trash and i will buy from an other compagny. It's been the 3th times that it happen.","@757904 We know how important it is for your iPod to work as expected and we'd like to help. To start, please DM us with details about what's not working. We look forward to hearing back from you. https://t.co/GDrqU22YpT @757904 We're glad to hear you were able to get your iPod to work. If this happens again and you'd like help, please feel free to send us a DM with the link below. We're happy to do everything we can to help. https://t.co/GDrqU22YpT",CLEARLY_RESOLVED,1,Somewhat Relevant,Partial semantic overlap; related hardware/software component or troubleshooting procedure.
CASE_007474,2783294,APP_STORE_PURCHASES_BILLING,"My ipod is having issues loading songs. Oddly only the songs I didnt rip from CDs are affected.  Well played @115858 well played..... @AppleSupport it's likely my hard drive guys, I've worked with you for weeks to figure it out and nothing seems to fix it.  went as high as a senior staff member.  you guys couldn't find anything wrong with your systems. @AppleSupport I was trying to be witty.  because I'm hoping a new hard drive will fix it.  didn't expect you guys to actually answer  :)  tweeting about my problems in a funny ""poke fun at myself"" way. @AppleSupport Im waiting on black friday deals to get a new HD. Already got a new cord, did diagnostics/virus scan nothing fixed it. Moved library to main drive and it transferred. So gonna try a new external this one is from 2015. @AppleSupport If that doesnt work, I will be back. Because the only things left to replace is the actual computer and the actual ipod. Ipod is almost 2 years old now, computer is maybe 3. @AppleSupport Ipod seems fine, laptop seems fine too after i did all that. So gonna try this approach",3,CASE_002252,GENERAL_DEVICE_INQUIRY,0.6144,@115858 my new iPod isn't working what do I do ? @AppleSupport I had this thing since 2011 @AppleSupport Thanks,"@333403 We want to help with any issues you're having. To provide the best support, may we have a description of the issue? @333403 Got it. We'll need some more details to provide the most appropriate solution for this. Please let us know in a DM. https://t.co/GDrqU22YpT",PARTIALLY_RESOLVED,1,Somewhat Relevant,Partial semantic overlap; related hardware/software component or troubleshooting procedure.
CASE_000123,55084,APP_STORE_PURCHASES_BILLING,"Why can’t I listen to my music in the car since updating #ineedanswers @115858 @AppleSupport It’s says it’s “indexing” and won’t play my music @AppleSupport It’s working now 😬 @AppleSupport I shut my phone off for 15 minutes and when I turned it back on, it worked. Ty",1,CASE_001552,APP_STORE_PURCHASES_BILLING,0.7358,@115858 @AppleSupport @115948 I updated my phone and now Apple Music doesn’t work 😡 @AppleSupport  https://t.co/gMXYt1Jz62 @AppleSupport I can’t go into music through my settings. It freezes up and then closes my settings app @AppleSupport I’ve tried all of this and nothing has worked,"@261482 Let's get that music back so you can continue to enjoy it. What happens when you go to your Music app? Do you see any songs? Is iCloud Music Library enabled: https://t.co/9VQ9VywZJ2? @261482 Let's have you go through the steps in this link and follow the steps up until you have to contact the developer. If you are still having issues then, reach back out to us: https://t.co/fUZ0NRJxcn @261482 We still want to help you. DM us, and we can look into this deeper. https://t.co/GDrqU22YpT",CLEARLY_RESOLVED,2,Strongly Relevant,Strong semantic alignment with identical customer symptom and actionable resolution.
CASE_000123,55084,APP_STORE_PURCHASES_BILLING,"Why can’t I listen to my music in the car since updating #ineedanswers @115858 @AppleSupport It’s says it’s “indexing” and won’t play my music @AppleSupport It’s working now 😬 @AppleSupport I shut my phone off for 15 minutes and when I turned it back on, it worked. Ty",2,CASE_006828,APP_STORE_PURCHASES_BILLING,0.7177,@AppleSupport why doesn’t my music work with a aux cord in the car anymore?! I seriously hate this new software @AppleSupport iPhone 7 @AppleSupport It’s the phone. Because my friend has a the same problem same phone and in her car the aux cord won’t either @AppleSupport Yes my friend is using a different one. And I have an aux cord but the adaptor is from Apple. It was working fine until I updated my phone,"@682280 We'll take a look into this for you. Which device are you encountering this issue on? @682280 Let's try to isolate this a little by swapping out cords to see if the issue is with the aux cord or the iPhone itself. Do you have a different aux cord you can try? Are you able to hear music through earphones? @682280 Just so we understand the issue:
- Is your friend using a different aux cord with her iPhone in her car?
- Are you referring to a cord that connects to the Lightning to Audio Adapter, and then connects to the Aux port on your car, for a direct connection? @682280 Let's look into that further. Send us a DM and we'll go from there. https://t.co/GDrqU22YpT",CLEARLY_RESOLVED,2,Strongly Relevant,Strong semantic alignment with identical customer symptom and actionable resolution.
CASE_000123,55084,APP_STORE_PURCHASES_BILLING,"Why can’t I listen to my music in the car since updating #ineedanswers @115858 @AppleSupport It’s says it’s “indexing” and won’t play my music @AppleSupport It’s working now 😬 @AppleSupport I shut my phone off for 15 minutes and when I turned it back on, it worked. Ty",3,CASE_006591,APP_STORE_PURCHASES_BILLING,0.7156,@117168 @115858 pls explain why my music wont show up on my phone😭😭😢 https://t.co/fqx18WL7Zt @AppleSupport its working now thank you i appreciate it,"@708827 We'd love to help with your music! When you restart, does it show normally? Send us a DM if it doesn't. https://t.co/GDrqU22YpT",CLEARLY_RESOLVED,2,Strongly Relevant,Strong semantic alignment with identical customer symptom and actionable resolution.
CASE_002473,1010808,AUDIO_SOUND_SPEAKER,if i can listen to a voice note on speaker my phone shouldnt be going into 'sleep mode' while its playing @AppleSupport fix it please @AppleSupport also can i get a fast forward option??? so that when this happens i dont have to listen to it all over again. @AppleSupport sincerely someone who just had to play the same voice note 5 times... just to hear the last 30 seconds @AppleSupport Thanks for the temporary option.. anyway my suggestion can be sent in though if it hasn't already been @AppleSupport Thanks,1,CASE_002402,AUDIO_SOUND_SPEAKER,0.6023,@AppleSupport my phone isn’t in silent mode but there’s no sound @AppleSupport It’s fine now. But thank you for trying.,@349718 Let's help isolate and take a closer look. Are you still able to play audio such as music? What about through headphones?,PARTIALLY_RESOLVED,1,Somewhat Relevant,Partial semantic overlap; related hardware/software component or troubleshooting procedure.
CASE_002473,1010808,AUDIO_SOUND_SPEAKER,if i can listen to a voice note on speaker my phone shouldnt be going into 'sleep mode' while its playing @AppleSupport fix it please @AppleSupport also can i get a fast forward option??? so that when this happens i dont have to listen to it all over again. @AppleSupport sincerely someone who just had to play the same voice note 5 times... just to hear the last 30 seconds @AppleSupport Thanks for the temporary option.. anyway my suggestion can be sent in though if it hasn't already been @AppleSupport Thanks,2,CASE_007044,GENERAL_DEVICE_INQUIRY,0.5843,@AppleSupport why can’t I listen to my voicemails. Haven’t been able to since I got my iPhone X https://t.co/AyrrrzGgME,"@711167 We want to be sure you can access your voicemail as you'd expect. We can help! Do you have the same results after you restart your iPhone? 
Which iOS are you running? You can go to Settings &gt; General &gt; About to locate the version.",PARTIALLY_RESOLVED,1,Somewhat Relevant,Partial semantic overlap; related hardware/software component or troubleshooting procedure.
CASE_002473,1010808,AUDIO_SOUND_SPEAKER,if i can listen to a voice note on speaker my phone shouldnt be going into 'sleep mode' while its playing @AppleSupport fix it please @AppleSupport also can i get a fast forward option??? so that when this happens i dont have to listen to it all over again. @AppleSupport sincerely someone who just had to play the same voice note 5 times... just to hear the last 30 seconds @AppleSupport Thanks for the temporary option.. anyway my suggestion can be sent in though if it hasn't already been @AppleSupport Thanks,3,CASE_006718,DISPLAY_TOUCH_SCREEN,0.5761,"@AppleSupport my iPhone X has a weird glitch where I try to call and automatically ends the call and it pauses my music after I play the song please make and a update to fix it @AppleSupport @717026 I have the same exact glitch.  all day i could not make calls or receive calls.  It is still happening.  I get voicemails though.  I press ""call"" to a contact and then it just beeps at me rapidly and goes back to home screen.","@717026 We certainly want to take a look into this issue further. To help guide us through troubleshooting, may we have the iOS version shown in Settings &gt; General &gt; About.",PARTIALLY_RESOLVED,1,Somewhat Relevant,Partial semantic overlap; related hardware/software component or troubleshooting procedure.
CASE_001705,652923,AUDIO_SOUND_SPEAKER,"@AppleSupport my iPhone has a weird white/grey line that goes from the bottom to the middle of the screen, and the volume box is stuck in the middle of the screen. How do I troubleshoot/fix this? @AppleSupport Thanks! I’ve restarted it a few times and my software version is 10.0.1",1,CASE_000348,DISPLAY_TOUCH_SCREEN,0.6977,Uh oh I’m having iPhone X issues. Let’s hope you can fix this @115858. @AppleSupport Thank you for responding. This neon green line from top to bottom of screen appeared. I already scheduled an appointment at the Apple store. https://t.co/QdP7035E7r @AppleSupport Got it all resolved. Staff at the @115858 Store in Georgetown in Washington DC were excellent and very helpful. Thanks!,"@155691 We're glad you're here. Please tell us what's going on with your iPhone X, we'll lend a hand. You can reach us in DM at the link below. https://t.co/GDrqU22YpT",CLEARLY_RESOLVED,1,Somewhat Relevant,Partial semantic overlap; related hardware/software component or troubleshooting procedure.
CASE_001705,652923,AUDIO_SOUND_SPEAKER,"@AppleSupport my iPhone has a weird white/grey line that goes from the bottom to the middle of the screen, and the volume box is stuck in the middle of the screen. How do I troubleshoot/fix this? @AppleSupport Thanks! I’ve restarted it a few times and my software version is 10.0.1",2,CASE_000723,AUDIO_SOUND_SPEAKER,0.6304,@AppleSupport i absolutely hate the volume control with the new IOS is is completely unresponsive. How donyou fix this? It doesnt work!!! @AppleSupport Iphone 6 and the latest updated IOS. Its been completely messed up @AppleSupport These little alien hieroglyphs im sure look neat but seriously lack practicality. https://t.co/ymnF5U3Cs3 @AppleSupport The controls for the volume are on the same axis as the entire screen so it gets confused when i try to adjust the volume with the screen,@194336 We'd like to help. Which device and iOS version are you experiencing this issue on? @194336 The Control Center has changed a bit in iOS 11. Check out this article to learn more: https://t.co/vodH4madjc,PARTIALLY_RESOLVED,1,Somewhat Relevant,Partial semantic overlap; related hardware/software component or troubleshooting procedure.
CASE_001705,652923,AUDIO_SOUND_SPEAKER,"@AppleSupport my iPhone has a weird white/grey line that goes from the bottom to the middle of the screen, and the volume box is stuck in the middle of the screen. How do I troubleshoot/fix this? @AppleSupport Thanks! I’ve restarted it a few times and my software version is 10.0.1",3,CASE_002072,GENERAL_DEVICE_INQUIRY,0.6083,"Hey @115858. Can you help? Just got my iPhone X and this is the 2nd time this has happened! What is this weird box?? https://t.co/xqozSV6WT4 @AppleSupport No, it doesn’t seem to.  I think i figured it out? I went to accessibility and turned off the zoom. It was like a magnifying glass. @AppleSupport Is that what it was?",@317442 We can work together on this. Does this happen after using a particular app or receiving a message/alert? @317442 With Zoom enabled it lets you magnify the screen. For more info check out this article. https://t.co/1RPVaXBzYT,PARTIALLY_RESOLVED,1,Somewhat Relevant,Partial semantic overlap; related hardware/software component or troubleshooting procedure.
CASE_006022,2309065,AUDIO_SOUND_SPEAKER,"Has anyone else noticed since updating your #iOS that your alarm is sooo quiet?? I’m afraid I’m going to sleep through it even though my volume is all the way up! @115858 #applechat #iphone @AppleSupport Texts, calls and music have been normal. Someone suggested going to settings to try ‘change with buttons’ so I’ll try that and see if it helps. Thanks for the response!",1,CASE_004701,OS_UPDATE_SYSTEM_PERFORMANCE,0.7479,So this new iPhone update puts your alarms on silent when you’re phone is on silent...@115858 are you trying to fuck up my life? @AppleSupport Thanks bbz x,@539553 Let's get to the bottom of this. Which version of iOS are you on? You can find that in Settings &gt; General &gt; About. Reply in DM. https://t.co/nYknMGviju,PARTIALLY_RESOLVED,1,Somewhat Relevant,Partial semantic overlap; related hardware/software component or troubleshooting procedure.
CASE_006022,2309065,AUDIO_SOUND_SPEAKER,"Has anyone else noticed since updating your #iOS that your alarm is sooo quiet?? I’m afraid I’m going to sleep through it even though my volume is all the way up! @115858 #applechat #iphone @AppleSupport Texts, calls and music have been normal. Someone suggested going to settings to try ‘change with buttons’ so I’ll try that and see if it helps. Thanks for the response!",2,CASE_001849,OS_UPDATE_SYSTEM_PERFORMANCE,0.7065,@AppleSupport since update my alarm comes on very loud and no longer has a setting for a nice subtle wake up - scares the 💩 out of me,@296041 Let's work to look into this together. Reach out to us in DM and we'll be happy to help. We look forward to working with you. https://t.co/GDrqU22YpT,CLEARLY_RESOLVED,1,Somewhat Relevant,Partial semantic overlap; related hardware/software component or troubleshooting procedure.
CASE_006022,2309065,AUDIO_SOUND_SPEAKER,"Has anyone else noticed since updating your #iOS that your alarm is sooo quiet?? I’m afraid I’m going to sleep through it even though my volume is all the way up! @115858 #applechat #iphone @AppleSupport Texts, calls and music have been normal. Someone suggested going to settings to try ‘change with buttons’ so I’ll try that and see if it helps. Thanks for the response!",3,CASE_000078,GENERAL_DEVICE_INQUIRY,0.6902,God damn you @115858 my phone isn’t ringing out loud after the recent iOS upgrade and I’m losing business!  #pleasefix @AppleSupport Hi @AppleSupport I googled the problem and turns out do not disturb function had been activated somehow unbeknown to me.  Thank you for help,@124312 We'd like to help you! Are you experiencing sound issues with any apps besides the Phone app? @124312 We're glad you were able to get it fixed. You're very welcome!,PARTIALLY_RESOLVED,1,Somewhat Relevant,Partial semantic overlap; related hardware/software component or troubleshooting procedure.
CASE_007670,2863567,AUDIO_SOUND_SPEAKER,"I wanted to say the #iPhoneX is awesome but I can’t. It sucks; no one can hear me &amp; it does not play voicemails. Stores won’t take it back. @AppleSupport @115858 @115714 @AppleSupport Thank you, will do right now.",1,CASE_003532,GENERAL_DEVICE_INQUIRY,0.7358,Trust me y'all don't won't the #iphonex what the hell is this @AppleSupport ??? https://t.co/DITREaPPpP,"@476175 The Accessibility feature, Voice Over, has been enabled. Follow these steps to disable it: https://t.co/p5K3tcjbCl",PARTIALLY_RESOLVED,1,Somewhat Relevant,Partial semantic overlap; related hardware/software component or troubleshooting procedure.
CASE_007670,2863567,AUDIO_SOUND_SPEAKER,"I wanted to say the #iPhoneX is awesome but I can’t. It sucks; no one can hear me &amp; it does not play voicemails. Stores won’t take it back. @AppleSupport @115858 @115714 @AppleSupport Thank you, will do right now.",2,CASE_007044,GENERAL_DEVICE_INQUIRY,0.7324,@AppleSupport why can’t I listen to my voicemails. Haven’t been able to since I got my iPhone X https://t.co/AyrrrzGgME,"@711167 We want to be sure you can access your voicemail as you'd expect. We can help! Do you have the same results after you restart your iPhone? 
Which iOS are you running? You can go to Settings &gt; General &gt; About to locate the version.",PARTIALLY_RESOLVED,1,Somewhat Relevant,Partial semantic overlap; related hardware/software component or troubleshooting procedure.
CASE_007670,2863567,AUDIO_SOUND_SPEAKER,"I wanted to say the #iPhoneX is awesome but I can’t. It sucks; no one can hear me &amp; it does not play voicemails. Stores won’t take it back. @AppleSupport @115858 @115714 @AppleSupport Thank you, will do right now.",3,CASE_001647,GENERAL_DEVICE_INQUIRY,0.6754,Just got the #iPhoneX. Major problem / #bug #1: it won’t let me enter phone numbers to text / message people. Like....wut. #apple @115858 @AppleSupport #nonewfriends I guess? https://t.co/vaaIq7dW8E,"@160650 That's very strange that the numbers keep clearing. Let's look into why your iPhone doesn't want you to text! Is this a consistent issue or does it come and go? Also, what iOS version is installed? It's under Settings &gt; General &gt; About.",PARTIALLY_RESOLVED,1,Somewhat Relevant,Partial semantic overlap; related hardware/software component or troubleshooting procedure.
CASE_002606,1080456,BATTERY_CHARGING_POWER,Ok now that iOS 11 is out how do I turn off auto brightness @AppleSupport @AppleSupport I know how to do that but my brightness automatically goes up and down and it’s killing my battery I remember you could turn it off @AppleSupport Thank you,1,CASE_002444,DISPLAY_TOUCH_SCREEN,0.8147,"since updating to iOS 11, my iPhone adjusts the brightness automatically which I don’t want. Please tell me how to stop this @AppleSupport",@357242 We can help. You'll find it here. Settings &gt; General &gt; Accessibility &gt; Display Accommodations &gt; Auto-Brightness,PARTIALLY_RESOLVED,1,Somewhat Relevant,Partial semantic overlap; related hardware/software component or troubleshooting procedure.
CASE_002606,1080456,BATTERY_CHARGING_POWER,Ok now that iOS 11 is out how do I turn off auto brightness @AppleSupport @AppleSupport I know how to do that but my brightness automatically goes up and down and it’s killing my battery I remember you could turn it off @AppleSupport Thank you,2,CASE_007869,DISPLAY_TOUCH_SCREEN,0.8085,".@AppleSupport - please give us the option to turn off the automatic brightness adjustment on iOS 11. 

the auto adjusting feature is either too sensitive or glitchy. it is constantly shifting the brightness level, and it is wrecking my vision. 

thanks! @AppleSupport sweet, sweet relief. thank you, kind person.",@817574 If you go into Accessibility &gt; Display Accomodations you will see it there.,PARTIALLY_RESOLVED,1,Somewhat Relevant,Partial semantic overlap; related hardware/software component or troubleshooting procedure.
CASE_002606,1080456,BATTERY_CHARGING_POWER,Ok now that iOS 11 is out how do I turn off auto brightness @AppleSupport @AppleSupport I know how to do that but my brightness automatically goes up and down and it’s killing my battery I remember you could turn it off @AppleSupport Thank you,3,CASE_004836,BATTERY_CHARGING_POWER,0.8055,@AppleSupport hi on iPhones can you please give back the option to turn auto-brightness (OFF) on? This always on kills my battery @AppleSupport Ok cool it was just hiding from me lol! Thanks,@386969 You can find that under Settings &gt; General &gt; Accessibility &gt; Display Accommodations. Let us know if you still can't find it. @386969 No problem. Feel free to reach out if you have any other questions.,PARTIALLY_RESOLVED,2,Strongly Relevant,Strong semantic alignment with identical customer symptom and actionable resolution.
CASE_007318,2736427,BATTERY_CHARGING_POWER,"@AppleSupport How come with the new updates the iPod never fully charged (only gets to 99%) &amp; the battery drains in less than 2 hours? @AppleSupport iOS 11.1.2 &amp; I think iPod Touch 6th generation @AppleSupport There’s no message. @AppleSupport Thanks. However, the battery still only charges to 99%.",1,CASE_002148,BATTERY_CHARGING_POWER,0.7262,Battery drain issue with the latest iOS update 11.0.2 @AppleSupport #ios11 - been two hours since my last charge - iPhone at 79% 😕 @AppleSupport I’ve sent you a DM @AppleSupport Thanks!,@182738 Thanks for reaching out! This article explains how to maximize battery life: https://t.co/bivpdfBNJ6 DM us if issue persists. https://t.co/GDrqU22YpT @182738 We received your DM. Please have a look there for our response.,CLEARLY_RESOLVED,2,Strongly Relevant,Strong semantic alignment with identical customer symptom and actionable resolution.
CASE_007318,2736427,BATTERY_CHARGING_POWER,"@AppleSupport How come with the new updates the iPod never fully charged (only gets to 99%) &amp; the battery drains in less than 2 hours? @AppleSupport iOS 11.1.2 &amp; I think iPod Touch 6th generation @AppleSupport There’s no message. @AppleSupport Thanks. However, the battery still only charges to 99%.",2,CASE_000393,BATTERY_CHARGING_POWER,0.7188,@AppleSupport after the new update my phone battery won’t last more than 2 hours on a full charge. HELP!! @AppleSupport iOS 11.0.2,@160255 We can help. Can you tell us which version of iOS 11 your device is on? That can be found in Settings &gt; General &gt; About. @160255 We want your iPhone to be charged when you need it. Check out these tips to optimize your battery life: https://t.co/TpjqFp3jxD,PARTIALLY_RESOLVED,2,Strongly Relevant,Strong semantic alignment with identical customer symptom and actionable resolution.
CASE_007318,2736427,BATTERY_CHARGING_POWER,"@AppleSupport How come with the new updates the iPod never fully charged (only gets to 99%) &amp; the battery drains in less than 2 hours? @AppleSupport iOS 11.1.2 &amp; I think iPod Touch 6th generation @AppleSupport There’s no message. @AppleSupport Thanks. However, the battery still only charges to 99%.",3,CASE_006668,BATTERY_CHARGING_POWER,0.7058,"@AppleSupport iOS 11 is the worst ever update I’ve done that impacts battery life. My 6S needs to be charged twice a day now! @AppleSupport Thanks. 11.1.1. iPhone 6S @AppleSupport About a week ago, but the same was happening with 11.0 for a few weeks. @AppleSupport These are just generic tips. My issue is simply: iOS 10 = all day battery life, iOS 11 = half day battery life, all other things being equal. Isn’t this a known issue and @115858 is fixing it in a later iOS 11 release?","@713095 Let's take a look at this issue together. Which exact iOS 11 version is your device currently running? We want to make sure that you're running the latest version. You can check this through Settings &gt; General &gt; About. @713095 Thanks. How long ago did you update your device to iOS 11.1.1? @713095 Thanks for letting us know. The next best step would be to go through all the steps that we offer in our support article, maximizing battery life: https://t.co/bivpdfBNJ6

Afterwards, please fully charge your device and monitor the behavior over the next day or so. @713095 We definitely want to get to the bottom of this for you. Let's take a closer look at things in DM. Please message us there: https://t.co/GDrqU22YpT",CLEARLY_RESOLVED,2,Strongly Relevant,Strong semantic alignment with identical customer symptom and actionable resolution.
CASE_005780,2285584,BATTERY_CHARGING_POWER,iOS 11 is great for battery life: NOT! 10% per hour on low power mode. Don’t upgrade.   @115858 its terrible!! @AppleSupport @115858  thanks for reply. V11.1.1 (15B150).  I read the first few days it drains due to cache updates? Welcome your help!,1,CASE_001925,BATTERY_CHARGING_POWER,0.8875,hey @AppleSupport the battery life on iOS11 is dreadful! Have upgraded to 11.0.2 but still terrible!,"@303272 We know how important a reliable battery is. Check out this article and let us know what you think.
https://t.co/TpjqFp3jxD",PARTIALLY_RESOLVED,2,Strongly Relevant,Strong semantic alignment with identical customer symptom and actionable resolution.
CASE_005780,2285584,BATTERY_CHARGING_POWER,iOS 11 is great for battery life: NOT! 10% per hour on low power mode. Don’t upgrade.   @115858 its terrible!! @AppleSupport @115858  thanks for reply. V11.1.1 (15B150).  I read the first few days it drains due to cache updates? Welcome your help!,2,CASE_003439,BATTERY_CHARGING_POWER,0.8622,Hey @AppleSupport what happened with this iOS 11? Since the upgrade the battery life deteriorated a lot. 30h then 8h now. @AppleSupport 11.0.3 on SE 128 GB. Thanks for the fast response!,"@464653 We'd love to discuss this further with you.  Which version of iOS 11 are you using, and on what device? @464653 You're most welcome.  Please DM us and let's look into this further together. https://t.co/GDrqU22YpT",PARTIALLY_RESOLVED,2,Strongly Relevant,Strong semantic alignment with identical customer symptom and actionable resolution.
CASE_005780,2285584,BATTERY_CHARGING_POWER,iOS 11 is great for battery life: NOT! 10% per hour on low power mode. Don’t upgrade.   @115858 its terrible!! @AppleSupport @115858  thanks for reply. V11.1.1 (15B150).  I read the first few days it drains due to cache updates? Welcome your help!,3,CASE_001869,BATTERY_CHARGING_POWER,0.8419,"Dear @115858 !
The iOS11 is very beautiful but the battery life is terrifyingly bad. This is the worst battery life ever on my iPhone. 😢😕 @AppleSupport Thank you! Of course, some of it helped. But still, with this iOS my phone isn’t have the same battery life as with the latest iOS 10. 😕","@298307 We'd like to help with this. Have you tried any of the suggestions here: https://t.co/bivpdfBNJ6 Let us know if this helps. @298307 So we can take a closer look at this, let's pair up in DM: https://t.co/GDrqU22YpT",CLEARLY_RESOLVED,2,Strongly Relevant,Strong semantic alignment with identical customer symptom and actionable resolution.
CASE_000245,119483,BATTERY_CHARGING_POWER,@AppleSupport can you tell me why the new updates now make my iphone6s die at 40% battery? Or if charged overnight to 100% it dies as soon as its unlocked @AppleSupport Thanks for looking into this for me. I’m using iOS version 11.1.2(15B202),1,CASE_005109,BATTERY_CHARGING_POWER,0.7901,iPhone 6 battery now dieing super fast . Why oh why @AppleSupport @AppleSupport thanks just private messaged!,"@554388 Hey, we can take a look into the battery life with you. Please DM us the exact iOS version and we'll take it from there. https://t.co/GDrqU22YpT",PARTIALLY_RESOLVED,2,Strongly Relevant,Strong semantic alignment with identical customer symptom and actionable resolution.
CASE_000245,119483,BATTERY_CHARGING_POWER,@AppleSupport can you tell me why the new updates now make my iphone6s die at 40% battery? Or if charged overnight to 100% it dies as soon as its unlocked @AppleSupport Thanks for looking into this for me. I’m using iOS version 11.1.2(15B202),2,CASE_001087,GENERAL_DEVICE_INQUIRY,0.766,@AppleSupport why does iphone batteries die so quickly? 🤔 @AppleSupport Thanks lol I was using an iPhone 6 Plus and I’m upgrading soon to the 8 @AppleSupport I’m using the 6 Plus right now lol,"@232099 We're happy to help with your battery. Which software version are you using? Also, please try the steps here for maximizing your battery life: https://t.co/bivpdfBNJ6 @232099 We'd like to help out in any way we can. Are you still currently using the iPhone 6? Plus? @232099 What version of iOS are you running? Find that in Settings &gt; General &gt; About.",PARTIALLY_RESOLVED,1,Somewhat Relevant,Partial semantic overlap; related hardware/software component or troubleshooting procedure.
CASE_000245,119483,BATTERY_CHARGING_POWER,@AppleSupport can you tell me why the new updates now make my iphone6s die at 40% battery? Or if charged overnight to 100% it dies as soon as its unlocked @AppleSupport Thanks for looking into this for me. I’m using iOS version 11.1.2(15B202),3,CASE_001632,BATTERY_CHARGING_POWER,0.7574,"Updated my 6s to IOS 11.1.2 during the night. This morning my phone died with 64% battery. No @115858 I'm not paying 1000$ for your new iPhone X. @AppleSupport Thanks for the link, I'll check it out. I just find it curious that my battery life changed so drastically after the software update 🤷🏽‍♀️",@268708 We want to help with your battery life. Have you checked our steps here? https://t.co/bivpdfBNJ6 @268708 Let us know if this doesn't help. We'll take if from there.,PARTIALLY_RESOLVED,2,Strongly Relevant,Strong semantic alignment with identical customer symptom and actionable resolution.
CASE_006394,2412963,CONNECTIVITY_WIFI_BLUETOOTH,"@AppleSupport 11.1.1 update. Wi-fi no longer works. Can't toggle it on. @AppleSupport @AppleSupport iphone 5s @AppleSupport Yes, after 11.1.1. Option is greyed out. Unable to turn on in Control Center and in settings. Thank you. @AppleSupport yes, and force restart, and reset network settings",1,CASE_004915,CONNECTIVITY_WIFI_BLUETOOTH,0.811,"@AppleSupport After updating to iPhone 6s to IOS 11.0.3, wifi option is permanently disabled and not able to start my wifi  now. @578972 @AppleSupport I just updated in 6.working fine","@578972 We'd like to help. Let's start here: https://t.co/bWm9giK0jB Keep us posted with the results. @578971 To clarify this for our end, are you experiencing this still on your 6S, but not on your 6? Let us know via DM. https://t.co/GDrqU22YpT",CLEARLY_RESOLVED,2,Strongly Relevant,Strong semantic alignment with identical customer symptom and actionable resolution.
CASE_006394,2412963,CONNECTIVITY_WIFI_BLUETOOTH,"@AppleSupport 11.1.1 update. Wi-fi no longer works. Can't toggle it on. @AppleSupport @AppleSupport iphone 5s @AppleSupport Yes, after 11.1.1. Option is greyed out. Unable to turn on in Control Center and in settings. Thank you. @AppleSupport yes, and force restart, and reset network settings",2,CASE_005608,CONNECTIVITY_WIFI_BLUETOOTH,0.7922,"@AppleSupport updated my iPhone 7plus to iOS 11 and it started to switch wifi network and connect to wifi after I turned it off.any ideas? @AppleSupport Yes, I do. @AppleSupport Thanks for your help 🙏🏻 @AppleSupport @657146 that’s the solution for the issue we talked about earlier. 😂😅 @656923 @AppleSupport I'll let everyone know 😂","@656923 Hey there, we're happy to help! 

Are you using Control Center to disconnect from Wi-Fi? @656923 Got it. When you use Control Center to disconnect Wi-Fi, your device will immediately disconnect from any connected Wi-Fi networks, but the Wi-Fi remains active. 

If you want to completely disable Wi-Fi, go to Settings &gt; Wi-Fi and turn off Wi-Fi. @656923 You're welcome. Have a great day!",PARTIALLY_RESOLVED,2,Strongly Relevant,Strong semantic alignment with identical customer symptom and actionable resolution.
CASE_006394,2412963,CONNECTIVITY_WIFI_BLUETOOTH,"@AppleSupport 11.1.1 update. Wi-fi no longer works. Can't toggle it on. @AppleSupport @AppleSupport iphone 5s @AppleSupport Yes, after 11.1.1. Option is greyed out. Unable to turn on in Control Center and in settings. Thank you. @AppleSupport yes, and force restart, and reset network settings",3,CASE_001845,CONNECTIVITY_WIFI_BLUETOOTH,0.7141,"@AppleSupport Hi, after updating to iOS 11 the WiFi on my iPhone 7 keeps turning itself on, even after I turn it off again. Known issue? @AppleSupport Yeah, from control centre. Looks like that doesn’t turn it off in settings &gt; WiFi, am I correct? Thanks. @AppleSupport Thanks. Wow, that is really misleading. Basically trying to trick people into keeping WiFi and Bluetooth on.","@293645 Are you turning the Wi-Fi off from the Control Center? Let us know, we'd like to help. @293645 You're correct. Control Center just temporarily disables it. You can learn more here: https://t.co/G7BHuQnDS6",CLEARLY_RESOLVED,2,Strongly Relevant,Strong semantic alignment with identical customer symptom and actionable resolution.
CASE_003493,1516647,CONNECTIVITY_WIFI_BLUETOOTH,@AppleSupport  Watch on os4 does not change time to reflect local time zone after coming off airplane mode. Phone adjusts. They do connect. @AppleSupport No. Right now watch show east coast time but phone shows central time @AppleSupport It has worked regularly in the past. First trip since update to os4 @AppleSupport 4.0 (15R372) @AppleSupport Phone loaded 11.0.3 update after I got home. Watch went to correct local time without restarting watch @AppleSupport Given how seamlessly this worked before I’m not sure restarting devices every time I cross time zones is a long-term answer,1,CASE_003432,OS_UPDATE_SYSTEM_PERFORMANCE,0.6023,"@AppleSupport since 4.1 upg series 1 Watch lost calendar and weather app but both visible on phone and watch app, &amp; no sharing since day 1 https://t.co/f7X22qeliX @AppleSupport 6s+64gb 11.4 &amp; series 1 Watch 4.1,  I unpaired and and pairing again restoring earlier backup Watch 4.0 @AppleSupport 1/2 I’ve restored Watch 4.0 all is working again. Doesn’t fix the sharing problem since day 1 tho. I paired w SE16gb and diff phone # @AppleSupport 2/2 even with diff number/phone Watch doesn’t share. Was a apple care repair unit. Body serial doesn’t match serial on Watch app. @AppleSupport Restore shows version 4.1 and seems okay at moment weather and calendar apps working again. No sharing problem still persists.",@224478 We're happy to help. Which iPhone and iOS version are you using? Have you done any steps to try to resolve this issue? @224478 Thanks for that information. DM us and tell us which iOS version you're using on your iPhone? We'll go from there. https://t.co/GDrqU2kzhr,CLEARLY_RESOLVED,1,Somewhat Relevant,Partial semantic overlap; related hardware/software component or troubleshooting procedure.
CASE_003493,1516647,CONNECTIVITY_WIFI_BLUETOOTH,@AppleSupport  Watch on os4 does not change time to reflect local time zone after coming off airplane mode. Phone adjusts. They do connect. @AppleSupport No. Right now watch show east coast time but phone shows central time @AppleSupport It has worked regularly in the past. First trip since update to os4 @AppleSupport 4.0 (15R372) @AppleSupport Phone loaded 11.0.3 update after I got home. Watch went to correct local time without restarting watch @AppleSupport Given how seamlessly this worked before I’m not sure restarting devices every time I cross time zones is a long-term answer,2,CASE_005519,CONNECTIVITY_WIFI_BLUETOOTH,0.5974,"@AppleSupport anything you guys can help with? Tried everything but just stays like this. https://t.co/1dF1i6NIQm @AppleSupport I have series 3 (no cellular) with watchOS 4.0, thank you.",@350693 Absolutely! Let's get that app working for you. Which Apple Watch do you have &amp; what version of watchOS is installed? @350693 Thanks! DM us and tell us more about the steps you've already tried. We'll pick up with you there. https://t.co/GDrqU22YpT,CLEARLY_RESOLVED,1,Somewhat Relevant,Partial semantic overlap; related hardware/software component or troubleshooting procedure.
CASE_003493,1516647,CONNECTIVITY_WIFI_BLUETOOTH,@AppleSupport  Watch on os4 does not change time to reflect local time zone after coming off airplane mode. Phone adjusts. They do connect. @AppleSupport No. Right now watch show east coast time but phone shows central time @AppleSupport It has worked regularly in the past. First trip since update to os4 @AppleSupport 4.0 (15R372) @AppleSupport Phone loaded 11.0.3 update after I got home. Watch went to correct local time without restarting watch @AppleSupport Given how seamlessly this worked before I’m not sure restarting devices every time I cross time zones is a long-term answer,3,CASE_005098,GENERAL_DEVICE_INQUIRY,0.5944,I’m about to throw my fucking iPhone and Apple Watch into the fucking canal 😡😡😡😡😡😡😡😡😡😡 Over here trying to fix the issue on my own bc @AppleSupport is useless. They’ve never even mentioned I check if my wireless router is @AppleSupport I already put more effort into figuring it out than the last 2 reps did and fixed it myself,"@449386 Hi there, we'd like to help you. Please DM us with details to the issue you're experiencing and we'll get started. https://t.co/GDrqU22YpT",CLEARLY_RESOLVED,1,Somewhat Relevant,Partial semantic overlap; related hardware/software component or troubleshooting procedure.
CASE_004339,1709202,CONNECTIVITY_WIFI_BLUETOOTH,My IPhone glitch is that it won’t stay connected to any WiFi. @AppleSupport ? @AppleSupport Thank you. I did all of these and no dice. I’m using an iPhone 8. @AppleSupport I can’t get the update because I can’t connect to WiFi.,1,CASE_004609,CONNECTIVITY_WIFI_BLUETOOTH,0.7898,@115858 why have an update if all it’s going to do is give issues?! I can’t connect to WiFi. Thanks a lot. @AppleSupport iPhone 7 the one that’s exactly like the 6 and 8. And iOS 11.0.3. @AppleSupport thanks for nothing. Appreciate it.,@532333 We know how essential Wi-Fi is to surfing the web. We'd love to help. What device and version of OS are we working with? @532333 Try out the steps here: https://t.co/sXbhzfS2lM Reach out to us via DM if it still will not connect. https://t.co/GDrqU22YpT,CLEARLY_RESOLVED,2,Strongly Relevant,Strong semantic alignment with identical customer symptom and actionable resolution.
CASE_004339,1709202,CONNECTIVITY_WIFI_BLUETOOTH,My IPhone glitch is that it won’t stay connected to any WiFi. @AppleSupport ? @AppleSupport Thank you. I did all of these and no dice. I’m using an iPhone 8. @AppleSupport I can’t get the update because I can’t connect to WiFi.,2,CASE_004502,CONNECTIVITY_WIFI_BLUETOOTH,0.7806,"Hi @AppleSupport I'm trying to update my phone and it says I'm not connected to the internet even though I am, what do I do ?? @AppleSupport iPhone 6s and the iOS 11.1 @AppleSupport My phone has been connect to wifi the all time!!! And I've tried it with my phone being connected to iTunes and it still hasn't worked!","@528335 Hi &amp; thanks for reaching out. What model iPhone do you have and what update are you wanting to install? @528335 Updates can be done over a Wi-Fi connection, or while connected to iTunes. Here's more information: https://t.co/80YRnjDFDk @528335 Send us a DM letting us know which country you're located in. We want to look into this further. https://t.co/GDrqU22YpT",CLEARLY_RESOLVED,2,Strongly Relevant,Strong semantic alignment with identical customer symptom and actionable resolution.
CASE_004339,1709202,CONNECTIVITY_WIFI_BLUETOOTH,My IPhone glitch is that it won’t stay connected to any WiFi. @AppleSupport ? @AppleSupport Thank you. I did all of these and no dice. I’m using an iPhone 8. @AppleSupport I can’t get the update because I can’t connect to WiFi.,3,CASE_002927,CONNECTIVITY_WIFI_BLUETOOTH,0.7776,"@AppleSupport Hi, I have just updated my iPhone &amp; the WiFi is no longer connecting properly 😔 Any solution? @AppleSupport It’s not connecting atall, nothing on the internet is loading since I updated my phone. WiFi is working fine though on other devices though.","@409002 We can get you connected again with your iPhone. So we've got the right steps, what is happening exactly with Wi-Fi? @409002 Let's pair up in DM to get a better look at what you're seeing. https://t.co/GDrqU22YpT",CLEARLY_RESOLVED,2,Strongly Relevant,Strong semantic alignment with identical customer symptom and actionable resolution.
CASE_001614,619528,CONNECTIVITY_WIFI_BLUETOOTH,@AppleSupport Does MacBook Air 2015 support Dual-Band Wi-Fi and if so where can I conform it? @AppleSupport I had looked at that ! Before Tweeting to you'll ! But it's not mentioned there so can you please confirm it ? @AppleSupport Thank you for your response!,1,CASE_007304,CONNECTIVITY_WIFI_BLUETOOTH,0.5033,@AppleSupport New question 😄 Does Airdrop work on LTE or only on WiFi? Thanks 👍🏻 @AppleSupport Thanks 👍🏻 But it sounds like it only works with WiFi + Bluetooth 🤔,@240578 We are here to help. Here is more information on AirDrop: https://t.co/1sfjYKb68x,PARTIALLY_RESOLVED,1,Somewhat Relevant,Partial semantic overlap; related hardware/software component or troubleshooting procedure.
CASE_001614,619528,CONNECTIVITY_WIFI_BLUETOOTH,@AppleSupport Does MacBook Air 2015 support Dual-Band Wi-Fi and if so where can I conform it? @AppleSupport I had looked at that ! Before Tweeting to you'll ! But it's not mentioned there so can you please confirm it ? @AppleSupport Thank you for your response!,2,CASE_001623,CONNECTIVITY_WIFI_BLUETOOTH,0.4811,"@AppleSupport ever since upgrading to High Sierra, my WiFi on my 2016 MacBook Air  won’t connect. Please help!!! All other devices in the house still connect fine! 😭 @AppleSupport No issues found! I should also mention it’s not that it hasn’t worked since the update, but that it doesn’t work more than it does now on the update. It has connected to WiFi since the update. @AppleSupport Exactly! @AppleSupport And only since the macOS update and only on this machine","@267205 A computer without Wi-Fi is never good. Let's see what's going on. Give this test a try: https://t.co/suf8yUyBYq It's a self-diagnostic test and we can use it to see if the Wi-Fi is reporting trouble. Let us know what it says. @267205 So just to clarify then, the failed Wi-Fi connections are not continual but come and go? @267205 Since this began, have you been able to check out this article and try the steps inside? https://t.co/b6uvkX3ylN",CLEARLY_RESOLVED,1,Somewhat Relevant,Partial semantic overlap; related hardware/software component or troubleshooting procedure.
CASE_001614,619528,CONNECTIVITY_WIFI_BLUETOOTH,@AppleSupport Does MacBook Air 2015 support Dual-Band Wi-Fi and if so where can I conform it? @AppleSupport I had looked at that ! Before Tweeting to you'll ! But it's not mentioned there so can you please confirm it ? @AppleSupport Thank you for your response!,3,CASE_006588,CONNECTIVITY_WIFI_BLUETOOTH,0.4672,"@AppleSupport MacOS High Sierra 10.13.1 broke the 5ghz Wi-Fi connection on MacBook Pro (Retina, 15-inch, Late 2013). Same router, work previously, now it doesn't. It's 2017, why is this still a thing? @AppleSupport Actually it was the router's firmware update that broke it. Apologies for the tech jab. Restarting the router fixed it.","@708500 We're here to help. Send us a DM, and we'll take a closer look at the Wi-Fi on your MacBook Pro there. https://t.co/GDrqU22YpT",CLEARLY_RESOLVED,1,Somewhat Relevant,Partial semantic overlap; related hardware/software component or troubleshooting procedure.
CASE_002091,845855,DISPLAY_TOUCH_SCREEN,"@AppleSupport just me or is Display Calibrator Assistant broken in 10.13, skips past ""Set Up"" stage so you can only alter the white point? @AppleSupport Thanks, I hadn't tried turning off ""Automatically adjust brightness"" before, but I have now and I'm afraid the problem remains. https://t.co/deU8cUyXWe",1,CASE_002695,GENERAL_DEVICE_INQUIRY,0.6384,HEY @AppleSupport LET ME BE ABLE TO TURN OFF THE DAMN AUTOBRIGHTNESS. #problemswithios11 @AppleSupport THANK YOU 😊,@388048 Certainly. Tap Settings &gt; General &gt; Accessibility &gt; Display Accommodations &gt; Auto-Brightness. @388048 You're most welcome!,PARTIALLY_RESOLVED,1,Somewhat Relevant,Partial semantic overlap; related hardware/software component or troubleshooting procedure.
CASE_002091,845855,DISPLAY_TOUCH_SCREEN,"@AppleSupport just me or is Display Calibrator Assistant broken in 10.13, skips past ""Set Up"" stage so you can only alter the white point? @AppleSupport Thanks, I hadn't tried turning off ""Automatically adjust brightness"" before, but I have now and I'm afraid the problem remains. https://t.co/deU8cUyXWe",2,CASE_006077,DISPLAY_TOUCH_SCREEN,0.6364,@AppleSupport so i just updated my phone to 11.0.3 Now i cant adjust my display brightness. Its automatic. I dont want it to self adjust. @AppleSupport Beautiful. Thank you.,"@347023 We've got your back. Check out ""About brightness levels"" here: https://t.co/bkqEVCrK2l Let us know if that helps. @347023 It's our pleasure. You're most welcome.",CLEARLY_RESOLVED,1,Somewhat Relevant,Partial semantic overlap; related hardware/software component or troubleshooting procedure.
CASE_002091,845855,DISPLAY_TOUCH_SCREEN,"@AppleSupport just me or is Display Calibrator Assistant broken in 10.13, skips past ""Set Up"" stage so you can only alter the white point? @AppleSupport Thanks, I hadn't tried turning off ""Automatically adjust brightness"" before, but I have now and I'm afraid the problem remains. https://t.co/deU8cUyXWe",3,CASE_002044,DISPLAY_TOUCH_SCREEN,0.6183,I HATE how in the new update there is no way to turn off auto-brightness @AppleSupport. ITS SO ANNOYING !!,@315223 We can help you. That option is still available under Settings &gt; General &gt; Accessibility &gt; Display Accommodations.,PARTIALLY_RESOLVED,1,Somewhat Relevant,Partial semantic overlap; related hardware/software component or troubleshooting procedure.
CASE_002206,876361,DISPLAY_TOUCH_SCREEN,"@AppleSupport hello everyone , now i am facing the worst experince using iphone 6 after the ios 11 software update , thats really horrible @AppleSupport IOS 11.0.2 , i really can’t find words to describe how upset and angry i feel @AppleSupport I think that is not effective bescause i have the same errors with the iOS 11, 11.0.1 , 11.0.2 then you see that solution in iOS 11.0.3 !!!! @AppleSupport I already backed up my phone before i update to 11.0.2 so this is really not making any difference @AppleSupport @328062 IOS 11 11.0.1 11.0.2 11.0.3 are junk I have a ipad mini 4 basically the same as a 6 and it is horrid now Apple you know the truth why do @AppleSupport Ok and what if the problem is still exist after updating , so what will be your solution for that ???) @AppleSupport Here find some of what i face here , my phone switched off suddenly without any reason , (2) while am using any app and i received a call @AppleSupport The screen freeze on the app while the phone is ringing and when its allow me to answer guess what ? The phone call freeze too and drop off @AppleSupport And when find something else , while am trying to open settings its take looong time to load settings screen , really ???! @AppleSupport @328062 You keep telling people to do methods that won't work? I mean seriously @AppleSupport I really was need your help and you help me with nothing , then thank you so much for that useless and unprofessional support , @AppleSupport @AppleSupport and i will really will spread my horrible experince with you , so thank you again for being do not care about your customers!! @176402 @AppleSupport @328062 Mine works fine @328063 @AppleSupport @328062 I am glad you are not having issues kush but thousands and thousands of people are though.",1,CASE_000424,OS_UPDATE_SYSTEM_PERFORMANCE,0.8048,@AppleSupport @115858 @116333 ios update sucks its too slow on iphone 6s plus @AppleSupport Issue started when I updated my phone to new ios 11 it sucks its not with any specific app but its with everything if use keypad to dial a p @AppleSupport Phone type a message for everything i do have friends who said same thing is their any way to revert back to my previous ios @AppleSupport Its very sad that @AppleSupport will only reply if we tag @116333 in our tweets please fix bugs in IOS 11 @AppleSupport @116333 @116333 when does #iOS11  bugs will be resolved it sucks when my iphone get hang @AppleSupport,@165241 We want to help with your iPhone. When did the issue start? Is the iPhone slow when you use specific apps? @165241 Thanks for the update. Reach us via DM to gather more information. https://t.co/GDrqU22YpT,CLEARLY_RESOLVED,1,Somewhat Relevant,Partial semantic overlap; related hardware/software component or troubleshooting procedure.
CASE_002206,876361,DISPLAY_TOUCH_SCREEN,"@AppleSupport hello everyone , now i am facing the worst experince using iphone 6 after the ios 11 software update , thats really horrible @AppleSupport IOS 11.0.2 , i really can’t find words to describe how upset and angry i feel @AppleSupport I think that is not effective bescause i have the same errors with the iOS 11, 11.0.1 , 11.0.2 then you see that solution in iOS 11.0.3 !!!! @AppleSupport I already backed up my phone before i update to 11.0.2 so this is really not making any difference @AppleSupport @328062 IOS 11 11.0.1 11.0.2 11.0.3 are junk I have a ipad mini 4 basically the same as a 6 and it is horrid now Apple you know the truth why do @AppleSupport Ok and what if the problem is still exist after updating , so what will be your solution for that ???) @AppleSupport Here find some of what i face here , my phone switched off suddenly without any reason , (2) while am using any app and i received a call @AppleSupport The screen freeze on the app while the phone is ringing and when its allow me to answer guess what ? The phone call freeze too and drop off @AppleSupport And when find something else , while am trying to open settings its take looong time to load settings screen , really ???! @AppleSupport @328062 You keep telling people to do methods that won't work? I mean seriously @AppleSupport I really was need your help and you help me with nothing , then thank you so much for that useless and unprofessional support , @AppleSupport @AppleSupport and i will really will spread my horrible experince with you , so thank you again for being do not care about your customers!! @176402 @AppleSupport @328062 Mine works fine @328063 @AppleSupport @328062 I am glad you are not having issues kush but thousands and thousands of people are though.",2,CASE_005522,OS_UPDATE_SYSTEM_PERFORMANCE,0.7686,"Worst iOS update I ever had. Apps keep on crashing! @AppleSupport, what’s up with this? Thanks for making 11 crappier. @AppleSupport 11.1.2. I experience it on all apps.",@646150 Let's work on this together and see how we can help. Which version of iOS 11 are you on? Check here: Settings &gt; General &gt; About &gt; Version. Are you seeing this issue with only specific apps?,PARTIALLY_RESOLVED,1,Somewhat Relevant,Partial semantic overlap; related hardware/software component or troubleshooting procedure.
CASE_002206,876361,DISPLAY_TOUCH_SCREEN,"@AppleSupport hello everyone , now i am facing the worst experince using iphone 6 after the ios 11 software update , thats really horrible @AppleSupport IOS 11.0.2 , i really can’t find words to describe how upset and angry i feel @AppleSupport I think that is not effective bescause i have the same errors with the iOS 11, 11.0.1 , 11.0.2 then you see that solution in iOS 11.0.3 !!!! @AppleSupport I already backed up my phone before i update to 11.0.2 so this is really not making any difference @AppleSupport @328062 IOS 11 11.0.1 11.0.2 11.0.3 are junk I have a ipad mini 4 basically the same as a 6 and it is horrid now Apple you know the truth why do @AppleSupport Ok and what if the problem is still exist after updating , so what will be your solution for that ???) @AppleSupport Here find some of what i face here , my phone switched off suddenly without any reason , (2) while am using any app and i received a call @AppleSupport The screen freeze on the app while the phone is ringing and when its allow me to answer guess what ? The phone call freeze too and drop off @AppleSupport And when find something else , while am trying to open settings its take looong time to load settings screen , really ???! @AppleSupport @328062 You keep telling people to do methods that won't work? I mean seriously @AppleSupport I really was need your help and you help me with nothing , then thank you so much for that useless and unprofessional support , @AppleSupport @AppleSupport and i will really will spread my horrible experince with you , so thank you again for being do not care about your customers!! @176402 @AppleSupport @328062 Mine works fine @328063 @AppleSupport @328062 I am glad you are not having issues kush but thousands and thousands of people are though.",3,CASE_000536,OS_UPDATE_SYSTEM_PERFORMANCE,0.7654,@AppleSupport I bought last week an iphone 7. Baterry Life [ios 11.0.1] is catastrophic! Help us to regain a better autonomy! #disappointed @AppleSupport @AppleSupport 20% lost in 25 minutes of web usage... I love your products but there is inaceptable ... I hope you will react quickly 😕 @AppleSupport Thanks. I know that ios 11.0.2 is available but this to worsen the autonomy of the iphone of my girlfriend... I hope a patch will come out? @AppleSupport And i know how to update my iPhone 😂👍. But thanks anyway,@174826 Thanks for reaching out. Let's begin by updating iOS to 11.0.2. This article will guide you: https://t.co/80YRnjDFDk,CLEARLY_RESOLVED,1,Somewhat Relevant,Partial semantic overlap; related hardware/software component or troubleshooting procedure.
CASE_003236,1396238,DISPLAY_TOUCH_SCREEN,"Dear @115858 ever since your IOS 11 update, my screen on my iPad air2 keeps flipping even though it’s locked. It’s annoying, please fix @AppleSupport It’s locked in portrait but flips to landscape @AppleSupport Thank you. Appreciated",1,CASE_000688,DISPLAY_TOUCH_SCREEN,0.8066,I could not regret downloading iOS 11 more. @115858 please fix this! My screen flipping horizontal when I’m holding my iphone &amp; ipad normally,"@189922 That's not what we like to hear. Which iOS 11 version are you using? To find it, go to Settings &gt; General &gt; About.",PARTIALLY_RESOLVED,2,Strongly Relevant,Strong semantic alignment with identical customer symptom and actionable resolution.
CASE_003236,1396238,DISPLAY_TOUCH_SCREEN,"Dear @115858 ever since your IOS 11 update, my screen on my iPad air2 keeps flipping even though it’s locked. It’s annoying, please fix @AppleSupport It’s locked in portrait but flips to landscape @AppleSupport Thank you. Appreciated",2,CASE_002087,DISPLAY_TOUCH_SCREEN,0.7893,"@115858 can you pls fix the orientation lock, my iPhone picks whatever orientation it wants ever since I updated to iOS 11 💗 @AppleSupport I hate to say it but I think you’ve fixed it 💀 thanks so much, my bad for being ignorant 😅 @AppleSupport Hey, it’s still doing this? Any ideas how to fix it? @AppleSupport It’s intermittent, it happens on the home screen and I can’t get it to turn back unless I lock the screen/restart @AppleSupport Yes, orientation lock is on. Currently running 11.0.3.","@320987 Since noticing this, have you had a chance to restart your device? It may seem like a simple step, but can resolve many issues. @320987 No worries. We're glad it got resolved. Please reach out any time. @320987 Is your iPhone's orientation lock not working at all, or is the behavior intermittent? Does it seem to occur in one app? @320987 Got it. Do you keep the orientation lock on when the issue occurs? Which version of iOS 11 are you running on this iPhone? @320987 Thanks. Let us know which iPhone model you're using via DM. We'll continue there. https://t.co/GDrqU22YpT",CLEARLY_RESOLVED,2,Strongly Relevant,Strong semantic alignment with identical customer symptom and actionable resolution.
CASE_003236,1396238,DISPLAY_TOUCH_SCREEN,"Dear @115858 ever since your IOS 11 update, my screen on my iPad air2 keeps flipping even though it’s locked. It’s annoying, please fix @AppleSupport It’s locked in portrait but flips to landscape @AppleSupport Thank you. Appreciated",3,CASE_007356,OS_UPDATE_SYSTEM_PERFORMANCE,0.7846,iOS11 and it’s bugs 🤦🏾‍♂️  @115858 @AppleSupport Been having issues with rotation lock on the iPad,"@769548 What issues are you having with the iOS? We'd love to help out. @769548 We can help with that. To start, which exact version of iOS 11 do you have installed? You can check under Settings &gt; General &gt; About.",PARTIALLY_RESOLVED,1,Somewhat Relevant,Partial semantic overlap; related hardware/software component or troubleshooting procedure.
CASE_000360,177846,DISPLAY_TOUCH_SCREEN,"@AppleSupport My iPhone won't backup to iCloud whenever I plug in. I've been trying all week and nothing will work. When I go to settings and click back up now, it never finishes. Would resetting all the settings fix things? @AppleSupport I've never backed up to iTunes, but yes I have a Mac that has iTunes and I've considered doing that before I reset the settings. But I bought this phone about 3 or 4 months ago, its a 7 plus, and it's never been backed up. @AppleSupport Im attempting a backup now. Got about 2 hours left but thought I'd try it again and set the lock screen to never so I can keep an eye on it. but when I've done it before, all it's told me is that the backup couldn't be completed @AppleSupport hey guys, the backup I did worked... but is there a way to make sure that it back ups automatically when I plug my phone in?",1,CASE_004273,GENERAL_DEVICE_INQUIRY,0.6853,My iPhone is still backing up like 3 days later. I left it at the house today but still. Help @AppleSupport @AppleSupport It’s the X. I found someone with a troubleshooting tip on the apple discussions and it worked. Thanks though! https://t.co/VDbjwxETMh @515193 @AppleSupport Need to get that Android in your life,"@515193 That's an unsual amount of time for a backup, but it can depend on a few things and we'd like to help. Which model is it? @515193 We're glad to hear you got it fixed and no problem! Just reach out if you need our help again and have a good one.",CLEARLY_RESOLVED,1,Somewhat Relevant,Partial semantic overlap; related hardware/software component or troubleshooting procedure.
CASE_000360,177846,DISPLAY_TOUCH_SCREEN,"@AppleSupport My iPhone won't backup to iCloud whenever I plug in. I've been trying all week and nothing will work. When I go to settings and click back up now, it never finishes. Would resetting all the settings fix things? @AppleSupport I've never backed up to iTunes, but yes I have a Mac that has iTunes and I've considered doing that before I reset the settings. But I bought this phone about 3 or 4 months ago, its a 7 plus, and it's never been backed up. @AppleSupport Im attempting a backup now. Got about 2 hours left but thought I'd try it again and set the lock screen to never so I can keep an eye on it. but when I've done it before, all it's told me is that the backup couldn't be completed @AppleSupport hey guys, the backup I did worked... but is there a way to make sure that it back ups automatically when I plug my phone in?",2,CASE_006895,GENERAL_DEVICE_INQUIRY,0.6502,@AppleSupport I've really hit a dead end here - I'm trying to back up my 7 to my macbook air before I set up my new iPhone X but no matter what I do I can't back it up. Been at it for hours i'm so frustrated @AppleSupport So problem has been solved actually but thank you for getting back to me anyway  🙏🏻,@518453 No need to worry. We'd love to help out with your concern. Can you let us know specifically what's happening when you attempt to back up; do you get an error message? We'll take a look. @518453 You're welcome.  We are happy to hear it is resolved.,PARTIALLY_RESOLVED,1,Somewhat Relevant,Partial semantic overlap; related hardware/software component or troubleshooting procedure.
CASE_000360,177846,DISPLAY_TOUCH_SCREEN,"@AppleSupport My iPhone won't backup to iCloud whenever I plug in. I've been trying all week and nothing will work. When I go to settings and click back up now, it never finishes. Would resetting all the settings fix things? @AppleSupport I've never backed up to iTunes, but yes I have a Mac that has iTunes and I've considered doing that before I reset the settings. But I bought this phone about 3 or 4 months ago, its a 7 plus, and it's never been backed up. @AppleSupport Im attempting a backup now. Got about 2 hours left but thought I'd try it again and set the lock screen to never so I can keep an eye on it. but when I've done it before, all it's told me is that the backup couldn't be completed @AppleSupport hey guys, the backup I did worked... but is there a way to make sure that it back ups automatically when I plug my phone in?",3,CASE_002816,ACCOUNT_APPLEID_ICLOUD,0.6475,@AppleSupport forgot iPhone backup password. What do I do now?,@397343 We understand your concern! Please follow these steps with encrypted iTunes backups: https://t.co/3qND7caI7Z,PARTIALLY_RESOLVED,1,Somewhat Relevant,Partial semantic overlap; related hardware/software component or troubleshooting procedure.
CASE_003148,1360108,GENERAL_DEVICE_INQUIRY,@AppleSupport is there a way to default off Live Photo’s that I’m just missing? #11.0.3 @AppleSupport Thx! I saw that setting but was just doing it wrong. #IOSprobs,1,CASE_006832,HOW_TO_SETTINGS_CONFIGURATION,0.7884,@AppleSupport how do I keep Live Photo turned off permanently? @AppleSupport Thanks!,@381848 Great question. You would go to Settings &gt; Camera &gt; Preserve Settings and turn on Live Photos. Then go in to the Camera app and turn off the Live Photos option. @381848 You're welcome! If you have any issues or concerns in the future please feel free to reach out. Have a great day!,PARTIALLY_RESOLVED,1,Somewhat Relevant,Partial semantic overlap; related hardware/software component or troubleshooting procedure.
CASE_003148,1360108,GENERAL_DEVICE_INQUIRY,@AppleSupport is there a way to default off Live Photo’s that I’m just missing? #11.0.3 @AppleSupport Thx! I saw that setting but was just doing it wrong. #IOSprobs,2,CASE_002828,OS_UPDATE_SYSTEM_PERFORMANCE,0.7717,"@AppleSupport How do I tell my iPhone to STOP taking Live Photos by default? The setting to control this #UselessFeature is gone in iOS11 @AppleSupport ah, you moved it. that used to be under Photos.",@172492 You can preserve your Camera settings so that Live Photos is always on or off. Go to Settings &gt; Camera &gt; Preserve Settings.,PARTIALLY_RESOLVED,1,Somewhat Relevant,Partial semantic overlap; related hardware/software component or troubleshooting procedure.
CASE_003148,1360108,GENERAL_DEVICE_INQUIRY,@AppleSupport is there a way to default off Live Photo’s that I’m just missing? #11.0.3 @AppleSupport Thx! I saw that setting but was just doing it wrong. #IOSprobs,3,CASE_000237,OS_UPDATE_SYSTEM_PERFORMANCE,0.7697,"@AppleSupport how do I turn Live Photos OFF by default, and HDR ON by default? The current default setup makes no sense. @AppleSupport I’m running iOS 11.1.2. I want to be able to permanently: (a) keep flash off, (b) keep live photo off, and (c) keep HDR on. Currently, I have to go in and change all these settings every time I take a photo. Thanks. @AppleSupport I am clicking the flash icon in camera mode, and setting to “off” rather than “auto”. @AppleSupport Correct. I went to take a photo just now, and Live was set to on and flash to Auto even though they had both previously been turned off.","@141452  Thanks for checking with us to get your issue taken care of. We'd love to help, but we do want to make sure we provide information based on your configuration. Can you let us know the iOS version? @141452 This article will show you how to turn off Live Photos: https://t.co/C3E4kiTqdx

Can you describe how you are turning off flash? @141452 OK. And then when you go to take another photo it is set to on again? Go ahead and DM us to continue. https://t.co/GDrqU22YpT @141452 Please DM us to continue. Thank you. https://t.co/GDrqU22YpT",CLEARLY_RESOLVED,1,Somewhat Relevant,Partial semantic overlap; related hardware/software component or troubleshooting procedure.
CASE_000370,184406,GENERAL_DEVICE_INQUIRY,@115858 Videos in my photos are not playing ..I am using iPhone SE .. please help me playing my videos ! Thanks.,1,CASE_007685,OS_UPDATE_SYSTEM_PERFORMANCE,0.6508,"@AppleSupport I’ve been having trouble playing videos they play but then it goes back and plays the last couple seconds @AppleSupport Its the latest version ios 11.1.2 and on safari @AppleSupport Well i just tried watching videos on ither websited and it worked fine im guessing its just on that website. But it started on Friday after I did the software update. I just Updated to ios 11 version @AppleSupport Well i just tried watching videos on other websites and it worked fine, So im guessing its just on that website. But it started on Friday after I did the software update. I just Updated to ios 11 version @AppleSupport Thanks i actually found the app for the website amd it work fine didnt have problems but thank you anyways!","@797134 We're happy to look into this with you. What is your current iOS version? What app is this happening in? @797134 Thanks, does it happen with all videos, or just those on a particular website? @797134 If videos on other sites are working as expected, it does seem to be the site itself. We recommend reaching out to the web developers of the site itself. @797134 Glad to hear that things are working properly once again. Let us know if we can be of any other assistance.",CLEARLY_RESOLVED,1,Somewhat Relevant,Partial semantic overlap; related hardware/software component or troubleshooting procedure.
CASE_000370,184406,GENERAL_DEVICE_INQUIRY,@115858 Videos in my photos are not playing ..I am using iPhone SE .. please help me playing my videos ! Thanks.,2,CASE_001798,OS_UPDATE_SYSTEM_PERFORMANCE,0.6374,"@AppleSupport hi, I updated to 11.1 2 and now videos won’t play in any of my apps. YouTube, Twitter, facebook, instagram. Nada. 😐 @AppleSupport I’m on the 7+. I did a full reboot and that seems to have fixed it. Thanks!","@287500 Thanks for getting in touch! That's certainly no fun, but you're in the right place to get those videos playing again. Do you get an error message when you try to play them? Have you restarted your iPhone since noticing this? Which device are you watching on? @287500 That's good thinking! We're glad it's working for you now. Let us know if you have anything else we can help with. We'll be here for you.",CLEARLY_RESOLVED,1,Somewhat Relevant,Partial semantic overlap; related hardware/software component or troubleshooting procedure.
CASE_000370,184406,GENERAL_DEVICE_INQUIRY,@115858 Videos in my photos are not playing ..I am using iPhone SE .. please help me playing my videos ! Thanks.,3,CASE_001940,OS_UPDATE_SYSTEM_PERFORMANCE,0.6194,@AppleSupport so since this update I can barley access my photos or play the videos I LITERALLY JUST took! This is the very annoying. @AppleSupport I just got it. I shall contact if I have any further problems with the update. @AppleSupport Thank you!,"@304323 Let's see how we can help. Which version of iOS are you currently using? Just so you know, we released iOS 11.0.3, today. @304323 Sounds good! Let us know if you have any other issues. We'll be here.",CLEARLY_RESOLVED,1,Somewhat Relevant,Partial semantic overlap; related hardware/software component or troubleshooting procedure.
CASE_006091,2321957,GENERAL_DEVICE_INQUIRY,"phone dead ass does not work anymore... 😂😂 @115858 explain to me a 7+ that’s barely a year old, is hardly working now? why soon as i ordered the X, this joint start acting up?",1,CASE_000637,GENERAL_DEVICE_INQUIRY,0.6164,@115858 um yeah I'd just like to know why my phone has been screwing up so bad...it started when the new iPhones that I can't afford came out,@185755 Can you tell us a bit about the trouble you're running into? We're happy to help get your iPhone working like it should be!,CLEARLY_RESOLVED,1,Somewhat Relevant,Partial semantic overlap; related hardware/software component or troubleshooting procedure.
CASE_006091,2321957,GENERAL_DEVICE_INQUIRY,"phone dead ass does not work anymore... 😂😂 @115858 explain to me a 7+ that’s barely a year old, is hardly working now? why soon as i ordered the X, this joint start acting up?",2,CASE_006116,OS_UPDATE_SYSTEM_PERFORMANCE,0.6085,"3 weeks ago I spoke to a senior engineer on the phone about a problem with my iPhone 7 Plus, i factory reset my phone and it worked like new for 2 days...now I’m having the same problems I was before, sort it out! @115858","@344059 We can definitely partner with you on this. Join us in DM using the link below, and we’ll get started. https://t.co/GDrqU22YpT",CLEARLY_RESOLVED,1,Somewhat Relevant,Partial semantic overlap; related hardware/software component or troubleshooting procedure.
CASE_006091,2321957,GENERAL_DEVICE_INQUIRY,"phone dead ass does not work anymore... 😂😂 @115858 explain to me a 7+ that’s barely a year old, is hardly working now? why soon as i ordered the X, this joint start acting up?",3,CASE_005634,BATTERY_CHARGING_POWER,0.5991,"@115858 @AppleSupport just got iPhone X, dead on arrival.  Won't charge, start up, completely dead.  Come on guys, what happened to ""it just works""?  Especially after 3AM EST preorder... @AppleSupport Apple Store checked it, found it would not receive a charge, and swapped it out.  Great job, thanks!",@659596 We're so sorry you're having issues with your new iPhone! Send us a DM and we can look into this with you. https://t.co/GDrqU22YpT @659596 We're glad to hear that the issue was resolved at the Apple Store. We hope you are able to enjoy your new iPhone X now. Have a great rest of your day.,CLEARLY_RESOLVED,1,Somewhat Relevant,Partial semantic overlap; related hardware/software component or troubleshooting procedure.
CASE_004456,1744888,GENERAL_DEVICE_INQUIRY,@AppleSupport how would I go about reporting a security (phishing) concern? @AppleSupport Thanks! Very much appreciated.,1,CASE_005430,GENERAL_DEVICE_INQUIRY,0.7442,@AppleSupport Ive received an email stating they were you. Is there an email to report forward spam spoof phishing emails? @AppleSupport Thank you,@350265 Thank you for letting us know. See https://t.co/LNMCdqt6fD for details and there are steps there to forward the email to us.,PARTIALLY_RESOLVED,2,Strongly Relevant,Strong semantic alignment with identical customer symptom and actionable resolution.
CASE_004456,1744888,GENERAL_DEVICE_INQUIRY,@AppleSupport how would I go about reporting a security (phishing) concern? @AppleSupport Thanks! Very much appreciated.,2,CASE_003469,GENERAL_DEVICE_INQUIRY,0.7434,@AppleSupport this is a scam/phishing right? https://t.co/OzgkDe9Ova @AppleSupport Thanks for confirming!,"@469084 Correct. That message is not coming from us. Since it's an SMS message, please reach out to your carrier for help. @469084 You're very welcome!",PARTIALLY_RESOLVED,2,Strongly Relevant,Strong semantic alignment with identical customer symptom and actionable resolution.
CASE_004456,1744888,GENERAL_DEVICE_INQUIRY,@AppleSupport how would I go about reporting a security (phishing) concern? @AppleSupport Thanks! Very much appreciated.,3,CASE_002130,GENERAL_DEVICE_INQUIRY,0.7325,"@AppleSupport 
I received this suspicious e-mail. Is this an phishing email? https://t.co/rsAdOn7LwS @AppleSupport Thank you so much for your help.",@322682 That appears to be a phishing attempt. Here's how to handle it: https://t.co/LNMCdqt6fD,CLEARLY_RESOLVED,2,Strongly Relevant,Strong semantic alignment with identical customer symptom and actionable resolution.
CASE_002538,1046622,HOW_TO_SETTINGS_CONFIGURATION,"@AppleSupport Can @115858 implement a shortcut ""low power mode"" to the quick access icons 🙏 https://t.co/7c5hxjSKJd @AppleSupport 6; 10.3.2. I mean, even @198874 has this feature. 😂 @AppleSupport Nice 👌",1,CASE_005614,BATTERY_CHARGING_POWER,0.4974,@115858 should put the option of low battery mode on the control panel you pull up. I hate having to go to settings to find it every time. @AppleSupport Thanks Apple!,"@658419 Low Battery Mode is available for use in Control Panel. For help with adding it to yours, take a look at: https://t.co/vodH4madjc @658419 You're welcome.",PARTIALLY_RESOLVED,0,Irrelevant,Divergent customer issue or low semantic relevance score.
CASE_002538,1046622,HOW_TO_SETTINGS_CONFIGURATION,"@AppleSupport Can @115858 implement a shortcut ""low power mode"" to the quick access icons 🙏 https://t.co/7c5hxjSKJd @AppleSupport 6; 10.3.2. I mean, even @198874 has this feature. 😂 @AppleSupport Nice 👌",2,CASE_003333,DISPLAY_TOUCH_SCREEN,0.4819,@115858 Please add a low power mode button to this screen. I’m not the first person to make this request. Y’all pissing me off lol https://t.co/gOOG2lLJAW,@454796 We can help you. You can customize the Control Center at Settings &gt; Control Center: https://t.co/vodH4madjc,PARTIALLY_RESOLVED,0,Irrelevant,Divergent customer issue or low semantic relevance score.
CASE_002538,1046622,HOW_TO_SETTINGS_CONFIGURATION,"@AppleSupport Can @115858 implement a shortcut ""low power mode"" to the quick access icons 🙏 https://t.co/7c5hxjSKJd @AppleSupport 6; 10.3.2. I mean, even @198874 has this feature. 😂 @AppleSupport Nice 👌",3,CASE_003238,DISPLAY_TOUCH_SCREEN,0.4549,Dear Apple iOS 11.0.3  I miss my Night Mode to tone down the screen brightness @115858  @AppleSupport @AppleSupport Prefer it to be manually enabled from the old quick bar but will check @AppleSupport @AppleSupport Found But should be restored back to the quick access as it was previously. Thank u at least I Have back! Thanks!,@444798 We'll be glad to help! Go to Settings &gt; Display &amp; Brightness &gt; Night Shift. Is manually enabled there? Is it scheduled? @444798 You’re welcome. Please feel free to reach out any time you have questions or concerns. Hope you have a good day.,CLEARLY_RESOLVED,0,Irrelevant,Divergent customer issue or low semantic relevance score.
CASE_005421,2178041,HOW_TO_SETTINGS_CONFIGURATION,"@AppleSupport Hi! Apparently Numbers will export .csv with commas or semicolons as separators depending on your language settings. Why can’t it be consistent worldwide?
I opened a topic. https://t.co/Kx29Vl0Cq2 @AppleSupport Thanks.",1,CASE_006377,OS_UPDATE_SYSTEM_PERFORMANCE,0.4445,"@AppleSupport why are all my saved numbers doing this? https://t.co/evKeoCAZRw @AppleSupport No changes at all, it just happened when I woke up and checked my texts this morning. Restarted my phone twice but nothing happened, but I did fix it by using the “import SIM contacts” option, I guess my phone just forgot the contacts for some reason? @AppleSupport Seems like a glitch because I didn’t change any options in the beginning to cause this.",@117660 Thanks for bringing this to our attention. How long have you had this issue? Did this occur after making any changes to your phone such as updating the software? @117660 We're glad to hear that the issue has been resolved. Let's go to Settings&gt; General&gt; About and let us know which software version is running on your phone. https://t.co/GDrqU22YpT,CLEARLY_RESOLVED,0,Irrelevant,Divergent customer issue or low semantic relevance score.
CASE_005421,2178041,HOW_TO_SETTINGS_CONFIGURATION,"@AppleSupport Hi! Apparently Numbers will export .csv with commas or semicolons as separators depending on your language settings. Why can’t it be consistent worldwide?
I opened a topic. https://t.co/Kx29Vl0Cq2 @AppleSupport Thanks.",2,CASE_006297,KEYBOARD_TYPING_AUTOCORRECT,0.3926,@AppleSupport why does autocorrect keep changing it to I.T ! @AppleSupport 7 plus and 11.1.1,"@686596 Let's see if we can find out. To start, which device and OS version do you have? @686596 Let's go ahead and back up, then update to iOS 11.1.2. Let us know if the issue persists after updating. https://t.co/soeXTHF3Pa",PARTIALLY_RESOLVED,0,Irrelevant,Divergent customer issue or low semantic relevance score.
CASE_005421,2178041,HOW_TO_SETTINGS_CONFIGURATION,"@AppleSupport Hi! Apparently Numbers will export .csv with commas or semicolons as separators depending on your language settings. Why can’t it be consistent worldwide?
I opened a topic. https://t.co/Kx29Vl0Cq2 @AppleSupport Thanks.",3,CASE_004414,GENERAL_DEVICE_INQUIRY,0.3666,Yoooo @AppleSupport how come I’m getting all these weird question marks in boxes instead of i’s @AppleSupport Thanks,@522185 Here’s what you can do to work around the issue until it’s fixed in a future software update: https://t.co/qODbOsp4wz,PARTIALLY_RESOLVED,0,Irrelevant,Divergent customer issue or low semantic relevance score.
CASE_006891,2573940,HOW_TO_SETTINGS_CONFIGURATION,"@AppleSupport Hey. All of a sudden my playlists wont sync. This is a big problem for me. Please help. https://t.co/i0fW2kbbLN @AppleSupport Thanks, have DM'd",1,CASE_002322,APP_STORE_PURCHASES_BILLING,0.8013,@AppleSupport my playlists have disappeared off my iPod and won’t resync from iTunes?? @AppleSupport I sorted it but thanks!,"@342222 We're happy to help out with your playlists. When you attempt to sync are you getting an error? Also, which iPod model is this? @342222 No problem. Feel free to reach out to us anytime. We're always here to help.",CLEARLY_RESOLVED,1,Somewhat Relevant,Partial semantic overlap; related hardware/software component or troubleshooting procedure.
CASE_006891,2573940,HOW_TO_SETTINGS_CONFIGURATION,"@AppleSupport Hey. All of a sudden my playlists wont sync. This is a big problem for me. Please help. https://t.co/i0fW2kbbLN @AppleSupport Thanks, have DM'd",2,CASE_004361,APP_STORE_PURCHASES_BILLING,0.7473,"@115948 @AppleSupport why when I create playlists nothing saves? I put it in order and it doesn’t save, and songs just disappear. Ffs @AppleSupport Yes, I have been an Apple Music subscriber for about a year, love it! I’m on version 11.0.3 @AppleSupport Ight, updated to 11.1 but my playlists are still all weird @AppleSupport Will do",@252872 We'd like to help out! Are you an Apple Music subscriber? Which iOS version is installed on your device? @252872 Great to hear! Let's get your playlists working. Is this the first time you weren't able to save songs? Send us a DM. https://t.co/GDrqU22YpT,PARTIALLY_RESOLVED,1,Somewhat Relevant,Partial semantic overlap; related hardware/software component or troubleshooting procedure.
CASE_006891,2573940,HOW_TO_SETTINGS_CONFIGURATION,"@AppleSupport Hey. All of a sudden my playlists wont sync. This is a big problem for me. Please help. https://t.co/i0fW2kbbLN @AppleSupport Thanks, have DM'd",3,CASE_003219,APP_STORE_PURCHASES_BILLING,0.7439,"Anyone having issues with Apple Music today? It won't update any of my playlists. @AppleSupport @AppleSupport It's playlists I make. When I add a song, it doesn't update. It's the same for Shazam as well. Nothing adds @AppleSupport No message comes up and it happens on both @AppleSupport Got it sorted, thanks for the help though","@444064 We definitely want you to enjoy your playlists! Are you talking about the playlists you create or the Apple curated playlists? @444064 Do you receive any error when doing this or does it simply not update? Is this happening with Wi-Fi, cellular data or both? @444064 Could you let us know which Apple device this is occuring on? Is it across multiple devices? @444064 You're more than welcome. Have a great day!",PARTIALLY_RESOLVED,1,Somewhat Relevant,Partial semantic overlap; related hardware/software component or troubleshooting procedure.
CASE_003206,1386579,HOW_TO_SETTINGS_CONFIGURATION,@AppleSupport why does my phone always act up every time Apple releases a new phone? Why? @AppleSupport I have an iPhone 6. My apps keep force closing. My podcast library keeps having to be restored. My text thread is out of order. @AppleSupport My calls keep deleting. Messages that I send delete from the thread. @AppleSupport And there isn't any internal damage. And I cannot figure out how to use these dang .99 storage I pay for @AppleSupport No. I haven't been able to because of storage issues. But I pay for extra storage so I don't understand. @AppleSupport What is the point of buying more storage then? @AppleSupport This is a scam lol thanks friends,1,CASE_007619,APP_CRASH_AND_DOWNLOAD,0.6281,"So sick of apples bullshit. Took almost 5 min to open up a podcast now. Everything lags. Apps crash more. Everything lags on the phone now @AppleSupport updates make your phone worse with each one @174135 @AppleSupport switched to android about 4 years ago, i regret/miss nothing. @601935 @AppleSupport yeah everything worked fine until the new iphone came out n new software updates. Now it works like shit",@174135 We'd love to assist you with any issues that you're having. Which device and software version are you using? Please click here to join us in DM and we'll continue there: https://t.co/GDrqU22YpT @174135 That's not the type of experience that we'd like for you to have. We'd love to look into this. Join us in DM here: https://t.co/GDrqU22YpT,CLEARLY_RESOLVED,1,Somewhat Relevant,Partial semantic overlap; related hardware/software component or troubleshooting procedure.
CASE_003206,1386579,HOW_TO_SETTINGS_CONFIGURATION,@AppleSupport why does my phone always act up every time Apple releases a new phone? Why? @AppleSupport I have an iPhone 6. My apps keep force closing. My podcast library keeps having to be restored. My text thread is out of order. @AppleSupport My calls keep deleting. Messages that I send delete from the thread. @AppleSupport And there isn't any internal damage. And I cannot figure out how to use these dang .99 storage I pay for @AppleSupport No. I haven't been able to because of storage issues. But I pay for extra storage so I don't understand. @AppleSupport What is the point of buying more storage then? @AppleSupport This is a scam lol thanks friends,2,CASE_004904,GENERAL_DEVICE_INQUIRY,0.625,"@AppleSupport hey, my iPhone constantly fills up my storage. I have newest software. Is there any solution?? @AppleSupport Hey, thanks for quick response, I’ve sent you a message.",@576149 Hey there! We definitely want to help you with your iPhone's storage. Let's meet in DM so we can take a closer look: https://t.co/GDrqU22YpT,PARTIALLY_RESOLVED,1,Somewhat Relevant,Partial semantic overlap; related hardware/software component or troubleshooting procedure.
CASE_003206,1386579,HOW_TO_SETTINGS_CONFIGURATION,@AppleSupport why does my phone always act up every time Apple releases a new phone? Why? @AppleSupport I have an iPhone 6. My apps keep force closing. My podcast library keeps having to be restored. My text thread is out of order. @AppleSupport My calls keep deleting. Messages that I send delete from the thread. @AppleSupport And there isn't any internal damage. And I cannot figure out how to use these dang .99 storage I pay for @AppleSupport No. I haven't been able to because of storage issues. But I pay for extra storage so I don't understand. @AppleSupport What is the point of buying more storage then? @AppleSupport This is a scam lol thanks friends,3,CASE_003058,OS_UPDATE_SYSTEM_PERFORMANCE,0.6242,"@AppleSupport Do you guys really sabotage later models of phones to encourage new sales? I'd hate to think my phone slowing was planned. @AppleSupport When I open apps on my phone (namely safari, iHeartRadio, twitter) they will freeze and close. It happens almost every time.","@429978 We'd be happy to look into what's causing the slowness. That's never the experience we want for you. What's going on? @429978 Alright, we can work on that. Which iOS version is installed in Settings &gt; General &gt; About?",PARTIALLY_RESOLVED,1,Somewhat Relevant,Partial semantic overlap; related hardware/software component or troubleshooting procedure.
CASE_006469,2439739,KEYBOARD_TYPING_AUTOCORRECT,"@AppleSupport why am I not getting any notifications from messages or Snapchat specifically since I updated the newest iOS? @AppleSupport 11.2. Also, all my notification settings are on. I am a pro when it comes to iPhones, and I’ve done everything I can think of. I really think it’s a bug. I’ve noticed others are also having this issue. @AppleSupport Thanks so much!",1,CASE_005545,KEYBOARD_TYPING_AUTOCORRECT,0.8696,Yo @AppleSupport my notifications don’t show up for some reason. I’ve checked and they’re enabled and we’re working fine earlier. @AppleSupport iOS 11.2 public beta on iPhone X. I had same software on my iPhone 7 and it worked fine. Sometimes the notifications disappear or don’t show up at all. A text disappeared and Snapchat works sometimes and sometimes it doesn’t.,"@149594 We don't want you missing any important notifications, so we're definitely glad to look into this with you. Is this occurring for all apps? What's the version number of iOS installed? This can be found under Settings &gt; General &gt; About.",CLEARLY_RESOLVED,2,Strongly Relevant,Strong semantic alignment with identical customer symptom and actionable resolution.
CASE_006469,2439739,KEYBOARD_TYPING_AUTOCORRECT,"@AppleSupport why am I not getting any notifications from messages or Snapchat specifically since I updated the newest iOS? @AppleSupport 11.2. Also, all my notification settings are on. I am a pro when it comes to iPhones, and I’ve done everything I can think of. I really think it’s a bug. I’ve noticed others are also having this issue. @AppleSupport Thanks so much!",2,CASE_007105,KEYBOARD_TYPING_AUTOCORRECT,0.7784,@AppleSupport can someone explain why none of my notifications are coming through when I’m actively using my phone? @AppleSupport I’m using a 6s plus. With 11.2 beta 3,"@744583 That's a great question. Let's work together to figure out what's going on. To get started, let us know which device is affected and what the exact iOS version installed is. You can check under Settings &gt; General &gt; About. @744583 Thanks for the info. If you’re having any issues using the public beta, we welcome your feedback here: https://t.co/OTNGzDuUXI 

If you’re using a Developer account you can find answers to many questions here: https://t.co/ONDW4zyY1Y",PARTIALLY_RESOLVED,2,Strongly Relevant,Strong semantic alignment with identical customer symptom and actionable resolution.
CASE_006469,2439739,KEYBOARD_TYPING_AUTOCORRECT,"@AppleSupport why am I not getting any notifications from messages or Snapchat specifically since I updated the newest iOS? @AppleSupport 11.2. Also, all my notification settings are on. I am a pro when it comes to iPhones, and I’ve done everything I can think of. I really think it’s a bug. I’ve noticed others are also having this issue. @AppleSupport Thanks so much!",3,CASE_000460,KEYBOARD_TYPING_AUTOCORRECT,0.7731,"@AppleSupport I'm not receiving notifications from any app 😩😩😩 @AppleSupport iphone 8 plus, ios 11.1.2 @AppleSupport i did! a couple of times. still not working @AppleSupport problem solved! I restarted again! Thank you so much 😁","@169779 We'll be glad to help you get to the bottom of this issue. To get started, can you tell us which device and software are you using? @169779 We'll do everything we can to help resolve this issue. Have you tried a normal restart of the device? This simple step can resolve issues like this. This article explains how to do a normal restart: https://t.co/bc6P3CZFdY @169779 Thanks for confirming that. Are you currently connected to a good WI-Fi network or cellular data? @169779 We're happy to hear that worked. You know how to reach us if you ever need to again. We're online every day from 5am-8pm PST.",CLEARLY_RESOLVED,2,Strongly Relevant,Strong semantic alignment with identical customer symptom and actionable resolution.
CASE_002653,1107356,KEYBOARD_TYPING_AUTOCORRECT,Hey @AppleSupport wtf happened to the ‘dash’ key since iOS 11 upgrade? I NEED IT BACK!!!,1,CASE_000397,OS_UPDATE_SYSTEM_PERFORMANCE,0.6484,"@AppleSupport your iOS 11.0.2 update deleted allllllll of my @115948 😡😡 help me!!! @AppleSupport It is now, all fixed! Thanks @AppleSupport","@160275 We know how important your music is, and we'll be happy to help. Is the iCloud Music Library on under Settings &gt; Music? DM us: https://t.co/GDrqU22YpT @160275 Great, we're glad to hear that! Please reach out if you need help in the future. We'll be here for you.",CLEARLY_RESOLVED,1,Somewhat Relevant,Partial semantic overlap; related hardware/software component or troubleshooting procedure.
CASE_002653,1107356,KEYBOARD_TYPING_AUTOCORRECT,Hey @AppleSupport wtf happened to the ‘dash’ key since iOS 11 upgrade? I NEED IT BACK!!!,2,CASE_000535,OS_UPDATE_SYSTEM_PERFORMANCE,0.6473,"@AppleSupport what is going on with iOS 11.0? #iphone suffering with stuck keys syndrome, S L O W response, yuk.",@174818 We’re glad you reached out! Be sure to back up and update to iOS 11.0.2. Let us know if the issue persists after updating.,PARTIALLY_RESOLVED,1,Somewhat Relevant,Partial semantic overlap; related hardware/software component or troubleshooting procedure.
CASE_002653,1107356,KEYBOARD_TYPING_AUTOCORRECT,Hey @AppleSupport wtf happened to the ‘dash’ key since iOS 11 upgrade? I NEED IT BACK!!!,3,CASE_005846,GENERAL_DEVICE_INQUIRY,0.6361,"@115858 your #ios1111 is broken. https://t.co/LcNV5gZAVP @AppleSupport I thought that was what you'd say(I'm a developer myself and often require more user info on what happened). Unfortunately I don't recall how I got here, and it disappeared once I tapped search. Just got spooked.",@666034 We're happy to work with you on any issue you might be experiencing with iOS 11.1.1. Can you tell us more about what you were doing before the keyboard appeared on the screen?  DM us if you prefer to have more room. https://t.co/GDrqU22YpT @666034 Glad to hear it! It's really hard to determine what causes these things since there are multiple factors that go into it. We are here for you if it happens again. Never hesitate to reach out.,CLEARLY_RESOLVED,1,Somewhat Relevant,Partial semantic overlap; related hardware/software component or troubleshooting procedure.
CASE_004833,1895531,KEYBOARD_TYPING_AUTOCORRECT,iOS11 WhatsApp notifications not working on iphone7  @115858 @AppleSupport Okay thank you for your interest. I sent a message.,1,CASE_002242,KEYBOARD_TYPING_AUTOCORRECT,0.7636,"@AppleSupport Hello, I am not receiving most of my message notifications on whatsapp since i updated. It bothers me very much @AppleSupport i have an IPhone 6S ans ios 11.0.3 @AppleSupport i have everything turned on and i receive some messages but not all of them. @AppleSupport thank you!","@331998 Let's help to take a look at this. Which version of iOS is currently installed? Also, which device is this happening on? @331998 Thanks for that info. Check out this article to ensure your notifications are set up correctly: https://t.co/2txgOv5s2M @331998 Thanks! Go ahead &amp; try out the steps in this article to see if that issue will resolve: https://t.co/fUZ0NRJxcn @331998 Of course! Let us know how that goes.",CLEARLY_RESOLVED,2,Strongly Relevant,Strong semantic alignment with identical customer symptom and actionable resolution.
CASE_004833,1895531,KEYBOARD_TYPING_AUTOCORRECT,iOS11 WhatsApp notifications not working on iphone7  @115858 @AppleSupport Okay thank you for your interest. I sent a message.,2,CASE_002118,OS_UPDATE_SYSTEM_PERFORMANCE,0.7368,"Es solo mi iPhone o qué, desde que se actualizo a iOS 11 no me llegan las notificaciones de whatsapp hasta que abro la app! @AppleSupport @AppleSupport I don’t get WhatsApp notifications since iOS was updated!","@322324 We offer support via Twitter in English. Get help in Spanish here: https://t.co/IBIY3vMgPj or join https://t.co/OczyRx7IOs @322324 We want to help. From Settings &gt; Notifications, locate the app and make sure ""Allow Notifications"" is toggled on.",PARTIALLY_RESOLVED,1,Somewhat Relevant,Partial semantic overlap; related hardware/software component or troubleshooting procedure.
CASE_004833,1895531,KEYBOARD_TYPING_AUTOCORRECT,iOS11 WhatsApp notifications not working on iphone7  @115858 @AppleSupport Okay thank you for your interest. I sent a message.,3,CASE_001912,KEYBOARD_TYPING_AUTOCORRECT,0.7295,"Since updating my phone I don’t receive WhatsApp notifications until I open the app. @AppleSupport, sort it out. Annoying af. 😒 @AppleSupport Thanks. Yeah, since I first upgraded to iOS11 I receive one or two notifications and when I actually open my WhatsApp I’ve several msgs. @AppleSupport It’s also similar with iMessage but the WhatsApp issue is consistently bad. @AppleSupport 11.0.3 @AppleSupport It’s WhatsApp I’m having issues with but yes, they’re all correct both in iPhone settings and the app itself.",@302194 We'd be happy to assist you with this. Can you provide us which iOS version you're using? @302194 Thanks for providing that information. Can you confirm which version of iOS 11 you're using? https://t.co/ZTw54HL4Rm @302194 Are your notifications set properly as shown here: https://t.co/2txgOv5s2M for SnapChat? @302194 Let's take a closer look. Please DM us and we can go from there. https://t.co/GDrqU22YpT,CLEARLY_RESOLVED,2,Strongly Relevant,Strong semantic alignment with identical customer symptom and actionable resolution.
CASE_004175,1675421,KEYBOARD_TYPING_AUTOCORRECT,MY KEYBOARD IS MESSED UP I️ CANT USE THE LETTER I️ https://t.co/OAxL4NjwOc @509721 its a glitch in ios 11 i think @509722 It is thank you I️ just checked @AppleSupport https://t.co/xsasLre3zH,1,CASE_003570,KEYBOARD_TYPING_AUTOCORRECT,0.7782,"@AppleSupport my iphone se has a serious keyboard glitch when i️ type in i️ 🤷🏾‍♀️ i️ updated my phone to ios 11.0.3 @AppleSupport @265687 Have you fixed this yet? @478509 @AppleSupport Yes i did @265687 @AppleSupport How did you fix it? @478509 @AppleSupport I changed my keyboard settings to in the picture listed https://t.co/2ayAuUGEjy @265687 @AppleSupport Thanks! @AppleSupport, any more permanent fixes? We shouldn’t have to turn off our auto-correct. @478509 @AppleSupport I agree there should be a permanent way to fix it",@265687 Let's look into this keyboard issue for you. Send us a DM and we can look over some options for you. https://t.co/GDrqU22YpT @265687 Check out our article https://t.co/xU1AGHStV6 and let us know in DM if that helps. https://t.co/GDrqU22YpT,CLEARLY_RESOLVED,2,Strongly Relevant,Strong semantic alignment with identical customer symptom and actionable resolution.
CASE_004175,1675421,KEYBOARD_TYPING_AUTOCORRECT,MY KEYBOARD IS MESSED UP I️ CANT USE THE LETTER I️ https://t.co/OAxL4NjwOc @509721 its a glitch in ios 11 i think @509722 It is thank you I️ just checked @AppleSupport https://t.co/xsasLre3zH,2,CASE_004429,KEYBOARD_TYPING_AUTOCORRECT,0.7651,So... @115858 @AppleSupport the letter “I️” no longer appears in my keyboard/writings. #ios11 continues to suck. https://t.co/sjVlel6Goa @AppleSupport Haha. Thank you for this work around. There are many of us looking forward to a well-tested update.,@524104 Hey there. Here’s what you can do to work around the issue until it’s fixed in a future software update: https://t.co/uQeXsrrlXJ @524104 No problem.  Let us know if you need any further assistance.,PARTIALLY_RESOLVED,2,Strongly Relevant,Strong semantic alignment with identical customer symptom and actionable resolution.
CASE_004175,1675421,KEYBOARD_TYPING_AUTOCORRECT,MY KEYBOARD IS MESSED UP I️ CANT USE THE LETTER I️ https://t.co/OAxL4NjwOc @509721 its a glitch in ios 11 i think @509722 It is thank you I️ just checked @AppleSupport https://t.co/xsasLre3zH,3,CASE_005771,KEYBOARD_TYPING_AUTOCORRECT,0.7512,"@AppleSupport  when are you folks going to roll out a keyboard fix for ios11? @AppleSupport Just updated iOS, i believe that issue is fixed. Thank you for your prompt response","@663932 Please tell us which issue you are seeing. We recently released an iOS update, 11.1.1, that contains a fix for autocorrect issues. Let’s be sure to back up your device prior to updating. How to back up: https://t.co/4f8hwT5to6",PARTIALLY_RESOLVED,2,Strongly Relevant,Strong semantic alignment with identical customer symptom and actionable resolution.
CASE_001949,782364,OS_UPDATE_SYSTEM_PERFORMANCE,"iOS 11 is the patience school I never went to, works at a pace on iPhone6+ which forces your to slow down &amp; notice life around you. @115858 @AppleSupport Hey Thanks for picking this up, sent the details across.",1,CASE_002050,OS_UPDATE_SYSTEM_PERFORMANCE,0.7911,"iOS 11 just turned my perfectly optimized phone into the slowest phone I have ever had. 

@115858 @AppleSupport shame on you",@315735 We're happy to assist. Which iOS 11 version are you currently running? Go to Settings &gt; General &gt; About for the version.,PARTIALLY_RESOLVED,2,Strongly Relevant,Strong semantic alignment with identical customer symptom and actionable resolution.
CASE_001949,782364,OS_UPDATE_SYSTEM_PERFORMANCE,"iOS 11 is the patience school I never went to, works at a pace on iPhone6+ which forces your to slow down &amp; notice life around you. @115858 @AppleSupport Hey Thanks for picking this up, sent the details across.",2,CASE_003973,OS_UPDATE_SYSTEM_PERFORMANCE,0.712,"Slow, unstable ... thanks @115858 @AppleSupport, my iPhone 5S is just miserable now with #iOS11. @AppleSupport Hi! The last one, iOS 11.0.3. Thanks. @AppleSupport @499266 You tell me if they fix this? @499267 @AppleSupport They called me this morning to run some diagnostics; I will have the results in a few days. Anyway, they are very efficient!","@499266 We surely want you to enjoy your device so let's work to resolve this. Which version of iOS is currently installed? @499266 Surely, thank you! Go ahead and reach out to us in DM &amp; let us know how long ago you updated to iOS 11.0.3? https://t.co/GDrqU22YpT",CLEARLY_RESOLVED,2,Strongly Relevant,Strong semantic alignment with identical customer symptom and actionable resolution.
CASE_001949,782364,OS_UPDATE_SYSTEM_PERFORMANCE,"iOS 11 is the patience school I never went to, works at a pace on iPhone6+ which forces your to slow down &amp; notice life around you. @115858 @AppleSupport Hey Thanks for picking this up, sent the details across.",3,CASE_005288,OS_UPDATE_SYSTEM_PERFORMANCE,0.7075,My phone has been acting so slow since I upgraded the new version of IOS! Help please @115858 @AppleSupport Hello! Thanks that would be iOS 11.1,"@627429 We're here for you. Which version of the iOS are you running currently? You can check by tapping Settings &gt; General &gt; About. @627429 Let's get together in DM to start working on this. Once there, please let us know more about the slowness. https://t.co/GDrqU22YpT",PARTIALLY_RESOLVED,2,Strongly Relevant,Strong semantic alignment with identical customer symptom and actionable resolution.
CASE_005620,2261479,OS_UPDATE_SYSTEM_PERFORMANCE,Do Not Disturb doesn’t work anymore @115858... another update in the works? @AppleSupport I just had to restart the phone. Worked good so far today. Thanks for reaching out,1,CASE_000078,GENERAL_DEVICE_INQUIRY,0.7846,God damn you @115858 my phone isn’t ringing out loud after the recent iOS upgrade and I’m losing business!  #pleasefix @AppleSupport Hi @AppleSupport I googled the problem and turns out do not disturb function had been activated somehow unbeknown to me.  Thank you for help,@124312 We'd like to help you! Are you experiencing sound issues with any apps besides the Phone app? @124312 We're glad you were able to get it fixed. You're very welcome!,PARTIALLY_RESOLVED,1,Somewhat Relevant,Partial semantic overlap; related hardware/software component or troubleshooting procedure.
CASE_005620,2261479,OS_UPDATE_SYSTEM_PERFORMANCE,Do Not Disturb doesn’t work anymore @115858... another update in the works? @AppleSupport I just had to restart the phone. Worked good so far today. Thanks for reaching out,2,CASE_004689,OS_UPDATE_SYSTEM_PERFORMANCE,0.7147,"We seem to have a problem: ""Do Not Disturb"" sync doesn't work. #iOS11 #watchOS4 @AppleSupport https://t.co/KvBUqE0zEZ @AppleSupport Ok, thanks!",@537106 We’d like to look into this with you. DM us which device and version of iOS 11 you’re using and we’ll go from there. https://t.co/GDrqU22YpT,CLEARLY_RESOLVED,2,Strongly Relevant,Strong semantic alignment with identical customer symptom and actionable resolution.
CASE_005620,2261479,OS_UPDATE_SYSTEM_PERFORMANCE,Do Not Disturb doesn’t work anymore @115858... another update in the works? @AppleSupport I just had to restart the phone. Worked good so far today. Thanks for reaching out,3,CASE_007515,GENERAL_DEVICE_INQUIRY,0.7077,I wish the “do not disturb” setting on my iPhone would not show me incoming calls while I’m using my phone. That’d make much happier. @115858 @115858 Me* @780170 @115858 It never shows me! Maybe it's a setting @550897 @115858 troubleshoot my phone tomorrow. I wanna be able to ignore people with my phone properly :( @AppleSupport Thank you for reaching out 🙏🏻. I was able to figure it out. :),"@780170 Perhaps we can help over Twitter. Let's start by taking a look at the section 'Change your settings' here: https://t.co/8HnF4Ksats

Also, which iPhone model do you have and which exact iOS version number is installed?",PARTIALLY_RESOLVED,1,Somewhat Relevant,Partial semantic overlap; related hardware/software component or troubleshooting procedure.
CASE_000060,33398,OS_UPDATE_SYSTEM_PERFORMANCE,Update failed continuously please help @115858 #apple #appleindia https://t.co/1GXRcPyYkX @115858 Thank you for your quick reply. Problem solved automatically next day @AppleSupport Sure. Thanks for your quick service,1,CASE_002519,OS_UPDATE_SYSTEM_PERFORMANCE,0.7104,@AppleSupport answer my dm please:( @AppleSupport Thank you for fucking up my iPhone and never giving me any solution you are the worst ever. Your update is broken.,@302038 We’ve received your DM and will continue there shortly. Thank you for your patience.,PARTIALLY_RESOLVED,2,Strongly Relevant,Strong semantic alignment with identical customer symptom and actionable resolution.
CASE_000060,33398,OS_UPDATE_SYSTEM_PERFORMANCE,Update failed continuously please help @115858 #apple #appleindia https://t.co/1GXRcPyYkX @115858 Thank you for your quick reply. Problem solved automatically next day @AppleSupport Sure. Thanks for your quick service,2,CASE_000307,OS_UPDATE_SYSTEM_PERFORMANCE,0.7001,"@AppleSupport Why cant i update my ios? I have enough storage😭 https://t.co/OPPlMJLRMK @AppleSupport @115948 hi hi maybe you know? @AppleSupport Thank you! I read the instructions and i think i wasnt able to update because many ppl update it, yesterday. Now mine already updated","@150953 Thanks for contacting us. We're happy to help out in any way we can. We recommend checking out this link: https://t.co/Ui1yTnOCUz

Please reach out and let us know if you need further help after trying these steps. @150953 That's good to hear that you were able to get your device updated. Please don't hesitate to contact us again should you need any further assistance. We're always happy to help. Enjoy your day.",CLEARLY_RESOLVED,2,Strongly Relevant,Strong semantic alignment with identical customer symptom and actionable resolution.
CASE_000060,33398,OS_UPDATE_SYSTEM_PERFORMANCE,Update failed continuously please help @115858 #apple #appleindia https://t.co/1GXRcPyYkX @115858 Thank you for your quick reply. Problem solved automatically next day @AppleSupport Sure. Thanks for your quick service,3,CASE_001760,OS_UPDATE_SYSTEM_PERFORMANCE,0.6953,"@AppleSupport hello, I keep getting this message when trying to update my phone, what can I do? https://t.co/c2JFGFLDrM @AppleSupport Will do right now, thank you! @AppleSupport Thank you so much!!",@282787 Thanks for reaching out to us. We are always happy to help. Send us a DM so we can look into this together. https://t.co/GDrqU22YpT @282787 We have received your DM's. We will be working with you there. @282787 Excellent!  We are glad that you are all set.  Contact us again if you need further assistance.  We are here for you.,CLEARLY_RESOLVED,2,Strongly Relevant,Strong semantic alignment with identical customer symptom and actionable resolution.
CASE_000359,177835,OS_UPDATE_SYSTEM_PERFORMANCE,@AppleSupport both my mom and I were transferred to an Apple care rep from Verizon. After being on hold for ~10 minutes the line went dead. Lazy Apple care reps tonight? @AppleSupport We have a new iPhone 6s that won’t receive calls or texts. Can make and send them just fine but when calling it from any phone says “user busy” @AppleSupport It was a backup from an old device. The 6s has always been in the state of not receiving calls. The old iPhone it is replacing worked. @AppleSupport The SIM card was brand new given to us when we got the device. @AppleSupport It was purchased in store at a Best Buy,1,CASE_006726,GENERAL_DEVICE_INQUIRY,0.696,"My phone is failing to receive incoming calls and to make calls. Someone help. 😭 @AppleSupport @AppleSupport I am using an iPhone 6s, when I try to make a call it immediately hangs up without ringing. @AppleSupport It worked! Thank you so much!","@717334 Happy to help you. What model iPhone are you using? Can you tell us what happens when you go to make a phone call now? @717334 Try to turn Airplane mode on, and then back off. See if you can make calls normally again after this. Our website here has information on using Airplane mode: https://t.co/NhYbxEazNR @717334 We're happy to hear that worked. You know how to reach us if you ever need to again. We're online every day from 5am-8pm PST.",CLEARLY_RESOLVED,1,Somewhat Relevant,Partial semantic overlap; related hardware/software component or troubleshooting procedure.
CASE_000359,177835,OS_UPDATE_SYSTEM_PERFORMANCE,@AppleSupport both my mom and I were transferred to an Apple care rep from Verizon. After being on hold for ~10 minutes the line went dead. Lazy Apple care reps tonight? @AppleSupport We have a new iPhone 6s that won’t receive calls or texts. Can make and send them just fine but when calling it from any phone says “user busy” @AppleSupport It was a backup from an old device. The 6s has always been in the state of not receiving calls. The old iPhone it is replacing worked. @AppleSupport The SIM card was brand new given to us when we got the device. @AppleSupport It was purchased in store at a Best Buy,2,CASE_003587,CONNECTIVITY_WIFI_BLUETOOTH,0.6778,@AppleSupport £1000 for a phone that I can’t activate; 2 different SIM cards that work in other phones and your support says call carrier? @AppleSupport Still no good...just had it replaced though so all is well. First iPhone X return the store had done 😂,"@479621 Congratulations on your new iPhone and thanks for your patience, check out this for activation issues: https://t.co/ywHIZGN4Ac @479621 We're sorry to hear that the suggestion didn't work, but glad to hear that you got it sorted!",CLEARLY_RESOLVED,1,Somewhat Relevant,Partial semantic overlap; related hardware/software component or troubleshooting procedure.
CASE_000359,177835,OS_UPDATE_SYSTEM_PERFORMANCE,@AppleSupport both my mom and I were transferred to an Apple care rep from Verizon. After being on hold for ~10 minutes the line went dead. Lazy Apple care reps tonight? @AppleSupport We have a new iPhone 6s that won’t receive calls or texts. Can make and send them just fine but when calling it from any phone says “user busy” @AppleSupport It was a backup from an old device. The 6s has always been in the state of not receiving calls. The old iPhone it is replacing worked. @AppleSupport The SIM card was brand new given to us when we got the device. @AppleSupport It was purchased in store at a Best Buy,3,CASE_002572,CONNECTIVITY_WIFI_BLUETOOTH,0.6776,@AppleSupport I bought an Iphone6s and gifted for my brother in India and after 1 year it stopped supporting local network provider(any SIM) @AppleSupport No Issues ...the malfunctioning phone got replaced with the new one .. I Love apple support :),@371505 We are here to help. DM us the details of your issue and we can take a look at this. https://t.co/GDrqU22YpT @371505 Fantastic! We're glad to hear the issue is resolved. Let us know if you need help in the future.,CLEARLY_RESOLVED,1,Somewhat Relevant,Partial semantic overlap; related hardware/software component or troubleshooting procedure.
CASE_004772,1850229,BATTERY_CHARGING_POWER,@AppleSupport I've updated and battery drains fast and iPhone 6 slow. Now it is dead and won't charge. Just shows as charging but never does @AppleSupport I've got it working. It turns out I had to hard reset for more than 30 seconds due to software failure. It's started to charge now,1,CASE_001986,BATTERY_CHARGING_POWER,0.78,"@AppleSupport hi, just updated to the latest iOS. besides my 6 being super laggy, can’t seem to charge phone. tried with other chargers too @AppleSupport it’s okay, it somehow started working this morning. Thank you anyways!",@311035 Send us a DM and let us know your country. We'll get started there. https://t.co/GDrqU22YpT @311035 Absolutely. Feel free to reach out to us in the future if you have any questions.,PARTIALLY_RESOLVED,2,Strongly Relevant,Strong semantic alignment with identical customer symptom and actionable resolution.
CASE_004772,1850229,BATTERY_CHARGING_POWER,@AppleSupport I've updated and battery drains fast and iPhone 6 slow. Now it is dead and won't charge. Just shows as charging but never does @AppleSupport I've got it working. It turns out I had to hard reset for more than 30 seconds due to software failure. It's started to charge now,2,CASE_004895,BATTERY_CHARGING_POWER,0.7762,"@AppleSupport Why all of a sudden has my battery started draining so fast? If I use it, even when charging, the battery drops so quickly.1/2 @AppleSupport @AppleSupport I have an iPhone 6s Plus and it worked fine the other day, all of a sudden it just can’t hold any charge at all.","@574651 We’d love to help with your battery life. To start, send us a DM letting us know which software version you’re using. https://t.co/GDrqU22YpT",CLEARLY_RESOLVED,2,Strongly Relevant,Strong semantic alignment with identical customer symptom and actionable resolution.
CASE_004772,1850229,BATTERY_CHARGING_POWER,@AppleSupport I've updated and battery drains fast and iPhone 6 slow. Now it is dead and won't charge. Just shows as charging but never does @AppleSupport I've got it working. It turns out I had to hard reset for more than 30 seconds due to software failure. It's started to charge now,3,CASE_005109,BATTERY_CHARGING_POWER,0.775,iPhone 6 battery now dieing super fast . Why oh why @AppleSupport @AppleSupport thanks just private messaged!,"@554388 Hey, we can take a look into the battery life with you. Please DM us the exact iOS version and we'll take it from there. https://t.co/GDrqU22YpT",PARTIALLY_RESOLVED,2,Strongly Relevant,Strong semantic alignment with identical customer symptom and actionable resolution.
CASE_003136,1354536,APP_STORE_PURCHASES_BILLING,@AppleSupport my billing address somehow defaulted to my shipping address when I placed my order &amp; I can’t change it. Will it get cancelled? @AppleSupport Thanks but online chat  and the  phone number both say they are too busy to take my call/chat. I’ve tried several times.,1,CASE_003173,CONNECTIVITY_WIFI_BLUETOOTH,0.7392,"@AppleSupport 800 number still not taking calls, chat service can’t help. When can I change the shipping address for my iPhone X order? Thx @AppleSupport Thank you. I am required to call 800 MYAPPLE to make the change, but they are not taking calls. DM me to change the address","@438522 We know your time is valuable. Our Apple Online Store team are the ones to assist ordering issues: https://t.co/8yjRd1Xo0i @438522 Send us a DM with the country you're located in, we want to be sure to provide you with the correct contact information. https://t.co/GDrqU2kzhr",CLEARLY_RESOLVED,1,Somewhat Relevant,Partial semantic overlap; related hardware/software component or troubleshooting procedure.
CASE_003136,1354536,APP_STORE_PURCHASES_BILLING,@AppleSupport my billing address somehow defaulted to my shipping address when I placed my order &amp; I can’t change it. Will it get cancelled? @AppleSupport Thanks but online chat  and the  phone number both say they are too busy to take my call/chat. I’ve tried several times.,2,CASE_003140,GENERAL_DEVICE_INQUIRY,0.608,@AppleSupport - you won’t let me cancel my order online but you’ve turned off your phones?!?! You disconnected 1-800-MY-APPLE??? @AppleSupport Wow. Impressive response. Thanks for such an insight - ESPECIALLY WHEN I STARTED WITH “you won’t let me cancel my order”,@436438 Hi. We're here for you. Have you tried canceling your order here: https://t.co/jr7MZtpSNY,PARTIALLY_RESOLVED,1,Somewhat Relevant,Partial semantic overlap; related hardware/software component or troubleshooting procedure.
CASE_003136,1354536,APP_STORE_PURCHASES_BILLING,@AppleSupport my billing address somehow defaulted to my shipping address when I placed my order &amp; I can’t change it. Will it get cancelled? @AppleSupport Thanks but online chat  and the  phone number both say they are too busy to take my call/chat. I’ve tried several times.,3,CASE_005667,APP_STORE_PURCHASES_BILLING,0.5909,@118936 hey guys how do I cancel my @76292 subscription? @AppleSupport @AppleSupport Thanks!,@486293 We're here for you. Check out this article to cancel a subscription: https://t.co/vyd19gEs6v @486293 You're welcome. DM us with any other questions. https://t.co/GDrqU22YpT,CLEARLY_RESOLVED,1,Somewhat Relevant,Partial semantic overlap; related hardware/software component or troubleshooting procedure.
CASE_003365,1451553,DISPLAY_TOUCH_SCREEN,"@AppleSupport for iOS 11, does the screen brightness constantly change itself on its own? Is there no way to lock it permanently?",1,CASE_001852,DISPLAY_TOUCH_SCREEN,0.7815,@115858 @AppleSupport Why in the new iPhone IOS does screen brightness constantly change?   How do I set it to one level and keep it there? @AppleSupport Thanks!  You should put the auto-brightness option under the Display and Brightness menu as well.  Thank you.,@296838 We can help! Tap Settings &gt; General &gt; Accessibility &gt; Display Accommodations &gt; Auto-Brightness. Turn it off here.,CLEARLY_RESOLVED,2,Strongly Relevant,Strong semantic alignment with identical customer symptom and actionable resolution.
CASE_003365,1451553,DISPLAY_TOUCH_SCREEN,"@AppleSupport for iOS 11, does the screen brightness constantly change itself on its own? Is there no way to lock it permanently?",2,CASE_003222,DISPLAY_TOUCH_SCREEN,0.7739,@AppleSupport how do i make my brightness not automatic on iOS 11?,@444204 Great question! You can adjust that in Settings &gt; General &gt; Accessibility &gt; Display Accommodations. https://t.co/bkqEVCrK2l,PARTIALLY_RESOLVED,2,Strongly Relevant,Strong semantic alignment with identical customer symptom and actionable resolution.
CASE_003365,1451553,DISPLAY_TOUCH_SCREEN,"@AppleSupport for iOS 11, does the screen brightness constantly change itself on its own? Is there no way to lock it permanently?",3,CASE_006349,DISPLAY_TOUCH_SCREEN,0.7578,@AppleSupport My iPhone 7Plus with iOS 11.1.1 keeps adjusting the screen brightness on its own. Very annoying. @AppleSupport Thank you. I turned it off. We’ll see what happens.,"@692099 Great question! We're happy to explain. This is a feature called auto-brightness that adjusts your display brightness using ambient light sensors. You can learn more about the feature here: https://t.co/bkqEVCrK2l

If you have further questions, DM us. https://t.co/GDrqU22YpT @692099 Our pleasure! We're here for you if you have any other questions.",CLEARLY_RESOLVED,2,Strongly Relevant,Strong semantic alignment with identical customer symptom and actionable resolution.
CASE_005794,2286446,APP_STORE_PURCHASES_BILLING,"As much as I love @115858 . I fucking hate #iTunes. It literally ruined my day and almost gave me a heart attack today. @AppleSupport I accidentally restored my new iPhone 8 to a configuration of an old one from 2016 via iTunes. So now I have erased the phone and started from the beginning. How should I proceded next time I connect it with my Mac? Should I choose ""new iPhone"" intead restore, right? @AppleSupport Thank you. :) One last question: how can I get videos I made with my iPhone downloaded in my Mac? I use Photos for the pictures, but I can't access the videos.",1,CASE_006086,HOW_TO_SETTINGS_CONFIGURATION,0.6272,@AppleSupport I accidentally restored a very old back up to my new iPhone how do I get back my current stuff back??,"@672827 Great question!  Follow these steps to restore, and choose the restore date you want to use: https://t.co/OZqPAHfBRU",PARTIALLY_RESOLVED,1,Somewhat Relevant,Partial semantic overlap; related hardware/software component or troubleshooting procedure.
CASE_005794,2286446,APP_STORE_PURCHASES_BILLING,"As much as I love @115858 . I fucking hate #iTunes. It literally ruined my day and almost gave me a heart attack today. @AppleSupport I accidentally restored my new iPhone 8 to a configuration of an old one from 2016 via iTunes. So now I have erased the phone and started from the beginning. How should I proceded next time I connect it with my Mac? Should I choose ""new iPhone"" intead restore, right? @AppleSupport Thank you. :) One last question: how can I get videos I made with my iPhone downloaded in my Mac? I use Photos for the pictures, but I can't access the videos.",2,CASE_001588,OS_UPDATE_SYSTEM_PERFORMANCE,0.566,@AppleSupport Could you help me restore my iPhone5 to factory settings please? You've helped me before but I forgot how to. Thanks! @AppleSupport Thank you!,@265088 Sure thing. This article will walk you through how to restore your iPhone to factory settings: https://t.co/swvuDDNFQT,CLEARLY_RESOLVED,1,Somewhat Relevant,Partial semantic overlap; related hardware/software component or troubleshooting procedure.
CASE_005794,2286446,APP_STORE_PURCHASES_BILLING,"As much as I love @115858 . I fucking hate #iTunes. It literally ruined my day and almost gave me a heart attack today. @AppleSupport I accidentally restored my new iPhone 8 to a configuration of an old one from 2016 via iTunes. So now I have erased the phone and started from the beginning. How should I proceded next time I connect it with my Mac? Should I choose ""new iPhone"" intead restore, right? @AppleSupport Thank you. :) One last question: how can I get videos I made with my iPhone downloaded in my Mac? I use Photos for the pictures, but I can't access the videos.",3,CASE_002117,ACCOUNT_APPLEID_ICLOUD,0.5611,"@115858 is ruining my night. All I'm trying to do is restore my backup to my new phone &amp; it's being a serious pain. WHYRUSOFRUSTRATING. 😤 @AppleSupport I was trying to restore it from my iTunes but every time it says to enter my password to begin it says incorrect &amp; it's not @AppleSupport then I tried doing phone to phone and I can't figure it out 😫 @AppleSupport 😶I have no idea.. and if it were I don’t know what password it would be other than using just my iTunes account password @AppleSupport Thanks for your help, my tired brain finally figured it out and got it restore.",@322319 We're here to help. Let us know if you're restoring your phone from an iTunes or iCloud backup to get started. @322319 Was your iPhone back up in iTunes encrypted and that's the password it was asking for? @322319 Let's use the information in the following article to see if that backup is encrypted: https://t.co/s6tdVStcb2 @322319 We're glad to hear that. You know how to reach us if you ever need anything else. Or send us a DM. https://t.co/GDrqU22YpT,CLEARLY_RESOLVED,1,Somewhat Relevant,Partial semantic overlap; related hardware/software component or troubleshooting procedure.
CASE_002056,823510,GENERAL_DEVICE_INQUIRY,😕 @AppleSupport this seems less than ideal after updating a mid 2010 MacBook Pro to High Sierra https://t.co/44xz5DZBbp @AppleSupport Just checked again now; and of course it worked. I wonder if it had something to do with Spotlight indexing still running?,1,CASE_001274,GENERAL_DEVICE_INQUIRY,0.6817,"@115858 @AppleSupport new macOS High Sierra, very bad Spotlight search experience and too many bugs.",@247531 We may be able to help. Try rebuilding the Spotlight index. Check out this article: https://t.co/d4WKhnGwPr,PARTIALLY_RESOLVED,2,Strongly Relevant,Strong semantic alignment with identical customer symptom and actionable resolution.
CASE_002056,823510,GENERAL_DEVICE_INQUIRY,😕 @AppleSupport this seems less than ideal after updating a mid 2010 MacBook Pro to High Sierra https://t.co/44xz5DZBbp @AppleSupport Just checked again now; and of course it worked. I wonder if it had something to do with Spotlight indexing still running?,2,CASE_004544,OS_UPDATE_SYSTEM_PERFORMANCE,0.6174,So @AppleSupport  needs to fix that glitch pronto. I️ use I️ a lot and I️ need this corrected. Please and thank you 💁🏻 #appleglitch #l @AppleSupport @530247 That work around only works sometimes.  Not good enough. @530248 @AppleSupport Yeah it worked for a few hours now it’s back to the glitch. This is super annoying. It should have been fixed by now.,"@530247 Here’s what you can do to work around the issue until it’s fixed in a future software update: https://t.co/xXaXeeSRt9 @530247 Alright, we'd like to take a deeper look into this with you. DM us and we'll start there. https://t.co/GDrqU22YpT",CLEARLY_RESOLVED,1,Somewhat Relevant,Partial semantic overlap; related hardware/software component or troubleshooting procedure.
CASE_002056,823510,GENERAL_DEVICE_INQUIRY,😕 @AppleSupport this seems less than ideal after updating a mid 2010 MacBook Pro to High Sierra https://t.co/44xz5DZBbp @AppleSupport Just checked again now; and of course it worked. I wonder if it had something to do with Spotlight indexing still running?,3,CASE_004420,OS_UPDATE_SYSTEM_PERFORMANCE,0.5848,Is this a bug or whaaa? @AppleSupport https://t.co/k1Fht4KNRZ @523791 @AppleSupport I notice that today too 🤔 @523791 @AppleSupport Omg it’s so annoying @AppleSupport Thank you! That will work for now 😁 @AppleSupport Apple Support issue has not gone away. Advise ASAP. @526154 @AppleSupport Did you update to 11.1.1? It was fixed in that update.,@523791 We can help. Here’s what you can do to work around the issue until it’s fixed in a future software update https://t.co/uQeXsrrlXJ @526154 Here’s what you can do to work around the issue until it’s fixed in a future software update: https://t.co/xXaXeeSRt9 @527713 Here’s what you can do to work around the issue until it’s fixed in a future software update: https://t.co/qODbOsp4wz,CLEARLY_RESOLVED,1,Somewhat Relevant,Partial semantic overlap; related hardware/software component or troubleshooting procedure.
CASE_005517,2208754,OS_UPDATE_SYSTEM_PERFORMANCE,"So irritated that the @115858 podcasts app keeps unsubscribing me from everything in iOS 11. Apple, please fix this! @AppleSupport Thanks for following up! I'm on 11.0.3. This has been happening since I updated to iOs 11.",1,CASE_005011,OS_UPDATE_SYSTEM_PERFORMANCE,0.7355,The @115858 iOS 11 podcast app is probably the worst piece of software “upgrade” ever!!! Unusable. @AppleSupport Thanks! Several actually: podcasts keep showing up after listened. Order all podcasts by oldest to newest gone. Multiple crashes. @AppleSupport No longer plays the next podcast after the previous ended. I think these are the main ones. Sync between devices doesn’t work properly too,@593881 Let’s work together on this. Could you let us know what particular features aren’t working in the Podcasts App via a DM? https://t.co/GDrqU22YpT,CLEARLY_RESOLVED,2,Strongly Relevant,Strong semantic alignment with identical customer symptom and actionable resolution.
CASE_005517,2208754,OS_UPDATE_SYSTEM_PERFORMANCE,"So irritated that the @115858 podcasts app keeps unsubscribing me from everything in iOS 11. Apple, please fix this! @AppleSupport Thanks for following up! I'm on 11.0.3. This has been happening since I updated to iOs 11.",2,CASE_000641,GENERAL_DEVICE_INQUIRY,0.7236,@AppleSupport I cannot listen to any podcasts on your now worthless app. I even deleted and re-downloaded a couple and nothing @AppleSupport Thx for response. Will get back to you. Unsubscribed and resub’d to one and that seems to work. The other doesn’t seem to be an Apple issue,@185763 Hey there. What's happening when you try to listen to a podcast? We'd love to help out with this.,PARTIALLY_RESOLVED,1,Somewhat Relevant,Partial semantic overlap; related hardware/software component or troubleshooting procedure.
CASE_005517,2208754,OS_UPDATE_SYSTEM_PERFORMANCE,"So irritated that the @115858 podcasts app keeps unsubscribing me from everything in iOS 11. Apple, please fix this! @AppleSupport Thanks for following up! I'm on 11.0.3. This has been happening since I updated to iOs 11.",3,CASE_006510,CONNECTIVITY_WIFI_BLUETOOTH,0.7233,"@AppleSupport updated to iOS 11.1 and now Siri is “having trouble with the connection” and I just got iMessages from an hour ago... 🙄 @AppleSupport Currently on WiFi. I was having problems before when on cellular data, and I updated my carrier settings earlier today as well @AppleSupport When I was on cellular I tried using Twitter and it wouldn’t connect but it worked once I was on WiFi. I didn’t try other apps though @AppleSupport That worked — thanks! ...can you also tell me why I keep getting unsubscribed from one of my podcasts? Just one, not the others @AppleSupport Also, after a day on WiFi today, my phone stopped loading anything on cellular data and restarting it didn’t help. It’s workin again now that I’m on WiFi but it’s getting frustrating @AppleSupport I’m able to re-subscribe but I’ve had to do it three times now. I’d rather it stop unsubscribing me!","@607939 We want you to be able to have a smooth update. Is your device currently on Wi-Fi or cellular data? @607939 Are you able to use Internet in other apps like Safari? @607939 Understood. Power your device off fully, then back on again. Once it's back on, toggle Wi-Fi off and attempt to load a page in Safari. Let us know the results. @607939 We are glad that you are all set.  Are you able to re-subscribe to the podcast?  You can review the steps in this article: https://t.co/gQVExEKnrj @607939 Let's take a bit more of a look. DM us what iOS version you're on. https://t.co/GDrqU2kzhr",CLEARLY_RESOLVED,1,Somewhat Relevant,Partial semantic overlap; related hardware/software component or troubleshooting procedure.
