test_idx,case_id,thread_root_id,query,expected_intent,predicted_top1_intent,top1_similarity,correct_case_id,correct_case_rank,correct_case_rank_num,top3_intents,top5_intents,top3_case_ids,top5_case_ids,retrieved_top1_problem,retrieved_top1_resolution
0,CASE_004537,1761309,Dear @AppleSupport: how do I fully reset an old iPhone that is mildly functional but so broken I can’t unlock it or actually reset it? @AppleSupport Yea the display is cracked and the censor is too messed up to unlock @AppleSupport I already have a new phone I just wanna reset it before I mail it back @AppleSupport  https://t.co/rboOWlRnah @AppleSupport Thank you so much!,DISPLAY_TOUCH_SCREEN,ACCOUNT_APPLEID_ICLOUD,0.6649,CASE_000519,2,2.0,"['ACCOUNT_APPLEID_ICLOUD', 'DISPLAY_TOUCH_SCREEN', 'AUDIO_SOUND_SPEAKER']","['ACCOUNT_APPLEID_ICLOUD', 'DISPLAY_TOUCH_SCREEN', 'AUDIO_SOUND_SPEAKER', 'DISPLAY_TOUCH_SCREEN', 'DISPLAY_TOUCH_SCREEN']","['CASE_005602', 'CASE_000519', 'CASE_007732']","['CASE_005602', 'CASE_000519', 'CASE_007732', 'CASE_005711', 'CASE_007875']","@AppleSupport Can someone please help me unlock my Apple ID? I got the X and changed my phone # and am locked out of everything, please help, thanks. @AppleSupport I have done so already and started the recovery process, thank you for getting back to me.","@239414 We'd be happy to help. If you need to reset your Apple ID, check out this link for more information: https://t.co/q5KOV2KkQI @239414 No problem. Let us know in DM if you ever need support in the future. https://t.co/GDrqU22YpT"
5,CASE_005959,2303156,@115858 please fix this 👉🏽 I️ I️ I️ I️ @AppleSupport Thanks @AppleSupport my bug is fixed ❤️❤️,GENERAL_DEVICE_INQUIRY,OS_UPDATE_SYSTEM_PERFORMANCE,0.8867,CASE_004238,2,2.0,"['OS_UPDATE_SYSTEM_PERFORMANCE', 'GENERAL_DEVICE_INQUIRY', 'GENERAL_DEVICE_INQUIRY']","['OS_UPDATE_SYSTEM_PERFORMANCE', 'GENERAL_DEVICE_INQUIRY', 'GENERAL_DEVICE_INQUIRY', 'GENERAL_DEVICE_INQUIRY', 'OS_UPDATE_SYSTEM_PERFORMANCE']","['CASE_004388', 'CASE_004238', 'CASE_003858']","['CASE_004388', 'CASE_004238', 'CASE_003858', 'CASE_003759', 'CASE_004383']",Ok seriously @115858 fix this I️ glitch. @AppleSupport Thanks!!,@519700 Here’s what you can do to work around the issue until it’s fixed in a future software update: https://t.co/xXaXeeSRt9 @519700 You're welcome. Enjoy the rest of your day.
13,CASE_003090,1338062,#IphoneXPreOrder #iPhoneX @AppleSupport still no confirmation email in regards to my ‘reserved’ iPhone because of ‘couldn’t reach carrier’ @432099 @AppleSupport Same @AppleSupport Thank u @AppleSupport @432099 That’s baloney.  I contacted Apple support and all they could say was to be patient- it’s been over 10 hours - Apple support is useless @AppleSupport @432273 I am too @AppleSupport @432273 I’m waiting as well and Apple support just tells you to be patient- I think 10+ hours is more than patient to get a confirmation email @AppleSupport All good! Got my email! Thanks! @432274 @AppleSupport @432273 I’ve been waiting 10+ hours with no email to confirm order. @AppleSupport @432273 Still haven't gotten my email #IphoneXPreOrder #iPhoneX,CONNECTIVITY_WIFI_BLUETOOTH,HOW_TO_SETTINGS_CONFIGURATION,0.7779,N/A,Missing (>10),,"['HOW_TO_SETTINGS_CONFIGURATION', 'GENERAL_DEVICE_INQUIRY', 'GENERAL_DEVICE_INQUIRY']","['HOW_TO_SETTINGS_CONFIGURATION', 'GENERAL_DEVICE_INQUIRY', 'GENERAL_DEVICE_INQUIRY', 'GENERAL_DEVICE_INQUIRY', 'GENERAL_DEVICE_INQUIRY']","['CASE_004888', 'CASE_003137', 'CASE_003104']","['CASE_004888', 'CASE_003137', 'CASE_003104', 'CASE_003130', 'CASE_003077']",@AppleSupport Got 2 confirm emails and numbers after ordering my #iPhoneX but only ordered 1. How do I check? @AppleSupport Already taken care of. 2 hours on phone and chat this morning. Thx.,@142571 Let's look into this for you. This page can guide you on checking your order status: https://t.co/jr7MZtpSNY https://t.co/GDrqU22YpT
16,CASE_002624,1089888,"So @AppleSupport, I thought login screens were a solved problem https://t.co/jsrq8i1aQA @AppleSupport Restart resolves it, but as a developer, loads of work context is in terminals. This is uncool... Hope it’s a KI fixed in High Sierra @AppleSupport N.b thanks for replying, this is just frustration after several times it happened over the last 3mo...",ACCOUNT_APPLEID_ICLOUD,OS_UPDATE_SYSTEM_PERFORMANCE,0.6146,CASE_001928,4,4.0,"['OS_UPDATE_SYSTEM_PERFORMANCE', 'KEYBOARD_TYPING_AUTOCORRECT', 'OS_UPDATE_SYSTEM_PERFORMANCE']","['OS_UPDATE_SYSTEM_PERFORMANCE', 'KEYBOARD_TYPING_AUTOCORRECT', 'OS_UPDATE_SYSTEM_PERFORMANCE', 'ACCOUNT_APPLEID_ICLOUD', 'DISPLAY_TOUCH_SCREEN']","['CASE_004544', 'CASE_001864', 'CASE_006016']","['CASE_004544', 'CASE_001864', 'CASE_006016', 'CASE_001928', 'CASE_002968']",So @AppleSupport  needs to fix that glitch pronto. I️ use I️ a lot and I️ need this corrected. Please and thank you 💁🏻 #appleglitch #l @AppleSupport @530247 That work around only works sometimes.  Not good enough. @530248 @AppleSupport Yeah it worked for a few hours now it’s back to the glitch. This is super annoying. It should have been fixed by now.,"@530247 Here’s what you can do to work around the issue until it’s fixed in a future software update: https://t.co/xXaXeeSRt9 @530247 Alright, we'd like to take a deeper look into this with you. DM us and we'll start there. https://t.co/GDrqU22YpT"
17,CASE_006666,2499259,@AppleSupport I am a technician helping a iPad user retrieve her Apple ID password. Does not have recovery email password and forgets the security questions. How can I get this password back? @AppleSupport This looks good but the iPad has been restored and is waiting for this password . Is there a way to do this on the web? @AppleSupport Thank you for this information,ACCOUNT_APPLEID_ICLOUD,CONNECTIVITY_WIFI_BLUETOOTH,0.7213,CASE_002816,2,2.0,"['CONNECTIVITY_WIFI_BLUETOOTH', 'ACCOUNT_APPLEID_ICLOUD', 'DISPLAY_TOUCH_SCREEN']","['CONNECTIVITY_WIFI_BLUETOOTH', 'ACCOUNT_APPLEID_ICLOUD', 'DISPLAY_TOUCH_SCREEN', 'ACCOUNT_APPLEID_ICLOUD', 'ACCOUNT_APPLEID_ICLOUD']","['CASE_007730', 'CASE_002816', 'CASE_004605']","['CASE_007730', 'CASE_002816', 'CASE_004605', 'CASE_001936', 'CASE_003055']",@AppleSupport how do I reset my iPad? I have tried to to connect to iTunes.. still saying iPad is disabled @AppleSupport What if it was originally synced with iTunes but I can not remember the log in for that. @AppleSupport If I take this into a store will they be able to help ? @AppleSupport I have worked through the recovery mode but no luck... it originally was connected to my ex's iTunes and he he doesn't have a clue what that is.. @AppleSupport Am not sure I fit into the category of recovery mode as it has been connected to an iTunes account... just no idea what that is,"@802531 We would be happy to help. If the iPad is disabled and connected to iTunes, we'll need to put the iPad in recovery mode. This help to explain the steps: https://t.co/F1QfwW1u1N At the top select, 'If you can't sync or connect with iTunes, use recovery mode.' @802531 We can certainly clarify. If the iPad is at a point where it shows it has been disabled, the only way to set it back up again will be with the recovery mode steps: https://t.co/F1QfwW1u1N @802531 Let's take a closer look into this in DM. 

Send us a message and we'll follow up there. https://t.co/GDrqU22YpT"
22,CASE_006433,2425840,"@AppleSupport Trying to install the free SAMs app but iTunes won’t let me. This is crazy, and my card is good. https://t.co/q58j2A0Ktf @AppleSupport Just tried it over cellular, it worked this time. What could the problem be?",CONNECTIVITY_WIFI_BLUETOOTH,APP_STORE_PURCHASES_BILLING,0.6579,N/A,Missing (>10),,"['APP_STORE_PURCHASES_BILLING', 'APP_STORE_PURCHASES_BILLING', 'APP_STORE_PURCHASES_BILLING']","['APP_STORE_PURCHASES_BILLING', 'APP_STORE_PURCHASES_BILLING', 'APP_STORE_PURCHASES_BILLING', 'OS_UPDATE_SYSTEM_PERFORMANCE', 'APP_STORE_PURCHASES_BILLING']","['CASE_003243', 'CASE_005315', 'CASE_002339']","['CASE_003243', 'CASE_005315', 'CASE_002339', 'CASE_006957', 'CASE_003237']","@AppleSupport hey Apple, why does my card keep getting declined on iTunes when I clearly have enough money etc to use it? @AppleSupport EDIT: I can't actually update or download ANYTHING thanks to this.",@445135 We want to get this taken care of for you. Please reach out to our iTunes Support team here: https://t.co/SDIe7UA9Bl
25,CASE_007211,2704233,"The @115858 store at #TheGrove has the worst customer service I’ve EVER experienced in my life! I don’t like to make things racial but a white guy went in the store with the same issue as me, and let’s just say his issue got resolved and mine didn’t.",CONNECTIVITY_WIFI_BLUETOOTH,GENERAL_DEVICE_INQUIRY,0.5499,CASE_001972,3,3.0,"['GENERAL_DEVICE_INQUIRY', 'APP_CRASH_AND_DOWNLOAD', 'CONNECTIVITY_WIFI_BLUETOOTH']","['GENERAL_DEVICE_INQUIRY', 'APP_CRASH_AND_DOWNLOAD', 'CONNECTIVITY_WIFI_BLUETOOTH', 'GENERAL_DEVICE_INQUIRY', 'GENERAL_DEVICE_INQUIRY']","['CASE_006104', 'CASE_001773', 'CASE_001972']","['CASE_006104', 'CASE_001773', 'CASE_001972', 'CASE_003825', 'CASE_004614']","@115858 had the worst experience at GrandCentral genius bar, NYC. the problem wasn't resolved! plus a new one was created! #veryfrustrated","@675027 We'd like to hear about your store experience. Send us a DM with the details, please. https://t.co/GDrqU22YpT"
29,CASE_004304,1704008,"Photos in #macOS High Sierra is SO buggy — I can't imagine it was in a hand of a single QA. And I even waited till 10.13.1. @AppleSupport you either charge for upgrades again or keep the half-done stuff for yourself. As a paying customer I say 👎 @AppleSupport Thanks! The problems are: freezes during just browsing photos (with arrow keys), SUPER SLOW editing of RAWs (iMac 27"" mid 2017), and random crashes if I keep using the app without restarts (all reports sent) 😓 @AppleSupport These problems are not specific to my case, but you know it probably https://t.co/UHXqi83PNg",BATTERY_CHARGING_POWER,GENERAL_DEVICE_INQUIRY,0.8044,N/A,Missing (>10),,"['GENERAL_DEVICE_INQUIRY', 'APP_CRASH_AND_DOWNLOAD', 'OS_UPDATE_SYSTEM_PERFORMANCE']","['GENERAL_DEVICE_INQUIRY', 'APP_CRASH_AND_DOWNLOAD', 'OS_UPDATE_SYSTEM_PERFORMANCE', 'APP_CRASH_AND_DOWNLOAD', 'OS_UPDATE_SYSTEM_PERFORMANCE']","['CASE_007691', 'CASE_002419', 'CASE_002823']","['CASE_007691', 'CASE_002419', 'CASE_002823', 'CASE_006998', 'CASE_003551']","Caution, don’t upgrade to Apple OS X High Sierra.  Nothing but problems thereafter.  Should have waited @115858 @AppleSupport @AppleSupport Thanks. Has crashed 3 times in 2 days.  Photos app completely freezes and crashes when doing even basic edits. Photos don’t sync correctly with iOS devices. Strange things in mail (no “view as icon”) and more. Going to Genius Bar today. OSX not ready, upgraded too early.","@400572 Thanks for reaching out. What specific issue are you having with your Mac currently? @400572 We appreciate you providing those details. For the best assistance with your Photos app, we recommend reaching out to our Advisors here: https://t.co/IBIY3vMgPj They will be able to assist you further, and likely without having to visit our Genius Bar."
31,CASE_005253,2123181,I got to a decent tech support guy called James who grasped the hearing difficulties &amp; solved the iCloud problem painlessly and professionally. The way I have always found Apple before today's experiences. @AppleSupport @AppleSupport Very nice of you but the the run-up to a helpful James was way below Apple standards and has greatly disappointed me. @AppleSupport Instead of trying to portray it as a PR win you should be investigating what went wrong.,ACCOUNT_APPLEID_ICLOUD,AUDIO_SOUND_SPEAKER,0.5421,CASE_001563,4,4.0,"['AUDIO_SOUND_SPEAKER', 'AUDIO_SOUND_SPEAKER', 'AUDIO_SOUND_SPEAKER']","['AUDIO_SOUND_SPEAKER', 'AUDIO_SOUND_SPEAKER', 'AUDIO_SOUND_SPEAKER', 'ACCOUNT_APPLEID_ICLOUD', 'AUDIO_SOUND_SPEAKER']","['CASE_005935', 'CASE_000661', 'CASE_001880']","['CASE_005935', 'CASE_000661', 'CASE_001880', 'CASE_001563', 'CASE_000462']","@AppleSupport having an issue with volume of earpiece while on calls and lagging when finding contacts ever since i update the IOS 11.0.3 @AppleSupport Updated the ios to 11.1.1, but same result. Any other recommendations?",@667750 We'd be happy to assist today. The first thing we'd recommend is getting your device up to date. You can update in Settings &gt; General &gt; Software Update. Just let us know if the receiver still doesn't work after. @667750 Let's continue the conversation in DM. Which country are you located in?
33,CASE_003256,1403970,@AppleSupport Why the hell do you STILL require people to give you a card number to get FREE god damn apps?,GENERAL_DEVICE_INQUIRY,APP_STORE_PURCHASES_BILLING,0.7309,N/A,Missing (>10),,"['APP_STORE_PURCHASES_BILLING', 'APP_STORE_PURCHASES_BILLING', 'APP_STORE_PURCHASES_BILLING']","['APP_STORE_PURCHASES_BILLING', 'APP_STORE_PURCHASES_BILLING', 'APP_STORE_PURCHASES_BILLING', 'APP_STORE_PURCHASES_BILLING', 'CONNECTIVITY_WIFI_BLUETOOTH']","['CASE_002247', 'CASE_002853', 'CASE_003243']","['CASE_002247', 'CASE_002853', 'CASE_003243', 'CASE_003931', 'CASE_004151']",Does anyone know why I now HAVE to add a credit card to update FREE #apps from the #AppStore? #Apple @AppleSupport Makes no sense. @AppleSupport I am sending a DM now. Thanks.,"@251760 Let's see if we can help you resolve the issue with updating apps. Try the steps here: https://t.co/Y0YoIRcZa7
Questions? DM us."
34,CASE_005963,2303454,Dear Apple...... FIX THIS!!! I️ I️ I️ I️ @AppleSupport THANKS! @AppleSupport Thanks so much. 11.0.3 is the version. @AppleSupport Thank You! The update resolved the issue! You (Apple) is the best!,OS_UPDATE_SYSTEM_PERFORMANCE,GENERAL_DEVICE_INQUIRY,0.8744,CASE_004420,3,3.0,"['GENERAL_DEVICE_INQUIRY', 'GENERAL_DEVICE_INQUIRY', 'OS_UPDATE_SYSTEM_PERFORMANCE']","['GENERAL_DEVICE_INQUIRY', 'GENERAL_DEVICE_INQUIRY', 'OS_UPDATE_SYSTEM_PERFORMANCE', 'GENERAL_DEVICE_INQUIRY', 'GENERAL_DEVICE_INQUIRY']","['CASE_003945', 'CASE_004529', 'CASE_004420']","['CASE_003945', 'CASE_004529', 'CASE_004420', 'CASE_003901', 'CASE_001154']","@115858 @AppleSupport fix it. https://t.co/jDhZDLJVWt @AppleSupport Thank you I’ll try it, but that’s not something I️ should have to correct for Apple. It should be in the coding.","@498214 Thanks for reaching out. This article has more details on that behavior, including how to address it: https://t.co/xXaXeeSRt9"
39,CASE_007316,2736406,"@AppleSupport you should be ashamed. My Mac downloaded High Sierra &amp; now I can’t log into it. After trying to fix it myself I took it to an authorized repair &amp; he says it’s “vintage” &amp; he won’t repair it. I leave for holiday in 3 days &amp; there are no Genius Bar openings anywhere! @AppleSupport Thanks for having me spend hours trying to fix my Mac myself. Having that not work then being told to go find a service provider that would choose to help me fix my “vintage” MacBook. Look who’s not purchasing a new MacBook as planned, me 🙋🏾‍♂️#HorribleCustomerService",GENERAL_DEVICE_INQUIRY,ACCOUNT_APPLEID_ICLOUD,0.6733,CASE_006550,2,2.0,"['ACCOUNT_APPLEID_ICLOUD', 'GENERAL_DEVICE_INQUIRY', 'OS_UPDATE_SYSTEM_PERFORMANCE']","['ACCOUNT_APPLEID_ICLOUD', 'GENERAL_DEVICE_INQUIRY', 'OS_UPDATE_SYSTEM_PERFORMANCE', 'GENERAL_DEVICE_INQUIRY', 'OS_UPDATE_SYSTEM_PERFORMANCE']","['CASE_006157', 'CASE_006550', 'CASE_006991']","['CASE_006157', 'CASE_006550', 'CASE_006991', 'CASE_001497', 'CASE_005264']","#techhelp! My MacBook Pro will NOT let me login this am. I enter password, black error message appears on top, then it reboots self. Anyone? @AppleSupport, looks like I have a kernel panic happening on my 2012 MacBook Pro. Downloaded and installed High Sierra last night. @AppleSupport Now stuck on calculating time remaining in install. Help appreciated 😊 @AppleSupport Had been no movement for 30 minutes. Then started moving and has progressed. @AppleSupport Thank you. After consulting with an authorized Apple repair site it seems the new OS was corrupted. Working on salvaging now","@679109 You’re definitely in the right place for help. To help us determine the best steps to take for this, can you tell us if the time remaining counter is counting down, or is there no movement? @679109 Great! We’re glad to hear that it’s progressing now. Let us know if the issue persists or what happens after that finishes progressing."
40,CASE_006035,2310909,"I️ got old navy PJ’s, they had German shepherds on them &amp; I️ started crying in the store lmao This is so frustrating my @115858 fix this me can’t speak over twitter using “me” I️ only speak like that w my friends! This is embarrassing! @115858 IDK what me saying anymore bye @670207 @115858 There’s a new update and it’s fixed now @AppleSupport @670207 It seems that you don’t know regarding the IOS 11.1.1 iphones are getting crashed and hot and we need to restore the device couple of times to get it back 😱😱 @AppleSupport @670207 My ipad pro 10.5 after IOS 11.1.1 update have MASIVE battery drain. 2hr10 min film streaming took battery from 100% down to 52%. Wifi only. @672429 @115858 My phone isn’t showing the update! The worst day of my life @670209 @AppleSupport @670207 me too @670209 @AppleSupport @670207 I did better, 1.5h flipboard and 1.2h reddit, 100% down to 21% #fail",BATTERY_CHARGING_POWER,AUDIO_SOUND_SPEAKER,0.7502,CASE_000847,2,2.0,"['AUDIO_SOUND_SPEAKER', 'BATTERY_CHARGING_POWER', 'BATTERY_CHARGING_POWER']","['AUDIO_SOUND_SPEAKER', 'BATTERY_CHARGING_POWER', 'BATTERY_CHARGING_POWER', 'OS_UPDATE_SYSTEM_PERFORMANCE', 'BATTERY_CHARGING_POWER']","['CASE_002205', 'CASE_000847', 'CASE_000715']","['CASE_002205', 'CASE_000847', 'CASE_000715', 'CASE_004771', 'CASE_006860']","A new generation of iPhone. Now available. @115858 Bought a new iPad tried to update to IOS 11 and it crashed... just sick over this @115858 When are you going to fix the problems with IOS 11 &amp; 11.2 my phone is still jacked up. @115858 Can’t get the 7 plus to work! Going back to android! iPhones are overrated &amp; overpriced.Prepaid phones have less static and clearer sound! @115858 Don't preorder with @115714 takes longer than walking in the store. @AppleSupport I sent a DM, hopefully y’all can do something I have been a loyal customer for years @AppleSupport @613147 I wish I could send my POS iPhone 7 back especially after iOS update. iPhones are only good til next model is released. This is my last one. @AppleSupport Thank you! I’ve already contacted🍎 .This is my 2nd 📱switched out in the 6 mos. I’ve had it! Issue still not resolved! Going back 2 Samsung! @AppleSupport @335459 It freezes up all the time!  I have owned a 4, 5, 5s, 6, 6s, and 7Plus. If you keep your pricing model, the 7Plus will be my last iPhone. @AppleSupport @335459 Your company has gotten way too greedy!  $1000 for a phone that gets replaced in 2 years?! Get a grip, and lower prices!","@615452 That's not the experience we want you to have. DM us using the link below, and let us know what's on the iPad screen right now. https://t.co/GDrqU22YpT @613147 If you are having trouble with your device, we can help. Send us a DM with details on what you're experiencing. https://t.co/GDrqU22YpT @335459 What kind of issues are you having with your iPhone 7 plus? We'd love to help out."
43,CASE_004943,1967717,What is with the weird I️ thing??? How do I stop it @583075 Dear @115858 I️ absolutely hate your iOS 11 update. I️ I️ I️ I️ I️ FIX THIS BALONEY NOW!!!! @AppleSupport @286953 hello sir i have iphone 7 i buy this phone from person in usa i work normaly but before turn off he was ask me to entre id and password for activation so he was locked icloud the problem i dont have any information about this person and im now in morocco i need to work with iphon @AppleSupport @286953 so sir pleaze help me  to unlock this phone or give me any information thank you Sir,ACCOUNT_APPLEID_ICLOUD,GENERAL_DEVICE_INQUIRY,0.7091,CASE_000474,2,2.0,"['GENERAL_DEVICE_INQUIRY', 'ACCOUNT_APPLEID_ICLOUD', 'ACCOUNT_APPLEID_ICLOUD']","['GENERAL_DEVICE_INQUIRY', 'ACCOUNT_APPLEID_ICLOUD', 'ACCOUNT_APPLEID_ICLOUD', 'DISPLAY_TOUCH_SCREEN', 'KEYBOARD_TYPING_AUTOCORRECT']","['CASE_005920', 'CASE_000474', 'CASE_005080']","['CASE_005920', 'CASE_000474', 'CASE_005080', 'CASE_007542', 'CASE_004283']","@115858 my son has activation locked his phone, I’m sick of being on to support and getting no way to fix this,any advice on what I can do @AppleSupport @AppleSupport thank you I got sorted today by one of your lovely staff called Paddy Gallagher absolute credit to Apple thanks again",@667583 We're happy to look into your options. Please meet us in DM and we'll gather a few pieces of information to determine the best options to have this sorted out. https://t.co/GDrqU22YpT
47,CASE_003733,1581402,"Hey @115858 fix this I️ @AppleSupport I️ don’t want to do this. I️ want my phone to work. I️ pay all this money &amp; I️ can’t even talk about myself. Ugh. Thanks, @115858 https://t.co/c2jv0VcDKT",GENERAL_DEVICE_INQUIRY,APP_STORE_PURCHASES_BILLING,0.8158,CASE_006176,3,3.0,"['APP_STORE_PURCHASES_BILLING', 'OS_UPDATE_SYSTEM_PERFORMANCE', 'GENERAL_DEVICE_INQUIRY']","['APP_STORE_PURCHASES_BILLING', 'OS_UPDATE_SYSTEM_PERFORMANCE', 'GENERAL_DEVICE_INQUIRY', 'OS_UPDATE_SYSTEM_PERFORMANCE', 'GENERAL_DEVICE_INQUIRY']","['CASE_005986', 'CASE_001601', 'CASE_006176']","['CASE_005986', 'CASE_001601', 'CASE_006176', 'CASE_004109', 'CASE_006501']",@115858 fix this I️ shit! I️ pay too much money for these phones to be this annoyed! #apple @AppleSupport Thank you,"@172499 We recently released an iOS update, 11.1.1, that contains a fix for autocorrect issues. Let’s be sure to back up your device prior to updating. How to back up: https://t.co/4f8hwT5to6 @172499 We’re glad we could assist you. Please feel free to contact us back if you have any other questions or concerns."
48,CASE_000137,61082,"Gotta wait til Friday! Meet me at the Apple Store at 8 a.m. — we’ll let you open the doors! #iPhone https://t.co/r9hFywLn3z @116333 Please solve the macOS high sierra freeze problems first, thank you . I can't work any more after upgraded to the 10.13. @116333 Courage. This is the fourth time already. https://t.co/b5PX4Lu8Ye @116333 I paid $849.00 for an iPhone 6s Plus and I can't even get phone reception.  I hate your company.  Rip offs. @116333 @116333 i was really excited too...until @115858 put a hold on my order and nobody knows why.... @AppleSupport How to make the DM and send to you ,thank you. High sierra has serious system bugs , many users wait for your new update. @AppleSupport Done @AppleSupport Where is the link ???",OS_UPDATE_SYSTEM_PERFORMANCE,APP_CRASH_AND_DOWNLOAD,0.661,CASE_002361,5,5.0,"['APP_CRASH_AND_DOWNLOAD', 'APP_CRASH_AND_DOWNLOAD', 'AUDIO_SOUND_SPEAKER']","['APP_CRASH_AND_DOWNLOAD', 'APP_CRASH_AND_DOWNLOAD', 'AUDIO_SOUND_SPEAKER', 'BATTERY_CHARGING_POWER', 'OS_UPDATE_SYSTEM_PERFORMANCE']","['CASE_001190', 'CASE_004708', 'CASE_002205']","['CASE_001190', 'CASE_004708', 'CASE_002205', 'CASE_000527', 'CASE_002361']","I understand y'all came out with the new phone and all but you don't have to bully me into buying it , it's on my Christmas list 💀got my phone breaking down and freezing all over the place @115858 @AppleSupport Thanks for the response , it won't even let me do the update","@245232 That's certainly not on our list either, so let's take a look at this together. First, have you already updated your iPhone to iOS 11.2? If not, backup your iPhone and update and let us know how it goes:  https://t.co/80YRnjDFDk @245232 Please send us a DM with details about what happens when you try to do the update. Thank you. https://t.co/GDrqU22YpT"
53,CASE_001375,557862,@AppleSupport Why My Phone Be Dying So Fast Tho ?,BATTERY_CHARGING_POWER,GENERAL_DEVICE_INQUIRY,0.834,CASE_002182,4,4.0,"['GENERAL_DEVICE_INQUIRY', 'OS_UPDATE_SYSTEM_PERFORMANCE', 'GENERAL_DEVICE_INQUIRY']","['GENERAL_DEVICE_INQUIRY', 'OS_UPDATE_SYSTEM_PERFORMANCE', 'GENERAL_DEVICE_INQUIRY', 'BATTERY_CHARGING_POWER', 'BATTERY_CHARGING_POWER']","['CASE_004453', 'CASE_005055', 'CASE_000395']","['CASE_004453', 'CASE_005055', 'CASE_000395', 'CASE_002182', 'CASE_000058']","@AppleSupport,
Why does our iPhone dies so quickly? Thank you.",@346346 We'd like to see what is going on with your iPhone. Which iOS version are you running? Check here: Settings &gt; General &gt; About.
54,CASE_004341,1709218,"@115858 this new update is so bad, it might be time to switch over to a Galaxy. @115858 11.1 and 6S. Everything is slow. Messenger locks up. Display/screen many time is tilted or different view. Worse update yet.",DISPLAY_TOUCH_SCREEN,OS_UPDATE_SYSTEM_PERFORMANCE,0.7061,N/A,Missing (>10),,"['OS_UPDATE_SYSTEM_PERFORMANCE', 'OS_UPDATE_SYSTEM_PERFORMANCE', 'OS_UPDATE_SYSTEM_PERFORMANCE']","['OS_UPDATE_SYSTEM_PERFORMANCE', 'OS_UPDATE_SYSTEM_PERFORMANCE', 'OS_UPDATE_SYSTEM_PERFORMANCE', 'OS_UPDATE_SYSTEM_PERFORMANCE', 'BATTERY_CHARGING_POWER']","['CASE_001659', 'CASE_006699', 'CASE_002320']","['CASE_001659', 'CASE_006699', 'CASE_002320', 'CASE_006369', 'CASE_006974']",@115858 This update has made the phone slower than ever!! https://t.co/rXx6iO1hCW,@270282 We're happy to help. Is your iPhone running slow when using specific apps? Have you tried any steps to resolve this issue?
56,CASE_005427,2179630,My phone just deleted my entire camera roll.........  I’m devasted 😭😭😭😭😭 Update - my pictures randomly are downloading back to my phone from iCloud. Wtf is up @AppleSupport          #THANKFULthough,DISPLAY_TOUCH_SCREEN,GENERAL_DEVICE_INQUIRY,0.7552,CASE_003390,5,5.0,"['GENERAL_DEVICE_INQUIRY', 'GENERAL_DEVICE_INQUIRY', 'ACCOUNT_APPLEID_ICLOUD']","['GENERAL_DEVICE_INQUIRY', 'GENERAL_DEVICE_INQUIRY', 'ACCOUNT_APPLEID_ICLOUD', 'GENERAL_DEVICE_INQUIRY', 'DISPLAY_TOUCH_SCREEN']","['CASE_002392', 'CASE_000214', 'CASE_000355']","['CASE_002392', 'CASE_000214', 'CASE_000355', 'CASE_006158', 'CASE_003390']","My phone has just deleted ALL my photos??? WHAT THE FUCK @AppleSupport @AppleSupport They are slowly coming back which is a bit weird, but thanks :)","@348732  We'd love to take a look at how this happened and what we can do to recover the information. Do you use iCloud Photo? @348732 We're so glad they're returning.  If we can help with anything else, please let us know!"
58,CASE_001448,582146,"so disappointed by @115858. After upgrading my iPhone7(recommended by the company), everything now is messed up. The battery with the least of activity runs only for half of the day and since this morning every application crashes in the middle of using. verrry #annoying @AppleSupport Thanks, I updated my iPhone and it seems the problem is solved.",BATTERY_CHARGING_POWER,APP_CRASH_AND_DOWNLOAD,0.7146,CASE_001125,3,3.0,"['APP_CRASH_AND_DOWNLOAD', 'APP_CRASH_AND_DOWNLOAD', 'BATTERY_CHARGING_POWER']","['APP_CRASH_AND_DOWNLOAD', 'APP_CRASH_AND_DOWNLOAD', 'BATTERY_CHARGING_POWER', 'DISPLAY_TOUCH_SCREEN', 'BATTERY_CHARGING_POWER']","['CASE_003313', 'CASE_006063', 'CASE_001125']","['CASE_003313', 'CASE_006063', 'CASE_001125', 'CASE_001229', 'CASE_005093']","I’m not big on posting about ex’s or tech, but I just want to say that @115858 #iPhone 7 sucks. It crashes for me 5-6 times a day, every day. @AppleSupport Thx for the reply. Basically, it constantly freezes, usually when opening various apps, and requires a hard reset every time.",@452619 We want your iPhone working for you; we'll do all we can to help. Can you describe what you mean by your iPhone crashes? @452619 Let's work on this together. Meet us in DM with your iOS version shown in Settings &gt; General &gt; About. https://t.co/GDrqU22YpT
61,CASE_005814,2287603,@115858 @AppleSupport how do I fix the “I.t” I just want to type “it” 😭😭,HOW_TO_SETTINGS_CONFIGURATION,GENERAL_DEVICE_INQUIRY,0.8006,CASE_003592,2,2.0,"['GENERAL_DEVICE_INQUIRY', 'HOW_TO_SETTINGS_CONFIGURATION', 'GENERAL_DEVICE_INQUIRY']","['GENERAL_DEVICE_INQUIRY', 'HOW_TO_SETTINGS_CONFIGURATION', 'GENERAL_DEVICE_INQUIRY', 'GENERAL_DEVICE_INQUIRY', 'GENERAL_DEVICE_INQUIRY']","['CASE_005651', 'CASE_003592', 'CASE_005509']","['CASE_005651', 'CASE_003592', 'CASE_005509', 'CASE_003374', 'CASE_003880']",I’m trying to type the work “it” but instead I get this “I.t” wtf Apple @115858 🙄,"@660887 Thank you for reaching out. We want to help. To start, let’s go to Settings &gt; General &gt; About and see which version of iOS your iPhone is on please."
62,CASE_006251,2371199,"@AppleSupport https://t.co/vsOV8U9cAt is down - asking for 2 step verification then giving me “Connection Error: iCloud encountered an error while trying to connect to the server."" My phone has been stolen so I need to use Find my iPhone to lock it ASAP. @AppleSupport @684201 Not OP but I’m seeing this issue as well on Safari and Chrome, this needs to be fixed… https://t.co/v24bjQ978D @applesupport Safari Chrome &amp; Firefox. It’s on your end. @AppleSupport @684201 Getting the same issue. I'm waiting on the phone for customer support. @AppleSupport @684201 I’ve completed the IOS11 update &amp; now it’s saying accept new iCloud terms &amp; conditions before using iCloud on my iPhone but then freezes when you try to accept?!?? @applesupport Able to get in now. Definitely wasn’t alone though. Thanks. https://t.co/Lqe2GODb13",ACCOUNT_APPLEID_ICLOUD,DISPLAY_TOUCH_SCREEN,0.6853,CASE_004870,2,2.0,"['DISPLAY_TOUCH_SCREEN', 'ACCOUNT_APPLEID_ICLOUD', 'ACCOUNT_APPLEID_ICLOUD']","['DISPLAY_TOUCH_SCREEN', 'ACCOUNT_APPLEID_ICLOUD', 'ACCOUNT_APPLEID_ICLOUD', 'ACCOUNT_APPLEID_ICLOUD', 'ACCOUNT_APPLEID_ICLOUD']","['CASE_000917', 'CASE_004870', 'CASE_005149']","['CASE_000917', 'CASE_004870', 'CASE_005149', 'CASE_005118', 'CASE_006249']","@AppleSupport why is my phone telling me to update apple id settings? when I try the verification fails problem connecting to server 😡 @AppleSupport I believe so but I can’t get to that screen @AppleSupport  https://t.co/PPPm2QZA0s @AppleSupport I was able to unlock, change my password, log out of all other icloud sessions somehow. what would have caused the issue I was having? @AppleSupport I was able to unlock, change my password, log out of all other icloud sessions somehow. what would have caused the issue I was having? @AppleSupport yes it is resolved. thanks!","@178740 We'd be glad to look into this with you. To get started, do you have Two-Factor Authentication turned on? @178740 Thanks for providing that screenshot. We'd like to look into this in more detail. Send us a DM and we'll work from there: https://t.co/GDrqU22YpT @178740 To confirm, your issue is resolved? Meet us in DM for more help: https://t.co/GDrqU22YpT"
63,CASE_003404,1469328,"You will not force me to upgrade, @115858. I️ will get @122986’s Pixel instead. Please address this predictive text for “I️”. It’s annoying. https://t.co/GYMfOD6xYc @AppleSupport Thank you for addressing the issue &amp; providing suggestions! Looking forward to a solution.",KEYBOARD_TYPING_AUTOCORRECT,GENERAL_DEVICE_INQUIRY,0.7271,CASE_004173,3,3.0,"['GENERAL_DEVICE_INQUIRY', 'OS_UPDATE_SYSTEM_PERFORMANCE', 'KEYBOARD_TYPING_AUTOCORRECT']","['GENERAL_DEVICE_INQUIRY', 'OS_UPDATE_SYSTEM_PERFORMANCE', 'KEYBOARD_TYPING_AUTOCORRECT', 'OS_UPDATE_SYSTEM_PERFORMANCE', 'OS_UPDATE_SYSTEM_PERFORMANCE']","['CASE_006259', 'CASE_004474', 'CASE_004173']","['CASE_006259', 'CASE_004474', 'CASE_004173', 'CASE_006057', 'CASE_005513']","@115858 and the new upgrade only made matters worse, it surely didn’t fix the “I” issue. Do you not test upgrades before release? 🙄 @AppleSupport Will do, thank you.",@684418 The iOS 11.1.1 update should resolve the issue with Auto Correct and we'd like to look into this with you. Please DM us an example of the issue happening and we'll look into this with you there. https://t.co/GDrqU22YpT
64,CASE_004269,1698505,@AppleSupport aye Snapchat tripping I don’t know if it’s on y’all end or theirs but that shit needs to be fixed NOW ❗️❗️❗️ @AppleSupport It’s working now good looking out though.,GENERAL_DEVICE_INQUIRY,KEYBOARD_TYPING_AUTOCORRECT,0.6883,CASE_003687,2,2.0,"['KEYBOARD_TYPING_AUTOCORRECT', 'GENERAL_DEVICE_INQUIRY', 'APP_CRASH_AND_DOWNLOAD']","['KEYBOARD_TYPING_AUTOCORRECT', 'GENERAL_DEVICE_INQUIRY', 'APP_CRASH_AND_DOWNLOAD', 'OS_UPDATE_SYSTEM_PERFORMANCE', 'GENERAL_DEVICE_INQUIRY']","['CASE_004067', 'CASE_003687', 'CASE_000100']","['CASE_004067', 'CASE_003687', 'CASE_000100', 'CASE_004127', 'CASE_005407']",@115858 you Gunna fix this ?..... I️ can’t text anyone on snap since I️ can’t use the letter “eye” @AppleSupport Let’s see if it worked . “ I can now type the letter I without any problems. I thank you for helping me “ @AppleSupport Good Job,@502840 Here’s what you can do to work around the issue until it’s fixed in a future software update: https://t.co/xXaXeeSRt9 @502840 Great. Let us know if we can help you any further. We're here for you.
65,CASE_003109,1342798,"Hey @AppleSupport, Mail on #HighSierra is a broken mess that crashes whenever I try to compose an email would be appreciated if you fixed it",APP_CRASH_AND_DOWNLOAD,KEYBOARD_TYPING_AUTOCORRECT,0.6183,CASE_000374,3,3.0,"['KEYBOARD_TYPING_AUTOCORRECT', 'OS_UPDATE_SYSTEM_PERFORMANCE', 'APP_CRASH_AND_DOWNLOAD']","['KEYBOARD_TYPING_AUTOCORRECT', 'OS_UPDATE_SYSTEM_PERFORMANCE', 'APP_CRASH_AND_DOWNLOAD', 'GENERAL_DEVICE_INQUIRY', 'GENERAL_DEVICE_INQUIRY']","['CASE_003126', 'CASE_000787', 'CASE_000374']","['CASE_003126', 'CASE_000787', 'CASE_000374', 'CASE_004305', 'CASE_004208']","@AppleSupport  Please fix the glitch that you have typing the letter “I️”. It is affecting my ability to send and respond to emails. @AppleSupport Morning. Thanks for your reply. It’s helps with texts, but it is not helping me with emails.",@434912 Here’s what you can do to work around the issue until it’s fixed in a future software update: https://t.co/xXaXeeSRt9 https://t.co/GDrqU22YpT @434912 Thanks for that information. Send us a DM with which device and iOS you are using. https://t.co/GDrqU22YpT
71,CASE_007543,2805178,"I’m getting very tired of this $1000 Iphone acting up ever since the iOS 11 update and 3 more updates and it’s still giving me fits @AppleSupport @AppleSupport 7 Plus 3 months old , I have to keep rebooting due to screen freezing, messages acting up, many things. I’ve installed every update sent and never had a problem before IOS 11 @782410 @782411 @AppleSupport Same here! Camera stopped working properly. A big blur @AppleSupport Yes that version was updated an hour ago.
In messages when I try to exit w/back button top left it fades and won’t exit. Sometimes won’t send or receive, there have been many issues I can’t think of right now but thought the updates would fix. Didn’t @AppleSupport @782410 Should I upgrade my IPhone 6 Plus to OIS 11? Thank you. @AppleSupport Whatever it came with new from Best Buy @AppleSupport Yes it happens randomly @AppleSupport Don’t recall using any apps when it happens @AppleSupport I know it was IOS 10. ? @AppleSupport It worked fine prior to IOS 11 and with all the hype over IOS 11 I couldn’t wait and then regretted it. Not sure what this version does that’s supposed to be so great but, it hasn’t been pleasant for me.",DISPLAY_TOUCH_SCREEN,APP_STORE_PURCHASES_BILLING,0.7295,CASE_007696,6,6.0,"['APP_STORE_PURCHASES_BILLING', 'BATTERY_CHARGING_POWER', 'AUDIO_SOUND_SPEAKER']","['APP_STORE_PURCHASES_BILLING', 'BATTERY_CHARGING_POWER', 'AUDIO_SOUND_SPEAKER', 'OS_UPDATE_SYSTEM_PERFORMANCE', 'AUDIO_SOUND_SPEAKER']","['CASE_001361', 'CASE_001619', 'CASE_000634']","['CASE_001361', 'CASE_001619', 'CASE_000634', 'CASE_003372', 'CASE_004775']",Thanks @AppleSupport for the wonderful new iOS that bugs my iPhone 6 out and now it’s completely useless. Now it keeps shutting on and off every 5 mins. If I was rich maybe I could upgrade to the new iPhone. But I’m not. Stop trying to take our money. @249932 @AppleSupport I was just about to say there is an update that fixes it.. and then I saw that they responded to you lol @261514 @AppleSupport I hope it does because my ohone is useless 😭 @AppleSupport It fixed the shutting on and off. But my camera has been glitchy for a few weeks. Is that a software issue ? @AppleSupport All of them. The regular and all the apps,@249932 We're glad you reached out to us. We just released iOS 11.2 which should help with your issues. Let's go through the steps in the following article and DM us if you're still having problems: https://t.co/osZOKKTalm We'll be here for you. https://t.co/GDrqU22YpT @249932 Let us know if your issues persist after updating and we'll go from there. @249932 What issues are you experiencing with your camera? Is it only your native Camera app or also third party camera apps? @249932 Thanks. DM us what exactly is happening when you use the camera and we'll work with you there. https://t.co/GDrqU2kzhr
74,CASE_006508,2446389,"any1 else having issues with OS X High Sierra and not seeing or able to access flash drive? But multiple instances in Finder https://t.co/a3arkTRtZK And when pulled out, all the instances still displayed in Finder.  Did @AppleSupport break the support for usb-sticks with their update? Thanks to @AppleSupport , the issue was resolved; NVRAM reset made it work again!  Great support!!!!",OS_UPDATE_SYSTEM_PERFORMANCE,GENERAL_DEVICE_INQUIRY,0.6102,CASE_000925,6,6.0,"['GENERAL_DEVICE_INQUIRY', 'GENERAL_DEVICE_INQUIRY', 'GENERAL_DEVICE_INQUIRY']","['GENERAL_DEVICE_INQUIRY', 'GENERAL_DEVICE_INQUIRY', 'GENERAL_DEVICE_INQUIRY', 'DISPLAY_TOUCH_SCREEN', 'BATTERY_CHARGING_POWER']","['CASE_006550', 'CASE_007274', 'CASE_002643']","['CASE_006550', 'CASE_007274', 'CASE_002643', 'CASE_007427', 'CASE_002122']","@AppleSupport @27417 I’ve done all steps to fix getting past this stage, even used a bootable flash... #PLEASEHELP https://t.co/Gh9pRu137K @AppleSupport Hi. Yes, it’s an installed version of High Sierra OS @AppleSupport Thanks a lot! I have popped you a DM with the steps I’ve already taken","@705839 You've come to the right place. When you say a bootable drive, was it an installer or installed version of the OS? Thanks. @705839 Shoot us a DM and let us know what steps you've already taken. https://t.co/GDrqU22YpT"
76,CASE_001260,546572,"@AppleSupport Hi, since yesterday night my 6s is canceling every minute. Restart and backup doesn't solute this problem. Have you an idea? https://t.co/H5xoGA6oS9 @AppleSupport Thanks for your help. An update to iOS 11.2 solute the problem.",OS_UPDATE_SYSTEM_PERFORMANCE,GENERAL_DEVICE_INQUIRY,0.7148,CASE_001319,4,4.0,"['GENERAL_DEVICE_INQUIRY', 'GENERAL_DEVICE_INQUIRY', 'HOW_TO_SETTINGS_CONFIGURATION']","['GENERAL_DEVICE_INQUIRY', 'GENERAL_DEVICE_INQUIRY', 'HOW_TO_SETTINGS_CONFIGURATION', 'OS_UPDATE_SYSTEM_PERFORMANCE', 'OS_UPDATE_SYSTEM_PERFORMANCE']","['CASE_001484', 'CASE_001248', 'CASE_001362']","['CASE_001484', 'CASE_001248', 'CASE_001362', 'CASE_001319', 'CASE_005904']","Hi @AppleSupport my old iPhone 6s is shutting down and bugging me out every 20 seconds 😞 please help https://t.co/Fxaxn1qwSU @AppleSupport This morning :( @AppleSupport Thank you so much, I will do 👍🏻 @AppleSupport Hiya, yeah thanks a lot, that seems to have fixed the issue completely! I am so happy 😀👍🏻","@258337 We're sorry to hear this. Let's see what we can do to get it resolved. When did you start seeing these unexpected shutdowns? @258337 Let's get this resolved! This article goes over the steps that we'd like to start with: https://t.co/osZOKKTalm

Give those a shot and keep us posted with your results. @258337 No problem. Feel free to reach out if you have any other questions. @258337 We're glad to hear this! We'll be here if you need us."
79,CASE_003182,1371889,@AppleSupport I completed the new iOS update and all of my pictures have been removed and I cannot find them! Can you help? @AppleSupport thanks,OS_UPDATE_SYSTEM_PERFORMANCE,GENERAL_DEVICE_INQUIRY,0.7744,CASE_004087,4,4.0,"['GENERAL_DEVICE_INQUIRY', 'GENERAL_DEVICE_INQUIRY', 'GENERAL_DEVICE_INQUIRY']","['GENERAL_DEVICE_INQUIRY', 'GENERAL_DEVICE_INQUIRY', 'GENERAL_DEVICE_INQUIRY', 'OS_UPDATE_SYSTEM_PERFORMANCE', 'GENERAL_DEVICE_INQUIRY']","['CASE_006738', 'CASE_007202', 'CASE_007423']","['CASE_006738', 'CASE_007202', 'CASE_007423', 'CASE_004087', 'CASE_005972']",That’s my apps all updated but lost all my pictures thank you @115858 since this new iOS up date I lost everything!!!! @AppleSupport I can’t dm unless you follow bk x @AppleSupport Okay will do thank you,"@717624 We know how important the photos of your captured memories are. We'd like to help. DM us which iPhone and iOS version you're using here: https://t.co/GDrqU22YpT @717624 Are you using the native Twitter app? If so, please make sure it's the most up-to-date version. Let us know what you find out."
80,CASE_006022,2309065,"Has anyone else noticed since updating your #iOS that your alarm is sooo quiet?? I’m afraid I’m going to sleep through it even though my volume is all the way up! @115858 #applechat #iphone @AppleSupport Texts, calls and music have been normal. Someone suggested going to settings to try ‘change with buttons’ so I’ll try that and see if it helps. Thanks for the response!",AUDIO_SOUND_SPEAKER,OS_UPDATE_SYSTEM_PERFORMANCE,0.7479,CASE_000177,4,4.0,"['OS_UPDATE_SYSTEM_PERFORMANCE', 'OS_UPDATE_SYSTEM_PERFORMANCE', 'GENERAL_DEVICE_INQUIRY']","['OS_UPDATE_SYSTEM_PERFORMANCE', 'OS_UPDATE_SYSTEM_PERFORMANCE', 'GENERAL_DEVICE_INQUIRY', 'AUDIO_SOUND_SPEAKER', 'OS_UPDATE_SYSTEM_PERFORMANCE']","['CASE_004701', 'CASE_001849', 'CASE_000078']","['CASE_004701', 'CASE_001849', 'CASE_000078', 'CASE_000177', 'CASE_004752']",So this new iPhone update puts your alarms on silent when you’re phone is on silent...@115858 are you trying to fuck up my life? @AppleSupport Thanks bbz x,@539553 Let's get to the bottom of this. Which version of iOS are you on? You can find that in Settings &gt; General &gt; About. Reply in DM. https://t.co/nYknMGviju
81,CASE_001270,546697,@AppleSupport #iphone6 keeps rebooting and shows the loading screen. Happens every 2 mins! #Help!! @AppleSupport I’m on 11.1.2,DISPLAY_TOUCH_SCREEN,OS_UPDATE_SYSTEM_PERFORMANCE,0.8026,N/A,Missing (>10),,"['OS_UPDATE_SYSTEM_PERFORMANCE', 'OS_UPDATE_SYSTEM_PERFORMANCE', 'HOW_TO_SETTINGS_CONFIGURATION']","['OS_UPDATE_SYSTEM_PERFORMANCE', 'OS_UPDATE_SYSTEM_PERFORMANCE', 'HOW_TO_SETTINGS_CONFIGURATION', 'OS_UPDATE_SYSTEM_PERFORMANCE', 'HOW_TO_SETTINGS_CONFIGURATION']","['CASE_001206', 'CASE_001286', 'CASE_001362']","['CASE_001206', 'CASE_001286', 'CASE_001362', 'CASE_004574', 'CASE_001536']","@AppleSupport my iPhone 6 keeps on restarting. Started doing it this morning. I’m in the UK @AppleSupport All sorted thanks, did the update to 11.2","@245844 Let's look into this issue together. We recommend backing up the information on your device and following the steps laid out in this article:
https://t.co/osZOKKTalm

This article will walk you through backing up your device: 
https://t.co/4f8hwT5to6 @245844 Great to hear! Have a wonderful weekend."
82,CASE_000792,359308,@AppleSupport my (photo) apps shut themselves all-the-time on my ipad pro. Frustrating!! Can't do my work. What's going on? #ios11 @AppleSupport Yes. Safari is crashing &amp; my icloud was closing this morning.never had a problem with my ipad before.Is it an other problem than te update?🤔 @AppleSupport My Photos app but also other apps like Photoshop. I restarted my ipad (twice) and deleted and reinstalled some apps and that seems to work.. @AppleSupport Thank you!!!,ACCOUNT_APPLEID_ICLOUD,APP_CRASH_AND_DOWNLOAD,0.7244,N/A,Missing (>10),,"['APP_CRASH_AND_DOWNLOAD', 'APP_CRASH_AND_DOWNLOAD', 'GENERAL_DEVICE_INQUIRY']","['APP_CRASH_AND_DOWNLOAD', 'APP_CRASH_AND_DOWNLOAD', 'GENERAL_DEVICE_INQUIRY', 'APP_STORE_PURCHASES_BILLING', 'OS_UPDATE_SYSTEM_PERFORMANCE']","['CASE_005137', 'CASE_002333', 'CASE_007691']","['CASE_005137', 'CASE_002333', 'CASE_007691', 'CASE_001361', 'CASE_001328']","How sweet. 
iOS has a new update that fixes everything but the fact that my apps keep crashing or are unusable since the last update. 
Thanx @115858 @AppleSupport 
🙄🙄
#iPad2overlife @AppleSupport Got it figured. Thank you!",@611081 That's no good. Let's meet up in DM to discuss what you're seeing and what you've tried already to find a solution. https://t.co/GDrqU22YpT
84,CASE_002957,1247330,@AppleSupport What’s the best way to clean a leather case for iPhone ?,GENERAL_DEVICE_INQUIRY,APP_CRASH_AND_DOWNLOAD,0.4466,CASE_000361,5,5.0,"['APP_CRASH_AND_DOWNLOAD', 'KEYBOARD_TYPING_AUTOCORRECT', 'HOW_TO_SETTINGS_CONFIGURATION']","['APP_CRASH_AND_DOWNLOAD', 'KEYBOARD_TYPING_AUTOCORRECT', 'HOW_TO_SETTINGS_CONFIGURATION', 'BATTERY_CHARGING_POWER', 'GENERAL_DEVICE_INQUIRY']","['CASE_001476', 'CASE_002641', 'CASE_003943']","['CASE_001476', 'CASE_002641', 'CASE_003943', 'CASE_005440', 'CASE_000361']",Iphone just froze during app cleaning (whatever that is). Can't even reboot it. Anyone with the same problem ? @AppleSupport,@189691 We'll do everything we can to help! Have you tried to force restart your device yet to see if that might help? Check out this article to learn what to do when your iPhone won't turn on or is frozen: https://t.co/8MvHMFZ83h
88,CASE_003749,1583042,"@AppleSupport - Can Apple Gift Card, issued after recycling iPad, be used online at Apple against price for new iPod? TYVM! @AppleSupport Done and done. Thank you very much!",GENERAL_DEVICE_INQUIRY,APP_STORE_PURCHASES_BILLING,0.6314,CASE_000293,6,6.0,"['APP_STORE_PURCHASES_BILLING', 'ACCOUNT_APPLEID_ICLOUD', 'APP_STORE_PURCHASES_BILLING']","['APP_STORE_PURCHASES_BILLING', 'ACCOUNT_APPLEID_ICLOUD', 'APP_STORE_PURCHASES_BILLING', 'APP_STORE_PURCHASES_BILLING', 'CONNECTIVITY_WIFI_BLUETOOTH']","['CASE_000331', 'CASE_001726', 'CASE_006128']","['CASE_000331', 'CASE_001726', 'CASE_006128', 'CASE_000089', 'CASE_004151']",@AppleSupport hi i recently bought an itunes giftcard in pakistan for my ipad pro and it was a US one. How do i redeem it? Please help.,@153212 Great question. iTunes Gift Cards are specific to your country so a US gift card would need to be redeemed in the US iTunes Store. Check out this article for more information: https://t.co/aeIUyI7e1H
89,CASE_006042,2312418,"@AppleSupport, your last 2 updates have made my phone useless. Get your 💩 together and fix it",GENERAL_DEVICE_INQUIRY,OS_UPDATE_SYSTEM_PERFORMANCE,0.8051,N/A,Missing (>10),,"['OS_UPDATE_SYSTEM_PERFORMANCE', 'OS_UPDATE_SYSTEM_PERFORMANCE', 'OS_UPDATE_SYSTEM_PERFORMANCE']","['OS_UPDATE_SYSTEM_PERFORMANCE', 'OS_UPDATE_SYSTEM_PERFORMANCE', 'OS_UPDATE_SYSTEM_PERFORMANCE', 'OS_UPDATE_SYSTEM_PERFORMANCE', 'KEYBOARD_TYPING_AUTOCORRECT']","['CASE_004109', 'CASE_007005', 'CASE_005902']","['CASE_004109', 'CASE_007005', 'CASE_005902', 'CASE_004839', 'CASE_005783']",I️ didn’t even update my phone and my I’s are messing up.....what the hell @115858 @AppleSupport Thanks,@504993 Here’s what you can do to work around the issue until it’s fixed in a future software update: https://t.co/xXaXeeSRt9
93,CASE_005990,2304932,"I really need @115858 to fix the letter I and the calculator glitch. 🙄. @AppleSupport Ok, thank you. I️ haven’t updated to that version yet.",KEYBOARD_TYPING_AUTOCORRECT,OS_UPDATE_SYSTEM_PERFORMANCE,0.7699,CASE_004307,3,3.0,"['OS_UPDATE_SYSTEM_PERFORMANCE', 'GENERAL_DEVICE_INQUIRY', 'KEYBOARD_TYPING_AUTOCORRECT']","['OS_UPDATE_SYSTEM_PERFORMANCE', 'GENERAL_DEVICE_INQUIRY', 'KEYBOARD_TYPING_AUTOCORRECT', 'OS_UPDATE_SYSTEM_PERFORMANCE', 'OS_UPDATE_SYSTEM_PERFORMANCE']","['CASE_005895', 'CASE_004657', 'CASE_004307']","['CASE_005895', 'CASE_004657', 'CASE_004307', 'CASE_005302', 'CASE_004072']",@115858 needs to get it together here. This glitch where you can’t use the letter “i” is infuriating. @AppleSupport so far that seems to work. Thank you,@667096 We're glad you reached out! This issue has been fixed with the latest iOS 11.1.1 update. You can find out more information here: https://t.co/xXaXeeSRt9 Be sure to back up your iPhone before updating.
96,CASE_000868,389697,"@AppleSupport how do I delete podcasts easily, now that edit button is gone? @AppleSupport Thanks",HOW_TO_SETTINGS_CONFIGURATION,GENERAL_DEVICE_INQUIRY,0.6314,N/A,Missing (>10),,"['GENERAL_DEVICE_INQUIRY', 'OS_UPDATE_SYSTEM_PERFORMANCE', 'OS_UPDATE_SYSTEM_PERFORMANCE']","['GENERAL_DEVICE_INQUIRY', 'OS_UPDATE_SYSTEM_PERFORMANCE', 'OS_UPDATE_SYSTEM_PERFORMANCE', 'OS_UPDATE_SYSTEM_PERFORMANCE', 'GENERAL_DEVICE_INQUIRY']","['CASE_004350', 'CASE_002953', 'CASE_006345']","['CASE_004350', 'CASE_002953', 'CASE_006345', 'CASE_002954', 'CASE_000641']","I updated @118721 this morning and now my podcasts are gone, so thanks, @115858, for the reminder of why I switched to Android. @AppleSupport Thanks. DM sent.",@518234 Let's look into this for you. Send us a DM and we can help out with your Podcasts. https://t.co/GDrqU22YpT
99,CASE_003927,1623854,"@115858 !!!!! Fix this I️ nonsense!!! 
COME. ON. @497393 @497395 @115858 I know how to fix it @497394 @497393 @115858 If I have to change all kinda shit, no thanks. They need to fix it. @497395 @497393 @115858 Well, here it is anyways https://t.co/gqx7vHSVzL @497394 @497395 @115858 Oh! That’s not bad. But I️ presume they’re working on it? It’s annoying AF. @497393 @497394 @497395 @115858 i did that and it worked for 2 seconds then went right back the bullshit box @AppleSupport I just want you to fix the question mark box crap.",HOW_TO_SETTINGS_CONFIGURATION,GENERAL_DEVICE_INQUIRY,0.7545,N/A,Missing (>10),,"['GENERAL_DEVICE_INQUIRY', 'GENERAL_DEVICE_INQUIRY', 'GENERAL_DEVICE_INQUIRY']","['GENERAL_DEVICE_INQUIRY', 'GENERAL_DEVICE_INQUIRY', 'GENERAL_DEVICE_INQUIRY', 'GENERAL_DEVICE_INQUIRY', 'GENERAL_DEVICE_INQUIRY']","['CASE_003946', 'CASE_003725', 'CASE_005752']","['CASE_003946', 'CASE_003725', 'CASE_005752', 'CASE_003774', 'CASE_003848']",@115858 hey we need a fix on this stuff with the I becoming a question mark box asap 😩 @AppleSupport Thanks I'll let you know if it works out,@498218 Thanks for reaching out. We currently have a workaround for this. Here's how: https://t.co/xXaXeeSRt9
100,CASE_001349,556039,"@AppleSupport this is serious, I take some cool pics with my phone and then they can’t be loaded... very upsetting smh rotten apple @AppleSupport iPhone 6 version 11.1.2 @AppleSupport I have this exclamation mark in the left bottom and the picture is blurred @AppleSupport I’m not finding it @AppleSupport I think I handled that, tanks.",GENERAL_DEVICE_INQUIRY,BATTERY_CHARGING_POWER,0.7872,CASE_004531,3,3.0,"['BATTERY_CHARGING_POWER', 'HOW_TO_SETTINGS_CONFIGURATION', 'GENERAL_DEVICE_INQUIRY']","['BATTERY_CHARGING_POWER', 'HOW_TO_SETTINGS_CONFIGURATION', 'GENERAL_DEVICE_INQUIRY', 'GENERAL_DEVICE_INQUIRY', 'OS_UPDATE_SYSTEM_PERFORMANCE']","['CASE_003821', 'CASE_007639', 'CASE_004531']","['CASE_003821', 'CASE_007639', 'CASE_004531', 'CASE_002688', 'CASE_002230']",Why does every single photo on my #iPhone now have an exclamation mark and is all blurry? Never happened before #ios11 @AppleSupport @AppleSupport Aw here hang on: just turned off low power mode and now they are downloading fine. Not great given that the battery lasts about an hour! @490075 @AppleSupport My phone keeps popping up with question marks? https://t.co/HA8IetmGyq,@490075 We're glad to hear your photos are downloading. We can help look into what's happening with your battery. Let's meet up in DM: https://t.co/GDrqU22YpT @490074 We can help out with that. Try the steps found here for us: https://t.co/xU1AGHStV6
102,CASE_000414,199301,"As much as I love you @115858 IOS11.0.1 is really starting to bug me with all these crashes, might aswell have a windows phone #ios11problems",OS_UPDATE_SYSTEM_PERFORMANCE,APP_CRASH_AND_DOWNLOAD,0.8348,CASE_002175,3,3.0,"['APP_CRASH_AND_DOWNLOAD', 'APP_CRASH_AND_DOWNLOAD', 'OS_UPDATE_SYSTEM_PERFORMANCE']","['APP_CRASH_AND_DOWNLOAD', 'APP_CRASH_AND_DOWNLOAD', 'OS_UPDATE_SYSTEM_PERFORMANCE', 'OS_UPDATE_SYSTEM_PERFORMANCE', 'OS_UPDATE_SYSTEM_PERFORMANCE']","['CASE_000386', 'CASE_001993', 'CASE_002175']","['CASE_000386', 'CASE_001993', 'CASE_002175', 'CASE_006225', 'CASE_004826']","Yo @115858 fix your shit, ever since IOS11 my phone has been crashing on every app. @AppleSupport All my apps are currently up to date @AppleSupport Im running IOS 11.0.2","@160218 Let's make sure all your apps are updated. Tap the App Store &gt; Updates. Install any there. Let us know the result. @160218 Great, thanks! Can you tell us which version of iOS you're running as well? Check out this article: https://t.co/fUZ0NRJxcn @160218 Great! Check out the article we previously provided &amp; see if you can resolve that issue with it. Let us know how it goes."
104,CASE_005657,2273910,"Why don’t i have 280 characters ☹️ #IDontNeedIt #ITalkTooMuchAnyways @661397 Hahaha, it’s too much pressure anyways . @661398 i don’t want it. I️ would be writing novels 😂😂😅 @661397 Why you sending question marks ?
Haha . @661398 why hasn’t @115858 fixed it. Is the real question 🤬",GENERAL_DEVICE_INQUIRY,KEYBOARD_TYPING_AUTOCORRECT,0.6317,CASE_007136,3,3.0,"['KEYBOARD_TYPING_AUTOCORRECT', 'KEYBOARD_TYPING_AUTOCORRECT', 'GENERAL_DEVICE_INQUIRY']","['KEYBOARD_TYPING_AUTOCORRECT', 'KEYBOARD_TYPING_AUTOCORRECT', 'GENERAL_DEVICE_INQUIRY', 'OS_UPDATE_SYSTEM_PERFORMANCE', 'GENERAL_DEVICE_INQUIRY']","['CASE_003788', 'CASE_004655', 'CASE_007136']","['CASE_003788', 'CASE_004655', 'CASE_007136', 'CASE_005615', 'CASE_002539']",@115858 why the fuck can’t I️ type the letter I️ without it becoming a question mark box? @AppleSupport Oh geez thanks sorry I️ cursed😭,@488712 We're always happy to help. Take a look at this article with some steps to help with this issue: https://t.co/xXaXeeSRt9
105,CASE_002749,1153433,"@AppleSupport why is there noticeable latency in Notes 📝? Also it freezes and locks up upon first use after periods of unuse. @AppleSupport Have to wait nearly 1/2 min when 1st opening. Freezes at times when returning to app after open overnight. Latency on keyboard at times. @AppleSupport Thank you for the immediate, awesome help! Issue with iOS 11 on iPhone 5S and iPad Air 2. Only Notes. Shazam slow because it 1st loads ads😞",KEYBOARD_TYPING_AUTOCORRECT,OS_UPDATE_SYSTEM_PERFORMANCE,0.641,N/A,Missing (>10),,"['OS_UPDATE_SYSTEM_PERFORMANCE', 'OS_UPDATE_SYSTEM_PERFORMANCE', 'BATTERY_CHARGING_POWER']","['OS_UPDATE_SYSTEM_PERFORMANCE', 'OS_UPDATE_SYSTEM_PERFORMANCE', 'BATTERY_CHARGING_POWER', 'OS_UPDATE_SYSTEM_PERFORMANCE', 'ACCOUNT_APPLEID_ICLOUD']","['CASE_006977', 'CASE_003973', 'CASE_003306']","['CASE_006977', 'CASE_003973', 'CASE_003306', 'CASE_002235', 'CASE_001541']",@AppleSupport yall needa fix all the lagging in iOS 11. during phone calls when you double tap to change apps all that shitty its annoying,@739273 We'd love to help you with this issue today. We know it's important to you to make sure your iPhone is working smoothly. Let us know which device you are using and the iOS version listed under Settings &gt; General &gt; About. We'll get started there.
113,CASE_005646,2269972,Hey @115858 if I get what seems to be an iPhone message that “New Carrier Settings are Available” and select “update”. ... is this a valid iPhone message or a virus?  (Apple messages generally require more validation) @AppleSupport Thank you,CONNECTIVITY_WIFI_BLUETOOTH,OS_UPDATE_SYSTEM_PERFORMANCE,0.6306,CASE_005182,7,7.0,"['OS_UPDATE_SYSTEM_PERFORMANCE', 'GENERAL_DEVICE_INQUIRY', 'DISPLAY_TOUCH_SCREEN']","['OS_UPDATE_SYSTEM_PERFORMANCE', 'GENERAL_DEVICE_INQUIRY', 'DISPLAY_TOUCH_SCREEN', 'OS_UPDATE_SYSTEM_PERFORMANCE', 'GENERAL_DEVICE_INQUIRY']","['CASE_001760', 'CASE_006749', 'CASE_004025']","['CASE_001760', 'CASE_006749', 'CASE_004025', 'CASE_004790', 'CASE_003106']","@AppleSupport hello, I keep getting this message when trying to update my phone, what can I do? https://t.co/c2JFGFLDrM @AppleSupport Will do right now, thank you! @AppleSupport Thank you so much!!",@282787 Thanks for reaching out to us. We are always happy to help. Send us a DM so we can look into this together. https://t.co/GDrqU22YpT @282787 We have received your DM's. We will be working with you there. @282787 Excellent!  We are glad that you are all set.  Contact us again if you need further assistance.  We are here for you.
116,CASE_004147,1662206,@AppleSupport how can I air drop on iOS 11.0.3 @AppleSupport Thanks,OS_UPDATE_SYSTEM_PERFORMANCE,CONNECTIVITY_WIFI_BLUETOOTH,0.7273,CASE_000416,2,2.0,"['CONNECTIVITY_WIFI_BLUETOOTH', 'OS_UPDATE_SYSTEM_PERFORMANCE', 'CONNECTIVITY_WIFI_BLUETOOTH']","['CONNECTIVITY_WIFI_BLUETOOTH', 'OS_UPDATE_SYSTEM_PERFORMANCE', 'CONNECTIVITY_WIFI_BLUETOOTH', 'DISPLAY_TOUCH_SCREEN', 'CONNECTIVITY_WIFI_BLUETOOTH']","['CASE_002300', 'CASE_000416', 'CASE_002307']","['CASE_002300', 'CASE_000416', 'CASE_002307', 'CASE_000780', 'CASE_001562']",Please let AirDrop on-off go back to Control Centre. @AppleSupport @AppleSupport Thanks for replying. I’m using iPhone 6s and iOS 11.0.2.,@340196 We'd like to provide some info about toggling AirDrop on and off. Which device and iOS version are you using? @340196 You're so welcome! There have been a few changes with iOS 11. Let's move over to DM so we can help. https://t.co/GDrqU22YpT
118,CASE_007635,2850868,"@115858 how do you get a notification to disappear without a home button on the iPhone X? Nobody at Cardiff Apple store knew!!!!! #coulddoitonthe6plus @AppleSupport Thanks for such a prompt response. However, that help page was more about notifications on a lock screen. I mean when you’re on an app &amp; a notification appears how do I get it to disappear without a home button and without having to reach to up to swipe it away...... @AppleSupport Again thanks. I suppose my point is there’s a feature I’ve lost choosing the X 🤷🏼‍♀️",KEYBOARD_TYPING_AUTOCORRECT,APP_CRASH_AND_DOWNLOAD,0.7059,CASE_007107,2,2.0,"['APP_CRASH_AND_DOWNLOAD', 'KEYBOARD_TYPING_AUTOCORRECT', 'KEYBOARD_TYPING_AUTOCORRECT']","['APP_CRASH_AND_DOWNLOAD', 'KEYBOARD_TYPING_AUTOCORRECT', 'KEYBOARD_TYPING_AUTOCORRECT', 'HOW_TO_SETTINGS_CONFIGURATION', 'HOW_TO_SETTINGS_CONFIGURATION']","['CASE_006604', 'CASE_007107', 'CASE_006208']","['CASE_006604', 'CASE_007107', 'CASE_006208', 'CASE_001582', 'CASE_007739']","@AppleSupport On my iphone X: how do I remove a (twitter) notification without touching the notification? On my ip 6 I just pressed home button. If if press home button (swiping up) on iP X, safari window closes. I just want to remove the notification and keeping my safari window https://t.co/nVfFBBwk8I @AppleSupport That works fine. But then I first have to adjust my grip. I want to remove the notification WO adjusting my grip by using the ""home button"" like you can on other ip. You removed the home button on iPx:Is there a way around this, removing noti. by swiping or other technique? @AppleSupport Thanks for trying to help. No solution in the link. In other words you have removed a very useful function linked to the home button, and have not replaced the function on the iPhone X 😕.  #iphonex #ios11","@174558 Congratulations on your iPhone X! This is a great question. Have you tried swiping up on the actual notification box itself? @174558 Find the latest gestures you can use to navigate your iPhone X here: https://t.co/7GvmAUgrF1 If you'd like to share feedback, such as what you've described, please use this link here: https://t.co/eTPVYVFyd8"
122,CASE_007604,2837154,"Estimadas personas de @115858  y @AppleSupport, su iOS 11 provoca que los iPhone 6 se conviertan en una Olivetti Lettera 25 de 1982. Por su atención, gracias. https://t.co/WGkgRBpGaC @789656 @115858 @AppleSupport Jajajajajaja tal cual. Mejor no lo pudiste explicar. @789656 @115858 @AppleSupport No entiendo por qué tu tuit no se ha convertido en estandarte de protesta mundial. @789657 @115858 @AppleSupport ¿Verdad? Es que para lo único que me sirve ahorita mi iPhone es para escribir lentamente. ¡Es terrible! 😐 @790404 @115858 @AppleSupport ¡Vaya! Creía ser el único.... me llena de esperanza saber que somos más los afectados. O, no, no me llena de esperanza. Tal vez de ese ""consuelo de tontos"" del que habla el dicho. Porque casi sospecho que la solución propuesta va a ser: ""Cambie de iPhone"" 🙄 @789656 @115858 @AppleSupport Se me va la idea de lo que ando queriendo textear. El otro día dije exactamente lo que tu tuit: siento que estoy escribiendo en una máquina eléctrica. 😑 @AppleSupport Ok. I was just saying my iPhone 6 became a slow typewriter after installing iOS 11.1.2 Some good person has just told me to switch off and on adaptive bright. I've done it. I'll evaluate how that works, but any other suggestions are welcomed. @790404 @115858 @AppleSupport ¡Sí! Muchas de las funciones se han se han vuelto notablemente más lentas. Ayer le iba a tomar una foto a un bebé recién nacido, y para cuando funcionó la cámara, ya estaba haciendo su primera comunión. 😔 @AppleSupport Thank you!",OS_UPDATE_SYSTEM_PERFORMANCE,GENERAL_DEVICE_INQUIRY,0.6523,CASE_001169,8,8.0,"['GENERAL_DEVICE_INQUIRY', 'GENERAL_DEVICE_INQUIRY', 'ACCOUNT_APPLEID_ICLOUD']","['GENERAL_DEVICE_INQUIRY', 'GENERAL_DEVICE_INQUIRY', 'ACCOUNT_APPLEID_ICLOUD', 'GENERAL_DEVICE_INQUIRY', 'GENERAL_DEVICE_INQUIRY']","['CASE_002912', 'CASE_001752', 'CASE_006206']","['CASE_002912', 'CASE_001752', 'CASE_006206', 'CASE_006346', 'CASE_000220']","Tá, e aí @AppleSupport vamo arrumar essa nova atualização do IOS aí né jovem!? A bateria tá igual miojo: 3 minutos e já era @AppleSupport Ata pode cre, thank you","@407755 Since our Twitter support is available in English, get help at https://t.co/IBIY3vMgPj or join https://t.co/pvaOFfPbjt"
123,CASE_007146,2688215,@115858 please fix your stupid glitch everytime I️ MYSELF try to type i it ruins my tweets @115858 oh look it did it,OS_UPDATE_SYSTEM_PERFORMANCE,GENERAL_DEVICE_INQUIRY,0.8201,CASE_006242,3,3.0,"['GENERAL_DEVICE_INQUIRY', 'KEYBOARD_TYPING_AUTOCORRECT', 'OS_UPDATE_SYSTEM_PERFORMANCE']","['GENERAL_DEVICE_INQUIRY', 'KEYBOARD_TYPING_AUTOCORRECT', 'OS_UPDATE_SYSTEM_PERFORMANCE', 'OS_UPDATE_SYSTEM_PERFORMANCE', 'OS_UPDATE_SYSTEM_PERFORMANCE']","['CASE_007871', 'CASE_006674', 'CASE_006242']","['CASE_007871', 'CASE_006674', 'CASE_006242', 'CASE_004199', 'CASE_003784']",@115858 fix ur glitches ur ruining my tweets. Every time “I” is autocorrected to “A ⍰” I️ want to scream,"@817656 We want to help you with this. Which iOS version are you currently running on your device? Check here: Settings &gt; General &gt; About &gt; Version. If you are not on iOS 11.1.1, we recommend updating. Let us know how that goes: https://t.co/80YRnjDFDk"
124,CASE_007873,2964181,"@AppleSupport iMessage its not working on my iPhone 7, neither push notifications of Whatsapp and Facebook. Is the service down? @AppleSupport 11.1.2",CONNECTIVITY_WIFI_BLUETOOTH,OS_UPDATE_SYSTEM_PERFORMANCE,0.8089,CASE_002581,7,7.0,"['OS_UPDATE_SYSTEM_PERFORMANCE', 'GENERAL_DEVICE_INQUIRY', 'KEYBOARD_TYPING_AUTOCORRECT']","['OS_UPDATE_SYSTEM_PERFORMANCE', 'GENERAL_DEVICE_INQUIRY', 'KEYBOARD_TYPING_AUTOCORRECT', 'GENERAL_DEVICE_INQUIRY', 'OS_UPDATE_SYSTEM_PERFORMANCE']","['CASE_003987', 'CASE_002773', 'CASE_000460']","['CASE_003987', 'CASE_002773', 'CASE_000460', 'CASE_001034', 'CASE_001826']",@AppleSupport imessage not working on ios 11 @AppleSupport  https://t.co/ykOy62HlUB,"@499905 We're happy to assist. Which iOS 11 version are you currently running? Go to Settings &gt; General &gt; About for the version. @499905 Are you having issues sending iMessages, receiving iMessages or both? Are you seeing any error messages?"
128,CASE_002650,1104710,"So new #iphone8Plus phone won’t update to iOS 11.03... On Wi-Fi, won’t get pass verification stage. #fail @115858 @AppleSupport @AppleSupport Actually got it to work but did it the old fashioned way aka hooking it up to iTunes on PC. So issue resolved. Tks for fast response!",CONNECTIVITY_WIFI_BLUETOOTH,APP_STORE_PURCHASES_BILLING,0.6824,CASE_000504,4,4.0,"['APP_STORE_PURCHASES_BILLING', 'OS_UPDATE_SYSTEM_PERFORMANCE', 'ACCOUNT_APPLEID_ICLOUD']","['APP_STORE_PURCHASES_BILLING', 'OS_UPDATE_SYSTEM_PERFORMANCE', 'ACCOUNT_APPLEID_ICLOUD', 'CONNECTIVITY_WIFI_BLUETOOTH', 'OS_UPDATE_SYSTEM_PERFORMANCE']","['CASE_005178', 'CASE_004526', 'CASE_001816']","['CASE_005178', 'CASE_004526', 'CASE_001816', 'CASE_000504', 'CASE_003178']","@AppleSupport I can't update my new iPhone X to 11.0.1, settings on the phone failes to verify, and iTunes is reporting error 3014. How can I get it updated? @621550 @AppleSupport Exact same here. iTunes update reports 3014. On-iPhone update says unable to verify since I’m not connected to internet. Been an hour now. @AppleSupport Eventually got it updated with iTunes.","@621549 We can understand wanting to get your iPhone updated. Let us know if you’re still having issues in DM. We’ll continue there. https://t.co/GDrqU22YpT @621550 Excellent, we're glad to hear it. Thanks for hanging in there and letting us know."
131,CASE_001480,585884,"12 steps and Im still in bed @AppleSupport https://t.co/9K9sICmx6C @AppleSupport Yep, I usually check my health app once a week",GENERAL_DEVICE_INQUIRY,HOW_TO_SETTINGS_CONFIGURATION,0.6821,CASE_005605,2,2.0,"['HOW_TO_SETTINGS_CONFIGURATION', 'GENERAL_DEVICE_INQUIRY', 'ACCOUNT_APPLEID_ICLOUD']","['HOW_TO_SETTINGS_CONFIGURATION', 'GENERAL_DEVICE_INQUIRY', 'ACCOUNT_APPLEID_ICLOUD', 'GENERAL_DEVICE_INQUIRY', 'HOW_TO_SETTINGS_CONFIGURATION']","['CASE_006941', 'CASE_005605', 'CASE_000216']","['CASE_006941', 'CASE_005605', 'CASE_000216', 'CASE_007625', 'CASE_000179']","How can I figure out why my device isn’t counting my steps in Health? @AppleSupport @AppleSupport iPhone 8 plus, it was initially recording the step data and idk if I accidentally pressed something to turn it off? @AppleSupport Yeah I’ve had that on 😧 @AppleSupport Silly me, that did it. THANK YOU! 🤗","@249991 What device are you using? We'd love to help. @249991 Let's start here and make sure you can enable your steps: https://t.co/qLJgv7Sbwj @249991 Has the device been restarted since it happened? If not, let's do that using these steps: https://t.co/OWRDHWSt4h"
133,CASE_002788,1169531,the iOS 11 update got my phone dying every 10 minutes🤦🏽‍♀️ @AppleSupport @AppleSupport 11.0.3,BATTERY_CHARGING_POWER,OS_UPDATE_SYSTEM_PERFORMANCE,0.8606,CASE_002182,2,2.0,"['OS_UPDATE_SYSTEM_PERFORMANCE', 'BATTERY_CHARGING_POWER', 'OS_UPDATE_SYSTEM_PERFORMANCE']","['OS_UPDATE_SYSTEM_PERFORMANCE', 'BATTERY_CHARGING_POWER', 'OS_UPDATE_SYSTEM_PERFORMANCE', 'GENERAL_DEVICE_INQUIRY', 'OS_UPDATE_SYSTEM_PERFORMANCE']","['CASE_004741', 'CASE_002182', 'CASE_005522']","['CASE_004741', 'CASE_002182', 'CASE_005522', 'CASE_005013', 'CASE_005400']",@AppleSupport my phone shouldn’t die in a little over an hour after upgrading to ios 11... @AppleSupport @548900 Dont bother apple support know jack shit,@548900 We'd be happy to help you maximize your battery life. What iPhone model and version of iOS 11 are we working with? DM us: https://t.co/GDrqU22YpT
135,CASE_007221,2708499,"@AppleSupport my phone is tripping @AppleSupport Doesn’t let me drop my notifications bar, keeps freezing and not letting my print through and and doesn’t let me lock it.",GENERAL_DEVICE_INQUIRY,APP_CRASH_AND_DOWNLOAD,0.6976,CASE_003007,2,2.0,"['APP_CRASH_AND_DOWNLOAD', 'GENERAL_DEVICE_INQUIRY', 'GENERAL_DEVICE_INQUIRY']","['APP_CRASH_AND_DOWNLOAD', 'GENERAL_DEVICE_INQUIRY', 'GENERAL_DEVICE_INQUIRY', 'OS_UPDATE_SYSTEM_PERFORMANCE', 'KEYBOARD_TYPING_AUTOCORRECT']","['CASE_000082', 'CASE_003007', 'CASE_003951']","['CASE_000082', 'CASE_003007', 'CASE_003951', 'CASE_005107', 'CASE_007105']",My phone will not stop freezing @AppleSupport,"@124676 We're glad to help. To start, what version of iOS are you currently running? Find that in Settings &gt; General &gt; About."
139,CASE_007465,2780617,Why MY pictures in MY camera roll have to load? Pictures be blurry and shit. I️ be thinking my stuff came out trash but they buffering. @115858 fix it my G @AppleSupport I️ have the last update and I️ use iCloud Photo Library.,DISPLAY_TOUCH_SCREEN,CONNECTIVITY_WIFI_BLUETOOTH,0.7499,CASE_003390,2,2.0,"['CONNECTIVITY_WIFI_BLUETOOTH', 'DISPLAY_TOUCH_SCREEN', 'DISPLAY_TOUCH_SCREEN']","['CONNECTIVITY_WIFI_BLUETOOTH', 'DISPLAY_TOUCH_SCREEN', 'DISPLAY_TOUCH_SCREEN', 'DISPLAY_TOUCH_SCREEN', 'ACCOUNT_APPLEID_ICLOUD']","['CASE_007122', 'CASE_003390', 'CASE_001817']","['CASE_007122', 'CASE_003390', 'CASE_001817', 'CASE_000157', 'CASE_006701']","Sick of my photos not loading properly from iCloud 😠 especially when it’s my rotas for work! @115858 @AppleSupport @AppleSupport iPhone 5s. An ! in a circle is on the bottom right corner &amp; when I zoom in it’s just blurry. @AppleSupport Also sometimes they do load. Which makes it more frustrating when they don’t, which is mostly when I’m not on WiFi. @AppleSupport I would but I’m due to upgrade anyway so I’ll wait and see how that goes. If I have the same issue(which I hope I wouldn’t) I’ll be sure to get in touch. Thank you 🙂",@754787 We'd love to look into this with you. Which device are you trying to load them on? What happens when you try to load them? @754787 We'd be happy to help. Would you please join us in DM so we may continue assisting? https://t.co/GDrqU22YpT
141,CASE_001705,652923,"@AppleSupport my iPhone has a weird white/grey line that goes from the bottom to the middle of the screen, and the volume box is stuck in the middle of the screen. How do I troubleshoot/fix this? @AppleSupport Thanks! I’ve restarted it a few times and my software version is 10.0.1",AUDIO_SOUND_SPEAKER,DISPLAY_TOUCH_SCREEN,0.6977,CASE_000723,2,2.0,"['DISPLAY_TOUCH_SCREEN', 'AUDIO_SOUND_SPEAKER', 'GENERAL_DEVICE_INQUIRY']","['DISPLAY_TOUCH_SCREEN', 'AUDIO_SOUND_SPEAKER', 'GENERAL_DEVICE_INQUIRY', 'DISPLAY_TOUCH_SCREEN', 'AUDIO_SOUND_SPEAKER']","['CASE_000348', 'CASE_000723', 'CASE_002072']","['CASE_000348', 'CASE_000723', 'CASE_002072', 'CASE_001964', 'CASE_000661']",Uh oh I’m having iPhone X issues. Let’s hope you can fix this @115858. @AppleSupport Thank you for responding. This neon green line from top to bottom of screen appeared. I already scheduled an appointment at the Apple store. https://t.co/QdP7035E7r @AppleSupport Got it all resolved. Staff at the @115858 Store in Georgetown in Washington DC were excellent and very helpful. Thanks!,"@155691 We're glad you're here. Please tell us what's going on with your iPhone X, we'll lend a hand. You can reach us in DM at the link below. https://t.co/GDrqU22YpT"
142,CASE_002654,1108515,"Apple, the default wallpapers of iOS 11 are so weird. Could you make them more like macOS style? I mean, please don't remove the classic ones, and add new ones only based on system code name. Make sense? 🤣 #iOS11 #Apple @AppleSupport @AppleSupport Sure. Thanks. 😀",OS_UPDATE_SYSTEM_PERFORMANCE,GENERAL_DEVICE_INQUIRY,0.521,CASE_003436,2,2.0,"['GENERAL_DEVICE_INQUIRY', 'OS_UPDATE_SYSTEM_PERFORMANCE', 'OS_UPDATE_SYSTEM_PERFORMANCE']","['GENERAL_DEVICE_INQUIRY', 'OS_UPDATE_SYSTEM_PERFORMANCE', 'OS_UPDATE_SYSTEM_PERFORMANCE', 'APP_STORE_PURCHASES_BILLING', 'DISPLAY_TOUCH_SCREEN']","['CASE_003490', 'CASE_003436', 'CASE_006856']","['CASE_003490', 'CASE_003436', 'CASE_006856', 'CASE_007199', 'CASE_007119']","@AppleSupport On 11.1, is it normal for background wallpaper appearing in landscape when the phone is rotated? Seen at one random instance. @AppleSupport Well, it only happened once when I unlocked my phone in landscape.  Hasn’t stayed that way. @AppleSupport No problem. Will do. Might report more once I get the X. Hopefully an Apple dev can look into these issues and fix them.","@116855 Hi. We'd like to help. This is not expected behavior. Have you tried restarting your iPhone? https://t.co/OWRDHWSt4h @116855 Thanks for clarifying. Closely monitor your iPhone going forward. Should this happen again, let us know. We’ll go from there. @116855 Great! You can assist our dev. team by submitting feedback. It helps them know what issues you have: https://t.co/J46COPJzUo"
143,CASE_005470,2199260,"Hey .@115858 fix the I️ that becomes an A. @AppleSupport @643239 What about fixing I.t ????? @AppleSupport @643239 Do I️ really need to back up my stuff to update my phone? 😏 @AppleSupport @643239 You do realise that every time you issue a fix, you create new ones. Like this i/A problem that was never a problem before until you started improvising updates @AppleSupport @643239 About damn time @AppleSupport @643239 @88137 @AppleSupport Hey this update doesn’t work! @AppleSupport Thanks! @AppleSupport @643239 A[?] don’t get it @AppleSupport @643239 Hello, my iphone got stuck on a bootloop after the 11.1.1 update. @AppleSupport @643239 Im becoming closer to switching. This is at least the third update and it’s still bogged down in addition to working better before the update. Obvious what’s going on. @AppleSupport @643239 And why?? Lol @232087 @AppleSupport @643239 There’s a new update to fix the “I” bug @643240 @AppleSupport @643239 How did the big even happen! @AppleSupport I tried the itunes one but i got an error while downloading the update why? @232087 @AppleSupport @643239 Idk lol just update your phone @643240 @AppleSupport @643239 Lmao 😐 I’ll do that tomorrow. But will I️ lose my stuff if I️ don’t back it up? @AppleSupport Download can't be completed @232087 @AppleSupport @643239 No? I don’t ever back up my phone lol @643240 @AppleSupport @643239 Well then why is @AppleSupport saying to do so 🤔 lol yeah I’ve never backed mine up for updates",APP_STORE_PURCHASES_BILLING,OS_UPDATE_SYSTEM_PERFORMANCE,0.7238,N/A,Missing (>10),,"['OS_UPDATE_SYSTEM_PERFORMANCE', 'OS_UPDATE_SYSTEM_PERFORMANCE', 'BATTERY_CHARGING_POWER']","['OS_UPDATE_SYSTEM_PERFORMANCE', 'OS_UPDATE_SYSTEM_PERFORMANCE', 'BATTERY_CHARGING_POWER', 'OS_UPDATE_SYSTEM_PERFORMANCE', 'GENERAL_DEVICE_INQUIRY']","['CASE_005902', 'CASE_007143', 'CASE_002182']","['CASE_005902', 'CASE_007143', 'CASE_002182', 'CASE_004109', 'CASE_003414']","Your update ruined my phone

@115858 
@AppleSupport @115858 @AppleSupport Your update is the BUG",@667304 We’d like to offer our support. Can you tell us what you’ve experienced so far? Which iPhone and iOS version are you using? Locate your version by navigating to Settings &gt; General &gt; About.
146,CASE_002707,1143581,"New iOS has pretty much slowed my phone down, made everything clunky &amp; doesn’t work. Good job @AppleSupport @115858 #iOS11 #Apple #AppleNews @AppleSupport Using a 6Plus. Everything is now slower e.g. Opening &amp; closing apps, freezing constantly, and closing down. Before iOS10 it worked great. https://t.co/D8H3sf0YSi @AppleSupport I managed to get one screen shot of it going crazy with half the screen missing. This happens in podcast apps and mostly on the home screen. https://t.co/ReonaZVkzT",DISPLAY_TOUCH_SCREEN,APP_CRASH_AND_DOWNLOAD,0.6926,CASE_005294,7,7.0,"['APP_CRASH_AND_DOWNLOAD', 'OS_UPDATE_SYSTEM_PERFORMANCE', 'APP_CRASH_AND_DOWNLOAD']","['APP_CRASH_AND_DOWNLOAD', 'OS_UPDATE_SYSTEM_PERFORMANCE', 'APP_CRASH_AND_DOWNLOAD', 'OS_UPDATE_SYSTEM_PERFORMANCE', 'OS_UPDATE_SYSTEM_PERFORMANCE']","['CASE_007619', 'CASE_003973', 'CASE_001003']","['CASE_007619', 'CASE_003973', 'CASE_001003', 'CASE_007011', 'CASE_005632']","So sick of apples bullshit. Took almost 5 min to open up a podcast now. Everything lags. Apps crash more. Everything lags on the phone now @AppleSupport updates make your phone worse with each one @174135 @AppleSupport switched to android about 4 years ago, i regret/miss nothing. @601935 @AppleSupport yeah everything worked fine until the new iphone came out n new software updates. Now it works like shit",@174135 We'd love to assist you with any issues that you're having. Which device and software version are you using? Please click here to join us in DM and we'll continue there: https://t.co/GDrqU22YpT @174135 That's not the type of experience that we'd like for you to have. We'd love to look into this. Join us in DM here: https://t.co/GDrqU22YpT
150,CASE_000685,307957,@115858 can y’all please make an update that WORKS my maps keep crashing i’m trying to find the most efficient way to get to a d*ck APPT!!!!!,APP_CRASH_AND_DOWNLOAD,OS_UPDATE_SYSTEM_PERFORMANCE,0.6828,CASE_001837,3,3.0,"['OS_UPDATE_SYSTEM_PERFORMANCE', 'GENERAL_DEVICE_INQUIRY', 'APP_CRASH_AND_DOWNLOAD']","['OS_UPDATE_SYSTEM_PERFORMANCE', 'GENERAL_DEVICE_INQUIRY', 'APP_CRASH_AND_DOWNLOAD', 'AUDIO_SOUND_SPEAKER', 'OS_UPDATE_SYSTEM_PERFORMANCE']","['CASE_006769', 'CASE_006052', 'CASE_001837']","['CASE_006769', 'CASE_006052', 'CASE_001837', 'CASE_005940', 'CASE_002518']",@115858 your maps need an update 🙃🙃🙃 @286808 @97986 https://t.co/H2l6um6V9V,@718622 We're here to help! Check out this article regarding getting help with Maps and reporting issues: https://t.co/jiMIBQw7go
153,CASE_000098,42601,@AppleSupport when are u releasing fix for #iOS #1103 ? it sucks @AppleSupport Thanks hope it addresses my concerns. PS the QA should be fired for releasing such a poor build.,GENERAL_DEVICE_INQUIRY,OS_UPDATE_SYSTEM_PERFORMANCE,0.7988,CASE_005076,2,2.0,"['OS_UPDATE_SYSTEM_PERFORMANCE', 'GENERAL_DEVICE_INQUIRY', 'GENERAL_DEVICE_INQUIRY']","['OS_UPDATE_SYSTEM_PERFORMANCE', 'GENERAL_DEVICE_INQUIRY', 'GENERAL_DEVICE_INQUIRY', 'GENERAL_DEVICE_INQUIRY', 'OS_UPDATE_SYSTEM_PERFORMANCE']","['CASE_005130', 'CASE_005076', 'CASE_005013']","['CASE_005130', 'CASE_005076', 'CASE_005013', 'CASE_000023', 'CASE_003146']",@AppleSupport any indication when the extensive issues with iOS 11.0.1 will be fully resolved?,@315250 What issues are you having? Let's try backing up &amp; updating to iOS 11.0.2 to see if that helps. DM us with questions here: https://t.co/GDrqU22YpT
158,CASE_003699,1575068,@AppleSupport it just started for me tonight. The I = I️ needs to be fixed asap https://t.co/tWRSsqc1Lu @AppleSupport Thanks @AppleSupport That worked hopefully it won’t migrate to other issues and Apple can fix the bug in a future update @AppleSupport Not fixing it on twitter. Still happens. 1 letter. Happening to many phones for days. Get on it,OS_UPDATE_SYSTEM_PERFORMANCE,GENERAL_DEVICE_INQUIRY,0.8223,CASE_004127,3,3.0,"['GENERAL_DEVICE_INQUIRY', 'KEYBOARD_TYPING_AUTOCORRECT', 'OS_UPDATE_SYSTEM_PERFORMANCE']","['GENERAL_DEVICE_INQUIRY', 'KEYBOARD_TYPING_AUTOCORRECT', 'OS_UPDATE_SYSTEM_PERFORMANCE', 'OS_UPDATE_SYSTEM_PERFORMANCE', 'KEYBOARD_TYPING_AUTOCORRECT']","['CASE_005157', 'CASE_005683', 'CASE_004127']","['CASE_005157', 'CASE_005683', 'CASE_004127', 'CASE_003955', 'CASE_003841']",@AppleSupport what are y’all doing to fix this situation going on with our phones and the letter “I️”...... eye @AppleSupport Black twitter already helped me fix the issue lol but thanks,@614143 We'd be happy to look into this with you. Send us a DM with any details you have and we'll go from there. https://t.co/GDrqU22YpT
159,CASE_001312,553508,"Could you kindly remind me how to turn off several “apps” that load in Messages on iOS? Can’t 3d press to delete, can’t drag out of the gutter, can’t find it in settings app. Please and thank you @AppleSupport",HOW_TO_SETTINGS_CONFIGURATION,OS_UPDATE_SYSTEM_PERFORMANCE,0.596,N/A,Missing (>10),,"['OS_UPDATE_SYSTEM_PERFORMANCE', 'GENERAL_DEVICE_INQUIRY', 'GENERAL_DEVICE_INQUIRY']","['OS_UPDATE_SYSTEM_PERFORMANCE', 'GENERAL_DEVICE_INQUIRY', 'GENERAL_DEVICE_INQUIRY', 'GENERAL_DEVICE_INQUIRY', 'BATTERY_CHARGING_POWER']","['CASE_002964', 'CASE_006911', 'CASE_007370']","['CASE_002964', 'CASE_006911', 'CASE_007370', 'CASE_007621', 'CASE_004778']","@AppleSupport how do I delete apps if this is what shows when I press and hold an app https://t.co/R47Tz6nsA7 @AppleSupport iPhone 7, 10.0.2 @414170 @AppleSupport Maybe a good idea to update to iOS11 too #JustSaying @AppleSupport oh wow!! I didn't know the phone could tell how hard I was pushing down. That's amazing, thanks! @AppleSupport Wiggle like this🤔 @AppleSupport @414169  https://t.co/HDb2OrI9OU @414174 @AppleSupport Maybe I couldn’t in TWO THOUSAND SIXTEEN @414174 @AppleSupport But u know #JustSaying @AppleSupport @414172 Haha! Look at this","@52822 We can take a look at it. Which device and what version of iOS are you currently using? @52822 In iOS 10, touch and hold the app lightly until it wiggles. If the app doesn't wiggle, make sure that you're not pressing too hard. @52822 We're so glad to have helped you."
161,CASE_001300,552031,"@AppleSupport 
Please help me my phone makes restart with itself every minute 😭😭 @AppleSupport Okay thanks for this reply and being here",OS_UPDATE_SYSTEM_PERFORMANCE,GENERAL_DEVICE_INQUIRY,0.9231,CASE_001189,5,5.0,"['GENERAL_DEVICE_INQUIRY', 'GENERAL_DEVICE_INQUIRY', 'HOW_TO_SETTINGS_CONFIGURATION']","['GENERAL_DEVICE_INQUIRY', 'GENERAL_DEVICE_INQUIRY', 'HOW_TO_SETTINGS_CONFIGURATION', 'GENERAL_DEVICE_INQUIRY', 'OS_UPDATE_SYSTEM_PERFORMANCE']","['CASE_001364', 'CASE_001191', 'CASE_001536']","['CASE_001364', 'CASE_001191', 'CASE_001536', 'CASE_001342', 'CASE_001189']",WHY DOES MY PHONE KEEP RESTARTING?!?! @AppleSupport @AppleSupport Thanks!,"@249944 Try updating to iOS 11.2. Check out this article: https://t.co/osZOKKTalm Be sure you back up before updating and let us know how it goes. @249944 You're welcome. If you run into any other questions or concerns, please let us know. Have a great rest of your weekend."
162,CASE_002555,1060585,"@AppleSupport any suggestions as to why my monitors won't recognise thunderbolt display port cables anymore? 2013 MacBook Pro. @AppleSupport Sierra 10.12.6 @AppleSupport Well, nothing happens. Seems to be my thunderbolt ports that are the issue. Tried on other monitors/cables in the office with no luck. @AppleSupport It was working fine, then I went away for two weeks and it's not worked since I came back. I think the battery died while it was on standby. @AppleSupport Sorry for the delay, I had to wait until I was back at the office to test the monitors. Unfortunately, resetting the SMC did not work.",BATTERY_CHARGING_POWER,DISPLAY_TOUCH_SCREEN,0.5666,CASE_002122,5,5.0,"['DISPLAY_TOUCH_SCREEN', 'GENERAL_DEVICE_INQUIRY', 'OS_UPDATE_SYSTEM_PERFORMANCE']","['DISPLAY_TOUCH_SCREEN', 'GENERAL_DEVICE_INQUIRY', 'OS_UPDATE_SYSTEM_PERFORMANCE', 'GENERAL_DEVICE_INQUIRY', 'BATTERY_CHARGING_POWER']","['CASE_002282', 'CASE_006143', 'CASE_006016']","['CASE_002282', 'CASE_006143', 'CASE_006016', 'CASE_002643', 'CASE_002122']","@AppleSupport Blue Screen of Death on #MacBookPro, thanks #HighSierra https://t.co/t3iowRhkYk @337299 @AppleSupport I have the same issue with an iMac 5K and my second screen (USB-C to HDMI Cable). Have you fix this issue? BTW works in safe mode @AppleSupport Everything was working fine until the MacBook went to sleep. Yes, I am an engineer - checking cables and connections was step 1 @AppleSupport Since Sept 25, I'm in contact with the support. They are working on my logs. I already did all those steps even 2 clean install. (1/2) @AppleSupport Since High Sierra many people with dedicated graphic cards have issues with a 2nd monitor (2/2) @AppleSupport Yeah, no thanks, figured it out. #HighSierraBug causing a power surge in USB-C dongles on wake. Fried my @231586 dongle.","@337299 We'd love to help with this. Is your external monitor on the correct input? Have you tried other cables? Let us know in DM. https://t.co/GDrqU22YpT @156922 Let's work on this display issue. If the issue isn't present in safe mode, take a look at this article: https://t.co/PQ4LSYhUTY @337299 Great! Have you tried with another display? Let's work on this together in DM. https://t.co/GDrqU22YpT"
169,CASE_004218,1682527,I️ need to figure out how to fix my phone. This glitch is pissing me off. FIX IT! @115858 @AppleSupport Thank you!,OS_UPDATE_SYSTEM_PERFORMANCE,GENERAL_DEVICE_INQUIRY,0.8376,CASE_003626,2,2.0,"['GENERAL_DEVICE_INQUIRY', 'OS_UPDATE_SYSTEM_PERFORMANCE', 'GENERAL_DEVICE_INQUIRY']","['GENERAL_DEVICE_INQUIRY', 'OS_UPDATE_SYSTEM_PERFORMANCE', 'GENERAL_DEVICE_INQUIRY', 'OS_UPDATE_SYSTEM_PERFORMANCE', 'OS_UPDATE_SYSTEM_PERFORMANCE']","['CASE_004395', 'CASE_003626', 'CASE_005502']","['CASE_004395', 'CASE_003626', 'CASE_005502', 'CASE_005528', 'CASE_005231']",This is the worst my phone has ever glitched since the new phone releases and I need some answers @115858 @AppleSupport Thanks I just dmed you,@520797 We'd love to help. What sort of glitches are you experiencing on your iPhone? Let us know in DM and we'll get started. https://t.co/GDrqU22YpT
170,CASE_007348,2747322,F*cking #Apple lying to me about #Bluetooth being off. No wonder my battery is draining like nobody’s business. If I switch Bluetooth off I want it off not my phone going ‘she doesn’t mean it’ 😡😡😡😡@115858 @AppleSupport I know. But why doesn’t it turn off when I turn it off from the pull up? The icon doesn’t even continue to be shown it’s sneaky and wrong. @AppleSupport This is an awful change. If I want Bluetooth off I want it off. Not to have to go into settings all the time. @AppleSupport And it didn’t disconnect my Bluetooth connections as I knew it was still on because I got a notification on my Fitbit. So it didn’t even turn it off a bit.,BATTERY_CHARGING_POWER,CONNECTIVITY_WIFI_BLUETOOTH,0.711,CASE_005196,5,5.0,"['CONNECTIVITY_WIFI_BLUETOOTH', 'CONNECTIVITY_WIFI_BLUETOOTH', 'CONNECTIVITY_WIFI_BLUETOOTH']","['CONNECTIVITY_WIFI_BLUETOOTH', 'CONNECTIVITY_WIFI_BLUETOOTH', 'CONNECTIVITY_WIFI_BLUETOOTH', 'CONNECTIVITY_WIFI_BLUETOOTH', 'BATTERY_CHARGING_POWER']","['CASE_001922', 'CASE_001991', 'CASE_002452']","['CASE_001922', 'CASE_001991', 'CASE_002452', 'CASE_004472', 'CASE_005196']",@AppleSupport Anyone else noticed that if you turn off Bluetooth via control centre it comes back on? I have to go in to settings (1) @AppleSupport to turn it off fully (2) @AppleSupport DM’ed you. Thank you guys.,@302959 We can get you some more information on that. Send us a DM and we'll go from there. https://t.co/GDrqU22YpT
176,CASE_006797,2547271,@115858 well you’ve outdone yourselves on shocking service for a faulty 3 month old iPhone that I’m stuck with yet you have my money. @1647 @AppleSupport Thanks I’ve done so,APP_CRASH_AND_DOWNLOAD,APP_STORE_PURCHASES_BILLING,0.7942,N/A,Missing (>10),,"['APP_STORE_PURCHASES_BILLING', 'OS_UPDATE_SYSTEM_PERFORMANCE', 'GENERAL_DEVICE_INQUIRY']","['APP_STORE_PURCHASES_BILLING', 'OS_UPDATE_SYSTEM_PERFORMANCE', 'GENERAL_DEVICE_INQUIRY', 'GENERAL_DEVICE_INQUIRY', 'GENERAL_DEVICE_INQUIRY']","['CASE_005986', 'CASE_001601', 'CASE_000637']","['CASE_005986', 'CASE_001601', 'CASE_000637', 'CASE_005635', 'CASE_004528']",@115858 fix this I️ shit! I️ pay too much money for these phones to be this annoyed! #apple @AppleSupport Thank you,"@172499 We recently released an iOS update, 11.1.1, that contains a fix for autocorrect issues. Let’s be sure to back up your device prior to updating. How to back up: https://t.co/4f8hwT5to6 @172499 We’re glad we could assist you. Please feel free to contact us back if you have any other questions or concerns."
177,CASE_006926,2584360,"@AppleSupport will you please fix this shit! 👇🏻 Why is there an effing boxed question mark every time the letter “I️” is used?! @115858 https://t.co/KEKg0SZRQI @AppleSupport @115858 See, it did it again! @AppleSupport Thank you for replying but I️ have version 11.1.2, what are my options?",GENERAL_DEVICE_INQUIRY,OS_UPDATE_SYSTEM_PERFORMANCE,0.8212,CASE_003902,2,2.0,"['OS_UPDATE_SYSTEM_PERFORMANCE', 'GENERAL_DEVICE_INQUIRY', 'GENERAL_DEVICE_INQUIRY']","['OS_UPDATE_SYSTEM_PERFORMANCE', 'GENERAL_DEVICE_INQUIRY', 'GENERAL_DEVICE_INQUIRY', 'OS_UPDATE_SYSTEM_PERFORMANCE', 'GENERAL_DEVICE_INQUIRY']","['CASE_004000', 'CASE_003902', 'CASE_005170']","['CASE_004000', 'CASE_003902', 'CASE_005170', 'CASE_004481', 'CASE_004330']",@AppleSupport My phone shows the “ I “ as a question mark with a box. @AppleSupport I’ll just update to 11.2 beta but thanks anyways.,@500720 Here’s what you can do to work around the issue until it’s fixed in a future software update: https://t.co/xXaXeeSRt9
179,CASE_001960,792769,@AppleSupport I can’t seem to change my push notifications for my emails. The option to do this is no longer their in settings? 🤔 @AppleSupport There is nothing on my notification that has an Option to change push notifications as that’s the 1st place I looked @AppleSupport This is all l see https://t.co/Kej1culkdP @AppleSupport Thanks that’s great. Thank you,KEYBOARD_TYPING_AUTOCORRECT,HOW_TO_SETTINGS_CONFIGURATION,0.6675,CASE_007208,3,3.0,"['HOW_TO_SETTINGS_CONFIGURATION', 'GENERAL_DEVICE_INQUIRY', 'KEYBOARD_TYPING_AUTOCORRECT']","['HOW_TO_SETTINGS_CONFIGURATION', 'GENERAL_DEVICE_INQUIRY', 'KEYBOARD_TYPING_AUTOCORRECT', 'KEYBOARD_TYPING_AUTOCORRECT', 'KEYBOARD_TYPING_AUTOCORRECT']","['CASE_000119', 'CASE_001466', 'CASE_007208']","['CASE_000119', 'CASE_001466', 'CASE_007208', 'CASE_000460', 'CASE_007105']",@AppleSupport how can I change my third-party email to my Apple email? I read that it’s now possible… Can you please help? @AppleSupport It didn’t work!! 😞 @AppleSupport I followed all the steps @AppleSupport I sent a DM @AppleSupport It worked thanks!,@128119 We're happy to help with this. Here are instructions: https://t.co/xuZEqdPMFW Let us know if you have any questions.
180,CASE_002321,937386,"I’m assuming someone has told @115858 that the latest iOS update is terrible @342218 @115858 My phone and iPad have turned into very expensive paperweights. @342218 @115858 I’ve had a lot of performance issues @342218 @115858 Having troubles with my iPhone immediately after updating. Phone sticks when texting, trying to get voicemail etc @342218 @115858 @115858 fix your release or my next phone is a Samsung. Planned obsolescence = ecological irresponsibility @342218 @115858 Does anyone else have their apps pop open randomly? @342218 @115858 What’s so terrible about giving my phone battery such an exercise and constantly rotating to the wrong screen orientation??? @342218 @115858 Yeah, my battery drains so much faster after the update @342218 @115858 Amen. Any fix for the battery drain? @342218 @115858 It’s terrible. So many bugs still. Can’t get the fix updates right either. @115858....get it together. @342218 @115858 Enlarged pics in apps won’t return to normal size. @342218 @346741 @115858 It is awful. Phone is hypersensitive. Constantly closing apps and shifting screens @342218 @115858 And by the way, six of my apps (from the App Store) no longer work because this new iOS has decided they're no longer compatible. @342218 @115858 The new update literally sucks. It has made my phone so effin slow. @342218 @115858 Two iPhones here suffering from severe battery drain since updating to iOS 11, not to mention the dozens of bugs. No fix in sight. @342218 @351248 @115858 The iOS update totally screwed up my phone! I plug it into my Bluetooth in my car and nothing comes through the system. Ready to dump it @342218 @115858 Phone so slow. Dead battery in 8 hours. COGNOS no longer works on iPad. Bad juju @342218 @351248 @115858 Love that the sideways screen never turns back around. @342218 @43925 @115858 FIOS Mobile and CNN Live don’t function properly on my iPad if i’m away from home...either won’t play or I get the apps to play, shuts down. @342218 @351248 @115858 Has anyone had any problems with text messages coming through and recent calls not updating @342218 @43925 @115858 Wow, my battery drains super fast after updating and I thought it was just me @342218 @351248 @115858 I would love to tell @115858 IOS 11 is terrible but my phone locked up when I loaded it. @342218 @115858 Sucks the battery. I could go a whole day before now I’ve got it in the charger 2-3 times a day. Ughhhh. @342218 @115858 @AppleSupport can we please have our ringtones back? @AppleSupport @342216 Alarm clock won't work. Battery dies. I refused update @AppleSupport Sounds like a plan @AppleSupport Love the new location btw https://t.co/HDyzUySM4g @AppleSupport @325308 My phone just shuts it self down for no reason @AppleSupport @325308 It will not go to the next one...stays on the one you just listened to 😡 @AppleSupport I’m using the only keyboard I’ve ever known. It’s not an external it’s the one that comes up when you wanna text @AppleSupport @325308 I’m having a problem with my gmail notifications not updating. It’s always wrong. Tells me I have new emails when I don’t. @AppleSupport @325308 My new iPad Pro is glitching from simple stuff like multiple app drag and drop function, to orientation issues. @AppleSupport @325308 My phone battery is being drained while my Apple charger case is not @AppleSupport @342368 Anyone disappointed in new iPhone 8. Seems like Samsung has been leading after the iPhone 6 @AppleSupport @342368 Should we turn off background refresh? @AppleSupport @342368 Messenger app keeps freezing @AppleSupport @342368 Due to the update, for the first time ever I looked into getting a Samsung. @AppleSupport iPad orientation does not move when the iPad does any longer,  charge don’t last, podcast update is horrible @AppleSupport @342368 Everyone is listing their issues just start reading @AppleSupport!!! @AppleSupport @342368 I have a 6s and am not updating till I read positive reviews on updates or newer phone models.  No DM's necessary. @AppleSupport @342368 My camera keeps switching itself back to live mode even after I turn it off. Live mode won't stay off. @AppleSupport @342368 My Acura no longer downloads my phones address book. @AppleSupport @561553 Gah! @AppleSupport @561553 The public isn't your QA team. These issues should be worked out before official release. All that money and you release a beta version. @AppleSupport @561553 AYFKM? People are CLEARLY tweeting about the issues they are experiencing. You must have been getting tech data from hundreds of users. @AppleSupport @561553 I’m having big problems since the update. Siri has taken over my phone. She’s calling my contacts and being abusive to them. @AppleSupport @561553 When I read your responses, Apple support, it is in the voice of Hal. @AppleSupport @342744 Same issue here.  Software is up to date. iPhone 6 @AppleSupport @354442 Why do you want a DM? Why not list it here so everyone can benefit from what you have to say? @AppleSupport @354442 Automated reply. I was on the phone with them for two hours – they’re acting like they haven’t heard of this. 🙄 @AppleSupport @354442 I just tried to dm but the same thing keeps happening. My iPhone 7 keeps locking up. Would not send my message to you. Happens in all areas @AppleSupport @354442 The keyboard blocks my texts - can’t see what I’m typing @AppleSupport @354442 @43297 @43298 
#inspiration @AppleSupport @354442 never needed support for my $20 android... no problems... @AppleSupport @354442 Given the original tweet, I’m going to assume that we are all using @115858 devices. Many will be saying ‘were using’ soon if this keeps up. @AppleSupport @354442 This sucks!  Others on our phone plan are now getting all my texts sent to their phones.  Don’t want them seeing my texts @AppleSupport @347208 DM you? Haha @applesupport just do some Google and Twitter searches re this update their are specific complaints EVERYWHERE! #applesucks @AppleSupport @559775 Can’t you just come out with another update to fix this? @AppleSupport Already contacted support by phone. Spent time diagnosing and tried various things, restore as new etc.. Nothing worked on either phone @AppleSupport @563430 It’s your updates it is killing everyone’s battery I have nothing even on anymore I can get thru 3pm without it dying @AppleSupport 6.5 and yes v11.0.3 @AppleSupport 6S and yes, v11.0.3 @342395 @AppleSupport @325308 I had the same issue. It might a problem with the battery. @561556 @AppleSupport @561553 AGREED! Phone manufacturers need to stop using the public as beta testers! @561556 @AppleSupport @561553 Problem is the public is lazy and stupid, and doesn’t bother to learn their device. They are great at complaining though... @342370 @AppleSupport @354442 😊😊😊 That’s exactly what they don’t want, of course. @342370 @AppleSupport @354442 How about telling us how to undo this update!!! It is awful, pics hard to save, email visually difficult, everything is huge! @342370 @AppleSupport @354442 I guess none of you realize you are talking to an AppleBot. @342370 @AppleSupport @354442 their looking for $$$... throw that apple in the dumpster and get an Android... @342370 @AppleSupport @354442 uppity and snooty attitude also... @342370 @AppleSupport @354442 Because if it is a DM then nobody will know if they actually address the issue. @342370 @AppleSupport @354442 Possibly they want the one on one for confidentiality &amp; personal conversation. I’m for that. BTY, my iPhone is running great since update. @342373 @AppleSupport @354442 buy a $20 android... @354440 @AppleSupport @354442 apples new feature... keeps people sharp.... @AppleSupport @342395 Yeah, I DMed you and it didn’t help. @AppleSupport @342395 Hey Apple. Fix the problems not one phone at a time @AppleSupport iOS 11.0.3 @AppleSupport @342368 DM, DM, DM. Why not tell everyone? @AppleSupport @342368 I restart every week. This has not changed the issue @AppleSupport @342368 My iPhone locks up. Won’t let me dm. I typed message to you but locks and won’t send. @561600 @342370 @AppleSupport @354442 throw in nearest dumpster and get an Android... @342373 @AppleSupport @354442 Apple does a great job convincing people they need stuff they don't need... @AppleSupport @354440 Same here! Battery life is terrible @AppleSupport In messaging - can’t see my text - covered by keyboard - also the done button does not work @AppleSupport Yes and I think yes. @342370 @AppleSupport @342368 Just DM them, screenshot it and post it. @AppleSupport @342401 Our entire information technology department has warned us not to upgrade to the latest iOS version. Normally they're nagging us to do it @AppleSupport @342401 APPLE NEEDS TO ANSWER MY DM!! Liars!! @AppleSupport 11.0.3",KEYBOARD_TYPING_AUTOCORRECT,BATTERY_CHARGING_POWER,0.7538,N/A,Missing (>10),,"['BATTERY_CHARGING_POWER', 'BATTERY_CHARGING_POWER', 'BATTERY_CHARGING_POWER']","['BATTERY_CHARGING_POWER', 'BATTERY_CHARGING_POWER', 'BATTERY_CHARGING_POWER', 'BATTERY_CHARGING_POWER', 'BATTERY_CHARGING_POWER']","['CASE_004769', 'CASE_002994', 'CASE_000547']","['CASE_004769', 'CASE_002994', 'CASE_000547', 'CASE_000450', 'CASE_003518']",@115858 @797 I though the iOS update today would fix the battery drain but it actually made it worse &amp; everything is laggy. #fixit please,@553662 We'd be happy to help with your battery life and system performance. Can you DM us the model of iPhone we are working with? https://t.co/GDrqU22YpT
181,CASE_002443,1001998,Why is my new @115858 tv 4K endlessly “loading”  when selecting the 4K hdr section of iTunes?rebooted from settings many times @AppleSupport @115858 @AppleSupport never mind. It resolved itself after about 20 mins,APP_STORE_PURCHASES_BILLING,GENERAL_DEVICE_INQUIRY,0.5891,CASE_002212,3,3.0,"['GENERAL_DEVICE_INQUIRY', 'GENERAL_DEVICE_INQUIRY', 'APP_STORE_PURCHASES_BILLING']","['GENERAL_DEVICE_INQUIRY', 'GENERAL_DEVICE_INQUIRY', 'APP_STORE_PURCHASES_BILLING', 'BATTERY_CHARGING_POWER', 'ACCOUNT_APPLEID_ICLOUD']","['CASE_003217', 'CASE_003921', 'CASE_002212']","['CASE_003217', 'CASE_003921', 'CASE_002212', 'CASE_003985', 'CASE_003019']","@AppleSupport why has the new Transformers lost its 4k playback on Apple TV? It's now listed as HD (in the U.K.) @AppleSupport Have done, thanks","@443923 Reach out to us via DM, then we can advise you on this from there. https://t.co/GDrqU22YpT"
185,CASE_005346,2143942,"LOOK @115858 YALL ARE ABOUT TO PISS ME OFF WITH MY I️’s GLITCHING. FIX IT. @AppleSupport So basically, every time I respond to my boss, I have to look uneducated... thanks guys👌",GENERAL_DEVICE_INQUIRY,KEYBOARD_TYPING_AUTOCORRECT,0.7226,CASE_007229,5,5.0,"['KEYBOARD_TYPING_AUTOCORRECT', 'OS_UPDATE_SYSTEM_PERFORMANCE', 'KEYBOARD_TYPING_AUTOCORRECT']","['KEYBOARD_TYPING_AUTOCORRECT', 'OS_UPDATE_SYSTEM_PERFORMANCE', 'KEYBOARD_TYPING_AUTOCORRECT', 'OS_UPDATE_SYSTEM_PERFORMANCE', 'GENERAL_DEVICE_INQUIRY']","['CASE_007742', 'CASE_003624', 'CASE_006674']","['CASE_007742', 'CASE_003624', 'CASE_006674', 'CASE_004199', 'CASE_007229']","@115858 y’all gonna have to do some shit about this i problem tho. I’m fucking tired of looking like I’m stuttering @AppleSupport Just fix I️t. @AppleSupport It’s fixed thank you @AppleSupport You too Apple, thank you. Sorry for the attitude","@803465 Thanks for reaching out.  We know how important it is for your auto-correct to work as expected and we'll do everything we can to assist.  Have you had a chance to update to iOS 11.1.2? Let us know in DM. https://t.co/GDrqU22YpT @803465 Our iOS 11.1.1 update resolved this issue. If you experience this issue after version 11.1.1, send us a DM. https://t.co/GDrqU22YpT @803465 That's wonderful to hear. We hope you have a great week. Take care."
187,CASE_007533,2802427,@AppleSupport i have my trade in kit to send back my old iphone but do i keep the SIM card or ship that back as well? a little confused @AppleSupport thank you!!!,GENERAL_DEVICE_INQUIRY,HOW_TO_SETTINGS_CONFIGURATION,0.6684,CASE_007684,2,2.0,"['HOW_TO_SETTINGS_CONFIGURATION', 'GENERAL_DEVICE_INQUIRY', 'GENERAL_DEVICE_INQUIRY']","['HOW_TO_SETTINGS_CONFIGURATION', 'GENERAL_DEVICE_INQUIRY', 'GENERAL_DEVICE_INQUIRY', 'OS_UPDATE_SYSTEM_PERFORMANCE', 'APP_STORE_PURCHASES_BILLING']","['CASE_003963', 'CASE_007684', 'CASE_003479']","['CASE_003963', 'CASE_007684', 'CASE_003479', 'CASE_000234', 'CASE_003395']",@AppleSupport How do we send back old iPhones via the upgrade program? My X box didn’t have a return kit. @AppleSupport Done. Thanks!,"@391475 We're happy to get you pointed in the right direction. Send us a DM, and we'll go from there. https://t.co/GDrqU22YpT"
188,CASE_000165,90606,@AppleSupport iOS 11 has some issues the phone hits and runs up battery very fast  when ever music is on for some time yet it was not with iOS 10 @AppleSupport @135610 Many articles state not to manually shut down apps anymore ..not always case .. best t check Settings/Battery to see what is using up battery .. some apps are meant to run in the background and don’t have a quit application ..like many music apps https://t.co/xV5VXicXJZ @AppleSupport Am using 11.0.3 version but when ever listening to music the phone hits while consuming power at Avery fast rate and am using the usual music player @AppleSupport Thanks Apple the issue is sorted after updating to iOS 11.1.2,BATTERY_CHARGING_POWER,APP_STORE_PURCHASES_BILLING,0.756,CASE_002516,2,2.0,"['APP_STORE_PURCHASES_BILLING', 'BATTERY_CHARGING_POWER', 'BATTERY_CHARGING_POWER']","['APP_STORE_PURCHASES_BILLING', 'BATTERY_CHARGING_POWER', 'BATTERY_CHARGING_POWER', 'BATTERY_CHARGING_POWER', 'BATTERY_CHARGING_POWER']","['CASE_005892', 'CASE_002516', 'CASE_001608']","['CASE_005892', 'CASE_002516', 'CASE_001608', 'CASE_003306', 'CASE_005731']","@AppleSupport Hi there! I’m listening to music and out of no where the music stops and something else plays such as a 2 dings and/or an ad. This problem occurs within the music app and third party apps. Also, my iPhone is a lot slower and less responsive. Help! Screenshots below https://t.co/vOAxxUgHh2 @AppleSupport It started yesterday last night, I restarted my phone then went to bed. I wake up this morning and it’s still doing it. Not an Apple Music member. @AppleSupport Not to my knowledge unless you mean apps in the multitasking area. If so, I could have any number of apps opens. @AppleSupport Everything appears to be working normally after the software update. Thanks!","@666999 We're glad you reached out to us today. Just to clarify, how long have you been experiencing this issue? Also, are you an Apple Music Member? @666999 Got it. Do you have any other applications open that may be interfering with playback? @666999 Yes, that's exactly what we mean. We'd recommend testing things out with all other apps closed to ensure nothing else is interferring. This will help us with isolating your issue further. For help with doing so, check out: https://t.co/RqqIctrDWV @666999 That's great. We are happy that your issue was resolved today. Let us know if you have any further questions. We're here for you."
191,CASE_000526,245315,"@AppleSupport will you fix this with the 11.0.2 versión? @115858 @119459 https://t.co/yfVz0Effqi @AppleSupport @115858 @119459  https://t.co/ysRxYIjVNB @AppleSupport @115858 @119459 Sigue pasando el mismo error.... https://t.co/xqqGc4qrUg @AppleSupport Yes, i restarted my device and now all is running ok 👌🏼 thanks!!! @AppleSupport @115858 @119459 Me podéis ayudar con este error?? Me sigue ocurriendo a pesar de haber reiniciado el móvil @115858 @AppleSupport @AppleSupport I have a problem with the orientation of my phone as you can see on the photo i attached @AppleSupport Yes 😭",GENERAL_DEVICE_INQUIRY,DISPLAY_TOUCH_SCREEN,0.6762,CASE_003007,3,3.0,"['DISPLAY_TOUCH_SCREEN', 'OS_UPDATE_SYSTEM_PERFORMANCE', 'GENERAL_DEVICE_INQUIRY']","['DISPLAY_TOUCH_SCREEN', 'OS_UPDATE_SYSTEM_PERFORMANCE', 'GENERAL_DEVICE_INQUIRY', 'OS_UPDATE_SYSTEM_PERFORMANCE', 'DISPLAY_TOUCH_SCREEN']","['CASE_002087', 'CASE_000665', 'CASE_003007']","['CASE_002087', 'CASE_000665', 'CASE_003007', 'CASE_002378', 'CASE_001322']","@115858 can you pls fix the orientation lock, my iPhone picks whatever orientation it wants ever since I updated to iOS 11 💗 @AppleSupport I hate to say it but I think you’ve fixed it 💀 thanks so much, my bad for being ignorant 😅 @AppleSupport Hey, it’s still doing this? Any ideas how to fix it? @AppleSupport It’s intermittent, it happens on the home screen and I can’t get it to turn back unless I lock the screen/restart @AppleSupport Yes, orientation lock is on. Currently running 11.0.3.","@320987 Since noticing this, have you had a chance to restart your device? It may seem like a simple step, but can resolve many issues. @320987 No worries. We're glad it got resolved. Please reach out any time. @320987 Is your iPhone's orientation lock not working at all, or is the behavior intermittent? Does it seem to occur in one app? @320987 Got it. Do you keep the orientation lock on when the issue occurs? Which version of iOS 11 are you running on this iPhone? @320987 Thanks. Let us know which iPhone model you're using via DM. We'll continue there. https://t.co/GDrqU22YpT"
193,CASE_005260,2125028,"@AppleSupport Hey, guys. I was just wondering: is it just me or is there an issue with 3D Touch and the Messages app? When I do the shortcut and go to new message, it just opens in the main messages window. Sometimes it works, sometimes it doesn’t. 🤔 @AppleSupport Ahh, thanks. iPhone 8, iOS 11.1.",DISPLAY_TOUCH_SCREEN,APP_CRASH_AND_DOWNLOAD,0.702,CASE_003536,3,3.0,"['APP_CRASH_AND_DOWNLOAD', 'ACCOUNT_APPLEID_ICLOUD', 'DISPLAY_TOUCH_SCREEN']","['APP_CRASH_AND_DOWNLOAD', 'ACCOUNT_APPLEID_ICLOUD', 'DISPLAY_TOUCH_SCREEN', 'KEYBOARD_TYPING_AUTOCORRECT', 'OS_UPDATE_SYSTEM_PERFORMANCE']","['CASE_005280', 'CASE_003500', 'CASE_003536']","['CASE_005280', 'CASE_003500', 'CASE_003536', 'CASE_001769', 'CASE_004790']",Anyone else having issues with the messages app crashing when opening it? @115858 #apple #iphone #helpmeLord @AppleSupport I got it. Thank you though. I’m on 11.2 beta 2. I tried hard reset and turning it off. Ended up having to reset settings.,"@627034 Let's help with your Messages. Which iOS version are you running? Any other apps crashing upon launch? Does restarting help? @627034 Glad to hear it's working. If there's anything you need in the future, reach out. We'll be happy to help."
196,CASE_002014,809473,@AppleSupport whenever I take screenshots on my iPhone 7 it takes a screenshot but goes grey? And my phone keeps freezing 😭 @AppleSupport It works now just updated it xx @AppleSupport Yep! @AppleSupport Thank you 😊,APP_CRASH_AND_DOWNLOAD,GENERAL_DEVICE_INQUIRY,0.7783,N/A,Missing (>10),,"['GENERAL_DEVICE_INQUIRY', 'GENERAL_DEVICE_INQUIRY', 'DISPLAY_TOUCH_SCREEN']","['GENERAL_DEVICE_INQUIRY', 'GENERAL_DEVICE_INQUIRY', 'DISPLAY_TOUCH_SCREEN', 'DISPLAY_TOUCH_SCREEN', 'OS_UPDATE_SYSTEM_PERFORMANCE']","['CASE_003440', 'CASE_002826', 'CASE_007263']","['CASE_003440', 'CASE_002826', 'CASE_007263', 'CASE_007607', 'CASE_002421']",Is anyone else having issues screenshotting with the new IOS? Every time I screenshot something it just shows up black? @AppleSupport @AppleSupport 11.0.1! @AppleSupport On an iPhone 7 @AppleSupport ah it worked after I updated! thank you! ☺️,@464654 Hi there. What iOS Device are you using? We'd love to help out. @464654 No worries. Does that still continue after updating to iOS 11.0.3? Let us know via a DM. We’ll move from there. https://t.co/GDrqU22YpT @464654 No problem. Don’t hesitate to reach out in the future. Take care.
198,CASE_007551,2812587,"@115858 saludos,es que tengo un problema con mi iPhone,y lo que ocurre es que no puedo llamar ni recibir llamadas,y no sé qué más hacer,ya que acudí a Apple Support y aunque intenten llamarme,no entran llamadas,quiero saber cual es su recomendación.Gracias. @AppleSupport I can speak English so so,can you help me?i have an iPhone 7+,and 1 week ago,I can’t make calls or receive them,what I do? @AppleSupport I have iOS 11.1.2 and I have tried everything what the page said.im Colombian. @AppleSupport My Carrier didn’t give me a solution,and I don’t want restored my phone,that scary me.,can you do something or... I don’t know if is the iOS. @AppleSupport Yes,I contact them but they don’t give me a solution,and yes,I complete everything you say me,without restored.  I don’t like it. @AppleSupport Not new but recent.my information can delete? Or my pictures? Or my messages? @AppleSupport Ok thanks,I’ll  ask you question,but,the best idea can be than I wait for a new  iOS,that’s can be the problem? @AppleSupport Ok,thank you very much. 😄😁",OS_UPDATE_SYSTEM_PERFORMANCE,GENERAL_DEVICE_INQUIRY,0.6923,CASE_006730,2,2.0,"['GENERAL_DEVICE_INQUIRY', 'OS_UPDATE_SYSTEM_PERFORMANCE', 'AUDIO_SOUND_SPEAKER']","['GENERAL_DEVICE_INQUIRY', 'OS_UPDATE_SYSTEM_PERFORMANCE', 'AUDIO_SOUND_SPEAKER', 'OS_UPDATE_SYSTEM_PERFORMANCE', 'OS_UPDATE_SYSTEM_PERFORMANCE']","['CASE_006731', 'CASE_006730', 'CASE_003272']","['CASE_006731', 'CASE_006730', 'CASE_003272', 'CASE_005551', 'CASE_001169']",I just wanna know why I can’t make any calls on this iPhone @117735 @AppleSupport which one of y’all are to blame !? @AppleSupport Yes I updated and as soon as I try to place a call the call is ended before it rings.,"@543193 We're here to help and can certainly take a look into what's going on. To help get us started, we see we previously suggested an update to iOS 11.1.1. Did you have the chance to perform that update? May we also get a detailed description of what's happening? @543193 Alright, if you go into Settings &gt; General &gt; About, do you receive a popup notification prompting that a carrier update is available? If so, perform the update and try placing a call. Let us know how that goes."
206,CASE_002219,881547,"@AppleSupport Emergency alerts distracted me twice during a 25-minute drive with CarPlay today. I never want that again. #distracteddriving @AppleSupport Since Apple cannot be trusted with this, I turned them both off: https://t.co/7BVNPm8Oj4",GENERAL_DEVICE_INQUIRY,AUDIO_SOUND_SPEAKER,0.6316,CASE_001466,2,2.0,"['AUDIO_SOUND_SPEAKER', 'GENERAL_DEVICE_INQUIRY', 'DISPLAY_TOUCH_SCREEN']","['AUDIO_SOUND_SPEAKER', 'GENERAL_DEVICE_INQUIRY', 'DISPLAY_TOUCH_SCREEN', 'HOW_TO_SETTINGS_CONFIGURATION', 'GENERAL_DEVICE_INQUIRY']","['CASE_003487', 'CASE_001466', 'CASE_006881']","['CASE_003487', 'CASE_001466', 'CASE_006881', 'CASE_004908', 'CASE_000664']",@AppleSupport 2/2 and there was an alert sound that happened as well like an alarm.,"@471589 Try this, let's go to Settings &gt; Safari &gt; Clear Website History and Data. Then reboot and try again."
212,CASE_005319,2138289,"@115858 @AppleSupport how do I️ fix this, that’s an i btw thx a loyal user @AppleSupport Thanks v much #greatCX",HOW_TO_SETTINGS_CONFIGURATION,GENERAL_DEVICE_INQUIRY,0.8938,CASE_004080,4,4.0,"['GENERAL_DEVICE_INQUIRY', 'KEYBOARD_TYPING_AUTOCORRECT', 'GENERAL_DEVICE_INQUIRY']","['GENERAL_DEVICE_INQUIRY', 'KEYBOARD_TYPING_AUTOCORRECT', 'GENERAL_DEVICE_INQUIRY', 'HOW_TO_SETTINGS_CONFIGURATION', 'GENERAL_DEVICE_INQUIRY']","['CASE_004028', 'CASE_005811', 'CASE_004052']","['CASE_004028', 'CASE_005811', 'CASE_004052', 'CASE_004080', 'CASE_006686']",@115858 @AppleSupport PLEASE FIX THIS I️ THING @AppleSupport Thank you !!!,@501763 Here’s what you can do to work around the issue until it’s fixed in a future software update: https://t.co/xXaXeeSRt9 https://t.co/GDrqU22YpT @501763 You're welcome!
215,CASE_000892,396972,"@AppleSupport hi, can’t update apps on the app store the loading icon stays on a loop and blue filling not showing iPhone 6S iOS 11.0.1 @AppleSupport Wi-Fi i haven’t tried on cellular data @AppleSupport It’s been solved. A hard reset fixed it",CONNECTIVITY_WIFI_BLUETOOTH,AUDIO_SOUND_SPEAKER,0.7564,CASE_003603,2,2.0,"['AUDIO_SOUND_SPEAKER', 'CONNECTIVITY_WIFI_BLUETOOTH', 'CONNECTIVITY_WIFI_BLUETOOTH']","['AUDIO_SOUND_SPEAKER', 'CONNECTIVITY_WIFI_BLUETOOTH', 'CONNECTIVITY_WIFI_BLUETOOTH', 'APP_STORE_PURCHASES_BILLING', 'CONNECTIVITY_WIFI_BLUETOOTH']","['CASE_002500', 'CASE_003603', 'CASE_005350']","['CASE_002500', 'CASE_003603', 'CASE_005350', 'CASE_001863', 'CASE_000433']",@AppleSupport my App Store is not working!!!! @AppleSupport iPhone 6s. At first the apps weren’t updating at all. And now the updates page is just not showing at all @AppleSupport I just connected to my cellular data and it’s the same result. The other pages load but the updates page doesn’t load @361433 @AppleSupport Turn off u phone and try again @172072 @AppleSupport Gwaan go work for Apple support bro. Cuz it work lol @AppleSupport Yes the restart worked. Thank you @361433 @AppleSupport Lol you hear that @AppleSupport you can hire me now,"@361433 We're here to help you. Which device are you having issue accessing the App Store? @361433 Have you tried connecting to a different network like your cellular data? @361433 Just to be clear after a restart your updates are working again? @361433 Great, we're glad that it worked."
218,CASE_001478,585878,"@AppleSupport is there a reason I cannot disable YouTube in iMessage apps? If I tap the on/off button long enough, I do get some response though... except that might be another bug. iOS 11(.2) happiness!! https://t.co/xWvunw0zXe @AppleSupport Well. Seriously, I don’t even care anymore, so no thanks. Big thanks for iOS 11. I’ll be sure to not upgrade to iOS 12 anytime before mid 2019.",OS_UPDATE_SYSTEM_PERFORMANCE,GENERAL_DEVICE_INQUIRY,0.5838,CASE_000920,3,3.0,"['GENERAL_DEVICE_INQUIRY', 'BATTERY_CHARGING_POWER', 'OS_UPDATE_SYSTEM_PERFORMANCE']","['GENERAL_DEVICE_INQUIRY', 'BATTERY_CHARGING_POWER', 'OS_UPDATE_SYSTEM_PERFORMANCE', 'APP_CRASH_AND_DOWNLOAD', 'OS_UPDATE_SYSTEM_PERFORMANCE']","['CASE_006211', 'CASE_007408', 'CASE_000920']","['CASE_006211', 'CASE_007408', 'CASE_000920', 'CASE_002472', 'CASE_000396']","@AppleSupport remember when i tweeted at you that my phone was getting glitchy on the youtube app which then affected the use of my phone? well it stopped for a month or so and its doing it again, any help? pls. @AppleSupport When I’m using the youtube app, it crashes my phone kinda and it messes it up for around 30 seconds, i don’t have a virus or anything, and idk it’s just super weird, and i’m using the most recent ios version. @AppleSupport OKAY!! thanks!!",@200233 We want to help you with this. What exactly happens when you're using the YouTube app? Which iOS version are you running on your iPhone? You can check here: Settings &gt; General &gt; About &gt; Version. @200233 Thanks for reaching out and we'll do everything we can to assist. Let's do this: Delete the YouTube app and then reboot the iPhone and reinstall the app from the App Store. Let us know how that goes. @200233 Keep us posted.
221,CASE_005252,2122577,@AppleSupport hi I left a private message 2hrs ago. Can you advise how long until I get a reply?,GENERAL_DEVICE_INQUIRY,HOW_TO_SETTINGS_CONFIGURATION,0.6984,CASE_007483,2,2.0,"['HOW_TO_SETTINGS_CONFIGURATION', 'GENERAL_DEVICE_INQUIRY', 'GENERAL_DEVICE_INQUIRY']","['HOW_TO_SETTINGS_CONFIGURATION', 'GENERAL_DEVICE_INQUIRY', 'GENERAL_DEVICE_INQUIRY', 'GENERAL_DEVICE_INQUIRY', 'APP_CRASH_AND_DOWNLOAD']","['CASE_007296', 'CASE_007483', 'CASE_003362']","['CASE_007296', 'CASE_007483', 'CASE_003362', 'CASE_004837', 'CASE_006882']",@AppleSupport Hi. I just sent you a DM with a few queries regarding my Apple product. Would appreciate it if you could get back to me at the earliest through the private message feature. Thanks. @AppleSupport Thank you.,@766044 We've received your DM and we'll continue there.
223,CASE_002606,1080456,Ok now that iOS 11 is out how do I turn off auto brightness @AppleSupport @AppleSupport I know how to do that but my brightness automatically goes up and down and it’s killing my battery I remember you could turn it off @AppleSupport Thank you,BATTERY_CHARGING_POWER,DISPLAY_TOUCH_SCREEN,0.8147,CASE_004836,3,3.0,"['DISPLAY_TOUCH_SCREEN', 'DISPLAY_TOUCH_SCREEN', 'BATTERY_CHARGING_POWER']","['DISPLAY_TOUCH_SCREEN', 'DISPLAY_TOUCH_SCREEN', 'BATTERY_CHARGING_POWER', 'DISPLAY_TOUCH_SCREEN', 'DISPLAY_TOUCH_SCREEN']","['CASE_002444', 'CASE_007869', 'CASE_004836']","['CASE_002444', 'CASE_007869', 'CASE_004836', 'CASE_001875', 'CASE_004365']","since updating to iOS 11, my iPhone adjusts the brightness automatically which I don’t want. Please tell me how to stop this @AppleSupport",@357242 We can help. You'll find it here. Settings &gt; General &gt; Accessibility &gt; Display Accommodations &gt; Auto-Brightness
224,CASE_006030,2309863,"@AppleSupport the iOS 11.0.3 update, how the screen looks going back to home, is seriously messing with my #Menieres disease. How to fix? @AppleSupport DM’d you, thank you.",DISPLAY_TOUCH_SCREEN,OS_UPDATE_SYSTEM_PERFORMANCE,0.6867,CASE_002073,2,2.0,"['OS_UPDATE_SYSTEM_PERFORMANCE', 'DISPLAY_TOUCH_SCREEN', 'DISPLAY_TOUCH_SCREEN']","['OS_UPDATE_SYSTEM_PERFORMANCE', 'DISPLAY_TOUCH_SCREEN', 'DISPLAY_TOUCH_SCREEN', 'DISPLAY_TOUCH_SCREEN', 'DISPLAY_TOUCH_SCREEN']","['CASE_000070', 'CASE_002073', 'CASE_001964']","['CASE_000070', 'CASE_002073', 'CASE_001964', 'CASE_005924', 'CASE_001204']","new iOS 11.1 bug? @AppleSupport https://t.co/EPcqhcyxPd @123693 @AppleSupport it's been happening to me for a while and it's driving me bananas @AppleSupport Thanks, will do",@123693 We'll be happy to look into this. DM us which iPhone you're using and we'll go from there. https://t.co/GDrqU22YpT @584620 Let's look into this together. Send us a DM telling us which iPhone you have and the iOS version it's running. We're happy to help. https://t.co/GDrqU22YpT
225,CASE_000482,235863,"Hi @AppleSupport. Another day another painful bug. IOS messages app just showing phone numbers not names! @AppleSupport Have restated several times. It’s not just one person but almost everyone in my address book. @AppleSupport Updated to ios 11.0.2 but that hasn’t fixed it. @AppleSupport They’re synced via exchange. Have been for years. @AppleSupport Also under ios 11 that info isn’t under settings &gt; contacts, but under settings &gt; accounts &amp; passwords.",OS_UPDATE_SYSTEM_PERFORMANCE,DISPLAY_TOUCH_SCREEN,0.7106,CASE_004790,6,6.0,"['DISPLAY_TOUCH_SCREEN', 'GENERAL_DEVICE_INQUIRY', 'GENERAL_DEVICE_INQUIRY']","['DISPLAY_TOUCH_SCREEN', 'GENERAL_DEVICE_INQUIRY', 'GENERAL_DEVICE_INQUIRY', 'GENERAL_DEVICE_INQUIRY', 'GENERAL_DEVICE_INQUIRY']","['CASE_005214', 'CASE_000242', 'CASE_007861']","['CASE_005214', 'CASE_000242', 'CASE_007861', 'CASE_001647', 'CASE_003158']","@115858 my contacts won’t show up in my messages anymore, it’s only their numbers. I️ try to edit them and it’s just a blank screen. I’ve restarted my phone and deleted the messages but they’re still not working. Any idea on how to fix it? @AppleSupport iOS 11.1",@503118 We're here for you. Which version of the iOS are you running? You can check by tapping Settings &gt; General &gt; About. @503118 Let's get your iPhone serial number from Settings &gt; General &gt; About &gt; Serial.
232,CASE_000421,205672,@AppleSupport 2tgread they HAVE replied!!but reply bounced ABOVE my last message to them! Come on apple sort this out! Worst update EVER!,OS_UPDATE_SYSTEM_PERFORMANCE,GENERAL_DEVICE_INQUIRY,0.7563,CASE_005293,3,3.0,"['GENERAL_DEVICE_INQUIRY', 'GENERAL_DEVICE_INQUIRY', 'OS_UPDATE_SYSTEM_PERFORMANCE']","['GENERAL_DEVICE_INQUIRY', 'GENERAL_DEVICE_INQUIRY', 'OS_UPDATE_SYSTEM_PERFORMANCE', 'GENERAL_DEVICE_INQUIRY', 'GENERAL_DEVICE_INQUIRY']","['CASE_001402', 'CASE_004503', 'CASE_005293']","['CASE_001402', 'CASE_004503', 'CASE_005293', 'CASE_001542', 'CASE_005691']","@AppleSupport 1-888-508-8017 is pretending to be apple support trying to scam innocent people. 
BEWARE!!",@252090 We'd love to help! Please check out this article for what to do when you receive calls like that: https://t.co/LNMCdqt6fD
235,CASE_007670,2863567,"I wanted to say the #iPhoneX is awesome but I can’t. It sucks; no one can hear me &amp; it does not play voicemails. Stores won’t take it back. @AppleSupport @115858 @115714 @AppleSupport Thank you, will do right now.",AUDIO_SOUND_SPEAKER,GENERAL_DEVICE_INQUIRY,0.7358,CASE_003108,5,5.0,"['GENERAL_DEVICE_INQUIRY', 'GENERAL_DEVICE_INQUIRY', 'GENERAL_DEVICE_INQUIRY']","['GENERAL_DEVICE_INQUIRY', 'GENERAL_DEVICE_INQUIRY', 'GENERAL_DEVICE_INQUIRY', 'OS_UPDATE_SYSTEM_PERFORMANCE', 'AUDIO_SOUND_SPEAKER']","['CASE_003532', 'CASE_007044', 'CASE_001647']","['CASE_003532', 'CASE_007044', 'CASE_001647', 'CASE_007418', 'CASE_003108']",Trust me y'all don't won't the #iphonex what the hell is this @AppleSupport ??? https://t.co/DITREaPPpP,"@476175 The Accessibility feature, Voice Over, has been enabled. Follow these steps to disable it: https://t.co/p5K3tcjbCl"
237,CASE_002297,925081,Ever since this new iOS update I’ve had to restart my phone at least once a day.  @115858 is 🚮🚮,OS_UPDATE_SYSTEM_PERFORMANCE,BATTERY_CHARGING_POWER,0.8176,CASE_005112,2,2.0,"['BATTERY_CHARGING_POWER', 'OS_UPDATE_SYSTEM_PERFORMANCE', 'OS_UPDATE_SYSTEM_PERFORMANCE']","['BATTERY_CHARGING_POWER', 'OS_UPDATE_SYSTEM_PERFORMANCE', 'OS_UPDATE_SYSTEM_PERFORMANCE', 'OS_UPDATE_SYSTEM_PERFORMANCE', 'OS_UPDATE_SYSTEM_PERFORMANCE']","['CASE_000168', 'CASE_005112', 'CASE_001205']","['CASE_000168', 'CASE_005112', 'CASE_001205', 'CASE_006369', 'CASE_002518']",@115858 my iPhone after last update is dying sooo quick is on the edge of ridiculousness.. 🤬,"@135627 Battery life is everything! Let's see how we can get yours back to being great. Is it iOS 11.1.2 that you have installed now? When you navigate to Settings &gt; Battery, do you see any alert at the top of this page regarding your battery?"
239,CASE_005097,2052375,@AppleSupport will there be a new patch soon for the latest update to IPhone?Phone barely works now.Calls no notify no ring- no VM.,OS_UPDATE_SYSTEM_PERFORMANCE,CONNECTIVITY_WIFI_BLUETOOTH,0.6932,CASE_002604,8,8.0,"['CONNECTIVITY_WIFI_BLUETOOTH', 'GENERAL_DEVICE_INQUIRY', 'CONNECTIVITY_WIFI_BLUETOOTH']","['CONNECTIVITY_WIFI_BLUETOOTH', 'GENERAL_DEVICE_INQUIRY', 'CONNECTIVITY_WIFI_BLUETOOTH', 'AUDIO_SOUND_SPEAKER', 'AUDIO_SOUND_SPEAKER']","['CASE_006760', 'CASE_006731', 'CASE_000949']","['CASE_006760', 'CASE_006731', 'CASE_000949', 'CASE_003272', 'CASE_000471']",Is anyone else’s iPhone not sending or receiving calls right now? @AppleSupport Related to iOS update? @AppleSupport No it still shows ATT with 2 bars and WiFi. All I get is “Call failed” without even a single ring @AppleSupport I just heard back from them and it turned out to be an ATT outage. Thank you so much for trying to help! 👍 Truly appreciate it!,@718017 We’d like to help. What happens when you try to call someone? Do you see “No Service” or “Searching…” in the upper left-hand corner of your iPhone? @718017 Have you checked with your carrier yet to see if they can advise? @718017 Of course. Let us know if you have any further questions or concerns. Enjoy!
240,CASE_002387,961113,@applesupport Why does #iMovie keep crashing. It’s crashed on me at least 8 times today. #frustrating I can’t finish my movie. @AppleSupport Thank you. I’ll have to try tomorrow.,APP_CRASH_AND_DOWNLOAD,OS_UPDATE_SYSTEM_PERFORMANCE,0.8053,CASE_006998,2,2.0,"['OS_UPDATE_SYSTEM_PERFORMANCE', 'APP_CRASH_AND_DOWNLOAD', 'HOW_TO_SETTINGS_CONFIGURATION']","['OS_UPDATE_SYSTEM_PERFORMANCE', 'APP_CRASH_AND_DOWNLOAD', 'HOW_TO_SETTINGS_CONFIGURATION', 'OS_UPDATE_SYSTEM_PERFORMANCE', 'APP_CRASH_AND_DOWNLOAD']","['CASE_006368', 'CASE_006998', 'CASE_006932']","['CASE_006368', 'CASE_006998', 'CASE_006932', 'CASE_001528', 'CASE_006640']",My Mac fucking up too @115858 @AppleSupport My I️ movie keeps force closing @AppleSupport See if y’all fixed the stupid I️ glitch. You would have known I️ said iMovie,"@692603 We'd love to help with your Mac! Let us know exactly what's going on. @692603 We want to help you to watch your movie uninterrupted, and without issue. Do you get an error message? If so, what does it say? Send us a DM with more details so we can help you out. https://t.co/GDrqU22YpT @692603 We'd like to take a closer look at both of the issues you're experiencing. To do that, please send us a Direct Message here: https://t.co/GDrqU22YpT"
241,CASE_007833,2949575,"@AppleSupport hello, I've received an email which I think is spam, do you have a department that deals with phishing emails? I can't see any details in my Apple account relating to the subscription I've apparently taken out - I've not clicked anything in the email. @AppleSupport Great, thanks! It is a phishing email - don't know why I didn't just check the email address it came from! D'oh! Have sent it on to the phishing email address anyway.",APP_STORE_PURCHASES_BILLING,GENERAL_DEVICE_INQUIRY,0.8159,CASE_007608,7,7.0,"['GENERAL_DEVICE_INQUIRY', 'GENERAL_DEVICE_INQUIRY', 'GENERAL_DEVICE_INQUIRY']","['GENERAL_DEVICE_INQUIRY', 'GENERAL_DEVICE_INQUIRY', 'GENERAL_DEVICE_INQUIRY', 'GENERAL_DEVICE_INQUIRY', 'GENERAL_DEVICE_INQUIRY']","['CASE_002130', 'CASE_002760', 'CASE_005430']","['CASE_002130', 'CASE_002760', 'CASE_005430', 'CASE_003029', 'CASE_007644']","@AppleSupport 
I received this suspicious e-mail. Is this an phishing email? https://t.co/rsAdOn7LwS @AppleSupport Thank you so much for your help.",@322682 That appears to be a phishing attempt. Here's how to handle it: https://t.co/LNMCdqt6fD
244,CASE_004658,1774859,Trying to install iOS 11... then it says this. BUT I AM CONNECTED TO THE INTERNET! What do I do? @115858 @AppleSupport https://t.co/eYa0LXPWiH @AppleSupport It worked like a charm! Thanks for the link,OS_UPDATE_SYSTEM_PERFORMANCE,CONNECTIVITY_WIFI_BLUETOOTH,0.774,CASE_001988,2,2.0,"['CONNECTIVITY_WIFI_BLUETOOTH', 'OS_UPDATE_SYSTEM_PERFORMANCE', 'OS_UPDATE_SYSTEM_PERFORMANCE']","['CONNECTIVITY_WIFI_BLUETOOTH', 'OS_UPDATE_SYSTEM_PERFORMANCE', 'OS_UPDATE_SYSTEM_PERFORMANCE', 'OS_UPDATE_SYSTEM_PERFORMANCE', 'OS_UPDATE_SYSTEM_PERFORMANCE']","['CASE_006875', 'CASE_001988', 'CASE_002250']","['CASE_006875', 'CASE_001988', 'CASE_002250', 'CASE_002112', 'CASE_004916']","@AppleSupport hi, I'm having trouble installing ios 11 and my phone keeps saying there's an error. What should I do? @AppleSupport I'm trying to do it over wi-fi. I'm able to download the update but there's an error every time I try to install @AppleSupport But I have enough availabe storage space and full wi-fi network. Also already tried to remove and download the ios again @AppleSupport Ah I see, I will try to follow those steps for update via iTunes on computer. Thank you!",@728452 Let's get your iPhone updated. Are you installing it via iTunes or is this an over-the-air update? @728452 Got it. Let's try all the suggestions here to see if that works: https://t.co/Ui1yTnOCUz @728452 Are you able to try the update via iTunes on a computer as described here?: https://t.co/80YRnjDFDk @728452 You're welcome! We'll be here if you need us.
248,CASE_006836,2555482,"Restarted iPhone as was lagging, now I only have 14 photos and videos.... 🧐 @AppleSupport there is a big bug with iso11 where are my 10k + photos and videos??? 😒😒 https://t.co/whj2s8hxpv",GENERAL_DEVICE_INQUIRY,OS_UPDATE_SYSTEM_PERFORMANCE,0.6926,CASE_006158,5,5.0,"['OS_UPDATE_SYSTEM_PERFORMANCE', 'OS_UPDATE_SYSTEM_PERFORMANCE', 'APP_CRASH_AND_DOWNLOAD']","['OS_UPDATE_SYSTEM_PERFORMANCE', 'OS_UPDATE_SYSTEM_PERFORMANCE', 'APP_CRASH_AND_DOWNLOAD', 'OS_UPDATE_SYSTEM_PERFORMANCE', 'GENERAL_DEVICE_INQUIRY']","['CASE_004087', 'CASE_002031', 'CASE_007406']","['CASE_004087', 'CASE_002031', 'CASE_007406', 'CASE_005242', 'CASE_006158']","Ive just lost all my photos after updating to the new iOS 11. This is annoying. @115948 @AppleSupport @AppleSupport More than 24 hours ago. @AppleSupport Hi. It’s fine now, thanks. Photos coming in gradually. Must be slow internet. Thanks again.",@503576 We want to help you with this. How long ago did you install the update? @503576 Do you use iCloud Photo Library? Was it enabled before you updated?
249,CASE_006913,2583078,"@applesupport hey is this the right guys? Well anyways my sisters iPhone says that her storage is low even though it has like 10 GB of storage left
How do I fix this? @AppleSupport Also there's a weird app on her home screen that won't go away @AppleSupport iPhone storage... But we're dealing with it @AppleSupport No thanks. We're dealing with it",DISPLAY_TOUCH_SCREEN,GENERAL_DEVICE_INQUIRY,0.7092,N/A,Missing (>10),,"['GENERAL_DEVICE_INQUIRY', 'ACCOUNT_APPLEID_ICLOUD', 'GENERAL_DEVICE_INQUIRY']","['GENERAL_DEVICE_INQUIRY', 'ACCOUNT_APPLEID_ICLOUD', 'GENERAL_DEVICE_INQUIRY', 'GENERAL_DEVICE_INQUIRY', 'GENERAL_DEVICE_INQUIRY']","['CASE_004904', 'CASE_006808', 'CASE_001321']","['CASE_004904', 'CASE_006808', 'CASE_001321', 'CASE_000793', 'CASE_000196']","@AppleSupport hey, my iPhone constantly fills up my storage. I have newest software. Is there any solution?? @AppleSupport Hey, thanks for quick response, I’ve sent you a message.",@576149 Hey there! We definitely want to help you with your iPhone's storage. Let's meet in DM so we can take a closer look: https://t.co/GDrqU22YpT
250,CASE_006359,2408460,"By the way in running on an old mbp retina 13-inch, late 2012. @AppleSupport @115858 @AppleSupport Thanks! I solved the problem. There were too many devices connected via bluetooth. It was slowing down my cursor movement. Thanks again!",CONNECTIVITY_WIFI_BLUETOOTH,GENERAL_DEVICE_INQUIRY,0.5207,CASE_000514,8,8.0,"['GENERAL_DEVICE_INQUIRY', 'DISPLAY_TOUCH_SCREEN', 'KEYBOARD_TYPING_AUTOCORRECT']","['GENERAL_DEVICE_INQUIRY', 'DISPLAY_TOUCH_SCREEN', 'KEYBOARD_TYPING_AUTOCORRECT', 'DISPLAY_TOUCH_SCREEN', 'OS_UPDATE_SYSTEM_PERFORMANCE']","['CASE_004394', 'CASE_001058', 'CASE_004851']","['CASE_004394', 'CASE_001058', 'CASE_004851', 'CASE_003340', 'CASE_006985']","@AppleSupport OK so my Mighty Mouse is causing the cursor to jump about, pages go back and other weird &amp; not wonderful things. Help please! @AppleSupport Thanks - sent a DM",@365480 Let's work to get that mouse to calm down for you. Which computer are you using this with &amp; what OS is installed?
253,CASE_000099,42644,@AppleSupport Hello I have iPhone 5s which since 11.0.3 update is constantly saying storage full even though its not! Please help! Thank you @AppleSupport Thank you. Twitter didn’t notify me of your reply :( so restored phone &amp; ok now. Was phone storage not iCloud.,ACCOUNT_APPLEID_ICLOUD,GENERAL_DEVICE_INQUIRY,0.7428,CASE_006808,4,4.0,"['GENERAL_DEVICE_INQUIRY', 'GENERAL_DEVICE_INQUIRY', 'GENERAL_DEVICE_INQUIRY']","['GENERAL_DEVICE_INQUIRY', 'GENERAL_DEVICE_INQUIRY', 'GENERAL_DEVICE_INQUIRY', 'ACCOUNT_APPLEID_ICLOUD', 'OS_UPDATE_SYSTEM_PERFORMANCE']","['CASE_000793', 'CASE_001321', 'CASE_004904']","['CASE_000793', 'CASE_001321', 'CASE_004904', 'CASE_006808', 'CASE_002397']",@AppleSupport is the phone 8 saying storage is full when it’s not a known issue? Any fix? @AppleSupport Talked to support and they got it fixed. Thank you!,@201148 Let’s investigate it together. Which version of iOS are you using? Check Settings &gt; General &gt; About. Be sure to restart as well.
255,CASE_002481,1013839,"My #apple #ipodshuffle just died

My last one after @AppleSupport's #ipodshuffle genocide

Death by unknown error 1439

I am a broken man @AppleSupport Tried everything from your support site &amp; online...all through floods of tears &amp; then agony when nothing worked
RIP my little digital friend",GENERAL_DEVICE_INQUIRY,APP_STORE_PURCHASES_BILLING,0.6681,CASE_002252,2,2.0,"['APP_STORE_PURCHASES_BILLING', 'GENERAL_DEVICE_INQUIRY', 'ACCOUNT_APPLEID_ICLOUD']","['APP_STORE_PURCHASES_BILLING', 'GENERAL_DEVICE_INQUIRY', 'ACCOUNT_APPLEID_ICLOUD', 'GENERAL_DEVICE_INQUIRY', 'APP_STORE_PURCHASES_BILLING']","['CASE_002984', 'CASE_002252', 'CASE_007138']","['CASE_002984', 'CASE_002252', 'CASE_007138', 'CASE_006542', 'CASE_000923']",Lol so vele my Apple Music just stopped working? 😂☹️☹️ @417144 Me too! What's going on @AppleSupport ? @417144 Music deleted ? @387011 @AppleSupport Can we get a response? My songs aren't playing. It keeps on notifying me to create a new plan. @AppleSupport @571445 This is legit what I get. Time I've already created an account. @AppleSupport @115948 https://t.co/Tdp9hvwA8V @417144 @AppleSupport @115948 Mine just freezes right there 💔😂 imagine how I feel.. I just want to listen to that one song https://t.co/flkSTGBsDM @AppleSupport Thank you. 😊,"@387011 Let's look into what's happening with Apple Music together. Send us a DM, tell us the country you're in and device you're using. https://t.co/GDrqU22YpT @417144 We would like to get you pointed in the right direction to enjoy Apple Music.  Please reach out here: https://t.co/SDIe7UiyJN @571445 We want to help with your Apple Music issue, too. Meet us in DM. Let us know if you've tried restarting your device yet. https://t.co/GDrqU22YpT @417144 You're welcome."
259,CASE_000184,92755,"Trying to load an email. My @AppleSupport #iPhone6S never did anything like this before the newest phone was released. Why is it every time that a new model comes out my phone turns to junk, which “mysteriously” is cured after I upgrade? https://t.co/6sNq9G914B",GENERAL_DEVICE_INQUIRY,OS_UPDATE_SYSTEM_PERFORMANCE,0.6094,CASE_001508,2,2.0,"['OS_UPDATE_SYSTEM_PERFORMANCE', 'GENERAL_DEVICE_INQUIRY', 'BATTERY_CHARGING_POWER']","['OS_UPDATE_SYSTEM_PERFORMANCE', 'GENERAL_DEVICE_INQUIRY', 'BATTERY_CHARGING_POWER', 'OS_UPDATE_SYSTEM_PERFORMANCE', 'BATTERY_CHARGING_POWER']","['CASE_004402', 'CASE_001508', 'CASE_000066']","['CASE_004402', 'CASE_001508', 'CASE_000066', 'CASE_002135', 'CASE_007921']",Thanks @115858 - you bring out the new phone and iOS update and once again my old phone is knackered. This sales tactic is wanky! @AppleSupport One that worked really well a week ago and now is really slow and sketchy. It’s a 6,"@521741 This isn't what we like to hear. What kind of iPhone do you have? @521741 Definitely not what we want you to experience. Rest assured, we're glad to help. Please tell us all about what's going on."
262,CASE_003916,1620615,"For some reason, I can’t type the letter I on my iPhone because I️ shows up instead. @115858, fix the battery drain and this autocorrect! @AppleSupport Thanks, what about the battery issue? Is @115858 going to fix it? I need to charge my phone twice a day now. @AppleSupport",KEYBOARD_TYPING_AUTOCORRECT,GENERAL_DEVICE_INQUIRY,0.7531,CASE_004635,2,2.0,"['GENERAL_DEVICE_INQUIRY', 'KEYBOARD_TYPING_AUTOCORRECT', 'KEYBOARD_TYPING_AUTOCORRECT']","['GENERAL_DEVICE_INQUIRY', 'KEYBOARD_TYPING_AUTOCORRECT', 'KEYBOARD_TYPING_AUTOCORRECT', 'GENERAL_DEVICE_INQUIRY', 'GENERAL_DEVICE_INQUIRY']","['CASE_005169', 'CASE_004635', 'CASE_004265']","['CASE_005169', 'CASE_004635', 'CASE_004265', 'CASE_003706', 'CASE_005342']","My phone keeps glitching, so every time I️ type the letter “I️” it autocorrects to “a ?” @115858 pls help @AppleSupport Thanks, I think it worked",@618667 Here’s what you can do to work around the issue until it’s fixed in a future software update: https://t.co/xXaXeeSRt9 @618667 Great! Let us know if you have further questions.
264,CASE_006210,2363134,"@applesupport 11.1.1 battery

trying to install 11.1.1 update on my iPhone and iPad.  the program starts verifying and then a dialog box pops up saying UNABLE TO VERIFY UPDATE SAYS I AM NOT CONNECTED TO THE INTERNET.  I AM CONNECTED.  HAVE YOU RUN INTO THIS PROBLEM @682304 @AppleSupport Yes I have been repeatedly run into this since I updated.",BATTERY_CHARGING_POWER,OS_UPDATE_SYSTEM_PERFORMANCE,0.8305,CASE_004714,5,5.0,"['OS_UPDATE_SYSTEM_PERFORMANCE', 'CONNECTIVITY_WIFI_BLUETOOTH', 'OS_UPDATE_SYSTEM_PERFORMANCE']","['OS_UPDATE_SYSTEM_PERFORMANCE', 'CONNECTIVITY_WIFI_BLUETOOTH', 'OS_UPDATE_SYSTEM_PERFORMANCE', 'APP_STORE_PURCHASES_BILLING', 'BATTERY_CHARGING_POWER']","['CASE_004526', 'CASE_004576', 'CASE_002250']","['CASE_004526', 'CASE_004576', 'CASE_002250', 'CASE_005178', 'CASE_004714']","@AppleSupport getting 'unable to verify update. 11.1 failed verification because you are no longer connected to internet' @AppleSupport You have dm @AppleSupport @200272 @AppleSupport can you please make the solution public!? I'm trying to install the update on an iPad I bought today but I can't: ""Unable to Verify Update - iOS 11.1"". I don't know if you can imagine my frustration at this moment 😡 @AppleSupport I tried again this morning and it worked. Thanks!","@200272 Let's look into this for you. Meet us in DM and we can check on available options. https://t.co/GDrqU22YpT @200272 Thank you for sending us a DM. We will respond shortly. @128416 We know how important it is to be up to date. Let’s try to complete the update again this morning. Let us know if it works. @128416 Awesome! We’re glad everything worked. If you ever need us in the future, feel free to reach out. We're here to help."
265,CASE_007200,2701045,@AppleSupport obrigado por foder com a bateria dos iPhones com esse iOS 11. @AppleSupport Thanks for spoiling the iPhones battery with this iOS 11.,BATTERY_CHARGING_POWER,OS_UPDATE_SYSTEM_PERFORMANCE,0.6858,CASE_000001,2,2.0,"['OS_UPDATE_SYSTEM_PERFORMANCE', 'BATTERY_CHARGING_POWER', 'BATTERY_CHARGING_POWER']","['OS_UPDATE_SYSTEM_PERFORMANCE', 'BATTERY_CHARGING_POWER', 'BATTERY_CHARGING_POWER', 'BATTERY_CHARGING_POWER', 'BATTERY_CHARGING_POWER']","['CASE_002915', 'CASE_000001', 'CASE_000029']","['CASE_002915', 'CASE_000001', 'CASE_000029', 'CASE_001987', 'CASE_007310']","Nossa que chateação, a Apple destruiu o iPhone com iOS 11, meu telefone esta reiniciando e travando muito, chateado. @AppleSupport :( @AppleSupport Ok, thank you!","@407892 Since our Twitter support is available in English, get help at https://t.co/IBIY3vMgPj or join https://t.co/pvaOFfPbjt"
270,CASE_006879,2571386,@AppleSupport absolutely hate the new update. I don't even want to use my iPhone. Keeps freezing and very slow to open apps. Fix ASAP plz!,OS_UPDATE_SYSTEM_PERFORMANCE,APP_CRASH_AND_DOWNLOAD,0.8383,CASE_006139,2,2.0,"['APP_CRASH_AND_DOWNLOAD', 'OS_UPDATE_SYSTEM_PERFORMANCE', 'OS_UPDATE_SYSTEM_PERFORMANCE']","['APP_CRASH_AND_DOWNLOAD', 'OS_UPDATE_SYSTEM_PERFORMANCE', 'OS_UPDATE_SYSTEM_PERFORMANCE', 'CONNECTIVITY_WIFI_BLUETOOTH', 'OS_UPDATE_SYSTEM_PERFORMANCE']","['CASE_006612', 'CASE_006139', 'CASE_006054']","['CASE_006612', 'CASE_006139', 'CASE_006054', 'CASE_002530', 'CASE_005107']",@AppleSupport you really need to something about these new updates ... our phones are freezing apps crashing it’s a mess please fix it 😡,"@710040 We're here to help! Let us gather some information on the issues you are experiencing, then we can work together to resolve this from there. Which applications on your device are crashing? How often does your device freeze? Which iOS is currently installed?"
272,CASE_003378,1455381,"Anyone else’s iPhone running like a heap of shit since software upgrade? @AppleSupport @AppleSupport I would like to say thanks to Apple support, down loading OS 11.1 has fixed the bugs.",GENERAL_DEVICE_INQUIRY,OS_UPDATE_SYSTEM_PERFORMANCE,0.7707,CASE_005013,9,9.0,"['OS_UPDATE_SYSTEM_PERFORMANCE', 'OS_UPDATE_SYSTEM_PERFORMANCE', 'OS_UPDATE_SYSTEM_PERFORMANCE']","['OS_UPDATE_SYSTEM_PERFORMANCE', 'OS_UPDATE_SYSTEM_PERFORMANCE', 'OS_UPDATE_SYSTEM_PERFORMANCE', 'OS_UPDATE_SYSTEM_PERFORMANCE', 'OS_UPDATE_SYSTEM_PERFORMANCE']","['CASE_003973', 'CASE_004319', 'CASE_005522']","['CASE_003973', 'CASE_004319', 'CASE_005522', 'CASE_006225', 'CASE_001126']","Slow, unstable ... thanks @115858 @AppleSupport, my iPhone 5S is just miserable now with #iOS11. @AppleSupport Hi! The last one, iOS 11.0.3. Thanks. @AppleSupport @499266 You tell me if they fix this? @499267 @AppleSupport They called me this morning to run some diagnostics; I will have the results in a few days. Anyway, they are very efficient!","@499266 We surely want you to enjoy your device so let's work to resolve this. Which version of iOS is currently installed? @499266 Surely, thank you! Go ahead and reach out to us in DM &amp; let us know how long ago you updated to iOS 11.0.3? https://t.co/GDrqU22YpT"
280,CASE_001616,620071,".@AppleSupport - my MacBook isn’t turning on &amp; the charger is blinking dim green &amp; orange, any suggestions? #MacBookPro #Apple @AppleSupport Unfortunately, I tried everything possible. Made an appointment at the Apple store, thank you for your time.",BATTERY_CHARGING_POWER,GENERAL_DEVICE_INQUIRY,0.64,CASE_002428,2,2.0,"['GENERAL_DEVICE_INQUIRY', 'BATTERY_CHARGING_POWER', 'DISPLAY_TOUCH_SCREEN']","['GENERAL_DEVICE_INQUIRY', 'BATTERY_CHARGING_POWER', 'DISPLAY_TOUCH_SCREEN', 'APP_STORE_PURCHASES_BILLING', 'DISPLAY_TOUCH_SCREEN']","['CASE_005133', 'CASE_002428', 'CASE_007559']","['CASE_005133', 'CASE_002428', 'CASE_007559', 'CASE_000710', 'CASE_005809']",My MacBook won’t turn on someone kill me pls. @115858 @AppleSupport Thank you!!,@610108 Let’s team up to get this situation addressed. Could you let us know more details via a DM? We’ll continue from there. https://t.co/GDrqU22YpT
281,CASE_003734,1581415,@115858 i updated my phone and now nothing worksssssss @AppleSupport it’s fine! everything’s fine now 🙂 thank you!,GENERAL_DEVICE_INQUIRY,OS_UPDATE_SYSTEM_PERFORMANCE,0.8602,CASE_005635,10,10.0,"['OS_UPDATE_SYSTEM_PERFORMANCE', 'OS_UPDATE_SYSTEM_PERFORMANCE', 'OS_UPDATE_SYSTEM_PERFORMANCE']","['OS_UPDATE_SYSTEM_PERFORMANCE', 'OS_UPDATE_SYSTEM_PERFORMANCE', 'OS_UPDATE_SYSTEM_PERFORMANCE', 'OS_UPDATE_SYSTEM_PERFORMANCE', 'OS_UPDATE_SYSTEM_PERFORMANCE']","['CASE_004109', 'CASE_004593', 'CASE_007143']","['CASE_004109', 'CASE_004593', 'CASE_007143', 'CASE_001601', 'CASE_002051']",I️ didn’t even update my phone and my I’s are messing up.....what the hell @115858 @AppleSupport Thanks,@504993 Here’s what you can do to work around the issue until it’s fixed in a future software update: https://t.co/xXaXeeSRt9
283,CASE_004965,1979944,@AppleSupport ay man yall wrong for freezing my phone and deleting all my messages! @AppleSupport Say no more. Thank you.,APP_CRASH_AND_DOWNLOAD,OS_UPDATE_SYSTEM_PERFORMANCE,0.7765,CASE_004976,2,2.0,"['OS_UPDATE_SYSTEM_PERFORMANCE', 'APP_CRASH_AND_DOWNLOAD', 'BATTERY_CHARGING_POWER']","['OS_UPDATE_SYSTEM_PERFORMANCE', 'APP_CRASH_AND_DOWNLOAD', 'BATTERY_CHARGING_POWER', 'APP_CRASH_AND_DOWNLOAD', 'APP_CRASH_AND_DOWNLOAD']","['CASE_005107', 'CASE_004976', 'CASE_002182']","['CASE_005107', 'CASE_004976', 'CASE_002182', 'CASE_000082', 'CASE_007805']","@AppleSupport Hi, since the new update my phone keeps freezing. Any suggestions? @AppleSupport Ok I’m about to send now, thank you.","@608152 We're more than happy to work on a resolution with you. Please DM your iPhone model, iOS, and country. We'll meet you there! https://t.co/GDrqU2kzhr"
284,CASE_007407,2759059,"Since I updated my phone to IOS 11 a couple of months ago it’s been shocking! Half my apps don’t work/quit ... what a mess this update is @AppleSupport @AppleSupport @772045 Exactly the same thing happens to me and my battery life is terrible too! @AppleSupport Ever since I updated to iOS11 my apps always crash, have to force restart the phone 4/5 times before it works again and my battery barely lasts 2 hours before it needs charging again, quite frustrating really. @AppleSupport Current iOS is 11.1.1 I have tried the points in the battery, they haven’t worked.",BATTERY_CHARGING_POWER,KEYBOARD_TYPING_AUTOCORRECT,0.7968,CASE_002390,2,2.0,"['KEYBOARD_TYPING_AUTOCORRECT', 'BATTERY_CHARGING_POWER', 'APP_CRASH_AND_DOWNLOAD']","['KEYBOARD_TYPING_AUTOCORRECT', 'BATTERY_CHARGING_POWER', 'APP_CRASH_AND_DOWNLOAD', 'OS_UPDATE_SYSTEM_PERFORMANCE', 'APP_CRASH_AND_DOWNLOAD']","['CASE_002055', 'CASE_002390', 'CASE_000386']","['CASE_002055', 'CASE_002390', 'CASE_000386', 'CASE_006225', 'CASE_001993']","@AppleSupport hi, whats going on with everything on iOS 11? My battery dies faster, my keyboard freezes sometimes and my apps won’t update @AppleSupport This is iOS 11.0.2 but as I was checking, my phone told me I had an update to 11.0.3, so I’ll do that and get back to you! Thank you! @AppleSupport Well my apps are updating, so that’s good! I’ll let you know how’s the battery life and all. Thanks guys!","@316089 Thanks for reaching out. We'd like to know more to help. What's the exact iOS version this occurs on? @316089 Sounds like a plan, thanks. Keep us posted on the results. @316089 Glad to hear it. Once they're updated, continue to use your iPhone as normal, and let us know if you encounter any issues."
285,CASE_006304,2397971,I’d like to apologize to the iPhone users! There seems to be this weird error when I’m typing that I️ thought only I could see. Hopefully it’ll get fixed soon! @AppleSupport #StafferKelsey https://t.co/C7IbRwfW0J @690116 @AppleSupport I️ have the same problem!,KEYBOARD_TYPING_AUTOCORRECT,GENERAL_DEVICE_INQUIRY,0.7713,CASE_005896,4,4.0,"['GENERAL_DEVICE_INQUIRY', 'OS_UPDATE_SYSTEM_PERFORMANCE', 'OS_UPDATE_SYSTEM_PERFORMANCE']","['GENERAL_DEVICE_INQUIRY', 'OS_UPDATE_SYSTEM_PERFORMANCE', 'OS_UPDATE_SYSTEM_PERFORMANCE', 'KEYBOARD_TYPING_AUTOCORRECT', 'GENERAL_DEVICE_INQUIRY']","['CASE_003393', 'CASE_006459', 'CASE_004091']","['CASE_003393', 'CASE_006459', 'CASE_004091', 'CASE_005896', 'CASE_001357']","@AppleSupport hey nearly every time I️ type I️ on my iPhone, it comes up as symbols. Please fix this @AppleSupport Just did. Thanks!",@459690 Send us a DM and we'll provide some additional guidance on this. https://t.co/GDrqU22YpT
287,CASE_005893,2297644,Why is this “ I️n “ still even a thing??? Shouldn’t @115858 have fixed I️t yet @AppleSupport @4150 bless you,KEYBOARD_TYPING_AUTOCORRECT,GENERAL_DEVICE_INQUIRY,0.74,CASE_006051,6,6.0,"['GENERAL_DEVICE_INQUIRY', 'OS_UPDATE_SYSTEM_PERFORMANCE', 'GENERAL_DEVICE_INQUIRY']","['GENERAL_DEVICE_INQUIRY', 'OS_UPDATE_SYSTEM_PERFORMANCE', 'GENERAL_DEVICE_INQUIRY', 'GENERAL_DEVICE_INQUIRY', 'GENERAL_DEVICE_INQUIRY']","['CASE_005366', 'CASE_004272', 'CASE_004368']","['CASE_005366', 'CASE_004272', 'CASE_004368', 'CASE_005429', 'CASE_007373']",Why is this I️ still not fixed @115858 @AppleSupport Thanks homie,@631021 Here’s what you can do to work around the issue until it’s fixed in a future software update: https://t.co/xXaXeeSRt9
289,CASE_006076,2321169,"After upgrading to #iPhoneX , my cellular data on verizon usage is not right. Shows data used even when on wifi or with background Apps refresh off. #iPhone8 doesnt have this issue. Anyone else having this issue ?

@AppleSupport @115990 @AppleSupport 11.1.2 version , just updated yesterday before that it was previous version. @AppleSupport I have wifi assist off !! Its weird coz I have two phones and carry them both (iPhone8 and iPhoneX) , this issue is only on X. It only started after upgrading. Anyways, I ll monitor it more and respond back if problem persists.",CONNECTIVITY_WIFI_BLUETOOTH,BATTERY_CHARGING_POWER,0.6542,CASE_003276,2,2.0,"['BATTERY_CHARGING_POWER', 'CONNECTIVITY_WIFI_BLUETOOTH', 'CONNECTIVITY_WIFI_BLUETOOTH']","['BATTERY_CHARGING_POWER', 'CONNECTIVITY_WIFI_BLUETOOTH', 'CONNECTIVITY_WIFI_BLUETOOTH', 'CONNECTIVITY_WIFI_BLUETOOTH', 'CONNECTIVITY_WIFI_BLUETOOTH']","['CASE_000473', 'CASE_003276', 'CASE_005103']","['CASE_000473', 'CASE_003276', 'CASE_005103', 'CASE_004521', 'CASE_000402']","This iOS update is driving me insane!! @170666 I keep losing data connection. Cellular is fine, just data. @AppleSupport why is this happening? @170666 @115858 the iPhone update is awful. Fix it, make it go back. Drains the battery and everything is ugly @AppleSupport Thanks! 6S, 11.0.2 @AppleSupport @170664 Lmao they actually responded @AppleSupport Daily. I shut my phone down, turn back on, and it’s fine again. @AppleSupport I never had this issue on iOS 10 @AppleSupport Yes, but I'm having to do it daily. @AppleSupport Nope. Updated today, happened again tonight. Shut down my phone, turned it back on, and data was restored. @AppleSupport @170664 I love how @AppleSupport is having this convo on @170666's feed.","@170664 Let's look into this together! Could you tell us which iPhone and iOS version you're using? @534778 We'd be happy to look this over with you. Please meet us in DM so we may gather information, and better assist. https://t.co/GDrqU22YpT @170664 Got it. Next, can you please tell us how often does this issue occur? @170664 While this behavior is unexpected, restarting your device resolves your issue. Is that correct? @170664 We just released iOS 11.0.3, and we'd like to have you backup and update to see if that helps. https://t.co/80YRnjDFDk @170664 Okay, thanks. Let's get to DM to continue. https://t.co/GDrqU22YpT"
291,CASE_005323,2138825,@115858 needs to get it together.... why my shit looking like this after I️ updated iOS 11.1 ( I️ ) @AppleSupport Thanks!,OS_UPDATE_SYSTEM_PERFORMANCE,KEYBOARD_TYPING_AUTOCORRECT,0.8123,CASE_003146,3,3.0,"['KEYBOARD_TYPING_AUTOCORRECT', 'DISPLAY_TOUCH_SCREEN', 'OS_UPDATE_SYSTEM_PERFORMANCE']","['KEYBOARD_TYPING_AUTOCORRECT', 'DISPLAY_TOUCH_SCREEN', 'OS_UPDATE_SYSTEM_PERFORMANCE', 'GENERAL_DEVICE_INQUIRY', 'OS_UPDATE_SYSTEM_PERFORMANCE']","['CASE_005574', 'CASE_001964', 'CASE_003146']","['CASE_005574', 'CASE_001964', 'CASE_003146', 'CASE_006056', 'CASE_001211']",Wtf I️s  going on with  I️os @115858 @AppleSupport? iPhone is all wonky! Fix the glitches please? @AppleSupport 11.1 and thank you!,"@652652 We want to assist. Can you let us know what iOS software version you are currently running? You can check by going to Settings &gt; General &gt; About. @652652 The latest version of our software is iOS 11.1.1. Let’s update the iOS version first. We recommend backing up your iPhone before updating.  For instructions on how to back up, please see: https://t.co/4f8hwTn4fE Please DM us if issues continue after updating: https://t.co/GDrqU2kzhr"
301,CASE_004716,1806616,@AppleSupport please enable downgrade to iOS 10.3.3. Perf degraded so bad w iOS 11 I need a new phone. And it won’t be an iPhone. @AppleSupport thanks but it is too generalized - just everything seems sluggish. Couple of seconds to respond where used to be subsecond.,OS_UPDATE_SYSTEM_PERFORMANCE,BATTERY_CHARGING_POWER,0.7682,CASE_002314,2,2.0,"['BATTERY_CHARGING_POWER', 'OS_UPDATE_SYSTEM_PERFORMANCE', 'OS_UPDATE_SYSTEM_PERFORMANCE']","['BATTERY_CHARGING_POWER', 'OS_UPDATE_SYSTEM_PERFORMANCE', 'OS_UPDATE_SYSTEM_PERFORMANCE', 'OS_UPDATE_SYSTEM_PERFORMANCE', 'OS_UPDATE_SYSTEM_PERFORMANCE']","['CASE_005475', 'CASE_002314', 'CASE_000424']","['CASE_005475', 'CASE_002314', 'CASE_000424', 'CASE_004746', 'CASE_005288']","@AppleSupport Recent iOS update has made my phone totally unusable. Slow, apps crash, battery drains. Wish I could go back to 10.3.3! Help! @AppleSupport Thank you. I'm on 11.0.3 on an iPhone 6. It was installed on Monday morning.","@586633 We'll gladly assist. Are you on iOS 11.0.3 or an earlier version? What device and how long ago was it installed? @586633 Thanks for letting us know, we'd like to look even further into this with you. Please join us in DM. https://t.co/GDrqU22YpT"
303,CASE_007783,2921478,"Has anyone had a fix for Game Center yet? Or is it being PR managed into DMs? Not working on cellular or wifi. Stop blaming users and escalate. @AppleSupport @AppleSupport It's the same error about 7 other users are reporting. Have any of them reported success from what you told them to do? Do you guys in the support department work as a team? Surly someone must know about an authentication change made by the dev team. @808548 @AppleSupport Try to sign in again now, I just had 2 successful game center logins on 2 seperate devices @808549 @AppleSupport Yup. Working for me now. Thanks for the update.",CONNECTIVITY_WIFI_BLUETOOTH,ACCOUNT_APPLEID_ICLOUD,0.7828,N/A,Missing (>10),,"['ACCOUNT_APPLEID_ICLOUD', 'ACCOUNT_APPLEID_ICLOUD', 'GENERAL_DEVICE_INQUIRY']","['ACCOUNT_APPLEID_ICLOUD', 'ACCOUNT_APPLEID_ICLOUD', 'GENERAL_DEVICE_INQUIRY', 'ACCOUNT_APPLEID_ICLOUD', 'APP_STORE_PURCHASES_BILLING']","['CASE_007779', 'CASE_004186', 'CASE_002019']","['CASE_007779', 'CASE_004186', 'CASE_002019', 'CASE_002062', 'CASE_003265']","@AppleSupport Is game center down?  It's not recognizing my login! @AppleSupport @807894  https://t.co/hMTXufLbxB @AppleSupport It’s working now, give whomever fixed it a raise","@807894 We've got your back. Can you tell us the message you are seeing when trying to use Game Center or what's happening? Which device are you using? @807895 Thanks for reaching out and the screenshot. We'd like some details to assist. Which iPhone model and iOS is this occurring on? Let us know and we'll continue. @807895 Glad to hear it's working for you now.  If there's anything you need in the future, reach out. We'll be happy to help."
304,CASE_002653,1107356,Hey @AppleSupport wtf happened to the ‘dash’ key since iOS 11 upgrade? I NEED IT BACK!!!,KEYBOARD_TYPING_AUTOCORRECT,OS_UPDATE_SYSTEM_PERFORMANCE,0.6484,CASE_004429,7,7.0,"['OS_UPDATE_SYSTEM_PERFORMANCE', 'OS_UPDATE_SYSTEM_PERFORMANCE', 'GENERAL_DEVICE_INQUIRY']","['OS_UPDATE_SYSTEM_PERFORMANCE', 'OS_UPDATE_SYSTEM_PERFORMANCE', 'GENERAL_DEVICE_INQUIRY', 'OS_UPDATE_SYSTEM_PERFORMANCE', 'DISPLAY_TOUCH_SCREEN']","['CASE_000397', 'CASE_000535', 'CASE_005846']","['CASE_000397', 'CASE_000535', 'CASE_005846', 'CASE_003146', 'CASE_001964']","@AppleSupport your iOS 11.0.2 update deleted allllllll of my @115948 😡😡 help me!!! @AppleSupport It is now, all fixed! Thanks @AppleSupport","@160275 We know how important your music is, and we'll be happy to help. Is the iCloud Music Library on under Settings &gt; Music? DM us: https://t.co/GDrqU22YpT @160275 Great, we're glad to hear that! Please reach out if you need help in the future. We'll be here for you."
305,CASE_005785,2285907,@115858 i had 4 fucking alarms set on my phone to go hunting and none of them went off why is that apple? ITS FUCKING BULLSHIT this is the 5th time this has happened,GENERAL_DEVICE_INQUIRY,OS_UPDATE_SYSTEM_PERFORMANCE,0.7214,CASE_002903,2,2.0,"['OS_UPDATE_SYSTEM_PERFORMANCE', 'GENERAL_DEVICE_INQUIRY', 'OS_UPDATE_SYSTEM_PERFORMANCE']","['OS_UPDATE_SYSTEM_PERFORMANCE', 'GENERAL_DEVICE_INQUIRY', 'OS_UPDATE_SYSTEM_PERFORMANCE', 'AUDIO_SOUND_SPEAKER', 'OS_UPDATE_SYSTEM_PERFORMANCE']","['CASE_001306', 'CASE_002903', 'CASE_004917']","['CASE_001306', 'CASE_002903', 'CASE_004917', 'CASE_007383', 'CASE_004715']",Did the last @115858 update destroy anyone else’s phone? Mine turns off every ten minutes now and none of my alarms went of this morning......,"@248722 We want to help. Please back up your iPhone and update to iOS 11.2. Test your iPhone out after that and let us know if the issues are resolved.

Backup and update iOS: https://t.co/osZOKKTalm"
306,CASE_006175,2353677,@115858 needs to fix this “I️” issue! 😩🙄 @AppleSupport Awesome!! I️ will update my phone! Thanks!,OS_UPDATE_SYSTEM_PERFORMANCE,GENERAL_DEVICE_INQUIRY,0.8761,CASE_003950,6,6.0,"['GENERAL_DEVICE_INQUIRY', 'GENERAL_DEVICE_INQUIRY', 'GENERAL_DEVICE_INQUIRY']","['GENERAL_DEVICE_INQUIRY', 'GENERAL_DEVICE_INQUIRY', 'GENERAL_DEVICE_INQUIRY', 'GENERAL_DEVICE_INQUIRY', 'GENERAL_DEVICE_INQUIRY']","['CASE_003796', 'CASE_005305', 'CASE_004102']","['CASE_003796', 'CASE_005305', 'CASE_004102', 'CASE_005850', 'CASE_005509']",@115858 @AppleSupport Can you fix the software issue with the “I️” problem on everyone’s phone!? 🤔,@489021 We’d love to help. Check out this article which goes into more detail about what you're seeing: https://t.co/sDSg93LaFu
312,CASE_001504,588074,Has @115858 resolved the issues with the iPhone 8 yet? 🤔,GENERAL_DEVICE_INQUIRY,OS_UPDATE_SYSTEM_PERFORMANCE,0.7903,CASE_000295,10,10.0,"['OS_UPDATE_SYSTEM_PERFORMANCE', 'OS_UPDATE_SYSTEM_PERFORMANCE', 'OS_UPDATE_SYSTEM_PERFORMANCE']","['OS_UPDATE_SYSTEM_PERFORMANCE', 'OS_UPDATE_SYSTEM_PERFORMANCE', 'OS_UPDATE_SYSTEM_PERFORMANCE', 'OS_UPDATE_SYSTEM_PERFORMANCE', 'OS_UPDATE_SYSTEM_PERFORMANCE']","['CASE_004980', 'CASE_005489', 'CASE_002175']","['CASE_004980', 'CASE_005489', 'CASE_002175', 'CASE_006844', 'CASE_005112']",@115858 what’s really good with the glitches and lags with the new update after the iPhone 8 came out @AppleSupport Thank you for responding 🙏,@525427 That's not the type of experience that we'd like for you to have with your phone. Join us in DM here: https://t.co/GDrqU22YpT
314,CASE_006316,2402079,my phone has been so laggy today @115858 fix this,GENERAL_DEVICE_INQUIRY,OS_UPDATE_SYSTEM_PERFORMANCE,0.8864,CASE_007802,7,7.0,"['OS_UPDATE_SYSTEM_PERFORMANCE', 'OS_UPDATE_SYSTEM_PERFORMANCE', 'OS_UPDATE_SYSTEM_PERFORMANCE']","['OS_UPDATE_SYSTEM_PERFORMANCE', 'OS_UPDATE_SYSTEM_PERFORMANCE', 'OS_UPDATE_SYSTEM_PERFORMANCE', 'OS_UPDATE_SYSTEM_PERFORMANCE', 'OS_UPDATE_SYSTEM_PERFORMANCE']","['CASE_006699', 'CASE_006706', 'CASE_006369']","['CASE_006699', 'CASE_006706', 'CASE_006369', 'CASE_000468', 'CASE_001659']",This update made my phone LAGGY as fuck @115858,@715341 We're here for you! We want your iPhone to be responsive and smooth at all times. Let us know which model of iPhone and version of iOS you're using. The exact version number can be found under Settings &gt; General &gt; About.
315,CASE_004228,1684391,"Since I updated my phone, everything has been literal trash. Safari. Apps. Camera. Everything. @115858 GET. IT. TOGETHER @AppleSupport I tried ordering a skincare product through my safari app. Every time I tried to put the item in my cart it never appeared. I had a friend @AppleSupport Use the same website and it worked for them @AppleSupport I had to download another app just to use the internet. @AppleSupport My phone will randomly shut off. And then turn back on. When I’m at the gym listening to music it will shut off for no reason. @AppleSupport When I’m on my phone scrolling, the touchscreen will just stop scrolling. I have to double click my home button close the app then reopen it @AppleSupport Just a few examples 🙃 @511881 @AppleSupport Did they help?! I’m having this same issue! @261474 @AppleSupport As of this second no 😅",DISPLAY_TOUCH_SCREEN,BATTERY_CHARGING_POWER,0.6234,CASE_007320,2,2.0,"['BATTERY_CHARGING_POWER', 'DISPLAY_TOUCH_SCREEN', 'GENERAL_DEVICE_INQUIRY']","['BATTERY_CHARGING_POWER', 'DISPLAY_TOUCH_SCREEN', 'GENERAL_DEVICE_INQUIRY', 'GENERAL_DEVICE_INQUIRY', 'GENERAL_DEVICE_INQUIRY']","['CASE_001162', 'CASE_007320', 'CASE_000395']","['CASE_001162', 'CASE_007320', 'CASE_000395', 'CASE_006398', 'CASE_003951']","@AppleSupport Hello there! My phone always crashed in any apps after few seconds and I can’t use it! Crashed means the screen becomes black and there’s only spinner loading at the center, then the phone goes to “enter touch id or pin”. What happened?!! @AppleSupport I’ve restarted the phone for few times.. Also I turned on the low battery mode (don’t know if that helps). @AppleSupport @240823 Disable notifications for all apps!!! There is a bug!! @AppleSupport It just recently started to be like this. And yes, happens multiple times. @240824 @AppleSupport One by one? 😳 @240823 @AppleSupport No way to disable them all by once unfortunately. But mainly apps you use lots @AppleSupport @240823 Every time i try to download a app or update one it asks for my billing information even tho the app is free. What do i do. @AppleSupport Thank you! 🙏🏻 @240824 @AppleSupport Thanks a lot Dallas, really appreciate it! 😊 @240825 @AppleSupport Uh, I’m not sure with this. It shouldn’t be like that. Nonetheless, I think if you mention the Apple Support account directly, they will answer you faster than just replying like this. Try it! 🙂 @240823 @AppleSupport I already DM them like a hour ago @AppleSupport For sure! 🙂 @240825 @AppleSupport No response yet? 🤔 Perhaps because they’re too busy on handling such tremendous bugs. Read here https://t.co/W88JWQXTMg @240823 @AppleSupport Ok thanks @240825 @AppleSupport No problem.. I’m always happy to help, even though I’m not the Apple Support guy.. 😊","@240823 Thanks for that info on what you're seeing. Did this just recently start, or have you been seeing this on your iPhone for a few days? Does this happen multiple times in a row? @240823 Thanks for letting us know what you see. Let's try the steps here: https://t.co/osZOKKTalm to update your iPhone to iOS 11.2, and let us know if that issue still occurs after the update in DM. https://t.co/GDrqU22YpT @240823 We're glad that worked for you. If you run into any other issues with your iPhone, don't hesitate to let us know."
316,CASE_006515,2446453,literally my phone is the slowest shit on the planet right now and it’s getting on my nerves @115858 @AppleSupport,GENERAL_DEVICE_INQUIRY,OS_UPDATE_SYSTEM_PERFORMANCE,0.8614,CASE_001388,3,3.0,"['OS_UPDATE_SYSTEM_PERFORMANCE', 'OS_UPDATE_SYSTEM_PERFORMANCE', 'GENERAL_DEVICE_INQUIRY']","['OS_UPDATE_SYSTEM_PERFORMANCE', 'OS_UPDATE_SYSTEM_PERFORMANCE', 'GENERAL_DEVICE_INQUIRY', 'OS_UPDATE_SYSTEM_PERFORMANCE', 'OS_UPDATE_SYSTEM_PERFORMANCE']","['CASE_006283', 'CASE_006706', 'CASE_001388']","['CASE_006283', 'CASE_006706', 'CASE_001388', 'CASE_006680', 'CASE_006369']",My phone is super slow and I just bought it. I’m mad at you @115858 @AppleSupport Wow thanks,@685352 We can help with that. DM us and let us know what model iPhone you have. https://t.co/GDrqU22YpT
317,CASE_005120,2059992,@175600 @609261 @AppleSupport My AppleWatch is not mirroring properly Airplane mode. It always fails to turn back on.Is this known bug? @AppleSupport Thank you very much - see you there.,GENERAL_DEVICE_INQUIRY,OS_UPDATE_SYSTEM_PERFORMANCE,0.6225,CASE_005098,2,2.0,"['OS_UPDATE_SYSTEM_PERFORMANCE', 'GENERAL_DEVICE_INQUIRY', 'CONNECTIVITY_WIFI_BLUETOOTH']","['OS_UPDATE_SYSTEM_PERFORMANCE', 'GENERAL_DEVICE_INQUIRY', 'CONNECTIVITY_WIFI_BLUETOOTH', 'GENERAL_DEVICE_INQUIRY', 'GENERAL_DEVICE_INQUIRY']","['CASE_001444', 'CASE_005098', 'CASE_002137']","['CASE_001444', 'CASE_005098', 'CASE_002137', 'CASE_005991', 'CASE_007176']","Nice @AppleSupport https://t.co/jcwhf18W96 @AppleSupport A restart?  Thought I had an iPhone and not an android.  Wow, I was wrong. @AppleSupport Airplane mode fixed it.  Reboots are best for androids and bad code.",@254357 Great screenshot. We know how important it is to have access to your Apple Music. Send us a DM with the results after you follow these steps: https://t.co/OWRDHWSt4h https://t.co/GDrqU22YpT
321,CASE_007220,2707651,.@AppleSupport $78 or $79 accidental purchase..please assist. @AppleSupport Thanks,APP_STORE_PURCHASES_BILLING,GENERAL_DEVICE_INQUIRY,0.6547,CASE_006820,6,6.0,"['GENERAL_DEVICE_INQUIRY', 'GENERAL_DEVICE_INQUIRY', 'GENERAL_DEVICE_INQUIRY']","['GENERAL_DEVICE_INQUIRY', 'GENERAL_DEVICE_INQUIRY', 'GENERAL_DEVICE_INQUIRY', 'GENERAL_DEVICE_INQUIRY', 'GENERAL_DEVICE_INQUIRY']","['CASE_003982', 'CASE_003644', 'CASE_005521']","['CASE_003982', 'CASE_003644', 'CASE_005521', 'CASE_006001', 'CASE_002740']",@AppleSupport can you tell me why I had to pay £29.95 for this in your store??!! https://t.co/LRVoA2y6K7 @AppleSupport And which link do I go to for the United Kingdom?? @AppleSupport Thank you!👊🏻,@499669 We'll get you pointed in the right direction.  Please contact our Sales Support Team using this link: https://t.co/8yjRd1Xo0i @499669 Contact Apple Store Customer Service at 0800 048 0408. Lines are open Monday-Friday 08:00-20:00 and Saturday-Sunday 09:00-18:00.
323,CASE_004890,1928274,"@AppleSupport my iPhone alarm doesn’t work unless phone is unlocked. What’s the deal? @AppleSupport Thanks, but it looks like the problem solved itself. Suddenly the alarm started working even when locked.",GENERAL_DEVICE_INQUIRY,AUDIO_SOUND_SPEAKER,0.7321,CASE_002615,5,5.0,"['AUDIO_SOUND_SPEAKER', 'DISPLAY_TOUCH_SCREEN', 'OS_UPDATE_SYSTEM_PERFORMANCE']","['AUDIO_SOUND_SPEAKER', 'DISPLAY_TOUCH_SCREEN', 'OS_UPDATE_SYSTEM_PERFORMANCE', 'KEYBOARD_TYPING_AUTOCORRECT', 'GENERAL_DEVICE_INQUIRY']","['CASE_002101', 'CASE_006204', 'CASE_003335']","['CASE_002101', 'CASE_006204', 'CASE_003335', 'CASE_001748', 'CASE_002615']",@AppleSupport experiencing issues with iPhone alarms not consistently working after latest update. May not go off or may just have no sound. @AppleSupport I’ll try that next. Thanks!,@321623 We’d be glad to help with that. Have you tried to delete all the alarms and create new ones? Let us know what happens.
324,CASE_000024,13218,"@118721 @AppleSupport my iPhone is not syncing and stuck on 'Copying diagnostic information'? 6s, latest version iOS and iTunes. @118720 @118721 @AppleSupport Been having same issue @AppleSupport Thanks fixed!!",APP_STORE_PURCHASES_BILLING,OS_UPDATE_SYSTEM_PERFORMANCE,0.6329,CASE_001558,9,9.0,"['OS_UPDATE_SYSTEM_PERFORMANCE', 'GENERAL_DEVICE_INQUIRY', 'OS_UPDATE_SYSTEM_PERFORMANCE']","['OS_UPDATE_SYSTEM_PERFORMANCE', 'GENERAL_DEVICE_INQUIRY', 'OS_UPDATE_SYSTEM_PERFORMANCE', 'OS_UPDATE_SYSTEM_PERFORMANCE', 'OS_UPDATE_SYSTEM_PERFORMANCE']","['CASE_005861', 'CASE_002276', 'CASE_005285']","['CASE_005861', 'CASE_002276', 'CASE_005285', 'CASE_002519', 'CASE_002867']",This I️ shit is God awful. Apparently @AppleSupport isn’t going to do shit about it🤔🤔🤔🤔🤔🤔🤔🤔🤔 @AppleSupport Yes @90061 &amp; @666417 fellow iPhone users suggested I update my phone so I did and it appears all good now. Thanks for reaching out !!! @666416 @AppleSupport @90061 Apple support hire us. We resolved the issue in a timely fashion,"@666416 We're here to help, so let's partner together and take a look together. Have you updated your device to iOS 11.1.1 yet?"
325,CASE_005384,2150002,Hey @AppleSupport tell IOS 11 to stop changing my brightness on its own and bring back night shift @AppleSupport Hey can you guys fix this bullshit ass glitch where I️ can’t use the letter I️ or O most times? Thanks,KEYBOARD_TYPING_AUTOCORRECT,DISPLAY_TOUCH_SCREEN,0.7525,N/A,Missing (>10),,"['DISPLAY_TOUCH_SCREEN', 'DISPLAY_TOUCH_SCREEN', 'DISPLAY_TOUCH_SCREEN']","['DISPLAY_TOUCH_SCREEN', 'DISPLAY_TOUCH_SCREEN', 'DISPLAY_TOUCH_SCREEN', 'DISPLAY_TOUCH_SCREEN', 'DISPLAY_TOUCH_SCREEN']","['CASE_000161', 'CASE_002477', 'CASE_000210']","['CASE_000161', 'CASE_002477', 'CASE_000210', 'CASE_003222', 'CASE_005897']","@AppleSupport ever since iOS 11 update my brightness has been absolutely screwed. Any suggestions?? @AppleSupport Whenever I turn my brightness up or down, a few minutes later it randomly changes (generally to highest or lowest, but sometimes random too)",@135586 Hi. We're here to help you. Tell us more about what's happening with your display brightness and we'll do what we can to help. @135586 OK. It sounds like you may have auto-brightness enabled. When this is enabled you'll notice that your device's brightness slider moves according to changing light conditions. Check out this article to disable that: https://t.co/bkqEVCrK2l
326,CASE_001231,543668,Issue started BEFORE latest update download.Trying to download now amid restarts every 2/3 mins. @AppleSupport when are you going to respond on this? @AppleSupport Hi. Thanks. New download fixed it. Quick action. Impressed!,OS_UPDATE_SYSTEM_PERFORMANCE,GENERAL_DEVICE_INQUIRY,0.8216,CASE_000238,4,4.0,"['GENERAL_DEVICE_INQUIRY', 'APP_STORE_PURCHASES_BILLING', 'GENERAL_DEVICE_INQUIRY']","['GENERAL_DEVICE_INQUIRY', 'APP_STORE_PURCHASES_BILLING', 'GENERAL_DEVICE_INQUIRY', 'OS_UPDATE_SYSTEM_PERFORMANCE', 'GENERAL_DEVICE_INQUIRY']","['CASE_000026', 'CASE_004169', 'CASE_003731']","['CASE_000026', 'CASE_004169', 'CASE_003731', 'CASE_000238', 'CASE_006442']","it’s been doing this for two days... cmon @AppleSupport https://t.co/SVOOZiTXli @AppleSupport Before I got your reply, I stopped the downloads and tried again. I got this.. (image) restarting made no difference. https://t.co/oBHRi4UjXu @AppleSupport Nvm got thanks mate","@118929 We're anxious for you to have access to your downloads. Have you had a chance to restart the iPhone? If not, let's do that now."
327,CASE_000597,271278,@AppleSupport How do I quit the High Sierra installer when it won't boot up so I can quit. https://t.co/oRioUTDkqP @AppleSupport I got it working. Thanks for the offer.,HOW_TO_SETTINGS_CONFIGURATION,GENERAL_DEVICE_INQUIRY,0.7248,N/A,Missing (>10),,"['GENERAL_DEVICE_INQUIRY', 'GENERAL_DEVICE_INQUIRY', 'DISPLAY_TOUCH_SCREEN']","['GENERAL_DEVICE_INQUIRY', 'GENERAL_DEVICE_INQUIRY', 'DISPLAY_TOUCH_SCREEN', 'OS_UPDATE_SYSTEM_PERFORMANCE', 'GENERAL_DEVICE_INQUIRY']","['CASE_005578', 'CASE_006550', 'CASE_003577']","['CASE_005578', 'CASE_006550', 'CASE_003577', 'CASE_002394', 'CASE_006580']",@AppleSupport Hello. My attempt to install MacOS High Sierra failed and now my computer freezes when starting-up. I sent my log. Please help. @AppleSupport It all worked out. I just needed it to work overnight. Many thanks for your rapid response.,@240439 We are here for you. Let's take a look at this further. Reach out to us in DM. https://t.co/GDrqU22YpT
330,CASE_003152,1360166,"@AppleSupport I need to edit my shipping address on my iPhone X order. I am unable to do it online. Options? Thanks much. @AppleSupport Tried calling multiple times. ZERO help. Went to the local Apple Store. Useless. 
I need to edit my shipping address. Can you help? Thanks. @AppleSupport I tried. There is no option allowing one to change/edit shipping address of an existing order. @AppleSupport “Your order may be ineligible for change online. Contact an Apple Online Store representative at 1-800-MY-APPLE for further assistance.” @AppleSupport I did. See pic. I’d like to know why am I jumping so many hoops to speak with a competent representative to simply help change an address ? https://t.co/OWwFkwWgsx @AppleSupport Hello, I am still waiting to resolve my problem. Anyone? @AppleSupport Hi there, any chance of helping me with my problem? I have repeatedly called, tweeted and tried online support. No luck. Thanks. @125580 @AppleSupport Why are you so unwilling to help, @AppleSupport? It's just removing old Address 2 field from ship address. Do it before her phone ships, plz @AppleSupport @AppleSupport @115858 @116333 Literally pleading for help here. Can someone help edit my shipping address before my iPhone X ships?",GENERAL_DEVICE_INQUIRY,CONNECTIVITY_WIFI_BLUETOOTH,0.7434,CASE_005691,3,3.0,"['CONNECTIVITY_WIFI_BLUETOOTH', 'ACCOUNT_APPLEID_ICLOUD', 'GENERAL_DEVICE_INQUIRY']","['CONNECTIVITY_WIFI_BLUETOOTH', 'ACCOUNT_APPLEID_ICLOUD', 'GENERAL_DEVICE_INQUIRY', 'GENERAL_DEVICE_INQUIRY', 'GENERAL_DEVICE_INQUIRY']","['CASE_003173', 'CASE_007815', 'CASE_005691']","['CASE_003173', 'CASE_007815', 'CASE_005691', 'CASE_007480', 'CASE_003225']","@AppleSupport 800 number still not taking calls, chat service can’t help. When can I change the shipping address for my iPhone X order? Thx @AppleSupport Thank you. I am required to call 800 MYAPPLE to make the change, but they are not taking calls. DM me to change the address","@438522 We know your time is valuable. Our Apple Online Store team are the ones to assist ordering issues: https://t.co/8yjRd1Xo0i @438522 Send us a DM with the country you're located in, we want to be sure to provide you with the correct contact information. https://t.co/GDrqU2kzhr"
333,CASE_002674,1128263,"And @AppleSupport UKmail service is terrible can’t find my parcel and no phone number to call, their online form doesn’t work,give me a clue @AppleSupport Just have done thanks",CONNECTIVITY_WIFI_BLUETOOTH,GENERAL_DEVICE_INQUIRY,0.6452,CASE_001918,5,5.0,"['GENERAL_DEVICE_INQUIRY', 'GENERAL_DEVICE_INQUIRY', 'GENERAL_DEVICE_INQUIRY']","['GENERAL_DEVICE_INQUIRY', 'GENERAL_DEVICE_INQUIRY', 'GENERAL_DEVICE_INQUIRY', 'GENERAL_DEVICE_INQUIRY', 'CONNECTIVITY_WIFI_BLUETOOTH']","['CASE_004591', 'CASE_001402', 'CASE_003323']","['CASE_004591', 'CASE_001402', 'CASE_003323', 'CASE_007169', 'CASE_001918']","@AppleSupport I need help with my email app @AppleSupport I may have resolved my issue; updating my phone now, brb. Thanks","@531881 We'd love to help. Could you give us a few details such as the issue, the device, and software version?"
336,CASE_006790,2545627,I’m pretty sure this is the WORST update @115858 has ever had. My phones all fucked ever since I updated it. 🤮,OS_UPDATE_SYSTEM_PERFORMANCE,GENERAL_DEVICE_INQUIRY,0.8364,CASE_001659,3,3.0,"['GENERAL_DEVICE_INQUIRY', 'APP_CRASH_AND_DOWNLOAD', 'OS_UPDATE_SYSTEM_PERFORMANCE']","['GENERAL_DEVICE_INQUIRY', 'APP_CRASH_AND_DOWNLOAD', 'OS_UPDATE_SYSTEM_PERFORMANCE', 'OS_UPDATE_SYSTEM_PERFORMANCE', 'BATTERY_CHARGING_POWER']","['CASE_002434', 'CASE_001985', 'CASE_001659']","['CASE_002434', 'CASE_001985', 'CASE_001659', 'CASE_006924', 'CASE_000168']",@115858 Your updates screwed my phone up. Dummies.,@356259 Let's work together and see what's going on with your iPhone. Which iOS version is in Settings &gt; General &gt; About?
337,CASE_000094,41681,@115858 what have you done to my phone with the latest update?! Please fix it. The freezing is tedious and every1 is complaining #back2the90s @AppleSupport Thanks for sorting it @115858,OS_UPDATE_SYSTEM_PERFORMANCE,APP_CRASH_AND_DOWNLOAD,0.8436,CASE_005813,2,2.0,"['APP_CRASH_AND_DOWNLOAD', 'OS_UPDATE_SYSTEM_PERFORMANCE', 'GENERAL_DEVICE_INQUIRY']","['APP_CRASH_AND_DOWNLOAD', 'OS_UPDATE_SYSTEM_PERFORMANCE', 'GENERAL_DEVICE_INQUIRY', 'OS_UPDATE_SYSTEM_PERFORMANCE', 'OS_UPDATE_SYSTEM_PERFORMANCE']","['CASE_007578', 'CASE_005813', 'CASE_007767']","['CASE_007578', 'CASE_005813', 'CASE_007767', 'CASE_005107', 'CASE_005165']",My phone keeps freezing @115858 @AppleSupport wth?????,@225259 Having your iPhone working great is our goal and we're happy to help. What's the iOS version currently installed? This is located in Settings &gt; General &gt; About. Do you notice the iPhone becomes unresponsive when certain apps are in use?
338,CASE_006348,2405040,"iOS 11 😒 @115858 @AppleSupport https://t.co/EbnOzGOyk5 @AppleSupport Same results always, iOS 11.0.3! @AppleSupport If you guys can help me go back to iOS 10 that would be perfect if not then don’t worry at all...",OS_UPDATE_SYSTEM_PERFORMANCE,GENERAL_DEVICE_INQUIRY,0.8364,CASE_003146,2,2.0,"['GENERAL_DEVICE_INQUIRY', 'OS_UPDATE_SYSTEM_PERFORMANCE', 'OS_UPDATE_SYSTEM_PERFORMANCE']","['GENERAL_DEVICE_INQUIRY', 'OS_UPDATE_SYSTEM_PERFORMANCE', 'OS_UPDATE_SYSTEM_PERFORMANCE', 'OS_UPDATE_SYSTEM_PERFORMANCE', 'OS_UPDATE_SYSTEM_PERFORMANCE']","['CASE_005013', 'CASE_003146', 'CASE_000070']","['CASE_005013', 'CASE_003146', 'CASE_000070', 'CASE_005131', 'CASE_007093']",".@115858 @AppleSupport What on earth have you done with the latest IOS updates.11.0.3 is completely unusable  because it is so unstable.#fail @AppleSupport Thanks, I've DMd",@594102 We'd like to know more about what you're experiencing to figure out the best way to help. DM us with the details. https://t.co/GDrqU22YpT
341,CASE_006403,2417443,"@115858 #Apple I️ may be late to the party, but what is up with the crazy question mark in a box autocorrect thingy that replaces the letter I️? It is super annoying.  Please help. Thank you. @AppleSupport Thank you! I am updating now.  Crossing my fingers that it works.",KEYBOARD_TYPING_AUTOCORRECT,OS_UPDATE_SYSTEM_PERFORMANCE,0.8345,CASE_004882,4,4.0,"['OS_UPDATE_SYSTEM_PERFORMANCE', 'GENERAL_DEVICE_INQUIRY', 'GENERAL_DEVICE_INQUIRY']","['OS_UPDATE_SYSTEM_PERFORMANCE', 'GENERAL_DEVICE_INQUIRY', 'GENERAL_DEVICE_INQUIRY', 'KEYBOARD_TYPING_AUTOCORRECT', 'KEYBOARD_TYPING_AUTOCORRECT']","['CASE_004481', 'CASE_003902', 'CASE_003852']","['CASE_004481', 'CASE_003902', 'CASE_003852', 'CASE_004882', 'CASE_003940']",@AppleSupport my phone keeps auto correcting the letter “I️” to a stupid question mark in a box. It’s annoying and happened after the update @AppleSupport Thank you!,@527517 Here’s what you can do to work around the issue until it’s fixed in a future software update: https://t.co/xXaXeeSRt9
342,CASE_005331,2139948,@115858 Puhleez get letter “i” issue together. It’s getting ridiculous at this point. @AppleSupport Thank you. I’ve tried and it does not work.,GENERAL_DEVICE_INQUIRY,OS_UPDATE_SYSTEM_PERFORMANCE,0.8121,CASE_004657,2,2.0,"['OS_UPDATE_SYSTEM_PERFORMANCE', 'GENERAL_DEVICE_INQUIRY', 'OS_UPDATE_SYSTEM_PERFORMANCE']","['OS_UPDATE_SYSTEM_PERFORMANCE', 'GENERAL_DEVICE_INQUIRY', 'OS_UPDATE_SYSTEM_PERFORMANCE', 'GENERAL_DEVICE_INQUIRY', 'GENERAL_DEVICE_INQUIRY']","['CASE_005895', 'CASE_004657', 'CASE_005302']","['CASE_005895', 'CASE_004657', 'CASE_005302', 'CASE_002601', 'CASE_004663']",@115858 needs to get it together here. This glitch where you can’t use the letter “i” is infuriating. @AppleSupport so far that seems to work. Thank you,@667096 We're glad you reached out! This issue has been fixed with the latest iOS 11.1.1 update. You can find out more information here: https://t.co/xXaXeeSRt9 Be sure to back up your iPhone before updating.
344,CASE_007484,2784601,"@AppleSupport my iPhone won’t back up, the time remaining increases but nothing happens . Updated software but the issue seems to be ongoing. @AppleSupport Thanks. iCloud and there’s enough space on it for the back up @AppleSupport Yes. Same issue.",ACCOUNT_APPLEID_ICLOUD,GENERAL_DEVICE_INQUIRY,0.7214,CASE_007353,3,3.0,"['GENERAL_DEVICE_INQUIRY', 'GENERAL_DEVICE_INQUIRY', 'ACCOUNT_APPLEID_ICLOUD']","['GENERAL_DEVICE_INQUIRY', 'GENERAL_DEVICE_INQUIRY', 'ACCOUNT_APPLEID_ICLOUD', 'HOW_TO_SETTINGS_CONFIGURATION', 'ACCOUNT_APPLEID_ICLOUD']","['CASE_004273', 'CASE_001194', 'CASE_007353']","['CASE_004273', 'CASE_001194', 'CASE_007353', 'CASE_001536', 'CASE_006007']",My iPhone is still backing up like 3 days later. I left it at the house today but still. Help @AppleSupport @AppleSupport It’s the X. I found someone with a troubleshooting tip on the apple discussions and it worked. Thanks though! https://t.co/VDbjwxETMh @515193 @AppleSupport Need to get that Android in your life,"@515193 That's an unsual amount of time for a backup, but it can depend on a few things and we'd like to help. Which model is it? @515193 We're glad to hear you got it fixed and no problem! Just reach out if you need our help again and have a good one."
345,CASE_001489,586989,"Ever since the last update, my iphones music constantly pauses without me clicking it @AppleSupport",APP_STORE_PURCHASES_BILLING,CONNECTIVITY_WIFI_BLUETOOTH,0.8306,CASE_005892,4,4.0,"['CONNECTIVITY_WIFI_BLUETOOTH', 'AUDIO_SOUND_SPEAKER', 'AUDIO_SOUND_SPEAKER']","['CONNECTIVITY_WIFI_BLUETOOTH', 'AUDIO_SOUND_SPEAKER', 'AUDIO_SOUND_SPEAKER', 'APP_STORE_PURCHASES_BILLING', 'APP_STORE_PURCHASES_BILLING']","['CASE_004936', 'CASE_006443', 'CASE_001598']","['CASE_004936', 'CASE_006443', 'CASE_001598', 'CASE_005892', 'CASE_001297']",@AppleSupport the music on my iPhone keeps pausing whilst I’m driving in my car it’s via Bluetooth. It’s only happened since the update.,@581695 We'd like to help out. Have you tried re-pairing your device from your vehicle? Follow these steps here: https://t.co/I9TW6hr6YS
346,CASE_000936,429557,@AppleSupport just updated to ios11.0.2 and now cannot make calls and calls I receive get disconnected! @AppleSupport I think the ios11.0.2 has not been compatible with my network provider EE. This happened when I updated software today! @AppleSupport it seems the problem was with my service provider and it has now been resolved! Thank you for contacting me!,CONNECTIVITY_WIFI_BLUETOOTH,AUDIO_SOUND_SPEAKER,0.7867,CASE_000949,2,2.0,"['AUDIO_SOUND_SPEAKER', 'CONNECTIVITY_WIFI_BLUETOOTH', 'CONNECTIVITY_WIFI_BLUETOOTH']","['AUDIO_SOUND_SPEAKER', 'CONNECTIVITY_WIFI_BLUETOOTH', 'CONNECTIVITY_WIFI_BLUETOOTH', 'OS_UPDATE_SYSTEM_PERFORMANCE', 'CONNECTIVITY_WIFI_BLUETOOTH']","['CASE_002030', 'CASE_000949', 'CASE_001800']","['CASE_002030', 'CASE_000949', 'CASE_001800', 'CASE_006730', 'CASE_007286']","@AppleSupport Hi, since updating to ios11 I have been unable to accept or make calls. Had no problems on iOS10. Any advice? @AppleSupport I’m on the iPhone 7, just updated to ios11.0.3 which hasn’t fixed the problem. The calls app just seems to freeze and no sound 1/2 @AppleSupport 2/2 comes out of the speaker and people can’t hear me. The microphone and speaker work fine if used for non call purposes. @AppleSupport I’ve sent you a DM please can you respond and sort my issues? Sick of lack of support @AppleSupport DM sent. Hope to hear from you soon",@313809 Of course and we can help! Which iPhone and iOS 11 version are you using now? What happens when using the call features? @313809 Meet up with us in DM. We'd love to work more with you on this and get it resolved. https://t.co/GDrqU22YpT @313809 Thanks for your patience. We have your DM and will follow up with you there.
348,CASE_001628,622688,@AppleSupport when ever I try to download an app it won’t go past the loading circle even after I have done Touch ID @AppleSupport It is,DISPLAY_TOUCH_SCREEN,GENERAL_DEVICE_INQUIRY,0.7575,N/A,Missing (>10),,"['GENERAL_DEVICE_INQUIRY', 'OS_UPDATE_SYSTEM_PERFORMANCE', 'OS_UPDATE_SYSTEM_PERFORMANCE']","['GENERAL_DEVICE_INQUIRY', 'OS_UPDATE_SYSTEM_PERFORMANCE', 'OS_UPDATE_SYSTEM_PERFORMANCE', 'APP_STORE_PURCHASES_BILLING', 'ACCOUNT_APPLEID_ICLOUD']","['CASE_003731', 'CASE_006957', 'CASE_000238']","['CASE_003731', 'CASE_006957', 'CASE_000238', 'CASE_005741', 'CASE_000709']","@AppleSupport I have problems to download apps, stay just loading e never ends, when do you fix it??? @AppleSupport It worked!!! Thanks!",@486636 We're happy to help. Let us know if there is any chnage after restarting your iPhone like this: https://t.co/OWRDHWSt4h @486636 We're glad to hear that worked. Don't hesitate to reach back out if you ever have any questions or concerns for us.
359,CASE_000838,373375,"Yo @AppleSupport, I updated to 11.0.2 and now can no longer login to iMessage at all. Cannot send/receive anything. @AppleSupport It won’t let me sign in. Just says unable to reach server. I’ve found a work around for now. But 11.0.2 is buggggyyyy",ACCOUNT_APPLEID_ICLOUD,CONNECTIVITY_WIFI_BLUETOOTH,0.7811,CASE_007420,3,3.0,"['CONNECTIVITY_WIFI_BLUETOOTH', 'OS_UPDATE_SYSTEM_PERFORMANCE', 'ACCOUNT_APPLEID_ICLOUD']","['CONNECTIVITY_WIFI_BLUETOOTH', 'OS_UPDATE_SYSTEM_PERFORMANCE', 'ACCOUNT_APPLEID_ICLOUD', 'APP_CRASH_AND_DOWNLOAD', 'GENERAL_DEVICE_INQUIRY']","['CASE_000081', 'CASE_003987', 'CASE_007420']","['CASE_000081', 'CASE_003987', 'CASE_007420', 'CASE_002472', 'CASE_002773']",@AppleSupport upgraded to iOS 11.1 today from 11.03 and iMessage has stopped working and will not activate. Suggestions? @AppleSupport Fixed. Wasn’t worm king with both until I went to work and connected to a WiFi that I haven’t been remembered by,@124668 We'd like to help with your iMessage issue. Are you connected to Wi-Fi or cellular data? @124668 We're glad to hear all is well. Please let us know if there's anything else we can do.
361,CASE_000360,177846,"@AppleSupport My iPhone won't backup to iCloud whenever I plug in. I've been trying all week and nothing will work. When I go to settings and click back up now, it never finishes. Would resetting all the settings fix things? @AppleSupport I've never backed up to iTunes, but yes I have a Mac that has iTunes and I've considered doing that before I reset the settings. But I bought this phone about 3 or 4 months ago, its a 7 plus, and it's never been backed up. @AppleSupport Im attempting a backup now. Got about 2 hours left but thought I'd try it again and set the lock screen to never so I can keep an eye on it. but when I've done it before, all it's told me is that the backup couldn't be completed @AppleSupport hey guys, the backup I did worked... but is there a way to make sure that it back ups automatically when I plug my phone in?",DISPLAY_TOUCH_SCREEN,GENERAL_DEVICE_INQUIRY,0.6853,N/A,Missing (>10),,"['GENERAL_DEVICE_INQUIRY', 'GENERAL_DEVICE_INQUIRY', 'ACCOUNT_APPLEID_ICLOUD']","['GENERAL_DEVICE_INQUIRY', 'GENERAL_DEVICE_INQUIRY', 'ACCOUNT_APPLEID_ICLOUD', 'ACCOUNT_APPLEID_ICLOUD', 'OS_UPDATE_SYSTEM_PERFORMANCE']","['CASE_004273', 'CASE_006895', 'CASE_002816']","['CASE_004273', 'CASE_006895', 'CASE_002816', 'CASE_007353', 'CASE_005810']",My iPhone is still backing up like 3 days later. I left it at the house today but still. Help @AppleSupport @AppleSupport It’s the X. I found someone with a troubleshooting tip on the apple discussions and it worked. Thanks though! https://t.co/VDbjwxETMh @515193 @AppleSupport Need to get that Android in your life,"@515193 That's an unsual amount of time for a backup, but it can depend on a few things and we'd like to help. Which model is it? @515193 We're glad to hear you got it fixed and no problem! Just reach out if you need our help again and have a good one."
362,CASE_001469,584693,"@115858 @AppleSupport my phone is freezing after this new update. When I go through suspended apps and select one it stops. Have to press home button twice then unlock, kill app and reopen",ACCOUNT_APPLEID_ICLOUD,OS_UPDATE_SYSTEM_PERFORMANCE,0.8017,N/A,Missing (>10),,"['OS_UPDATE_SYSTEM_PERFORMANCE', 'CONNECTIVITY_WIFI_BLUETOOTH', 'APP_CRASH_AND_DOWNLOAD']","['OS_UPDATE_SYSTEM_PERFORMANCE', 'CONNECTIVITY_WIFI_BLUETOOTH', 'APP_CRASH_AND_DOWNLOAD', 'OS_UPDATE_SYSTEM_PERFORMANCE', 'OS_UPDATE_SYSTEM_PERFORMANCE']","['CASE_005813', 'CASE_002530', 'CASE_006612']","['CASE_005813', 'CASE_002530', 'CASE_006612', 'CASE_006139', 'CASE_005107']",Damnit @115858 why can’t you fix this. Update an app and it freezes when done like this. ALL THE TIME. Solution? Reboot phone! #pathetic https://t.co/XDvPz4EmxF @AppleSupport Done. Thank you!,@664595 Let's look into this for you. Send us a DM with your current iOS version and we can get started.
366,CASE_003783,1588838,@AppleSupport I am still seeing the square with the question mark Inside even after updating to the new iOS,GENERAL_DEVICE_INQUIRY,OS_UPDATE_SYSTEM_PERFORMANCE,0.7562,CASE_003808,3,3.0,"['OS_UPDATE_SYSTEM_PERFORMANCE', 'OS_UPDATE_SYSTEM_PERFORMANCE', 'GENERAL_DEVICE_INQUIRY']","['OS_UPDATE_SYSTEM_PERFORMANCE', 'OS_UPDATE_SYSTEM_PERFORMANCE', 'GENERAL_DEVICE_INQUIRY', 'OS_UPDATE_SYSTEM_PERFORMANCE', 'OS_UPDATE_SYSTEM_PERFORMANCE']","['CASE_003450', 'CASE_003327', 'CASE_003808']","['CASE_003450', 'CASE_003327', 'CASE_003808', 'CASE_006656', 'CASE_005658']","updated to iOS 11.1 &amp; for some strange reason I’m seeing question marks in a box on a lot of posts🤨what’s up with that @115858 @AppleSupport @AppleSupport Device being used is an iPhone 7 Plus . And thanks , I appreciate this . @AppleSupport Thanks and have done so 😃 hopefully this can be resolved as it’s some what of a mystery to me .",@465810 We're here to help. Send us a DM letting us know which device you're using. We'll go from there. https://t.co/GDrqU22YpT @465810 Thank you. Send us a Direct Message by clicking on the link below. We'll continue there. https://t.co/GDrqU22YpT
367,CASE_001054,486094,"@115858 Contacts app is no longer working on my MacBook Air Laptop. I can add contacts on my phone, but if I add them on my laptop, they immediately disappear. Already tried rebooting entire computer. @AppleSupport Yes. Easily able to save new files. 400 GB available. @AppleSupport And now it's working. Spent an hour trying to get it to work before Tweeting. Rebooted, etc. Nothing worked. Now, it works. @AppleSupport Now it's not working again.",GENERAL_DEVICE_INQUIRY,HOW_TO_SETTINGS_CONFIGURATION,0.7424,CASE_006413,2,2.0,"['HOW_TO_SETTINGS_CONFIGURATION', 'GENERAL_DEVICE_INQUIRY', 'OS_UPDATE_SYSTEM_PERFORMANCE']","['HOW_TO_SETTINGS_CONFIGURATION', 'GENERAL_DEVICE_INQUIRY', 'OS_UPDATE_SYSTEM_PERFORMANCE', 'ACCOUNT_APPLEID_ICLOUD', 'ACCOUNT_APPLEID_ICLOUD']","['CASE_006387', 'CASE_006413', 'CASE_004776']","['CASE_006387', 'CASE_006413', 'CASE_004776', 'CASE_007851', 'CASE_005247']",@AppleSupport Contacts app on my MacBook is not working well to sync online and devices 😞 I turned off all the accounts and turned them back on 10 times! HELP ME PLEASE! @AppleSupport Thanks! I followed the steps,@128119 We'll respond to your DM shortly. Look for us there.
368,CASE_006677,2500948,"@AppleSupport ""Could not activate iphone"" ""activation server cannot be reached"". Any issue? @AppleSupport I used Itunes to do it. It worked. A bit disappointed that it didn't work directly from my iPhone 7 plus.",APP_STORE_PURCHASES_BILLING,GENERAL_DEVICE_INQUIRY,0.8455,CASE_003516,8,8.0,"['GENERAL_DEVICE_INQUIRY', 'OS_UPDATE_SYSTEM_PERFORMANCE', 'GENERAL_DEVICE_INQUIRY']","['GENERAL_DEVICE_INQUIRY', 'OS_UPDATE_SYSTEM_PERFORMANCE', 'GENERAL_DEVICE_INQUIRY', 'GENERAL_DEVICE_INQUIRY', 'GENERAL_DEVICE_INQUIRY']","['CASE_002441', 'CASE_003590', 'CASE_003560']","['CASE_002441', 'CASE_003590', 'CASE_003560', 'CASE_003513', 'CASE_003564']","@AppleSupport my iPhone X keeps getting a ""Could Not Activate iPhone"" error. Is the activation server down? @AppleSupport That was hectic, but I’m all set. Thanks guys!","@356773 Congrats on the new iPhone X! These steps can help with Activation issues: https://t.co/cJ57VP3gxT
DM us if still an issue. https://t.co/GDrqU22YpT"
369,CASE_005958,2303142,I'm mad at @115858 well the Apple Store situation this morning if you would like to talk to me @115858 Story time: was at the Apple Store between 9-930 am this morning waiting for the iPhone x and then the lines got messed up and we were there before all these people and then got stuck sent to the back of the line bc they couldn't prove who was where. And we were next In line.. And people we're buying multiple iPhone x's at once. Like where's the limit on that? After that they were like the iphones for at&amp;t ran out. And if we weren't cut off by all these people and bad service we would of had the iPhone x Thanks for the shitty service @115858 and I can't even get a hold of anyone over the phone. For this ha,GENERAL_DEVICE_INQUIRY,OS_UPDATE_SYSTEM_PERFORMANCE,0.7346,CASE_006445,2,2.0,"['OS_UPDATE_SYSTEM_PERFORMANCE', 'GENERAL_DEVICE_INQUIRY', 'GENERAL_DEVICE_INQUIRY']","['OS_UPDATE_SYSTEM_PERFORMANCE', 'GENERAL_DEVICE_INQUIRY', 'GENERAL_DEVICE_INQUIRY', 'APP_STORE_PURCHASES_BILLING', 'GENERAL_DEVICE_INQUIRY']","['CASE_004917', 'CASE_006445', 'CASE_006282']","['CASE_004917', 'CASE_006445', 'CASE_006282', 'CASE_000466', 'CASE_007389']","APPLE IS THE WORST FUCKIN COMPANY I HAVE EVER HAD THE DISPLEASURE OF USING THEIR PRODUCTS. big fuck you to @115858 @579335 @115858 What happened? @115858 okay update my phone has never worked better and i believe in jesus now again @579336 @115858 i’ve bought 2 iphones within the past couple months and they both have  issues and glitch way more than any android i’ve ever had @115858 i did nothing to change it, but not it has no issues, okay god come thru???? @AppleSupport ayyyeeee",@579335 Thanks for letting us know. That’s not the experience we want you to have. Please let us know more via DM. https://t.co/GDrqU22YpT @579335 We're glad to hear the update helped resolve the issue. Reach back out to us if you need us. We'll be here to help.
372,CASE_004236,1689422,@115858 why can’t i connect my phone to my car since the update? @AppleSupport 7 plus. I plug my charger cord to my car @AppleSupport it reads the phone and plays music usually. Since the update it won’t read the phone. My brothers phone worked no update,BATTERY_CHARGING_POWER,APP_STORE_PURCHASES_BILLING,0.7306,N/A,Missing (>10),,"['APP_STORE_PURCHASES_BILLING', 'CONNECTIVITY_WIFI_BLUETOOTH', 'OS_UPDATE_SYSTEM_PERFORMANCE']","['APP_STORE_PURCHASES_BILLING', 'CONNECTIVITY_WIFI_BLUETOOTH', 'OS_UPDATE_SYSTEM_PERFORMANCE', 'CONNECTIVITY_WIFI_BLUETOOTH', 'OS_UPDATE_SYSTEM_PERFORMANCE']","['CASE_006828', 'CASE_000553', 'CASE_002537']","['CASE_006828', 'CASE_000553', 'CASE_002537', 'CASE_001959', 'CASE_005902']",@AppleSupport why doesn’t my music work with a aux cord in the car anymore?! I seriously hate this new software @AppleSupport iPhone 7 @AppleSupport It’s the phone. Because my friend has a the same problem same phone and in her car the aux cord won’t either @AppleSupport Yes my friend is using a different one. And I have an aux cord but the adaptor is from Apple. It was working fine until I updated my phone,"@682280 We'll take a look into this for you. Which device are you encountering this issue on? @682280 Let's try to isolate this a little by swapping out cords to see if the issue is with the aux cord or the iPhone itself. Do you have a different aux cord you can try? Are you able to hear music through earphones? @682280 Just so we understand the issue:
- Is your friend using a different aux cord with her iPhone in her car?
- Are you referring to a cord that connects to the Lightning to Audio Adapter, and then connects to the Aux port on your car, for a direct connection? @682280 Let's look into that further. Send us a DM and we'll go from there. https://t.co/GDrqU22YpT"
375,CASE_002201,875159,@AppleSupport Trying to buy stickers and all it does is clock... https://t.co/TWLhyZijIu @AppleSupport It finally went through. Thanks,GENERAL_DEVICE_INQUIRY,DISPLAY_TOUCH_SCREEN,0.6595,CASE_004351,4,4.0,"['DISPLAY_TOUCH_SCREEN', 'HOW_TO_SETTINGS_CONFIGURATION', 'DISPLAY_TOUCH_SCREEN']","['DISPLAY_TOUCH_SCREEN', 'HOW_TO_SETTINGS_CONFIGURATION', 'DISPLAY_TOUCH_SCREEN', 'GENERAL_DEVICE_INQUIRY', 'OS_UPDATE_SYSTEM_PERFORMANCE']","['CASE_000520', 'CASE_006770', 'CASE_006752']","['CASE_000520', 'CASE_006770', 'CASE_006752', 'CASE_004351', 'CASE_005939']","@AppleSupport is this a bug or somehow I managed to hide it? I don’t see clock on my home screen.. https://t.co/8RYVaxfQIU @AppleSupport Yes I restarted and that fixed it. @AppleSupport @173774 restart is just temporary solution, after few hours is bug back. On my new SE it happend today manytimes. Any next idea? @173775 @AppleSupport Same for me. It comes and goes. I’m just waiting for next update. Hopefully they’ll fix it.","@173774 We know it's important to see the time from your lock screen. Have you restarted the iPhone? https://t.co/OWRDHWSt4h @173774 Wonderful! We're glad that resolved the issue. If you need any assistance in the future, let us know. We're here to help!"
378,CASE_004077,1646733,You’ve been complaining about this for 30 minutes now. Come on https://t.co/dfCHdkA5rA @503153 I’m hoping @115858 will hear my complaints too and fixed it 😉🙃,AUDIO_SOUND_SPEAKER,GENERAL_DEVICE_INQUIRY,0.5759,N/A,Missing (>10),,"['GENERAL_DEVICE_INQUIRY', 'GENERAL_DEVICE_INQUIRY', 'GENERAL_DEVICE_INQUIRY']","['GENERAL_DEVICE_INQUIRY', 'GENERAL_DEVICE_INQUIRY', 'GENERAL_DEVICE_INQUIRY', 'GENERAL_DEVICE_INQUIRY', 'GENERAL_DEVICE_INQUIRY']","['CASE_006826', 'CASE_003747', 'CASE_005240']","['CASE_006826', 'CASE_003747', 'CASE_005240', 'CASE_007368', 'CASE_007065']",It’s been one week and @115858 still can’t fix their I bug 🤦🏻‍♀️🙄,"@546459 We'll take a look into this for you. Which device are you encountering this issue on, and what's the current iOS version? You can check by navigating to Settings &gt; General &gt; About: https://t.co/ZTw54HL4Rm"
379,CASE_001227,543052,"@AppleSupport hey guys, the native music app crashes continually. I wouldn’t  restore my iphone. Any suggestion? @AppleSupport Thank you for helping. I just fixed it by updating to iO11.2",APP_CRASH_AND_DOWNLOAD,APP_STORE_PURCHASES_BILLING,0.818,CASE_002061,7,7.0,"['APP_STORE_PURCHASES_BILLING', 'DISPLAY_TOUCH_SCREEN', 'DISPLAY_TOUCH_SCREEN']","['APP_STORE_PURCHASES_BILLING', 'DISPLAY_TOUCH_SCREEN', 'DISPLAY_TOUCH_SCREEN', 'APP_STORE_PURCHASES_BILLING', 'APP_STORE_PURCHASES_BILLING']","['CASE_000364', 'CASE_005631', 'CASE_003032']","['CASE_000364', 'CASE_005631', 'CASE_003032', 'CASE_005095', 'CASE_003056']",@AppleSupport my Apple Music just quit playing. I try to go back in the app and it crashes @AppleSupport sorry! I did restart it and it started working again.  And I have the latest version. Thank you so much!,@158621 We'd love to help get you back into your music. What iOS version do you have? Have you tried to restart the iPhone?
380,CASE_002357,949649,"Not at all happy with @115858 iOS 11.0.3. Updated yesterday, already had phone lock up twice, and WiFi connections are #fubar. Should have stuck with iOS 10 for my #iphone 7. @AppleSupport If I can’t connect to a WiFi, I turn it off so the phone’s battery doesn’t drain. iOS 11.0.3 will automatically turn WiFi back on and try to connect to new network. That defeats the entire purpose of turning it off. @AppleSupport Then why even have the option to turn it off when you swipe to the right from the home screen? @AppleSupport Will @AppleSupport address this in the next iOS update?",BATTERY_CHARGING_POWER,CONNECTIVITY_WIFI_BLUETOOTH,0.7831,CASE_004018,10,10.0,"['CONNECTIVITY_WIFI_BLUETOOTH', 'CONNECTIVITY_WIFI_BLUETOOTH', 'CONNECTIVITY_WIFI_BLUETOOTH']","['CONNECTIVITY_WIFI_BLUETOOTH', 'CONNECTIVITY_WIFI_BLUETOOTH', 'CONNECTIVITY_WIFI_BLUETOOTH', 'CONNECTIVITY_WIFI_BLUETOOTH', 'CONNECTIVITY_WIFI_BLUETOOTH']","['CASE_000677', 'CASE_000749', 'CASE_001845']","['CASE_000677', 'CASE_000749', 'CASE_001845', 'CASE_005608', 'CASE_005436']","@AppleSupport @115858 IOS 11.0.2 is still full of issues. For example, using the swipe up options menu to turn off wifi does not actually 1/2 @AppleSupport @AppleSupport thanks for the info! Would have been maybe helpful to have a video on the phone to explain these things with the new IOS.",@188704 Control Center has changed the functionality for Wi-Fi and Bluetooth. There's an explanation here: https://t.co/G7BHuQnDS6
384,CASE_002538,1046622,"@AppleSupport Can @115858 implement a shortcut ""low power mode"" to the quick access icons 🙏 https://t.co/7c5hxjSKJd @AppleSupport 6; 10.3.2. I mean, even @198874 has this feature. 😂 @AppleSupport Nice 👌",HOW_TO_SETTINGS_CONFIGURATION,BATTERY_CHARGING_POWER,0.4974,N/A,Missing (>10),,"['BATTERY_CHARGING_POWER', 'DISPLAY_TOUCH_SCREEN', 'DISPLAY_TOUCH_SCREEN']","['BATTERY_CHARGING_POWER', 'DISPLAY_TOUCH_SCREEN', 'DISPLAY_TOUCH_SCREEN', 'DISPLAY_TOUCH_SCREEN', 'DISPLAY_TOUCH_SCREEN']","['CASE_005614', 'CASE_003333', 'CASE_003238']","['CASE_005614', 'CASE_003333', 'CASE_003238', 'CASE_007786', 'CASE_002044']",@115858 should put the option of low battery mode on the control panel you pull up. I hate having to go to settings to find it every time. @AppleSupport Thanks Apple!,"@658419 Low Battery Mode is available for use in Control Panel. For help with adding it to yours, take a look at: https://t.co/vodH4madjc @658419 You're welcome."
386,CASE_001465,584650,@115858 @AppleSupport why is the iPhone 8 such a piece of crap. Literally had it a month and it’s already not working properly.,GENERAL_DEVICE_INQUIRY,OS_UPDATE_SYSTEM_PERFORMANCE,0.7788,CASE_000637,3,3.0,"['OS_UPDATE_SYSTEM_PERFORMANCE', 'OS_UPDATE_SYSTEM_PERFORMANCE', 'GENERAL_DEVICE_INQUIRY']","['OS_UPDATE_SYSTEM_PERFORMANCE', 'OS_UPDATE_SYSTEM_PERFORMANCE', 'GENERAL_DEVICE_INQUIRY', 'APP_STORE_PURCHASES_BILLING', 'GENERAL_DEVICE_INQUIRY']","['CASE_004980', 'CASE_006939', 'CASE_000637']","['CASE_004980', 'CASE_006939', 'CASE_000637', 'CASE_005396', 'CASE_000573']",@115858 what’s really good with the glitches and lags with the new update after the iPhone 8 came out @AppleSupport Thank you for responding 🙏,@525427 That's not the type of experience that we'd like for you to have with your phone. Join us in DM here: https://t.co/GDrqU22YpT
392,CASE_005689,2278494,Yo why tf y’all ain’t fix this I️t shit yet @115858,KEYBOARD_TYPING_AUTOCORRECT,GENERAL_DEVICE_INQUIRY,0.7847,CASE_006375,7,7.0,"['GENERAL_DEVICE_INQUIRY', 'GENERAL_DEVICE_INQUIRY', 'GENERAL_DEVICE_INQUIRY']","['GENERAL_DEVICE_INQUIRY', 'GENERAL_DEVICE_INQUIRY', 'GENERAL_DEVICE_INQUIRY', 'GENERAL_DEVICE_INQUIRY', 'GENERAL_DEVICE_INQUIRY']","['CASE_005838', 'CASE_005856', 'CASE_003263']","['CASE_005838', 'CASE_005856', 'CASE_003263', 'CASE_005937', 'CASE_005661']",@115858 y’all need to fix this shit .. I️ can’t deal 🤦🏽‍♂️,@665908 We're here to help. We recommend updating to iOS 11.1.1 to resolve this issue. You can do so via Settings &gt; General &gt; Software Update.
394,CASE_003819,1593877,@AppleSupport I can’t type without my “I” changing to a weird character. I️ literally have to go to my emojis?? PLEASE FIX THIS https://t.co/0Z56oCnNkz @AppleSupport THANK YOU! @AppleSupport hey your help didn’t help because now my phone is deleting the “i” short cut so now what,GENERAL_DEVICE_INQUIRY,KEYBOARD_TYPING_AUTOCORRECT,0.7964,CASE_003785,2,2.0,"['KEYBOARD_TYPING_AUTOCORRECT', 'GENERAL_DEVICE_INQUIRY', 'KEYBOARD_TYPING_AUTOCORRECT']","['KEYBOARD_TYPING_AUTOCORRECT', 'GENERAL_DEVICE_INQUIRY', 'KEYBOARD_TYPING_AUTOCORRECT', 'KEYBOARD_TYPING_AUTOCORRECT', 'OS_UPDATE_SYSTEM_PERFORMANCE']","['CASE_004258', 'CASE_003785', 'CASE_005497']","['CASE_004258', 'CASE_003785', 'CASE_005497', 'CASE_005683', 'CASE_005032']","@AppleSupport how is “I️” an emoji? I think my iPhone X 11.1 is broken. Not to be confused with “I” not sure how those will appear. https://t.co/gH28EPUGzL @AppleSupport I see that once posted it no longer looks like an “I”, but does while typing using apple keyboard. First glitch? @AppleSupport Thanks for the reply.",@514848 Here’s what you can do to work around the issue until it’s fixed in a future software update: https://t.co/xXaXeeSRt9 @514848 It's our pleasure. Feel free to reach out if any questions come up.
395,CASE_006347,2405024,@AppleSupport Gmail via exchange stopped syncing. So deleted to add via Google in Add Account. Logged in but window closes immediately wo finishing setup. Pls advise. @AppleSupport Went to store and sorted it out. Tx,APP_CRASH_AND_DOWNLOAD,GENERAL_DEVICE_INQUIRY,0.5861,N/A,Missing (>10),,"['GENERAL_DEVICE_INQUIRY', 'OS_UPDATE_SYSTEM_PERFORMANCE', 'OS_UPDATE_SYSTEM_PERFORMANCE']","['GENERAL_DEVICE_INQUIRY', 'OS_UPDATE_SYSTEM_PERFORMANCE', 'OS_UPDATE_SYSTEM_PERFORMANCE', 'OS_UPDATE_SYSTEM_PERFORMANCE', 'GENERAL_DEVICE_INQUIRY']","['CASE_004591', 'CASE_007581', 'CASE_006212']","['CASE_004591', 'CASE_007581', 'CASE_006212', 'CASE_003302', 'CASE_007043']","@AppleSupport I need help with my email app @AppleSupport I may have resolved my issue; updating my phone now, brb. Thanks","@531881 We'd love to help. Could you give us a few details such as the issue, the device, and software version?"
397,CASE_004785,1857821,"If you want a landline again instead of a mobile phone, just download the new @115858 #ios11update . Battery life now nil. #fail #iphone @AppleSupport ...didn’t have a problem before, maybe you could just fix the bugs?? That would be great, thanks!!",BATTERY_CHARGING_POWER,OS_UPDATE_SYSTEM_PERFORMANCE,0.7012,CASE_002343,2,2.0,"['OS_UPDATE_SYSTEM_PERFORMANCE', 'BATTERY_CHARGING_POWER', 'BATTERY_CHARGING_POWER']","['OS_UPDATE_SYSTEM_PERFORMANCE', 'BATTERY_CHARGING_POWER', 'BATTERY_CHARGING_POWER', 'BATTERY_CHARGING_POWER', 'BATTERY_CHARGING_POWER']","['CASE_001115', 'CASE_002343', 'CASE_007399']","['CASE_001115', 'CASE_002343', 'CASE_007399', 'CASE_001833', 'CASE_006860']","Ios11 drains baterry so quickly. Fix this @AppleSupport @AppleSupport Iphone 5s and 6. Ios 11.1.2 i also have friends having the same problem. Also read some people online experiencing this too. Hoping for an update to fix this. Thank you. @AppleSupport @236227 You won’t help. They tell you to turn stuff off. Then ‘give it 24 hours’.. and that’s what they call support. #charlatans @150615 @AppleSupport Lol guess i wont chat with them. Dont wanna waste my tine. @236227 @AppleSupport honestly.. its embarrassing.. I have to get a phone I can take out of the house, I can't believe the iPhone cannot last a 24 month contact. sham",@236227 We want to help. Please tell us which device you're using as well as which version of iOS 11 you have installed. You'll see this in Settings&gt; General &gt; About. @236227 We'd like to look further into this with you so we can narrow down the cause. Let's chat over in Direct Message. https://t.co/GDrqU22YpT
398,CASE_001305,552104,"Hi @115858 - can you hurry up and fix your system so my iPhone will stop turning itself off every few minutes? Ta. @248701 @115858 Yours doing it too? I noticed @12830 reported his was this morning 🤦‍♂️ @63683 @115858 @12830 it's happening to everyone's iPhones haha, apparently it's a notifications bug so I've just put mine on do not disturb.",GENERAL_DEVICE_INQUIRY,DISPLAY_TOUCH_SCREEN,0.6721,CASE_001301,2,2.0,"['DISPLAY_TOUCH_SCREEN', 'GENERAL_DEVICE_INQUIRY', 'GENERAL_DEVICE_INQUIRY']","['DISPLAY_TOUCH_SCREEN', 'GENERAL_DEVICE_INQUIRY', 'GENERAL_DEVICE_INQUIRY', 'OS_UPDATE_SYSTEM_PERFORMANCE', 'GENERAL_DEVICE_INQUIRY']","['CASE_001212', 'CASE_001301', 'CASE_001295']","['CASE_001212', 'CASE_001301', 'CASE_001295', 'CASE_003335', 'CASE_002358']","Anyone else @115858 #iPhone useless today? Mine keeping restarting or taking me back to the lock screen every few seconds? @245867 @115858 Happening all over the world rn (Manila here!) Set your date to anytime before Dec. 2 as a temp fix. Hope it works for you! @239814 @115858 Thank you! Will give it ago! @245867 @115858 People also say turning off all Notifs works. Good luck! @239814 @115858 Thank you. I have had nothing but @115858 problems all week. First my Mac, then iPad and now iPhone. Not impressed at all at the moment.",@245867 We can assist with the resetting problems. We need to get you updated to iOS 11.2. You've taken an important first step by disabling Notifications. Use the instructions here to finish the installation and you'll be able to turn them back on. https://t.co/osZOKKTalm
400,CASE_001475,585845,"Having These Problems too. What to do? https://t.co/KclpS2RqTm @AppleSupport @AppleSupport It is on 4.1, powering off resulted in bootloop. Force restarted and resetted it. For now it seems resolved.",GENERAL_DEVICE_INQUIRY,OS_UPDATE_SYSTEM_PERFORMANCE,0.6667,CASE_001154,4,4.0,"['OS_UPDATE_SYSTEM_PERFORMANCE', 'APP_CRASH_AND_DOWNLOAD', 'OS_UPDATE_SYSTEM_PERFORMANCE']","['OS_UPDATE_SYSTEM_PERFORMANCE', 'APP_CRASH_AND_DOWNLOAD', 'OS_UPDATE_SYSTEM_PERFORMANCE', 'GENERAL_DEVICE_INQUIRY', 'GENERAL_DEVICE_INQUIRY']","['CASE_007168', 'CASE_007611', 'CASE_004420']","['CASE_007168', 'CASE_007611', 'CASE_004420', 'CASE_001154', 'CASE_003945']","Well shit. Thank you apple @AppleSupport https://t.co/o1BKRKnDhc @AppleSupport Update. Now reinstalling after crashing @AppleSupport Yes. The installation from recovering was successful. Tho, this isn't how it's supposed to be. I thought it was over with my mac. Happy he works now. Thanks for your concern.",@756698 Thanks for reaching out about this. Are we attempting to update or reinstall? @756698 Are we reinstalling from the recovery partition? How's the progress coming? @756698 We're glad to hear it's reinstalling the OS at this time. Please reach out if you need more help and we'll be ready for you. Have a good one.
402,CASE_001223,542494,"@AppleSupport my iPhone 6S Plus keeps restarting every few minutes if I'm using my phone. It was working perfectly all day, but then about 30 minutes ago, as I was trying to text someone it kept restarting. Is there a fix for this???? @AppleSupport I have iOS 11.1.2",OS_UPDATE_SYSTEM_PERFORMANCE,HOW_TO_SETTINGS_CONFIGURATION,0.8283,CASE_001206,3,3.0,"['HOW_TO_SETTINGS_CONFIGURATION', 'HOW_TO_SETTINGS_CONFIGURATION', 'OS_UPDATE_SYSTEM_PERFORMANCE']","['HOW_TO_SETTINGS_CONFIGURATION', 'HOW_TO_SETTINGS_CONFIGURATION', 'OS_UPDATE_SYSTEM_PERFORMANCE', 'GENERAL_DEVICE_INQUIRY', 'OS_UPDATE_SYSTEM_PERFORMANCE']","['CASE_001362', 'CASE_001536', 'CASE_001206']","['CASE_001362', 'CASE_001536', 'CASE_001206', 'CASE_001194', 'CASE_001286']",@AppleSupport I tried calling you but was hung up on 4x and still didn't get to speak to anyone about my issues. My iPhone 6S is restarting itself every 2 mins. How do we fix this issue. Thanks @249935 @AppleSupport same here with my 6s!! @AppleSupport Thank you! It worked.,"@249935  Thanks for reaching out. This page explains how to resolve this issue. https://t.co/osZOKKTalm

DM us if you have any questions. https://t.co/GDrqU22YpT @257679 Hi there! We want to make sure your 6s is working as you need it to. Please check out this article and let us know how it works. If your iPhone, iPad, or iPod touch unexpectedly restarts: https://t.co/osZOKKTalm @249935 Excellent, we're glad to hear everything is back up and running. Let us know if you need help with anything else."
403,CASE_001824,711667,"@115858 why is my phone constantly freezing? help?? @AppleSupport Like i’ll be watching youtube and every 5 minuets it freezes my phone and i have to turn lock the phone again, for it to take another 2 minuets for the lockscreen to work and let me on the phone. it’s never happened before so i don’t think it’s a problem with the phone. :| @AppleSupport No not really. @AppleSupport Thanks!!",APP_CRASH_AND_DOWNLOAD,GENERAL_DEVICE_INQUIRY,0.7671,CASE_007578,2,2.0,"['GENERAL_DEVICE_INQUIRY', 'APP_CRASH_AND_DOWNLOAD', 'OS_UPDATE_SYSTEM_PERFORMANCE']","['GENERAL_DEVICE_INQUIRY', 'APP_CRASH_AND_DOWNLOAD', 'OS_UPDATE_SYSTEM_PERFORMANCE', 'APP_CRASH_AND_DOWNLOAD', 'GENERAL_DEVICE_INQUIRY']","['CASE_007767', 'CASE_007578', 'CASE_005813']","['CASE_007767', 'CASE_007578', 'CASE_005813', 'CASE_000082', 'CASE_005900']",@115858 can you explain why my phone is buggin out when I’ve had it for less then a year??? @AppleSupport My phone is freezing,"@806478 Thank you for reaching out. We're here to help. What issues are you experiencing? https://t.co/GDrqU22YpT @806478 We want to help. Does this happen with certain apps? When it becomes unresponsive, how long does it normally take for everything to start working again? Also, which iOS is on the iPhone? You can find out by going to Settings &gt; General &gt; About"
404,CASE_001021,463072,@AppleSupport will Apple Pencil work with iPad a1822? @AppleSupport Thank you!,GENERAL_DEVICE_INQUIRY,APP_STORE_PURCHASES_BILLING,0.6022,N/A,Missing (>10),,"['APP_STORE_PURCHASES_BILLING', 'OS_UPDATE_SYSTEM_PERFORMANCE', 'OS_UPDATE_SYSTEM_PERFORMANCE']","['APP_STORE_PURCHASES_BILLING', 'OS_UPDATE_SYSTEM_PERFORMANCE', 'OS_UPDATE_SYSTEM_PERFORMANCE', 'OS_UPDATE_SYSTEM_PERFORMANCE', 'KEYBOARD_TYPING_AUTOCORRECT']","['CASE_003341', 'CASE_005926', 'CASE_000727']","['CASE_003341', 'CASE_005926', 'CASE_000727', 'CASE_000416', 'CASE_005434']",When your @115858 pencil is fully charged but still does this... why?? https://t.co/L6X2cOfT9P @AppleSupport Thanks for getting back to me but this is the replacement tip. Seems as though it works again if I turn the iPad itself on and off again @AppleSupport Currently it’s iOS ver. 11.0.3,"@455205 That's not the nice crisp line you'd expect! Test out a replacement tip, more are included in the Pencil's box. @455205 Thanks for letting us know. Which version of iOS is currently installed on your iPad Pro? @455205 Thanks! Go ahead and back up and update to iOS 11.1 and see if that issue persists. https://t.co/5cJXTpNiVr"
415,CASE_004586,1768179,Damn you @115858 and your stupid update... why does my “I” I️ look like this?!?! @AppleSupport @4150 haha thanks!,OS_UPDATE_SYSTEM_PERFORMANCE,GENERAL_DEVICE_INQUIRY,0.8048,CASE_004072,10,10.0,"['GENERAL_DEVICE_INQUIRY', 'GENERAL_DEVICE_INQUIRY', 'GENERAL_DEVICE_INQUIRY']","['GENERAL_DEVICE_INQUIRY', 'GENERAL_DEVICE_INQUIRY', 'GENERAL_DEVICE_INQUIRY', 'KEYBOARD_TYPING_AUTOCORRECT', 'GENERAL_DEVICE_INQUIRY']","['CASE_004259', 'CASE_006474', 'CASE_004076']","['CASE_004259', 'CASE_006474', 'CASE_004076', 'CASE_006244', 'CASE_007136']",@115858 .....soo when y’all gonna fix this “I️” thing ???? @AppleSupport Thanks !,@514852 Here’s what you can do to work around the issue until it’s fixed in a future software update: https://t.co/xXaXeeSRt9 @514852 You're most welcome!
417,CASE_000385,188419,"Since the latest iOS update my phone keeps turning WiFi back on after I’ve disabled it. Anyone @AppleSupport seen this before? @160214 @AppleSupport mine keeps changing my screen brightness ? @AppleSupport no, i think it was 11.01 @AppleSupport updating to iOS 11.0.2 didn’t fix it ... still changing my screen brightness @160213 @AppleSupport Turn off auto brightness in settings, iOS 11 turns it back on for some weird reason 🙄 @173694 @AppleSupport thank you Haseena, but i don’t seem to have an option to switch it off ? just the slider thingy https://t.co/sCNZm2dLQG @160213 @AppleSupport Go into accessibility from settings then go onto display accommodations and see if your auto brightness is on :) https://t.co/9JZRdS1eyn @AppleSupport i eventually found it, but it would be much better if it was actually with the screen brightness slider, Apple need to think logically @160213 @173694 @AppleSupport They’ve moved it to accessibility now. Auto brightness. Not the actual brightness. Makes perfect sense. @173694 @AppleSupport thank you Haseena ... it’s worked 😊 @173695 @173694 @AppleSupport whoever thought it was a good idea to move it, should be fired for being completely incompetent @160213 @173694 @AppleSupport Yep. It’s clearly a display setting.",CONNECTIVITY_WIFI_BLUETOOTH,DISPLAY_TOUCH_SCREEN,0.7762,N/A,Missing (>10),,"['DISPLAY_TOUCH_SCREEN', 'DISPLAY_TOUCH_SCREEN', 'DISPLAY_TOUCH_SCREEN']","['DISPLAY_TOUCH_SCREEN', 'DISPLAY_TOUCH_SCREEN', 'DISPLAY_TOUCH_SCREEN', 'DISPLAY_TOUCH_SCREEN', 'DISPLAY_TOUCH_SCREEN']","['CASE_000876', 'CASE_002444', 'CASE_000064']","['CASE_000876', 'CASE_002444', 'CASE_000064', 'CASE_000647', 'CASE_003222']",Why have I no longer got the option to turn off auto-brightness @AppleSupport #ios11 #update doing my head in! @AppleSupport 👏🏼👍🏼 Thank you so much. I gotta say it’s a weird place to put it when there’s an existing ‘display and brightness’ section! @115858,@208750 Auto-Brightness can be turned off in Settings &gt; General &gt; Accessibility &gt; Display Accommodations: https://t.co/gvy8yXCine @208750 You're very welcome. Feel free to reach out to us if you need anything in the future.
420,CASE_007631,2847495,@AppleSupport awful service from Apple. Multiple promises to get a call back. Did it happen? No! @AppleSupport Have done. Thanks,CONNECTIVITY_WIFI_BLUETOOTH,GENERAL_DEVICE_INQUIRY,0.7375,CASE_001918,5,5.0,"['GENERAL_DEVICE_INQUIRY', 'OS_UPDATE_SYSTEM_PERFORMANCE', 'GENERAL_DEVICE_INQUIRY']","['GENERAL_DEVICE_INQUIRY', 'OS_UPDATE_SYSTEM_PERFORMANCE', 'GENERAL_DEVICE_INQUIRY', 'GENERAL_DEVICE_INQUIRY', 'CONNECTIVITY_WIFI_BLUETOOTH']","['CASE_000315', 'CASE_006725', 'CASE_006757']","['CASE_000315', 'CASE_006725', 'CASE_006757', 'CASE_004722', 'CASE_001918']","Spent an hour waiting on hold with @AppleSupport this morning, only to have them disconnect the call before I could talk with anyone. Frustrating. @AppleSupport Thank you, just sent over the details.","@150990 We're sorry to hear about your phone call; this is unexpected. If you'd like, we're happy to work with you here. Just DM us details of the issue you're experiencing, your device model and iOS version and we'll get started sorting things out. https://t.co/GDrqU22YpT"
421,CASE_004120,1656620,"@AppleSupport what is going on with my letter I’s turning into I️ and how do I️ fix It @AppleSupport Thanks Apple! I️ did that, sometimes It works sometimes it doesn’t. I’ll just have to wait!",KEYBOARD_TYPING_AUTOCORRECT,GENERAL_DEVICE_INQUIRY,0.8997,CASE_004381,5,5.0,"['GENERAL_DEVICE_INQUIRY', 'GENERAL_DEVICE_INQUIRY', 'GENERAL_DEVICE_INQUIRY']","['GENERAL_DEVICE_INQUIRY', 'GENERAL_DEVICE_INQUIRY', 'GENERAL_DEVICE_INQUIRY', 'HOW_TO_SETTINGS_CONFIGURATION', 'KEYBOARD_TYPING_AUTOCORRECT']","['CASE_004001', 'CASE_002601', 'CASE_004406']","['CASE_004001', 'CASE_002601', 'CASE_004406', 'CASE_003592', 'CASE_004381']",@AppleSupport can you please fix this problem with the letter “I️” and the fact that it turns into I️ @AppleSupport Thanks!,@500871 Thanks for reaching out. We have a workaround for this here: https://t.co/xXaXeeSRt9
422,CASE_007085,2652639,@AppleSupport The keyboard backlight on my MacBook Air (Late 2013) is not working. Is there any chance that it is a software issue? Thanks. @AppleSupport That fixed it. Thanks a lot.,KEYBOARD_TYPING_AUTOCORRECT,GENERAL_DEVICE_INQUIRY,0.5646,CASE_004656,2,2.0,"['GENERAL_DEVICE_INQUIRY', 'KEYBOARD_TYPING_AUTOCORRECT', 'KEYBOARD_TYPING_AUTOCORRECT']","['GENERAL_DEVICE_INQUIRY', 'KEYBOARD_TYPING_AUTOCORRECT', 'KEYBOARD_TYPING_AUTOCORRECT', 'KEYBOARD_TYPING_AUTOCORRECT', 'DISPLAY_TOUCH_SCREEN']","['CASE_004225', 'CASE_004656', 'CASE_007596']","['CASE_004225', 'CASE_004656', 'CASE_007596', 'CASE_004020', 'CASE_003456']",Fix our keyboards!!! @AppleSupport https://t.co/RdRb4SFB3i @AppleSupport Thanks!,@511868 Here’s what you can do to work around the issue until it’s fixed in a future software update: https://t.co/xXaXeeSRt9 @511868 You are very welcome. Reach out to us if you need any more assistance.
423,CASE_007522,2799435,"@115858 @6990 why isn’t FaceTime working right now? I need to see @107462 face 😭😭😭 @AppleSupport I’m in Australia and I’m calling the U.S. the phone rings, I see a “connecting” message, then a black screen. @AppleSupport iPhone 7, currently running iOS 11.1 @AppleSupport Thanks girl! 

Sis @107462 ⬇️",DISPLAY_TOUCH_SCREEN,CONNECTIVITY_WIFI_BLUETOOTH,0.7291,N/A,Missing (>10),,"['CONNECTIVITY_WIFI_BLUETOOTH', 'OS_UPDATE_SYSTEM_PERFORMANCE', 'GENERAL_DEVICE_INQUIRY']","['CONNECTIVITY_WIFI_BLUETOOTH', 'OS_UPDATE_SYSTEM_PERFORMANCE', 'GENERAL_DEVICE_INQUIRY', 'OS_UPDATE_SYSTEM_PERFORMANCE', 'OS_UPDATE_SYSTEM_PERFORMANCE']","['CASE_007371', 'CASE_007584', 'CASE_002793']","['CASE_007371', 'CASE_007584', 'CASE_002793', 'CASE_001774', 'CASE_005369']","@AppleSupport why does your facetime never work?? disconnect the whole time, not impressed @AppleSupport ios11.1.1 , both cellular and wifi and anywhere i go","@770300 We want you to be able to connect with your friends and family without being disconnected. So that we can isolate further, are you noticing this occur on WiFi, cellular, or both? Does it happen in any particular locations? Also, which iOS version is installed? @770300 At your convenience, backup and update to iOS 11.1.2. While the notes mention mostly iPhone X, it is for all phones. Let us know if the issue persists after that."
425,CASE_007624,2841998,"@AppleSupport I'm trying to recover my mom's iphone account can I speed up the process by going in store? The current recovery date is Dec 4th. @AppleSupport Thank you. So after the account recovery is successful I should be able to log her into a new iPhone? Her phone was lost so I'm trying to transfer service to another one. @AppleSupport Another question, if we buy her a new iPhone will this problem prevent it from being activated (or being used as a phone with her existing number)? @AppleSupport Ok, thank you for all your help.",GENERAL_DEVICE_INQUIRY,ACCOUNT_APPLEID_ICLOUD,0.6322,CASE_002334,7,7.0,"['ACCOUNT_APPLEID_ICLOUD', 'ACCOUNT_APPLEID_ICLOUD', 'ACCOUNT_APPLEID_ICLOUD']","['ACCOUNT_APPLEID_ICLOUD', 'ACCOUNT_APPLEID_ICLOUD', 'ACCOUNT_APPLEID_ICLOUD', 'ACCOUNT_APPLEID_ICLOUD', 'ACCOUNT_APPLEID_ICLOUD']","['CASE_004254', 'CASE_001936', 'CASE_007463']","['CASE_004254', 'CASE_001936', 'CASE_007463', 'CASE_003055', 'CASE_002489']",@AppleSupport My mom has tried to reset her Apple ID password for the past 2 months. She doesn't have access to her credit card # anymore. ? @AppleSupport These look familiar.  She is expecting a phone contact from Apple on her trusted device. @AppleSupport I'll look up the number for her. Thanks,"@513901 Thanks for contacting us, we can help. Please have your mother try all the steps here: https://t.co/fJnZYmbI9N @513901 Our Apple ID support should be able to assist her over the phone."
427,CASE_000865,388944,I don’t even have an option to turn it off @115858 fix this @AppleSupport Holy shit thank you lol,GENERAL_DEVICE_INQUIRY,HOW_TO_SETTINGS_CONFIGURATION,0.8319,CASE_003759,2,2.0,"['HOW_TO_SETTINGS_CONFIGURATION', 'GENERAL_DEVICE_INQUIRY', 'GENERAL_DEVICE_INQUIRY']","['HOW_TO_SETTINGS_CONFIGURATION', 'GENERAL_DEVICE_INQUIRY', 'GENERAL_DEVICE_INQUIRY', 'GENERAL_DEVICE_INQUIRY', 'GENERAL_DEVICE_INQUIRY']","['CASE_004093', 'CASE_003759', 'CASE_007373']","['CASE_004093', 'CASE_003759', 'CASE_007373', 'CASE_004128', 'CASE_004036']",@115858 fix this stupid I️ issue. It’s driving me crazy @AppleSupport Someone else told me how to fix it! Thank you though,@503744 Here’s what you can do to work around the issue until it’s fixed in a future software update: https://t.co/xXaXeeSRt9
429,CASE_002794,1170317,@AppleSupport @124423 Any ideas on how to resolve this? Icon not showing since updates to iOS 11 / Watch OS 4 https://t.co/1Tbih8HZfL @AppleSupport @124423 New watch update this week yet this issue is still not resolved? Any updates on a fix?,OS_UPDATE_SYSTEM_PERFORMANCE,KEYBOARD_TYPING_AUTOCORRECT,0.8155,CASE_007874,7,7.0,"['KEYBOARD_TYPING_AUTOCORRECT', 'KEYBOARD_TYPING_AUTOCORRECT', 'GENERAL_DEVICE_INQUIRY']","['KEYBOARD_TYPING_AUTOCORRECT', 'KEYBOARD_TYPING_AUTOCORRECT', 'GENERAL_DEVICE_INQUIRY', 'DISPLAY_TOUCH_SCREEN', 'DISPLAY_TOUCH_SCREEN']","['CASE_002161', 'CASE_003426', 'CASE_002752']","['CASE_002161', 'CASE_003426', 'CASE_002752', 'CASE_005641', 'CASE_002879']","@115858 the notification icons doesn't show on my watch. I've restored my iPhone and watch, but the problem still happening. (watchOS 4). @AppleSupport @124889 https://t.co/Ta3D339XMJ @AppleSupport @124889 Same problem for me @AppleSupport fixed with watchOS 4.1",@124889 We want to help. Can you tell us the steps you used to restore? @325187 We've received your DM &amp; we will happily continue looking into this there with you shortly. https://t.co/GDrqU22YpT @325187 Thanks for the heads up. We're glad to hear that watchOS 4.1 fixed the issue.
431,CASE_006255,2372169,"@AppleSupport Downloaded the new OS to my MacBook Air and now iCloud sign in doesn't work an either the MacBook Air or the Mac Desktop. Help? @AppleSupport Updated today to 10.13.1 Desktop is using 10.12.2. @AppleSupport Yes, I think I solved the problem. I saw on another tweet that you suggested someone use a different network. So I switched to our other wifi address and everything works now. @AppleSupport Thanks for your quick willingness to help. Appreciate Apple!",CONNECTIVITY_WIFI_BLUETOOTH,ACCOUNT_APPLEID_ICLOUD,0.6431,CASE_001623,3,3.0,"['ACCOUNT_APPLEID_ICLOUD', 'ACCOUNT_APPLEID_ICLOUD', 'CONNECTIVITY_WIFI_BLUETOOTH']","['ACCOUNT_APPLEID_ICLOUD', 'ACCOUNT_APPLEID_ICLOUD', 'CONNECTIVITY_WIFI_BLUETOOTH', 'ACCOUNT_APPLEID_ICLOUD', 'ACCOUNT_APPLEID_ICLOUD']","['CASE_000226', 'CASE_007777', 'CASE_001623']","['CASE_000226', 'CASE_007777', 'CASE_001623', 'CASE_001928', 'CASE_006236']",@AppleSupport is iCloud down? I can't sign in https://t.co/fA69xgE4ow,"@140194 Thanks for reaching out. We don't show an iCloud outage at the moment. We can definitely look into this further.
Do you still experience the same behavior after you restart your iPhone? 
Do you have the same results when you're connected to a cellular network? https://t.co/GDrqU22YpT"
433,CASE_000193,94884,"@AppleSupport any idea what’s going on here? Running latest version of iOS on iPhone 7 Plus. https://t.co/LV3658NDOJ @AppleSupport Hi, thanks for getting back to me. I’m on 11.1.2",GENERAL_DEVICE_INQUIRY,OS_UPDATE_SYSTEM_PERFORMANCE,0.8819,N/A,Missing (>10),,"['OS_UPDATE_SYSTEM_PERFORMANCE', 'OS_UPDATE_SYSTEM_PERFORMANCE', 'OS_UPDATE_SYSTEM_PERFORMANCE']","['OS_UPDATE_SYSTEM_PERFORMANCE', 'OS_UPDATE_SYSTEM_PERFORMANCE', 'OS_UPDATE_SYSTEM_PERFORMANCE', 'OS_UPDATE_SYSTEM_PERFORMANCE', 'OS_UPDATE_SYSTEM_PERFORMANCE']","['CASE_000705', 'CASE_001955', 'CASE_003132']","['CASE_000705', 'CASE_001955', 'CASE_003132', 'CASE_000070', 'CASE_007441']","@AppleSupport Hi, have a weird issue with iPhone 7 running iOS 11.0.2. Can I DM you with the details? @AppleSupport Thank you!",@193307 Absolutely. Let us know what's going on in DM. https://t.co/GDrqU22YpT
437,CASE_006714,2517067,"One problem after another with my iPhone X from @115858. @AppleSupport What isn’t going on? Drops WiFi when I lock it, screen freezes up, and programs are malfunctioning and shifting left visually. Not to mention I’m in the middle of the city and keep going from LTE to 1x with one bar. @AppleSupport Will do. Also I cannot send 4K videos either",CONNECTIVITY_WIFI_BLUETOOTH,GENERAL_DEVICE_INQUIRY,0.6628,CASE_000459,4,4.0,"['GENERAL_DEVICE_INQUIRY', 'GENERAL_DEVICE_INQUIRY', 'GENERAL_DEVICE_INQUIRY']","['GENERAL_DEVICE_INQUIRY', 'GENERAL_DEVICE_INQUIRY', 'GENERAL_DEVICE_INQUIRY', 'CONNECTIVITY_WIFI_BLUETOOTH', 'CONNECTIVITY_WIFI_BLUETOOTH']","['CASE_006786', 'CASE_007141', 'CASE_000292']","['CASE_006786', 'CASE_007141', 'CASE_000292', 'CASE_000459', 'CASE_002530']","@115858 
Ya need to fix your fkn iPhone X 
I’m experiencing all sort of issues with the phone 
First I was getting... https://t.co/RU4P00ohA8","@721213 We hate to hear you're experiencing issues with your new iPhone X, and want to help figure this out with you. Which version of iOS are you running in Settings &gt; General &gt; About &gt; Version? Does restarting help at all?"
439,CASE_001895,755771,Is anyone else having problems with their @118721 radio? Or am I just technically challenged today?😆 @AppleSupport #iTunes #Apple @AppleSupport Sorry just seeing this! Error message was: we are experiencing problems. Try again later. iPhone 6S new IOS. It's working now😊💖,APP_STORE_PURCHASES_BILLING,DISPLAY_TOUCH_SCREEN,0.6796,CASE_005245,4,4.0,"['DISPLAY_TOUCH_SCREEN', 'KEYBOARD_TYPING_AUTOCORRECT', 'OS_UPDATE_SYSTEM_PERFORMANCE']","['DISPLAY_TOUCH_SCREEN', 'KEYBOARD_TYPING_AUTOCORRECT', 'OS_UPDATE_SYSTEM_PERFORMANCE', 'APP_STORE_PURCHASES_BILLING', 'APP_STORE_PURCHASES_BILLING']","['CASE_001967', 'CASE_007872', 'CASE_005861']","['CASE_001967', 'CASE_007872', 'CASE_005861', 'CASE_005245', 'CASE_000930']","When @115948’s radio doesn’t work on your Mac anymore. 🙃 @AppleSupport @AppleSupport @268472 OS X 10.11.6 with 12.7.0.166  Radio is not working as well.  Play buttons on stations are unresponsive. @AppleSupport @268472 I'm having the same problem on my Macbook and my iPhone, which are both up to date @309719 @AppleSupport That’s the issue. @268472 @AppleSupport Apple Music Radio stations still not working. @268472 @AppleSupport Signing out of iTunes account, sign back in.  Worked for me.","@268472 We want you to be able to enjoy iTunes, and we'll do all we can to help. How exactly is Apple Music Radio not working? @309718 Reach out to us in DM at the link below so we can help you too. Provide us more details there so we can get started. https://t.co/GDrqU22YpT"
444,CASE_000666,302662,"@AppleSupport hi, are you able to make the app animation the same like ios10 I’m getting headaches from changing apps &amp; Dots for connection @AppleSupport It’s much better now thanks. Still not the same like iOS 10 😢 but it’s better.  I really miss the dots for the cellphone cornectin.",CONNECTIVITY_WIFI_BLUETOOTH,GENERAL_DEVICE_INQUIRY,0.5784,N/A,Missing (>10),,"['GENERAL_DEVICE_INQUIRY', 'OS_UPDATE_SYSTEM_PERFORMANCE', 'GENERAL_DEVICE_INQUIRY']","['GENERAL_DEVICE_INQUIRY', 'OS_UPDATE_SYSTEM_PERFORMANCE', 'GENERAL_DEVICE_INQUIRY', 'OS_UPDATE_SYSTEM_PERFORMANCE', 'OS_UPDATE_SYSTEM_PERFORMANCE']","['CASE_004536', 'CASE_007905', 'CASE_003357']","['CASE_004536', 'CASE_007905', 'CASE_003357', 'CASE_003436', 'CASE_006856']",@AppleSupport @115858 your new iOS is making me dizzy!!! 📱 https://t.co/VKOCsg4otp @AppleSupport Ahhhhh much better. Thx! Never noticed that function!,@530042 We have some information that you might find helpful: https://t.co/cJnvksGVxP
445,CASE_005942,2301165,@AppleSupport the #iOS11 is completely non functioning on my iPhone 5S and you have destroyed your product that I thought it would be worth to purchase and now I think apple one day will do the same to the new #iPhoneX @AppleSupport I did already ! Thank you for helping,APP_STORE_PURCHASES_BILLING,OS_UPDATE_SYSTEM_PERFORMANCE,0.7542,N/A,Missing (>10),,"['OS_UPDATE_SYSTEM_PERFORMANCE', 'GENERAL_DEVICE_INQUIRY', 'OS_UPDATE_SYSTEM_PERFORMANCE']","['OS_UPDATE_SYSTEM_PERFORMANCE', 'GENERAL_DEVICE_INQUIRY', 'OS_UPDATE_SYSTEM_PERFORMANCE', 'OS_UPDATE_SYSTEM_PERFORMANCE', 'OS_UPDATE_SYSTEM_PERFORMANCE']","['CASE_004666', 'CASE_003820', 'CASE_002405']","['CASE_004666', 'CASE_003820', 'CASE_002405', 'CASE_006939', 'CASE_001211']",@AppleSupport @115858 what’s up with this? #AppleSecurity #virus #iphone #iOS11 https://t.co/JNtFX2Ixme @AppleSupport Ok. Thanks. I’ll give it a try.,"@533912 Let's help get this sorted. To clear our this pop-up, please view: https://t.co/qr0pQfKgYD"
447,CASE_004226,1684351,"My I Phone 7 hot spot is not connecting my laptop or any other devices 

@AppleSupport @115858 @AppleSupport No... it is not connecting at all... not showing any msg... plz help @AppleSupport  https://t.co/SB86Vr94FX @AppleSupport Steps given in DM were not useful. Plz solve my problem as I am in big trouble coz can not use internet @AppleSupport Thanks a lot for all your help. Problem is solved. Proud i Phone user",BATTERY_CHARGING_POWER,CONNECTIVITY_WIFI_BLUETOOTH,0.6379,CASE_002290,3,3.0,"['CONNECTIVITY_WIFI_BLUETOOTH', 'CONNECTIVITY_WIFI_BLUETOOTH', 'BATTERY_CHARGING_POWER']","['CONNECTIVITY_WIFI_BLUETOOTH', 'CONNECTIVITY_WIFI_BLUETOOTH', 'BATTERY_CHARGING_POWER', 'CONNECTIVITY_WIFI_BLUETOOTH', 'GENERAL_DEVICE_INQUIRY']","['CASE_005610', 'CASE_005828', 'CASE_002290']","['CASE_005610', 'CASE_005828', 'CASE_002290', 'CASE_005154', 'CASE_003007']","@AppleSupport why is my phone not able to connect to the internet 50% of the time i know its not the provider because i have tried multiple hotspots,routers whatever and the same problem occurs. PLEASE HELP!","@656933 Having internet access is absolutely neccessary and we'll be happy to look into this with you. Have you had a chance to check out this article? https://t.co/5KootZbxj1 If not, give the steps listed in there a try. They apply for both poor signal as well as none."
448,CASE_007563,2815623,"@115858 my iPhone is frozen. Can’t hard reset. Screen isn’t registering my touch. FIGURE YOUR UPDATES OUT @AppleSupport Thank you. No I️t still won’t work while plugged in the power. The phone asks to type in my password, and only takes a screen shot when I attempt to force restart @AppleSupport And now my work phone, from which I’m tweeting from now, is having that weird ! ? Error",KEYBOARD_TYPING_AUTOCORRECT,DISPLAY_TOUCH_SCREEN,0.8131,CASE_007572,8,8.0,"['DISPLAY_TOUCH_SCREEN', 'DISPLAY_TOUCH_SCREEN', 'OS_UPDATE_SYSTEM_PERFORMANCE']","['DISPLAY_TOUCH_SCREEN', 'DISPLAY_TOUCH_SCREEN', 'OS_UPDATE_SYSTEM_PERFORMANCE', 'DISPLAY_TOUCH_SCREEN', 'GENERAL_DEVICE_INQUIRY']","['CASE_002969', 'CASE_002855', 'CASE_000111']","['CASE_002969', 'CASE_002855', 'CASE_000111', 'CASE_007550', 'CASE_004450']",my iPhone is literally frozen I can't do anything with it anymore. I can't turn it off &amp; my touch screen doesn't work. @115858 fix your phone because every time y'all release a new phone my phone freezes. not cool. might get an android next time. @AppleSupport i fixed it myself thank you very much,"@415478 We'd like to help. DM us and tell us which version of iOS you're running under Settings &gt; General &gt; About. https://t.co/GDrqU22YpT @415478 Nice work. We're glad you got it working again. Should you have a question or concern in the future, we'll be here for you."
449,CASE_007476,2783323,"@AppleSupport 
I purchased the iPhone 7 Plus but I can not use it because it is heating up https://t.co/vb3vgiy10Q @AppleSupport I live in Saudi Arabia. Do you tell me what I can do?thanks",GENERAL_DEVICE_INQUIRY,BATTERY_CHARGING_POWER,0.695,CASE_003910,2,2.0,"['BATTERY_CHARGING_POWER', 'GENERAL_DEVICE_INQUIRY', 'DISPLAY_TOUCH_SCREEN']","['BATTERY_CHARGING_POWER', 'GENERAL_DEVICE_INQUIRY', 'DISPLAY_TOUCH_SCREEN', 'GENERAL_DEVICE_INQUIRY', 'GENERAL_DEVICE_INQUIRY']","['CASE_007313', 'CASE_003910', 'CASE_001326']","['CASE_007313', 'CASE_003910', 'CASE_001326', 'CASE_000863', 'CASE_001261']",@AppleSupport Hi. My iPhone is overheating to the point where I can’t hold it. @118101 say they can’t do anything even though I’m still in contract for another 7 months. They have said I need to contact yourselves even though the phone is now 17 months old. Can you help? @AppleSupport Thanks.,@131262 We'd be glad to take a look into what's going on with your iPhone. Send us a DM letting us know which iPhone and iOS version you're using and we'll work from there: https://t.co/GDrqU22YpT
451,CASE_005565,2230701,@AppleSupport My iPhone6 keeps offering an iOS update for 11.0.3 but every time I “Install Now” it fails due to an error. Why is this? @AppleSupport Updating on the handset by wireless connection. @AppleSupport Changed network but failed until I switched the phone off and then rebooted it. All appears to be working. Thank you for your help. @AppleSupport Thank you again. Have a great week too.,CONNECTIVITY_WIFI_BLUETOOTH,OS_UPDATE_SYSTEM_PERFORMANCE,0.8227,CASE_006875,3,3.0,"['OS_UPDATE_SYSTEM_PERFORMANCE', 'OS_UPDATE_SYSTEM_PERFORMANCE', 'CONNECTIVITY_WIFI_BLUETOOTH']","['OS_UPDATE_SYSTEM_PERFORMANCE', 'OS_UPDATE_SYSTEM_PERFORMANCE', 'CONNECTIVITY_WIFI_BLUETOOTH', 'OS_UPDATE_SYSTEM_PERFORMANCE', 'CONNECTIVITY_WIFI_BLUETOOTH']","['CASE_003936', 'CASE_002416', 'CASE_006875']","['CASE_003936', 'CASE_002416', 'CASE_006875', 'CASE_003332', 'CASE_003913']","Why is my iPhone 6S getting an error everytime I try to update to iOS 11.0.3? I already rebooted and still won’t update. @AppleSupport @AppleSupport It’s been fixed, thanks. @AppleSupport Thanks.","@497961 We can help. Check out the following article for assistance with updating, including handling errors: https://t.co/80YRnjDFDk @497961 We're glad to know it was resolved. If you have any concerns or questions in the future, please feel free to reach out us. @497961 You are welcome. We appreciate getting the chance to work with you."
456,CASE_005390,2151167,Anyone else having issues playing videos on their @115858 iPhone? None stored locally will play @AppleSupport New X and most recent iOS @AppleSupport Also running into iCloud photo issues since the update @AppleSupport Yes I click to play and it just spins. And it says all photos will be deleted in 24 Days,ACCOUNT_APPLEID_ICLOUD,OS_UPDATE_SYSTEM_PERFORMANCE,0.7068,CASE_003012,7,7.0,"['OS_UPDATE_SYSTEM_PERFORMANCE', 'OS_UPDATE_SYSTEM_PERFORMANCE', 'OS_UPDATE_SYSTEM_PERFORMANCE']","['OS_UPDATE_SYSTEM_PERFORMANCE', 'OS_UPDATE_SYSTEM_PERFORMANCE', 'OS_UPDATE_SYSTEM_PERFORMANCE', 'CONNECTIVITY_WIFI_BLUETOOTH', 'CONNECTIVITY_WIFI_BLUETOOTH']","['CASE_007685', 'CASE_001940', 'CASE_001798']","['CASE_007685', 'CASE_001940', 'CASE_001798', 'CASE_001689', 'CASE_006833']","@AppleSupport I’ve been having trouble playing videos they play but then it goes back and plays the last couple seconds @AppleSupport Its the latest version ios 11.1.2 and on safari @AppleSupport Well i just tried watching videos on ither websited and it worked fine im guessing its just on that website. But it started on Friday after I did the software update. I just Updated to ios 11 version @AppleSupport Well i just tried watching videos on other websites and it worked fine, So im guessing its just on that website. But it started on Friday after I did the software update. I just Updated to ios 11 version @AppleSupport Thanks i actually found the app for the website amd it work fine didnt have problems but thank you anyways!","@797134 We're happy to look into this with you. What is your current iOS version? What app is this happening in? @797134 Thanks, does it happen with all videos, or just those on a particular website? @797134 If videos on other sites are working as expected, it does seem to be the site itself. We recommend reaching out to the web developers of the site itself. @797134 Glad to hear that things are working properly once again. Let us know if we can be of any other assistance."
457,CASE_004271,1698518,"hey @115858 can u like ,, fix the bug in the new ios11 update @AppleSupport the letter i gets messed up and ends up looking like this i️ @AppleSupport apple support do i look like i can use a capital letter with This aesthetic @AppleSupport thanks i guess though",KEYBOARD_TYPING_AUTOCORRECT,OS_UPDATE_SYSTEM_PERFORMANCE,0.79,CASE_006306,2,2.0,"['OS_UPDATE_SYSTEM_PERFORMANCE', 'KEYBOARD_TYPING_AUTOCORRECT', 'OS_UPDATE_SYSTEM_PERFORMANCE']","['OS_UPDATE_SYSTEM_PERFORMANCE', 'KEYBOARD_TYPING_AUTOCORRECT', 'OS_UPDATE_SYSTEM_PERFORMANCE', 'KEYBOARD_TYPING_AUTOCORRECT', 'KEYBOARD_TYPING_AUTOCORRECT']","['CASE_003417', 'CASE_006306', 'CASE_006188']","['CASE_003417', 'CASE_006306', 'CASE_006188', 'CASE_007518', 'CASE_004429']",@AppleSupport I️ downloaded the latest update for #iOS11 and keep having issues of “i” being replaced with weird characters &amp; question marks @AppleSupport Thanks for the reply! I️ just sent you a DM with the requested info.,"@461860 Which device and version of iOS 11 are you using? Check Settings &gt; General &gt; About, and let us know in DM. https://t.co/GDrqU22YpT"
459,CASE_000805,361701,I really hate the new #applenews as I don’t get news only on topics I like but other stuff I don’t want @AppleSupport @115858 @AppleSupport I liked about 20 topics and I still get news I’m not interested in. It worked better before the 11 update. @AppleSupport I’ve spent all week doing this and I still get articles under FOR YOU that have nothing to do with anything I want to see @AppleSupport The old NEWS was so much better and I stopped using Flipboard but I may have to go back. Why have custome news if you are adding things?,OS_UPDATE_SYSTEM_PERFORMANCE,HOW_TO_SETTINGS_CONFIGURATION,0.6265,CASE_000109,5,5.0,"['HOW_TO_SETTINGS_CONFIGURATION', 'GENERAL_DEVICE_INQUIRY', 'APP_STORE_PURCHASES_BILLING']","['HOW_TO_SETTINGS_CONFIGURATION', 'GENERAL_DEVICE_INQUIRY', 'APP_STORE_PURCHASES_BILLING', 'KEYBOARD_TYPING_AUTOCORRECT', 'OS_UPDATE_SYSTEM_PERFORMANCE']","['CASE_000776', 'CASE_005853', 'CASE_001759']","['CASE_000776', 'CASE_005853', 'CASE_001759', 'CASE_003122', 'CASE_000109']","@AppleSupport How do I get Buzzfeed off my Apple News app? @AppleSupport Actually, it’s the Apple News widget, to be more precise. @AppleSupport I DM’d you an hour ago. Still waiting. @AppleSupport It’s been 4 hrs now and not a peep from you. Thanks for the non-support, Apple. My next phone will be a Galaxy.","@198315 Thanks for reaching out to us. here is a helpful resource: https://t.co/CZ9gt0JbFV Let us know if you have questions in DM: https://t.co/GDrqU22YpT @198315 Here is a helpful resouce for removing Widgets: https://t.co/0iiiCXOKEV

DM us if you have any questions. https://t.co/GDrqU22YpT"
460,CASE_005624,2261528,"@AppleSupport why i can’t set double-tap (Siri access) in assitive touch with 0,10 second timeout? It’s change to multitasking. https://t.co/aMeTRVdKU5 @AppleSupport I use iPhone 6s with iOS 11.1.1. @AppleSupport Nothing change. 1.0s timeout it always error. But 1,5s timeout sometimes error or normal. So i set timeout to 2.0s it always normal.",DISPLAY_TOUCH_SCREEN,AUDIO_SOUND_SPEAKER,0.7177,N/A,Missing (>10),,"['AUDIO_SOUND_SPEAKER', 'CONNECTIVITY_WIFI_BLUETOOTH', 'OS_UPDATE_SYSTEM_PERFORMANCE']","['AUDIO_SOUND_SPEAKER', 'CONNECTIVITY_WIFI_BLUETOOTH', 'OS_UPDATE_SYSTEM_PERFORMANCE', 'CONNECTIVITY_WIFI_BLUETOOTH', 'OS_UPDATE_SYSTEM_PERFORMANCE']","['CASE_000200', 'CASE_001717', 'CASE_002196']","['CASE_000200', 'CASE_001717', 'CASE_002196', 'CASE_000677', 'CASE_006977']","@AppleSupport Why is the double tap summoning Siri? https://t.co/WFwj018uim @AppleSupport I have not. 

I was having Airpods issues and contacted apple last night...we rebooted airpods and disconnected from phone and reconnected.

hence, my need to change the setting back to ""double tap to pause"" which had been working flawlesly for months. @AppleSupport Fixed! Thank you much","@137166 We're here to help. Have you restarted your iPhone since applying this change in settings? https://t.co/GDrqU22YpT @137166 Go ahead and try that now. If the issue continues, send us a DM and we'll go from there. https://t.co/GDrqU22YpT"
462,CASE_001053,484603,"Después de la actualización de seguridad, así es como se me ven los iconos de las apps de Apple en el mac. Mal @AppleSupport! Muy mal! #macOSHighSierra https://t.co/cG2D9X2Lsu @AppleSupport Lol! Some icons (messages, calculator, photos...)💥 since last #macOSHighSierra security update. How I fix it? @AppleSupport Only in Finder. In Launchpad it's showing ok https://t.co/dYnUuI4Gyi @AppleSupport Nope. https://t.co/S9StS96E3U @AppleSupport Solved. In safe mode they looked good. With this last restart now it seems that they're displayed correctly. Thanks.",OS_UPDATE_SYSTEM_PERFORMANCE,APP_STORE_PURCHASES_BILLING,0.7725,CASE_001078,2,2.0,"['APP_STORE_PURCHASES_BILLING', 'OS_UPDATE_SYSTEM_PERFORMANCE', 'ACCOUNT_APPLEID_ICLOUD']","['APP_STORE_PURCHASES_BILLING', 'OS_UPDATE_SYSTEM_PERFORMANCE', 'ACCOUNT_APPLEID_ICLOUD', 'DISPLAY_TOUCH_SCREEN', 'GENERAL_DEVICE_INQUIRY']","['CASE_000994', 'CASE_001078', 'CASE_001535']","['CASE_000994', 'CASE_001078', 'CASE_001535', 'CASE_002879', 'CASE_000171']","Hello @AppleSupport, after installing the latest security update the icons of my apps disappeared… https://t.co/Hg44eHDKOf @AppleSupport Thank you, yes, I've shutdown and restarted my mac already. @AppleSupport Some are not from the app store and others are. There are no pending updates, and the apps icons looked fine just before the security update. @AppleSupport On safe mode it happens the same for a moment and then the icons load. https://t.co/qt6seDCMTJ @AppleSupport Thank you for your help, I decided to do a clean install :-)","@222722 We can certainly take a look at this with you. Have you been able to restart your Mac since installing the last update? @222722 Did you install all of these apps from the App Store? Are there any pending app updates in the App Store now? @222722 Which Mac model do you have and what's the exact OS version number installed?

Is there anything plugged into your Mac besides its power cable and does this same issue remain in Safe Mode? https://t.co/PQ4LSYhUTY @222722 Is there anything plugged into your Mac currently besides its power cable?

Does the issue remain also in a new test user: https://t.co/yoThHdqdHe

Please keep us posted in DM here: https://t.co/GDrqU22YpT @222722 Thanks for the update! If you need anything else, please don't hesitate to let us know. We hope you have a great day."
470,CASE_007349,2747330,Can we please get a feature that screen grabs a part of a video 😐😅 @115858 @AppleSupport @AppleSupport Thank you will do,DISPLAY_TOUCH_SCREEN,GENERAL_DEVICE_INQUIRY,0.5278,CASE_003443,2,2.0,"['GENERAL_DEVICE_INQUIRY', 'DISPLAY_TOUCH_SCREEN', 'OS_UPDATE_SYSTEM_PERFORMANCE']","['GENERAL_DEVICE_INQUIRY', 'DISPLAY_TOUCH_SCREEN', 'OS_UPDATE_SYSTEM_PERFORMANCE', 'ACCOUNT_APPLEID_ICLOUD', 'APP_STORE_PURCHASES_BILLING']","['CASE_007836', 'CASE_003443', 'CASE_003285']","['CASE_007836', 'CASE_003443', 'CASE_003285', 'CASE_002123', 'CASE_000043']","@AppleSupport 
How I can solve this? https://t.co/PQ9ODubNtD @AppleSupport You can see the video by this link

https://t.co/11eeDmKsO1 @AppleSupport Here what you want... thanks for your help https://t.co/D3w5ICXyfw",@814878 Thanks for contacting us. The video you sent to us doesn't appear to show any content. Tell us more about what's happening via DM. https://t.co/GDrqU22YpT @814878 We know how important it is for the Messages app to work as expected and we're happy to help. Which model iPhone and exact iOS version are you using? You can find this by going to Settings &gt; General &gt; About. @814878 Let's take a look at this together. Please DM us with the country where you're located to continue. https://t.co/GDrqU22YpT
471,CASE_007058,2639700,"@AppleSupport my iMac has been stuck on loading screen since #HighSierra update, anyone have a fix? ✌🏾 https://t.co/3kmBceX4Ym @AppleSupport Thank you, just private messaged you.",DISPLAY_TOUCH_SCREEN,OS_UPDATE_SYSTEM_PERFORMANCE,0.749,CASE_002207,3,3.0,"['OS_UPDATE_SYSTEM_PERFORMANCE', 'GENERAL_DEVICE_INQUIRY', 'DISPLAY_TOUCH_SCREEN']","['OS_UPDATE_SYSTEM_PERFORMANCE', 'GENERAL_DEVICE_INQUIRY', 'DISPLAY_TOUCH_SCREEN', 'GENERAL_DEVICE_INQUIRY', 'DISPLAY_TOUCH_SCREEN']","['CASE_005264', 'CASE_006705', 'CASE_002207']","['CASE_005264', 'CASE_006705', 'CASE_002207', 'CASE_002265', 'CASE_000964']","@115858 @AppleSupport my mac got stuck on apple logo after #highsierra upgrade. 😰 @AppleSupport Was able to boot into safe mode but when i restart the mac, it freezes on the apple logo with almost complete loading bar. I waited for 5 hrs but it didnt work. 😥 @AppleSupport Okay. Hoping for a quick response. Thanks!",@626059 Thanks for reaching out. See if you're able to boot your Mac in Safe Mode:  https://t.co/PQ4LSYhUTY @626059 Let's take a look at this together. We'll continue our conversation in DM. https://t.co/GDrqU22YpT
475,CASE_000025,13584,"@AppleSupport  Dear team, after update my iPhone 6 Plus its hang in the Apple logo screen. @AppleSupport Thanks",DISPLAY_TOUCH_SCREEN,OS_UPDATE_SYSTEM_PERFORMANCE,0.8592,CASE_002668,2,2.0,"['OS_UPDATE_SYSTEM_PERFORMANCE', 'DISPLAY_TOUCH_SCREEN', 'APP_CRASH_AND_DOWNLOAD']","['OS_UPDATE_SYSTEM_PERFORMANCE', 'DISPLAY_TOUCH_SCREEN', 'APP_CRASH_AND_DOWNLOAD', 'OS_UPDATE_SYSTEM_PERFORMANCE', 'OS_UPDATE_SYSTEM_PERFORMANCE']","['CASE_000304', 'CASE_002668', 'CASE_007323']","['CASE_000304', 'CASE_002668', 'CASE_007323', 'CASE_005904', 'CASE_003255']","@115858 @AppleSupport the worst experience i had with iphone today, when suddenly (my iphone 6s plus after the update) keep restarting and hang on the apple logo 😡 @AppleSupport I already solved the issue but unfortunately my number was out of service around 3 hours","@150604 This isn't the experience we want you to have, at all. Please check out this article to resolve the issue: https://t.co/8MvHMFZ83h If this doesn't take care of it, DM and let us know. We'll be here to help. https://t.co/GDrqU22YpT @150604 We're glad to hear it's now been sorted. We're live on Twitter between 5 AM and 8 PM Pacific time. Reach out if we can be of further service."
476,CASE_004620,1771540,Can you fix my phone @115858 @AppleSupport iOS update is killing me trying to say the letter I️ @AppleSupport @532506 Your stupid DM’s don’t work. Get your shit together already @AppleSupport I already fixed the issue. Hello android 🤗 goodbye Apple 🗑,KEYBOARD_TYPING_AUTOCORRECT,OS_UPDATE_SYSTEM_PERFORMANCE,0.8213,CASE_004265,10,10.0,"['OS_UPDATE_SYSTEM_PERFORMANCE', 'OS_UPDATE_SYSTEM_PERFORMANCE', 'OS_UPDATE_SYSTEM_PERFORMANCE']","['OS_UPDATE_SYSTEM_PERFORMANCE', 'OS_UPDATE_SYSTEM_PERFORMANCE', 'OS_UPDATE_SYSTEM_PERFORMANCE', 'OS_UPDATE_SYSTEM_PERFORMANCE', 'OS_UPDATE_SYSTEM_PERFORMANCE']","['CASE_005902', 'CASE_007143', 'CASE_004109']","['CASE_005902', 'CASE_007143', 'CASE_004109', 'CASE_002519', 'CASE_000832']","Your update ruined my phone

@115858 
@AppleSupport @115858 @AppleSupport Your update is the BUG",@667304 We’d like to offer our support. Can you tell us what you’ve experienced so far? Which iPhone and iOS version are you using? Locate your version by navigating to Settings &gt; General &gt; About.
477,CASE_003496,1519218,"My notification screen in iOS 11 keeps crashing (displaying only background) 😡🤬😡

Halp, @AppleSupport! @AppleSupport Thanks. Happening since 11.0.0. Now on 11.0.3. Both from home and lock screen. https://t.co/HUfeeHcynC",DISPLAY_TOUCH_SCREEN,KEYBOARD_TYPING_AUTOCORRECT,0.7551,CASE_004115,4,4.0,"['KEYBOARD_TYPING_AUTOCORRECT', 'KEYBOARD_TYPING_AUTOCORRECT', 'APP_CRASH_AND_DOWNLOAD']","['KEYBOARD_TYPING_AUTOCORRECT', 'KEYBOARD_TYPING_AUTOCORRECT', 'APP_CRASH_AND_DOWNLOAD', 'DISPLAY_TOUCH_SCREEN', 'KEYBOARD_TYPING_AUTOCORRECT']","['CASE_005010', 'CASE_002179', 'CASE_001993']","['CASE_005010', 'CASE_002179', 'CASE_001993', 'CASE_004115', 'CASE_007208']","@AppleSupport I am having some issues on notifications page, it looks weird after I upgraded to iOS 11.1 #iOS111 https://t.co/qQcvKRNZfV @AppleSupport I am surprised with this reply. This is a software issue, how does a restart would solve this? FYI: The issue is still not resolved, I am using iOS 11.1.1 https://t.co/JjScrPlUv7",@593773 Thanks for reaching out.  Please restart the iPhone and test to see if the issue persists.  DM us your results. https://t.co/GDrqU22YpT @593773 Thank you for that information.  DO you have a recent iTunes or iCloud backup of the device?  DM us back. https://t.co/GDrqU22YpT
480,CASE_004466,1747389,@AppleSupport how can i make my phone stop this uppercase I️ into symbols bs? @AppleSupport THANK YOU,HOW_TO_SETTINGS_CONFIGURATION,KEYBOARD_TYPING_AUTOCORRECT,0.7382,N/A,Missing (>10),,"['KEYBOARD_TYPING_AUTOCORRECT', 'KEYBOARD_TYPING_AUTOCORRECT', 'KEYBOARD_TYPING_AUTOCORRECT']","['KEYBOARD_TYPING_AUTOCORRECT', 'KEYBOARD_TYPING_AUTOCORRECT', 'KEYBOARD_TYPING_AUTOCORRECT', 'KEYBOARD_TYPING_AUTOCORRECT', 'GENERAL_DEVICE_INQUIRY']","['CASE_005337', 'CASE_004003', 'CASE_005187']","['CASE_005337', 'CASE_004003', 'CASE_005187', 'CASE_004265', 'CASE_003393']",Why is my phone turning the letter I️ into weird symbols what the heck @AppleSupport @AppleSupport Thanks I hope this works,@541538 Here’s what you can do to work around the issue until it’s fixed in a future software update: https://t.co/xXaXeeSRt9 @541538 You are very welcome. Reach out to us if you need any more assistance.
492,CASE_000267,143544,"@AppleSupport I am unable to pair devices with apple configurator, it's taking life time  ""looking for devices"", once ii found, tried to pair, it asked for auth token from other device which i never received in other device. Can you please help. @AppleSupport Macbook pro and iphone. @AppleSupport Thanks team for the response, sent the details.",GENERAL_DEVICE_INQUIRY,CONNECTIVITY_WIFI_BLUETOOTH,0.6693,CASE_007222,5,5.0,"['CONNECTIVITY_WIFI_BLUETOOTH', 'ACCOUNT_APPLEID_ICLOUD', 'CONNECTIVITY_WIFI_BLUETOOTH']","['CONNECTIVITY_WIFI_BLUETOOTH', 'ACCOUNT_APPLEID_ICLOUD', 'CONNECTIVITY_WIFI_BLUETOOTH', 'CONNECTIVITY_WIFI_BLUETOOTH', 'GENERAL_DEVICE_INQUIRY']","['CASE_001873', 'CASE_002062', 'CASE_005318']","['CASE_001873', 'CASE_002062', 'CASE_005318', 'CASE_001800', 'CASE_007222']","@AppleSupport hey guys can you help me? My iPhone cannot detect WiFi which needs authentification before connecting @AppleSupport Sorry for the late answer, this happened around the 02-Oct, any more details you need? Thanks for the support (:",@298544 Thanks for reaching out to us for support. We would love to help you. Can you tell us when you first encountered this issue? @298544 No worries! Let's see if this article helps sort out the trouble that you're having with Wi-Fi: https://t.co/sXbhzfS2lM
493,CASE_005216,2114692,"@AppleSupport I'm very much connected to the internet, something up? https://t.co/9dTvBTnoXR @AppleSupport I got it done this morning",GENERAL_DEVICE_INQUIRY,CONNECTIVITY_WIFI_BLUETOOTH,0.8344,CASE_006663,2,2.0,"['CONNECTIVITY_WIFI_BLUETOOTH', 'GENERAL_DEVICE_INQUIRY', 'GENERAL_DEVICE_INQUIRY']","['CONNECTIVITY_WIFI_BLUETOOTH', 'GENERAL_DEVICE_INQUIRY', 'GENERAL_DEVICE_INQUIRY', 'GENERAL_DEVICE_INQUIRY', 'GENERAL_DEVICE_INQUIRY']","['CASE_004660', 'CASE_006663', 'CASE_004410']","['CASE_004660', 'CASE_006663', 'CASE_004410', 'CASE_004415', 'CASE_004048']",@AppleSupport why is this happening ? I’m connected to WiFi. https://t.co/8E7wayUM2p,@533778 We'd like to help! Check out this article: https://t.co/Ui1yTnOCUz
495,CASE_000264,143497,Just connected to a Bluetooth speaker and my phone thinks I’m driving. Why? What types of devices are @115858 looking for when they invoke Safe Driving.,AUDIO_SOUND_SPEAKER,GENERAL_DEVICE_INQUIRY,0.6307,CASE_002237,8,8.0,"['GENERAL_DEVICE_INQUIRY', 'GENERAL_DEVICE_INQUIRY', 'CONNECTIVITY_WIFI_BLUETOOTH']","['GENERAL_DEVICE_INQUIRY', 'GENERAL_DEVICE_INQUIRY', 'CONNECTIVITY_WIFI_BLUETOOTH', 'CONNECTIVITY_WIFI_BLUETOOTH', 'CONNECTIVITY_WIFI_BLUETOOTH']","['CASE_004556', 'CASE_007810', 'CASE_001463']","['CASE_004556', 'CASE_007810', 'CASE_001463', 'CASE_001658', 'CASE_007545']",.@AppleSupport I’m standing at my desk right now... why does my iPhone think I’m driving? https://t.co/vkpbfonEAQ,@530587 Thank you for reaching out. Check out this article on using Do Not Disturb while Driving: https://t.co/BdISLrN866
496,CASE_002891,1219474,"Question: if you have DVDs, and they don’t include a digital copy, can you still load them on iTunes? @AppleSupport @AppleSupport Thanks anyway, on a side note, does anyone have use for 250+ dvds?",APP_STORE_PURCHASES_BILLING,DISPLAY_TOUCH_SCREEN,0.5346,CASE_006592,2,2.0,"['DISPLAY_TOUCH_SCREEN', 'APP_STORE_PURCHASES_BILLING', 'APP_STORE_PURCHASES_BILLING']","['DISPLAY_TOUCH_SCREEN', 'APP_STORE_PURCHASES_BILLING', 'APP_STORE_PURCHASES_BILLING', 'APP_STORE_PURCHASES_BILLING', 'APP_STORE_PURCHASES_BILLING']","['CASE_007632', 'CASE_006592', 'CASE_001744']","['CASE_007632', 'CASE_006592', 'CASE_001744', 'CASE_002621', 'CASE_004945']","@AppleSupport any way to download the standard def instead of HD versions of movies to my iPhone to save space? iOS 11 @AppleSupport Directly @AppleSupport Ah, thank you. I had been looking for that from the “purchased” screen in the iTunes Store. I now see that option is available when searching the store.","@792319 We can understand wanting to download the standard definition to save space. We’d like to gather a few more details so we can best assist. Are you downloading the videos directly to your iPhone or syncing them from iTunes? @792319 Thanks for letting us know. We have a great resource for this. Check out the steps in this article under ""Download SD content"": https://t.co/2wOy15ehR2 @792319 You're very welcome. Feel free to reach out to us if you need anything in the future."
498,CASE_000614,284443,"@AppleSupport Do you guys know if the in-app purchase service is down? I haven’t been able to buy anything in-app for a few days now. @AppleSupport It’s every app I’ve tried but specifically Fire Emblem: Heroes, PlayerXtreme, and Organ Trial @AppleSupport And the iPhone 7 Plus @AppleSupport Awesome, thank you!",CONNECTIVITY_WIFI_BLUETOOTH,APP_STORE_PURCHASES_BILLING,0.7266,N/A,Missing (>10),,"['APP_STORE_PURCHASES_BILLING', 'APP_STORE_PURCHASES_BILLING', 'APP_STORE_PURCHASES_BILLING']","['APP_STORE_PURCHASES_BILLING', 'APP_STORE_PURCHASES_BILLING', 'APP_STORE_PURCHASES_BILLING', 'APP_STORE_PURCHASES_BILLING', 'APP_STORE_PURCHASES_BILLING']","['CASE_003931', 'CASE_003265', 'CASE_002096']","['CASE_003931', 'CASE_003265', 'CASE_002096', 'CASE_000565', 'CASE_000562']",@AppleSupport I feel like I have been conned by the Apple store as I paid a lot of money for this app and can no longer,@497671 Check out this article and let us know if it helps: https://t.co/I39AyMJNgb
505,CASE_006771,2524420,@AppleSupport I try to use my Apple Watch few days ago was that yesterday and it did a blink thing that also followed by not letting me call my mom and today I try to call her on my iPhone 7 Plus did the same thing @AppleSupport Newest,GENERAL_DEVICE_INQUIRY,KEYBOARD_TYPING_AUTOCORRECT,0.6942,CASE_000235,2,2.0,"['KEYBOARD_TYPING_AUTOCORRECT', 'GENERAL_DEVICE_INQUIRY', 'CONNECTIVITY_WIFI_BLUETOOTH']","['KEYBOARD_TYPING_AUTOCORRECT', 'GENERAL_DEVICE_INQUIRY', 'CONNECTIVITY_WIFI_BLUETOOTH', 'CONNECTIVITY_WIFI_BLUETOOTH', 'GENERAL_DEVICE_INQUIRY']","['CASE_003668', 'CASE_000235', 'CASE_000327']","['CASE_003668', 'CASE_000235', 'CASE_000327', 'CASE_000052', 'CASE_006731']","@AppleSupport I have an iPhone 7plus and and Apple Watch Series 3. I no longer receive message notifications on my watch. Please help. @AppleSupport Most recent. If the iphone is close to the watch, I receive he message on phone not watch. @AppleSupport Let me check that out. Thanks for your help.",@260892 We'll help. What iOS/watchOS versions are running? Are you getting notifications on the paired iPhone? @260892 Is this occurring while using your iPhone? Let us know if this guide helps with this behavior: https://t.co/vXqj8bZGU7
507,CASE_000151,84194,"Please help me @115858 
My iPhone constantly plays songs on random and I’ve no idea why! @AppleSupport 11.0.2 @AppleSupport It’s seems to work fine but just plays all songs on shuffle, even if I press the first song on an album.",APP_STORE_PURCHASES_BILLING,AUDIO_SOUND_SPEAKER,0.6521,CASE_000840,2,2.0,"['AUDIO_SOUND_SPEAKER', 'APP_STORE_PURCHASES_BILLING', 'APP_STORE_PURCHASES_BILLING']","['AUDIO_SOUND_SPEAKER', 'APP_STORE_PURCHASES_BILLING', 'APP_STORE_PURCHASES_BILLING', 'APP_STORE_PURCHASES_BILLING', 'OS_UPDATE_SYSTEM_PERFORMANCE']","['CASE_003242', 'CASE_000840', 'CASE_000420']","['CASE_003242', 'CASE_000840', 'CASE_000420', 'CASE_001297', 'CASE_003083']","@AppleSupport My iPod sometimes randomly changes songs and puts itself on shuffle. And today it did something even more wtf - it randomly @AppleSupport switched from playing a song to the FM radio function while I was adjusting the volume. How does it get inputs that mixed up? @AppleSupport This model of iPod. It doesn't seem to list the OS version anywhere, but it was last updated in 2013 https://t.co/dlB85v8ziv @AppleSupport At least, I'm assuming that was the most recent update because the Legal info said copyright 2001-2013 @AppleSupport I can turn it on and off just fine, or is restarting iPods something different? I just wonder what causes these random hiccups @AppleSupport It's not like it becomes unresponsive, it's just that on occasion it hiccups in its responses to inputs. Usually it's the @AppleSupport ""change songs and set itself on shuffle"" thing, this is the first time I can recall it switching to the radio function. @AppleSupport I wonder if it's some kind of fault with this model, I had another like this and it had the very same occasional malfunction.","@445127 Let's sort this out together. Which iPod are you currently experiencing this with? Also, which iOS version is installed? @445127 Have you been able to restart the iPod or force restart? If not, please restart now. @445127 See this article on how to restart the iPod: https://t.co/hZJPDcApfY"
508,CASE_005857,2294873,"Am I the only one that finds @115858 safari tracks my location even though my phone location is always switched off along with my internet location .. it really is frustrating! 😤 @AppleSupport Morning, I've got the 10.3.2 I tried updating before but it wouldn't let me do I just left it as 🤷🏾‍♀️ @AppleSupport Hiya, so before when I tried to update. It had the notification alert on. But when it checked for an update it said the phone is up to date. It’s a model 6 and I’ve just managed to get it to update :)",APP_STORE_PURCHASES_BILLING,GENERAL_DEVICE_INQUIRY,0.6554,N/A,Missing (>10),,"['GENERAL_DEVICE_INQUIRY', 'GENERAL_DEVICE_INQUIRY', 'OS_UPDATE_SYSTEM_PERFORMANCE']","['GENERAL_DEVICE_INQUIRY', 'GENERAL_DEVICE_INQUIRY', 'OS_UPDATE_SYSTEM_PERFORMANCE', 'OS_UPDATE_SYSTEM_PERFORMANCE', 'OS_UPDATE_SYSTEM_PERFORMANCE']","['CASE_007766', 'CASE_005725', 'CASE_004109']","['CASE_007766', 'CASE_005725', 'CASE_004109', 'CASE_002973', 'CASE_007143']","|@AppleSupport, Am guessing my cellphone is still being tracked improperly. Am walking in Toronto, Ontario, at the moment. |@AppleSupport, Current iOS version is not noted.","@262393 Let us help you. Can you tell us which iOS version you are using please? @262393 For help to find this, please check Settings &gt; General &gt; About."
509,CASE_001394,561765,Wth my phone keeps turning off and them on again for like 4 hours already 😩 its so annoying @115858 @AppleSupport thank you! I am going to try this!! @AppleSupport I will! Thanks,GENERAL_DEVICE_INQUIRY,OS_UPDATE_SYSTEM_PERFORMANCE,0.7224,CASE_001515,3,3.0,"['OS_UPDATE_SYSTEM_PERFORMANCE', 'CONNECTIVITY_WIFI_BLUETOOTH', 'GENERAL_DEVICE_INQUIRY']","['OS_UPDATE_SYSTEM_PERFORMANCE', 'CONNECTIVITY_WIFI_BLUETOOTH', 'GENERAL_DEVICE_INQUIRY', 'OS_UPDATE_SYSTEM_PERFORMANCE', 'GENERAL_DEVICE_INQUIRY']","['CASE_001526', 'CASE_005767', 'CASE_001515']","['CASE_001526', 'CASE_005767', 'CASE_001515', 'CASE_001516', 'CASE_001191']",My phone keeps cutting off and on. 😭😭.. I’ve already reset it and idk what else to do. @AppleSupport @AppleSupport 11.1.2,"@259789 We're here for you. Which iOS version are you running in Settings &gt; General &gt; About &gt; Version? @259789 Thanks. Try the steps in this article, and let us know the result: https://t.co/osZOKKTalm"
511,CASE_000162,90262,"Dear @AppleSupport, we noticed a *HUGE* security issue at MacOS High Sierra. Anyone can login as ""root"" with empty password after clicking on login button several times. Are you aware of it @115858? @135589 @AppleSupport @115858 it's even worse after the latest security update. the system login as administrator automatically after restart or shutdown. without asking for password.???????????😯 @AppleSupport @115858 You can access it via System Preferences&gt;Users &amp; Groups&gt;Click the lock to make changes. Then use ""root"" with no password. And try it for several times. Result is unbelievable! https://t.co/m11qrEvECs @135589 @AppleSupport @115858 Not even multiple times, just hit enter, and off it goes... @135589 @AppleSupport @115858 I can confirm the behavior on my machine running 10.13.1. Absolutely unbelievable! @135589 @AppleSupport @115858 Confirmed on multiple machines. You can set a password for the root account to mitigate in the short term, but this is pretty serious :/ @135589 @AppleSupport @115858 Works with Keychain Access... OMG @135589 @AppleSupport @115858 Same goes for keychain as well as sensitive root level access items.

Really surprised @115858 didn't discover this in security QA.

What gives @115858 ? https://t.co/BRPRr5g8Zv @135589 @AppleSupport @115858 I keep getting requests to upgrade to High Sierra.  Maybe those requests should stop until you fix this bug? @135589 @157036 @AppleSupport @115858 Um, not on High Sierra machines at my work - are you sure that isn’t someone’s management setup (as bad as that is)? @135589 @AppleSupport @115858 Confirmed in High Sierra 10.13.1.
Must click really fast, but it can be reproduced rather easily @135589 @AppleSupport @115858 Everyone with a Mac needs to set a root password NOW.
As a user with admin access, type the following command from the Terminal.

sudo passwd -u root

Enter your password then a new password for the root user.
Anyone got a better fix?
@157036 @805468 @15555 @135589 @295241 @AppleSupport @115858 Can confirm on 10.13.2 Beta (17C79a) that's pretty bad @135589 @AppleSupport @115858 Multiple times? :D https://t.co/IIUbaQdWkc @135589 @AppleSupport @115858 No need to try it several times. Just type in `root` and press enter. https://t.co/1s7xwBV8An @135589 @AppleSupport @115858 @135589 how can you change the root password? @AppleSupport @135589 While you are fixing OS X, could you also make ""Automatically adjust brightness"" checkbox ""off"" state work again? @AppleSupport @135589 It also crashed my 2012 macbook pro within 1 month of installation. Login would reset and eventually could not be accessed at all had to use Recovery, still didn't work Firmly believe you guys did this to get people off computer that allowed new hard drive installation #THECLOUD @AppleSupport @135589 Dear #Apple, I hope you don't even pay him any money for making this vulnerability public BEFORE giving you the opportunity to fix it. What an amateur! @AppleSupport @135589 There are many ppl on this thread. Act like humans, stop telling users to DM you here. Ffs. @805193 @135589 @AppleSupport @115858 Sometimes works the first time, sometimes takes a few tries.

Something's rotten in the authentication layer! @805191 @135589 @157036 @AppleSupport @115858 It works for us. This is not gr8. @805191 @135589 @157036 @AppleSupport @115858 100000% true and tested and it give us full control over Apple device #quitApple @805191 @135589 @157036 @AppleSupport @115858 I can’t login from a restart with just root, but I can unlock sys pref with it. @805467 @135589 @AppleSupport @115858 @157036 @805468 @15555 Can confirm this works fine to stop the problem for now. cc @218968 https://t.co/mahAbIdhKA @788097 @AppleSupport @135589 Reset your SMC. @788097 @AppleSupport @135589 And every Bluetooth keyboard that for some reason needs to be reconnected EVERY TIME now. @696964 @135589 @AppleSupport @115858 And as someone else stated, I was even able to login from main login windows using root and no password just hit enter….serious bug! @218968 @805191 @135589 @157036 @AppleSupport @115858 Just checked, works, on first try.

This is not good. @AppleSupport @805160 reported for spam @AppleSupport @166518 Get outta here Apple you fucked up own up to it Publically for a change. @804173 @788097 @AppleSupport @135589 sure, resetting SMC is exactly the user friendly fix we all expect from Apple. @804174 @788097 @AppleSupport @135589 Reset your expectations. @804174 @804173 @788097 @AppleSupport @135589 it literally takes about three seconds, and if it fixes your issue: it’s not the OS’ fault. @AppleSupport @805168 It's not a bug it's a feature.. you wanted to login.. so you can just click login a few times and there you go your logged in 😊 @AppleSupport @805168 I mean, the whole internet kinda wants to know now, so maybe meet us here? @AppleSupport In case anyone who sees this doesn't know how to fix this (at least temporarily) or haven't seen the fix posted elsewhere, here's how to - 

https://t.co/X5sHlmkzVl @AppleSupport @805168 My computer was just hacked and the hacker transferred 86,000 dollars out of my bank account!!!!! PISSSEEEEDDDDDD!!!! @AppleSupport @805168 Doesn’t sound automated and robotic at all! @AppleSupport @805168 This is the same message I got regarding its stocks app. They want your full personal info even though the problem is obvious and affects everyone. They won’t look into anything unless you provide them with your personal info. @AppleSupport @805168 We want to know too. Keep it public please. @AppleSupport @805168 Also, someone apparently hacked your design labs, and removed the Headphone Jack from the iPhone. It appears to have gone unnoticed for the last few builds. @AppleSupport @805168 Time to hackkkkkkkkkkkkk something 🤔 @AppleSupport @805168 I replicated this every time on my 2016 MBP. This in no way can be classified as a ""BUG"". @AppleSupport @805168 Зачем вам какие-то данные кроме версии системы? @AppleSupport @805168 By ""together"" you mean, the millions of users to whom you ever sold a mac ? (As you strut about your computers being always updated with the latest system : high sierrra, the one with the big whole in it)... @AppleSupport @805168 Corporate speak bollox! @AppleSupport your Tweet was quoted in an article by @121927  https://t.co/YbHNYniK4E @AppleSupport @805168 hopefully you guys are also working hard on IOS 11, too many problems to mention.......NOT GOOD! @AppleSupport @805168 *slides in dms like* https://t.co/NKYqQVot1e @AppleSupport @805168 Being honest here @AppleSupport you guys need to hire somebody who understands critical bugs. I've reported several critical bugs to you and you always give this ""how can we help you troubleshoot"" response that is dramatically ignorant. @AppleSupport @805168 just tried on my mac, worked the first time. This isn't great. @AppleSupport @805168 But macs dont get hacked? @804173 @804174 @788097 @AppleSupport @135589  https://t.co/dMoQBN9XGk @804173 @804174 @788097 @AppleSupport @135589 For the prices Apple charge, my expectations are that it just works @804173 @788097 @AppleSupport @135589 haha yeah i will. @805171 @AppleSupport @805168 Would be kinda translucent… @805171 @AppleSupport @805168 LOOOOOOOOOOOL!!!! @805171 @AppleSupport @805168 LOL, well put. @805171 @AppleSupport @805168 😂 @805171 @AppleSupport @805168 this cool ""hey we'll meet you there bucko"" like someone just texted you abt a party instead of immediately addressing the point is sickening @805171 @AppleSupport @805168 ..... following with interest! 
Reaching out to the customer without a DM!
I think I'll have a ringside seat! @805171 @AppleSupport @805168 wasnt sure how to feel about responsible disclosure vs public shame argument, guess this makes it kind of easy lol. 🤦‍♂️🤦‍♂️🤦‍♂️🤦‍♂️

https://t.co/Xn7PMqTeaB @805171 @AppleSupport @805168 Becomes hard to criticize android or any other platform for keeping our user data, when Mac OS just hands it to everyone on a silver platter with bugs like this.... @805168 @AppleSupport Can confirm. Don't disable root user because OSX reenables it after a few login attempts. @AppleSupport @805168 Also the hacker uninstalled iTunes somehow.

He can keep the 86,000 dollars. It's worth it. @682279 @AppleSupport @805168 Same for @113638 Won't act on a bug report unless you give them your license info. Very poor! @234108 @AppleSupport @805168 Your doing it wrong.. apple support is not the route 😉 @805189 @AppleSupport Software update that fixes this is available, update ASAP. @804176 @804173 @804174 @788097 @AppleSupport @135589 Man is salty @805176 @805171 @AppleSupport @805168 On the bright side no Chromebook has this issue. @805176 @805171 @AppleSupport @805168 Last time I check ahold host of different devices to choose from slide on over to @122609 sure they’ll welcome you with open arms and leave the @AppleSupport camp alone. They have better issues to tend to like animal emojis @805181 @805171 @AppleSupport No platform is perfect. @804177 @804176 @804173 @804174 @788097 @AppleSupport @135589 Heaven forbid he has to actually _do_ something :o @805177 @805176 @805171 @AppleSupport @805168 But it is still a Chromebook @805177 @805176 @805171 @AppleSupport @805168 Well of course not.

No one buys them, so Chromebooks have no issues. @804178 @804177 @804176 @804173 @804174 @788097 @AppleSupport @135589 On a $500 laptop I can overlook that. If I’m spending a few grand? No that shit better work. @804178 @804177 @804176 @804173 @788097 @AppleSupport @135589 well, this is definitely _something_: https://t.co/ZY5vQsNhdq @805179 @805177 @805176 @805171 @AppleSupport @805168 @118936 @AppleSupport is the @10218 Software @805178 @805176 @805171 @AppleSupport @805168 I have 3 Chromebooks. Work great. @805179 @805177 @805176 @805171 @AppleSupport @805168 @118936 @10218 But unfortunately my MacBook Air got #TKO",KEYBOARD_TYPING_AUTOCORRECT,DISPLAY_TOUCH_SCREEN,0.6384,CASE_000975,4,4.0,"['DISPLAY_TOUCH_SCREEN', 'DISPLAY_TOUCH_SCREEN', 'DISPLAY_TOUCH_SCREEN']","['DISPLAY_TOUCH_SCREEN', 'DISPLAY_TOUCH_SCREEN', 'DISPLAY_TOUCH_SCREEN', 'KEYBOARD_TYPING_AUTOCORRECT', 'ACCOUNT_APPLEID_ICLOUD']","['CASE_007531', 'CASE_001045', 'CASE_002248']","['CASE_007531', 'CASE_001045', 'CASE_002248', 'CASE_000975', 'CASE_006157']","@AppleSupport I upgraded iMac to Sierra and now no admin passwords are accepted for login to the OS. Can you help? It's essentially bricked at this point @AppleSupport Yes. Same username and password that worked before the update. It's my Apple ID @AppleSupport I am able to sign in to a non admin account, but when I try to make changes I am prompted for my Apple ID and password, which are rejected. They are both known to be correct and working on other Apple devices @AppleSupport I cannot. Before the error was occurring when I was attempting to restart the iMac from the Apple menu. Other users were logged in, prompting for the admin Apple ID and password. Since, the iMac has been hard restarted and their are no other logged in users, thus, no prompt @AppleSupport So now, I just have an admin password screen that's not accepting the correct password with no errors. Would you like a screen shot of this DM'd?",@781516 We understand you need to get logged in. Are you using an Apple ID account to sign in? https://t.co/QnMgELDQi7 @781516 Can you send us a screenshot of the message where it asks for your password when you try to make changes? Send it in a DM with the link below. https://t.co/GDrqU22YpT @781516 Let's take a deeper look at this in DM. Let us know if you were able to log in to any user account after restarting there. https://t.co/GDrqU2kzhr
513,CASE_003874,1614453,This letter “I️” glitch is pissing me tf off now @AppleSupport @AppleSupport Thanks!,OS_UPDATE_SYSTEM_PERFORMANCE,KEYBOARD_TYPING_AUTOCORRECT,0.857,CASE_003549,8,8.0,"['KEYBOARD_TYPING_AUTOCORRECT', 'GENERAL_DEVICE_INQUIRY', 'GENERAL_DEVICE_INQUIRY']","['KEYBOARD_TYPING_AUTOCORRECT', 'GENERAL_DEVICE_INQUIRY', 'GENERAL_DEVICE_INQUIRY', 'KEYBOARD_TYPING_AUTOCORRECT', 'GENERAL_DEVICE_INQUIRY']","['CASE_004307', 'CASE_002601', 'CASE_004380']","['CASE_004307', 'CASE_002601', 'CASE_004380', 'CASE_003964', 'CASE_004001']",@AppleSupport @115858 when will you fix the bug with letter I️? Get a glitch with a A? @AppleSupport Thanks this worked and I am passing the word around!,@516711 We'd like to help and we have a workaround for this here: https://t.co/xXaXeeSRt9 DM us if you still need help. https://t.co/GDrqU22YpT @516711 We're glad to hear it. Don't hesitate to reach back out if you have any other questions or concerns for us. We're happy to help.
519,CASE_002824,1181495,@AppleSupport y esto es lo que me ocurre a menudo desde la actualización 😡 https://t.co/ujCtl8oAZC @AppleSupport Thank you!,GENERAL_DEVICE_INQUIRY,APP_STORE_PURCHASES_BILLING,0.7139,CASE_000220,2,2.0,"['APP_STORE_PURCHASES_BILLING', 'GENERAL_DEVICE_INQUIRY', 'GENERAL_DEVICE_INQUIRY']","['APP_STORE_PURCHASES_BILLING', 'GENERAL_DEVICE_INQUIRY', 'GENERAL_DEVICE_INQUIRY', 'GENERAL_DEVICE_INQUIRY', 'GENERAL_DEVICE_INQUIRY']","['CASE_002637', 'CASE_000220', 'CASE_006363']","['CASE_002637', 'CASE_000220', 'CASE_006363', 'CASE_000846', 'CASE_006346']","@AppleSupport hola buenas, quería saber cómo dar de baja el servicio de Apple Music. @AppleSupport Ah, ok, thanks.",@379264 We offer support via Twitter in English. Get help in Spanish here: https://t.co/IBIY3w3RGR or join https://t.co/OczyRxpjG0
520,CASE_001938,770510,"@AppleSupport Hi. Just upgraded to iPhone 8 but got this message and apps won’t install. My old phone was 128 gb but only used 28gb space? https://t.co/dL01HCe4Ho @AppleSupport I’m running 11.0.3. Not sure on iTunes as I’m currently in bed (UK customer) so will look tomorrow. I did restore from a back up. @AppleSupport Also got this in Photos app https://t.co/hiDrvUwOz6 @AppleSupport Done, thanks.",APP_STORE_PURCHASES_BILLING,OS_UPDATE_SYSTEM_PERFORMANCE,0.6833,CASE_002697,8,8.0,"['OS_UPDATE_SYSTEM_PERFORMANCE', 'OS_UPDATE_SYSTEM_PERFORMANCE', 'GENERAL_DEVICE_INQUIRY']","['OS_UPDATE_SYSTEM_PERFORMANCE', 'OS_UPDATE_SYSTEM_PERFORMANCE', 'GENERAL_DEVICE_INQUIRY', 'GENERAL_DEVICE_INQUIRY', 'HOW_TO_SETTINGS_CONFIGURATION']","['CASE_001988', 'CASE_002640', 'CASE_000196']","['CASE_001988', 'CASE_002640', 'CASE_000196', 'CASE_000793', 'CASE_003308']","@AppleSupport Hi I was finally able to make enough space and download ios 11, but can't get it to install. Please help. Thanks. @AppleSupport Yes. It asks me to retry or remind me later. It says there was an error or something trying to install.It never installs after trying2verify @AppleSupport Ok. Thanks.","@311210 What happens when you try to install? Are you getting an error message? @311210 Thanks for that information. Let's meet up in DM, and we'll start troubleshooting this. https://t.co/GDrqU22YpT"
522,CASE_003070,1331989,@AppleSupport the sound the voice text button makes is SO annoying!!!!! how do I turn it oFF?!! 😳 https://t.co/reb2qQnkhQ @AppleSupport loud noise doesn’t turn off when system sounds are turned off.. https://t.co/UYtS3bjwX0 @AppleSupport thank you! just wanted to make sure I didn’t overlook a setting.,AUDIO_SOUND_SPEAKER,HOW_TO_SETTINGS_CONFIGURATION,0.6515,CASE_005597,2,2.0,"['HOW_TO_SETTINGS_CONFIGURATION', 'AUDIO_SOUND_SPEAKER', 'AUDIO_SOUND_SPEAKER']","['HOW_TO_SETTINGS_CONFIGURATION', 'AUDIO_SOUND_SPEAKER', 'AUDIO_SOUND_SPEAKER', 'HOW_TO_SETTINGS_CONFIGURATION', 'DISPLAY_TOUCH_SCREEN']","['CASE_003163', 'CASE_005597', 'CASE_002402']","['CASE_003163', 'CASE_005597', 'CASE_002402', 'CASE_004908', 'CASE_005946']",Does anyone know how to turn this off?!?!? 🙏🏻😆🤣 @AppleSupport #drivingmecrazy #AppleSupport https://t.co/QfJco9iUBA @AppleSupport Thank you so much 🙌🏻😎,@437921 Hi! This should help you out: https://t.co/BdISLrN866
525,CASE_003184,1371898,"I can't install iOS 11 .1 Beta 5, all it says is ""Verifying update"" then it says error. Please help @AppleSupport",OS_UPDATE_SYSTEM_PERFORMANCE,KEYBOARD_TYPING_AUTOCORRECT,0.7742,CASE_000817,2,2.0,"['KEYBOARD_TYPING_AUTOCORRECT', 'OS_UPDATE_SYSTEM_PERFORMANCE', 'OS_UPDATE_SYSTEM_PERFORMANCE']","['KEYBOARD_TYPING_AUTOCORRECT', 'OS_UPDATE_SYSTEM_PERFORMANCE', 'OS_UPDATE_SYSTEM_PERFORMANCE', 'OS_UPDATE_SYSTEM_PERFORMANCE', 'OS_UPDATE_SYSTEM_PERFORMANCE']","['CASE_004672', 'CASE_000817', 'CASE_001988']","['CASE_004672', 'CASE_000817', 'CASE_001988', 'CASE_004526', 'CASE_004916']",@AppleSupport iOS 11.2 Public Beta 2 will not I️nstall. Says cannot verify because you are no longer connected to the internet. I’ve tried restarting and trying again as well as resetting network settings. I’ve tried deleting the update and re installing also. iPhone 7 Plus. @AppleSupport Actually it just installed. Not sure what was going on but it’s all good now. Thanks!,"@534034 Hey, there. We'd like to do our best to help. Send us a DM and we'll continue from there. https://t.co/GDrqU22YpT"
528,CASE_006573,2476290,"Just wanna thank @115858  for screwing up my IPhone 7 Plus that I️ got in June, with all these updates. 🙃 @AppleSupport My phone froze last night and wouldn’t let me turn it off or anything. I️ finally figured out how to reset it. But I️ haven’t had any @AppleSupport Problems with it until the last update. @AppleSupport iOS 11 that’s the first time it had froze. And I wasn’t doing anything but on the home screen @AppleSupport 11.1 I️ know there’s another update but is it going to fix all these problems I’ve been having or create more? @AppleSupport Okay thank you",DISPLAY_TOUCH_SCREEN,APP_CRASH_AND_DOWNLOAD,0.802,N/A,Missing (>10),,"['APP_CRASH_AND_DOWNLOAD', 'OS_UPDATE_SYSTEM_PERFORMANCE', 'OS_UPDATE_SYSTEM_PERFORMANCE']","['APP_CRASH_AND_DOWNLOAD', 'OS_UPDATE_SYSTEM_PERFORMANCE', 'OS_UPDATE_SYSTEM_PERFORMANCE', 'OS_UPDATE_SYSTEM_PERFORMANCE', 'AUDIO_SOUND_SPEAKER']","['CASE_007765', 'CASE_002561', 'CASE_000436']","['CASE_007765', 'CASE_002561', 'CASE_000436', 'CASE_000878', 'CASE_000378']",".@AppleSupport My iPhone 7 is no longer usable after the latest updates. It keeps on crashing and rebooting. Thank you @115858 for taking that page from Android too.. #Fail #Apple #iOS1112 #iPhone7 @AppleSupport It works for like 10 seconds, freezes, then i hard reset it. When it reboots it either gets stuck on Apple logo for few minutes and then boot up, or the cycle goes on. This has happened to me two weeks ago, I lost info as I recovered the phone, and it's back at it now. @AppleSupport An old backup, and it was stable at 11.1.1 until 11.1.2 was installed (today) :/ It's rebooting again. There might not be a solution at the moment, but please fix it soon in 11.1.3 or whatever. Thank you for your support :)","@806050 We'd love to get your iPhone working as expected again. Is the device unexpectedly restarting while doing anything or using any app in particular? What do you do to restore functionality when this happens or does it automatically boot back up? @806050 We know how frustrating of an experience it can be for your iPhone not to work as expected. We want it to be reliable for you. Thanks for those details. If your issues persisted after restoring your device, did you set up as new or restore from a backup? @806050 We’d like to check this out with you in more detail. DM us to continue. https://t.co/GDrqU22YpT"
529,CASE_005593,2246977,"@AppleSupport hi! I'm having a few issues with my memory - I wonder if you could help me? @AppleSupport Thanks! iPhone 6s Plus - I have very little data available, but have very few apps downloaded and my camera roll currently looks like this? Can you give me some advice please. I have deleted all irrelevant data https://t.co/nEScxy3dmt",GENERAL_DEVICE_INQUIRY,APP_CRASH_AND_DOWNLOAD,0.6553,CASE_001646,6,6.0,"['APP_CRASH_AND_DOWNLOAD', 'OS_UPDATE_SYSTEM_PERFORMANCE', 'APP_STORE_PURCHASES_BILLING']","['APP_CRASH_AND_DOWNLOAD', 'OS_UPDATE_SYSTEM_PERFORMANCE', 'APP_STORE_PURCHASES_BILLING', 'BATTERY_CHARGING_POWER', 'ACCOUNT_APPLEID_ICLOUD']","['CASE_007406', 'CASE_006355', 'CASE_001361']","['CASE_007406', 'CASE_006355', 'CASE_001361', 'CASE_007171', 'CASE_006701']","@AppleSupport My iphone 7 just lost all 11.000 of my photos &amp; videos. It froze so I had to restart it (press vol button &amp; home button at the same time). Once I was done restarting it, I check my camera roll &amp; photos were all GONE. I quickly connected it to my macbook &amp; now + @AppleSupport @AppleSupport the photos are starting to restore VERY SLOWLY. What just happened? My iphone  never glitched or froze like this until beginning of this month. I have 128 gb &amp; have 70+gb space left. How to prevent this from happening again? Why did this happen? please reply! @AppleSupport Thanks for replying. Good idea, I sent you a DM.","@772042 We're glad to hear photos are restoring. Let's work together in DM where we can investigate the behavior further, and ensure your photos are safe moving forward. https://t.co/GDrqU22YpT"
532,CASE_005259,2123944,Is anyone else seeing a question mark box after the latest iOS update on their keyboard? @AppleSupport ? How do I️ fix it? It sometimes shows in people’s writings too :/ it’s not letting me type right either. @115858 https://t.co/4C0vS9cRmp @AppleSupport @115858 This is annoying. https://t.co/YJS3bzMQ5O @AppleSupport Thank you for the feedback!,KEYBOARD_TYPING_AUTOCORRECT,OS_UPDATE_SYSTEM_PERFORMANCE,0.7723,CASE_005896,3,3.0,"['OS_UPDATE_SYSTEM_PERFORMANCE', 'OS_UPDATE_SYSTEM_PERFORMANCE', 'KEYBOARD_TYPING_AUTOCORRECT']","['OS_UPDATE_SYSTEM_PERFORMANCE', 'OS_UPDATE_SYSTEM_PERFORMANCE', 'KEYBOARD_TYPING_AUTOCORRECT', 'OS_UPDATE_SYSTEM_PERFORMANCE', 'OS_UPDATE_SYSTEM_PERFORMANCE']","['CASE_000077', 'CASE_003327', 'CASE_005896']","['CASE_000077', 'CASE_003327', 'CASE_005896', 'CASE_004469', 'CASE_003450']",Why can we not type the letter “i” without it turning into a question mark? 🙃 @AppleSupport https://t.co/SKl6L9NhZS @124176 @AppleSupport Help me too 😂 @124176 @AppleSupport Mine keeps doing this too!!! @124176 @AppleSupport Following this too bc it’s been happening to me!! @AppleSupport Thank you! iOS 11.1!,@124176 Let's work together to sort this out. Which iOS version is this happening with? @448575 Hi there. We'll be glad to help. Please meet us in a DM and we'll get started: https://t.co/GDrqU22YpT @584760 We want to help with the issue you're having when typing. Please let us know in DM the iOS version you're using on your device. https://t.co/GDrqU22YpT @125157 We're here for you! Let's work together. Send us a DM and let us know when this started happening. https://t.co/GDrqU22YpT @124176 Let's take this to DM so we can better assist you. https://t.co/GDrqU22YpT
533,CASE_000359,177835,@AppleSupport both my mom and I were transferred to an Apple care rep from Verizon. After being on hold for ~10 minutes the line went dead. Lazy Apple care reps tonight? @AppleSupport We have a new iPhone 6s that won’t receive calls or texts. Can make and send them just fine but when calling it from any phone says “user busy” @AppleSupport It was a backup from an old device. The 6s has always been in the state of not receiving calls. The old iPhone it is replacing worked. @AppleSupport The SIM card was brand new given to us when we got the device. @AppleSupport It was purchased in store at a Best Buy,OS_UPDATE_SYSTEM_PERFORMANCE,GENERAL_DEVICE_INQUIRY,0.696,N/A,Missing (>10),,"['GENERAL_DEVICE_INQUIRY', 'CONNECTIVITY_WIFI_BLUETOOTH', 'CONNECTIVITY_WIFI_BLUETOOTH']","['GENERAL_DEVICE_INQUIRY', 'CONNECTIVITY_WIFI_BLUETOOTH', 'CONNECTIVITY_WIFI_BLUETOOTH', 'GENERAL_DEVICE_INQUIRY', 'CONNECTIVITY_WIFI_BLUETOOTH']","['CASE_006726', 'CASE_003587', 'CASE_002572']","['CASE_006726', 'CASE_003587', 'CASE_002572', 'CASE_006731', 'CASE_006734']","My phone is failing to receive incoming calls and to make calls. Someone help. 😭 @AppleSupport @AppleSupport I am using an iPhone 6s, when I try to make a call it immediately hangs up without ringing. @AppleSupport It worked! Thank you so much!","@717334 Happy to help you. What model iPhone are you using? Can you tell us what happens when you go to make a phone call now? @717334 Try to turn Airplane mode on, and then back off. See if you can make calls normally again after this. Our website here has information on using Airplane mode: https://t.co/NhYbxEazNR @717334 We're happy to hear that worked. You know how to reach us if you ever need to again. We're online every day from 5am-8pm PST."
538,CASE_004417,1733794,"@115858 eye feel like I️ this glitch easy to fix, y’all being lazy 😭 @AppleSupport Thank you",OS_UPDATE_SYSTEM_PERFORMANCE,GENERAL_DEVICE_INQUIRY,0.83,CASE_005324,2,2.0,"['GENERAL_DEVICE_INQUIRY', 'OS_UPDATE_SYSTEM_PERFORMANCE', 'KEYBOARD_TYPING_AUTOCORRECT']","['GENERAL_DEVICE_INQUIRY', 'OS_UPDATE_SYSTEM_PERFORMANCE', 'KEYBOARD_TYPING_AUTOCORRECT', 'GENERAL_DEVICE_INQUIRY', 'OS_UPDATE_SYSTEM_PERFORMANCE']","['CASE_004524', 'CASE_005324', 'CASE_006674']","['CASE_004524', 'CASE_005324', 'CASE_006674', 'CASE_006033', 'CASE_004199']",@115858 FIX THE EYE ISSUE @AppleSupport I fixed it thank yaaa,@529629 Here’s what you can do to work around the issue until it’s fixed in a future software update: https://t.co/xXaXeeSRt9
540,CASE_004764,1846889,"Dear @115858, please stop forcing me to update my phone. iOS 11 is glitchy af. @553176 @115858 I've literally been dodging their new update forever! @553177 @115858 It’s terrible. And the fact that I woke up to the new update was not appreciated. @AppleSupport Thank you for reaching out. I sent you a DM.",OS_UPDATE_SYSTEM_PERFORMANCE,CONNECTIVITY_WIFI_BLUETOOTH,0.8141,CASE_004802,2,2.0,"['CONNECTIVITY_WIFI_BLUETOOTH', 'OS_UPDATE_SYSTEM_PERFORMANCE', 'OS_UPDATE_SYSTEM_PERFORMANCE']","['CONNECTIVITY_WIFI_BLUETOOTH', 'OS_UPDATE_SYSTEM_PERFORMANCE', 'OS_UPDATE_SYSTEM_PERFORMANCE', 'OS_UPDATE_SYSTEM_PERFORMANCE', 'APP_CRASH_AND_DOWNLOAD']","['CASE_002379', 'CASE_004802', 'CASE_000483']","['CASE_002379', 'CASE_004802', 'CASE_000483', 'CASE_002175', 'CASE_007469']",@115858 please fix iOS 11 yesterday. Nothing works. I’m on high speed WiFi and my apps are taking 6.35 years to update.,@346924 We're happy to assist. Which iOS 11 version are you currently running? Go to Settings &gt; General &gt; About for the version. https://t.co/GDrqU22YpT
545,CASE_003509,1526009,@AppleSupport my Iphone 6s suddenly turned off And not turning on @AppleSupport Yes . Phone stuck in boot loading @AppleSupport Phone stuck in boot loading https://t.co/2LBYE6m5KM @AppleSupport Thank you Service center resolved The problem,GENERAL_DEVICE_INQUIRY,OS_UPDATE_SYSTEM_PERFORMANCE,0.7186,CASE_001248,2,2.0,"['OS_UPDATE_SYSTEM_PERFORMANCE', 'GENERAL_DEVICE_INQUIRY', 'GENERAL_DEVICE_INQUIRY']","['OS_UPDATE_SYSTEM_PERFORMANCE', 'GENERAL_DEVICE_INQUIRY', 'GENERAL_DEVICE_INQUIRY', 'OS_UPDATE_SYSTEM_PERFORMANCE', 'HOW_TO_SETTINGS_CONFIGURATION']","['CASE_000304', 'CASE_001248', 'CASE_001037']","['CASE_000304', 'CASE_001248', 'CASE_001037', 'CASE_001206', 'CASE_001362']","@115858 @AppleSupport the worst experience i had with iphone today, when suddenly (my iphone 6s plus after the update) keep restarting and hang on the apple logo 😡 @AppleSupport I already solved the issue but unfortunately my number was out of service around 3 hours","@150604 This isn't the experience we want you to have, at all. Please check out this article to resolve the issue: https://t.co/8MvHMFZ83h If this doesn't take care of it, DM and let us know. We'll be here to help. https://t.co/GDrqU22YpT @150604 We're glad to hear it's now been sorted. We're live on Twitter between 5 AM and 8 PM Pacific time. Reach out if we can be of further service."
547,CASE_003915,1620584,"@AppleSupport Please help!! This is happening to my friend too and it’s so frustrating 😣 if it matters, I️ have an iPhone 7 https://t.co/xmRNW3g5Z3 @AppleSupport See?! Even after changing it back to the letter now it’s a hashtag and a question mark. Wth!! @AppleSupport Yes!! It worked!! I didn’t input it correctly when I did it before I asked for help, but now it’s working!! Thank you! 🙌🙌",GENERAL_DEVICE_INQUIRY,OS_UPDATE_SYSTEM_PERFORMANCE,0.7079,CASE_005313,3,3.0,"['OS_UPDATE_SYSTEM_PERFORMANCE', 'OS_UPDATE_SYSTEM_PERFORMANCE', 'GENERAL_DEVICE_INQUIRY']","['OS_UPDATE_SYSTEM_PERFORMANCE', 'OS_UPDATE_SYSTEM_PERFORMANCE', 'GENERAL_DEVICE_INQUIRY', 'KEYBOARD_TYPING_AUTOCORRECT', 'GENERAL_DEVICE_INQUIRY']","['CASE_005385', 'CASE_000077', 'CASE_005313']","['CASE_005385', 'CASE_000077', 'CASE_005313', 'CASE_003844', 'CASE_003393']",@AppleSupport why is this happening on iPhone 7+ after updating to iOS 11 - should be I️... https://t.co/dsa2drbnI7 @AppleSupport The character is weird. It should be a single letter referring to me! @AppleSupport Thanks! I fixed it I hope 🤞🏼,@631947 Here’s what you can do to work around the issue until it’s fixed in a future software update: https://t.co/xXaXeeSRt9
548,CASE_006315,2402067,OMFG @115858 your programming team needs to be fired!!! I’ve updated and everything. My iPhone is still working like ass!! @115858 Thanks for pushing me over to @117159 i pay too much money for you to be unreliable!!!! Fuck @115858,GENERAL_DEVICE_INQUIRY,BATTERY_CHARGING_POWER,0.7978,CASE_006598,2,2.0,"['BATTERY_CHARGING_POWER', 'GENERAL_DEVICE_INQUIRY', 'OS_UPDATE_SYSTEM_PERFORMANCE']","['BATTERY_CHARGING_POWER', 'GENERAL_DEVICE_INQUIRY', 'OS_UPDATE_SYSTEM_PERFORMANCE', 'OS_UPDATE_SYSTEM_PERFORMANCE', 'OS_UPDATE_SYSTEM_PERFORMANCE']","['CASE_000168', 'CASE_006598', 'CASE_005165']","['CASE_000168', 'CASE_006598', 'CASE_005165', 'CASE_006369', 'CASE_004917']",@115858 my iPhone after last update is dying sooo quick is on the edge of ridiculousness.. 🤬,"@135627 Battery life is everything! Let's see how we can get yours back to being great. Is it iOS 11.1.2 that you have installed now? When you navigate to Settings &gt; Battery, do you see any alert at the top of this page regarding your battery?"
549,CASE_004900,1934096,"So my iphone 8 screen has just gone off for no reason whatsoever the sound still works when I get notifications im so annoyed @AppleSupport @AppleSupport Had it for a few days and it manages to mess up from absolutely nothing 🙃🙃🙃🙃🙃🙃🙃 @AppleSupport Thank you that has worked and my iPhone is now working, I wasn’t sure how to force reset on the iPhone 8 @AppleSupport Thank you",AUDIO_SOUND_SPEAKER,DISPLAY_TOUCH_SCREEN,0.685,CASE_002350,8,8.0,"['DISPLAY_TOUCH_SCREEN', 'KEYBOARD_TYPING_AUTOCORRECT', 'BATTERY_CHARGING_POWER']","['DISPLAY_TOUCH_SCREEN', 'KEYBOARD_TYPING_AUTOCORRECT', 'BATTERY_CHARGING_POWER', 'BATTERY_CHARGING_POWER', 'DISPLAY_TOUCH_SCREEN']","['CASE_000603', 'CASE_007208', 'CASE_002470']","['CASE_000603', 'CASE_007208', 'CASE_002470', 'CASE_002085', 'CASE_000139']",Can someone help me with an iPhone 8 issue please?? The screen light won't turn off #iphone8 #issue #techincalsupport #apple #iphone @182273 @AppleSupport @115858 I’m having the same problem with the 8. #help @182272 🙄 get your own sodding post! @182273 @AppleSupport thanks. It’s now sorted 👌,@182272 Let's see what we can do. Which version of iOS are you on? You can find that in Settings &gt; General &gt; About. Reply in DM. https://t.co/GDrqU22YpT @182272 Awesome! Let us know if you run into anymore issues.
550,CASE_000038,23137,come on @115858 you guys removed the option to leave a group conversation! ugh!! 🤦🏽‍♀️ please bring that option back ASAP  @AppleSupport  #ios1112 #iphoneX #overit @AppleSupport Is this only for the iPhone X because I have a friend where she was able to leave a Work group conversation using her iPhone and not everyone on the group chat has an Iphone. @AppleSupport Thank you,GENERAL_DEVICE_INQUIRY,CONNECTIVITY_WIFI_BLUETOOTH,0.6882,CASE_002905,4,4.0,"['CONNECTIVITY_WIFI_BLUETOOTH', 'OS_UPDATE_SYSTEM_PERFORMANCE', 'KEYBOARD_TYPING_AUTOCORRECT']","['CONNECTIVITY_WIFI_BLUETOOTH', 'OS_UPDATE_SYSTEM_PERFORMANCE', 'KEYBOARD_TYPING_AUTOCORRECT', 'GENERAL_DEVICE_INQUIRY', 'GENERAL_DEVICE_INQUIRY']","['CASE_000613', 'CASE_006239', 'CASE_004053']","['CASE_000613', 'CASE_006239', 'CASE_004053', 'CASE_002905', 'CASE_001647']","@AppleSupport ever since I got iOS 11 on my iPhone 6 there is one group chat I can’t send any texts in, I can only see what they say. Help! @AppleSupport I have 11.0.2 but it’s started since iOS 11 and I have an iPhone 6s @AppleSupport have done that multiple times along with restarting my phone, resetting network setting. None of which have worked","@183746 We'll be happy to help out. To clarify, are you on the latest version of iOS 11, 11.0.2? Also, which device do you have? @183746 Let's try leaving the group and rejoining the group. Let us know if that helps: https://t.co/JyciMT0ftu @183746 Alright. Did you initiate this particular group chat? Or was it started by someone else? Let us know via DM. We’ll go from there. https://t.co/GDrqU22YpT"
551,CASE_004203,1680805,@AppleSupport Hi! Can you confirm when the phone upgrade plan will be available again?? Thanks. @AppleSupport Thanks...I tried that and also waited for an online chat but no one came :(,GENERAL_DEVICE_INQUIRY,APP_CRASH_AND_DOWNLOAD,0.65,CASE_005725,2,2.0,"['APP_CRASH_AND_DOWNLOAD', 'GENERAL_DEVICE_INQUIRY', 'APP_STORE_PURCHASES_BILLING']","['APP_CRASH_AND_DOWNLOAD', 'GENERAL_DEVICE_INQUIRY', 'APP_STORE_PURCHASES_BILLING', 'GENERAL_DEVICE_INQUIRY', 'GENERAL_DEVICE_INQUIRY']","['CASE_001190', 'CASE_005725', 'CASE_003093']","['CASE_001190', 'CASE_005725', 'CASE_003093', 'CASE_007684', 'CASE_002620']","I understand y'all came out with the new phone and all but you don't have to bully me into buying it , it's on my Christmas list 💀got my phone breaking down and freezing all over the place @115858 @AppleSupport Thanks for the response , it won't even let me do the update","@245232 That's certainly not on our list either, so let's take a look at this together. First, have you already updated your iPhone to iOS 11.2? If not, backup your iPhone and update and let us know how it goes:  https://t.co/80YRnjDFDk @245232 Please send us a DM with details about what happens when you try to do the update. Thank you. https://t.co/GDrqU22YpT"
552,CASE_000411,195973,"Ok, @AppleSupport, please explain this. Playback came from iPhone speakers. https://t.co/67JPCOWSZ7 @AppleSupport Thx. They’re 🎧 and I have repaired them a billion times. They have worked poorly with my iPhone since iOS 10 came out. @AppleSupport All apps.",GENERAL_DEVICE_INQUIRY,AUDIO_SOUND_SPEAKER,0.6931,CASE_005871,9,9.0,"['AUDIO_SOUND_SPEAKER', 'AUDIO_SOUND_SPEAKER', 'BATTERY_CHARGING_POWER']","['AUDIO_SOUND_SPEAKER', 'AUDIO_SOUND_SPEAKER', 'BATTERY_CHARGING_POWER', 'AUDIO_SOUND_SPEAKER', 'AUDIO_SOUND_SPEAKER']","['CASE_006190', 'CASE_004113', 'CASE_005655']","['CASE_006190', 'CASE_004113', 'CASE_005655', 'CASE_007242', 'CASE_002449']",".@AppleSupport When I downloaded new iOS, speaker phone on my iPhone 6 doesn't work (just normal speaker), but it does on my 8. Do you know about this bug and is a fix in the works? @AppleSupport Thanks for your prompt reply! It has iOS 11.1.1 When I play music, the speakers work. Seems to be only when I'm using the phone, even when I put it on speaker, it doesn't come out through the speaker","@681223 Let's get the speaker working on your iPhone 6 together. Which iOS version does it have installed, exactly? Also, just to confirm, are you able to hear sounds when playing music through your speakers? @681223 Let's give these steps a try next and let us know the outcome: https://t.co/4Kux8rhhGX"
555,CASE_002838,1184383,@AppleSupport how can i copy os x sieraa to usb @AppleSupport thank you very much 🌹🌹,HOW_TO_SETTINGS_CONFIGURATION,GENERAL_DEVICE_INQUIRY,0.5316,CASE_003894,7,7.0,"['GENERAL_DEVICE_INQUIRY', 'GENERAL_DEVICE_INQUIRY', 'APP_STORE_PURCHASES_BILLING']","['GENERAL_DEVICE_INQUIRY', 'GENERAL_DEVICE_INQUIRY', 'APP_STORE_PURCHASES_BILLING', 'GENERAL_DEVICE_INQUIRY', 'GENERAL_DEVICE_INQUIRY']","['CASE_005589', 'CASE_001346', 'CASE_004761']","['CASE_005589', 'CASE_001346', 'CASE_004761', 'CASE_003423', 'CASE_003644']","@AppleSupport https://t.co/qKQIauN87h @AppleSupport It works. Thank you, @AppleSupport. I.",@653667 Here’s what you can do to work around the issue until it’s fixed in a future software update: https://t.co/xXaXeeSRt9 @653667 You're welcome and enjoy the rest of your day!
557,CASE_006241,2369533,@AppleSupport how do I fix the i problem?,HOW_TO_SETTINGS_CONFIGURATION,GENERAL_DEVICE_INQUIRY,0.8953,N/A,Missing (>10),,"['GENERAL_DEVICE_INQUIRY', 'GENERAL_DEVICE_INQUIRY', 'GENERAL_DEVICE_INQUIRY']","['GENERAL_DEVICE_INQUIRY', 'GENERAL_DEVICE_INQUIRY', 'GENERAL_DEVICE_INQUIRY', 'GENERAL_DEVICE_INQUIRY', 'GENERAL_DEVICE_INQUIRY']","['CASE_004001', 'CASE_005490', 'CASE_005639']","['CASE_004001', 'CASE_005490', 'CASE_005639', 'CASE_005305', 'CASE_007231']",@AppleSupport can you please fix this problem with the letter “I️” and the fact that it turns into I️ @AppleSupport Thanks!,@500871 Thanks for reaching out. We have a workaround for this here: https://t.co/xXaXeeSRt9
562,CASE_007063,2639716,So @AppleSupport my phone just reset all my email accounts and numbers in my phone book Fam.. @AppleSupport Well I guess two of the 3 accounts came back but my contacts haven’t came back I now have a text log full of just numbers and “Maybe:John etc”,OS_UPDATE_SYSTEM_PERFORMANCE,ACCOUNT_APPLEID_ICLOUD,0.7208,CASE_004776,6,6.0,"['ACCOUNT_APPLEID_ICLOUD', 'ACCOUNT_APPLEID_ICLOUD', 'GENERAL_DEVICE_INQUIRY']","['ACCOUNT_APPLEID_ICLOUD', 'ACCOUNT_APPLEID_ICLOUD', 'GENERAL_DEVICE_INQUIRY', 'ACCOUNT_APPLEID_ICLOUD', 'GENERAL_DEVICE_INQUIRY']","['CASE_005247', 'CASE_007623', 'CASE_006413']","['CASE_005247', 'CASE_007623', 'CASE_006413', 'CASE_007589', 'CASE_003117']","@AppleSupport why do my contacts not all go back on to my new phone missing loads glad I noticed ! having to re type them back in ? Everything backed up as well,losing customers details is not good as I’m self employed 🤬 @AppleSupport All I have selected is the iCloud contacts the rest of are email groups I did have it linked with my outlook but have given up with that as they never worked very well together, losing email groups so all I’m using is iCloud now just a pain putting all back in @AppleSupport I only ever save numbers and contact details  on my phone it seems like a lot of my new ones haven’t saved if any I’ve added about 50 and I am up to J  and it is set on iCloud to back up as well it’s a good job I didn’t wipe my old phone !","@256638 Contacts are important; let's help! Open Contacts &gt; Tap Groups (top left corner). Do you have all of your accounts selected? @256638 Got it. So were the missing contacts part of Outlook group, or another email group, that you were previously using? @256638 let's go to https://t.co/tmRhWEkIq4 from a computer and verify if your contacts are there. Here's how: https://t.co/klXy8CNAUn"
563,CASE_003254,1403879,"It’s crazy when I didn’t update my 7plus it worked perfect, nw it’s updated my joint freezing an everything. No @115858 I Dn’t want a new phn",OS_UPDATE_SYSTEM_PERFORMANCE,DISPLAY_TOUCH_SCREEN,0.6302,CASE_002561,2,2.0,"['DISPLAY_TOUCH_SCREEN', 'OS_UPDATE_SYSTEM_PERFORMANCE', 'OS_UPDATE_SYSTEM_PERFORMANCE']","['DISPLAY_TOUCH_SCREEN', 'OS_UPDATE_SYSTEM_PERFORMANCE', 'OS_UPDATE_SYSTEM_PERFORMANCE', 'OS_UPDATE_SYSTEM_PERFORMANCE', 'DISPLAY_TOUCH_SCREEN']","['CASE_004770', 'CASE_002561', 'CASE_002499']","['CASE_004770', 'CASE_002561', 'CASE_002499', 'CASE_004423', 'CASE_001500']",Anyone else’s iPhone 7 freezing and touch screen not responding well since the new iOS update @115858 @553720 @115858 Yip! Only had issues since last update. @671525 @115858 I just updated this morning and it’s driving me mad cant get on to certain things. 😩 Dx @553720 @115858 Let me know how you get on @671525 @115858 Reset seems to have fixed my phone Dx,@553720 We're happy you've reached out to us. Please let us know in DM the exact version of iOS 11 you're using. https://t.co/GDrqU22YpT @553720 We're glad it's working again! Contact us any time. We’re available every day from 5 a.m. to 8 p.m. Pacific time.
565,CASE_002505,1021549,Atualizei meu IOS de novo e tá travando. @AppleSupport ki ki tá contesenu? @AppleSupport Thank you! I just updated my IOS and it’s still not working properly. The screen is freezing.,DISPLAY_TOUCH_SCREEN,OS_UPDATE_SYSTEM_PERFORMANCE,0.7017,CASE_006390,10,10.0,"['OS_UPDATE_SYSTEM_PERFORMANCE', 'OS_UPDATE_SYSTEM_PERFORMANCE', 'OS_UPDATE_SYSTEM_PERFORMANCE']","['OS_UPDATE_SYSTEM_PERFORMANCE', 'OS_UPDATE_SYSTEM_PERFORMANCE', 'OS_UPDATE_SYSTEM_PERFORMANCE', 'OS_UPDATE_SYSTEM_PERFORMANCE', 'OS_UPDATE_SYSTEM_PERFORMANCE']","['CASE_000606', 'CASE_002005', 'CASE_006849']","['CASE_000606', 'CASE_002005', 'CASE_006849', 'CASE_004493', 'CASE_005107']","@AppleSupport my 7plus keeps freezing since I updated to iOS11. I have to keep restarting it. This is not good. @AppleSupport Actually, it sometimes happens when I turn my data on. I can’t open any apps at all. Nothing will open and look at this screenshot https://t.co/beSUA8ItkS @AppleSupport I wasn’t even using Safari that time. The freezing keeps happening more and more and I don’t want to keep restarting my phone @AppleSupport I already sent a private message. I’m waiting for your assistance. Thank you.","@149004 We want to help. After restarting, how long before it happens? Are you using a certain app when it becomes unresponsive? @149004 Thanks. DM us if you've already updated to iOS 11.0.1 and we'll continue support there. https://t.co/GDrqU22YpT"
566,CASE_003136,1354536,@AppleSupport my billing address somehow defaulted to my shipping address when I placed my order &amp; I can’t change it. Will it get cancelled? @AppleSupport Thanks but online chat  and the  phone number both say they are too busy to take my call/chat. I’ve tried several times.,APP_STORE_PURCHASES_BILLING,CONNECTIVITY_WIFI_BLUETOOTH,0.7392,CASE_005667,3,3.0,"['CONNECTIVITY_WIFI_BLUETOOTH', 'GENERAL_DEVICE_INQUIRY', 'APP_STORE_PURCHASES_BILLING']","['CONNECTIVITY_WIFI_BLUETOOTH', 'GENERAL_DEVICE_INQUIRY', 'APP_STORE_PURCHASES_BILLING', 'APP_STORE_PURCHASES_BILLING', 'APP_STORE_PURCHASES_BILLING']","['CASE_003173', 'CASE_003140', 'CASE_005667']","['CASE_003173', 'CASE_003140', 'CASE_005667', 'CASE_007731', 'CASE_007816']","@AppleSupport 800 number still not taking calls, chat service can’t help. When can I change the shipping address for my iPhone X order? Thx @AppleSupport Thank you. I am required to call 800 MYAPPLE to make the change, but they are not taking calls. DM me to change the address","@438522 We know your time is valuable. Our Apple Online Store team are the ones to assist ordering issues: https://t.co/8yjRd1Xo0i @438522 Send us a DM with the country you're located in, we want to be sure to provide you with the correct contact information. https://t.co/GDrqU2kzhr"
567,CASE_001897,755805,@AppleSupport hi any advice on gps issues. My google maps is all over the place when I use sat nav and my strava won’t track my runs,GENERAL_DEVICE_INQUIRY,OS_UPDATE_SYSTEM_PERFORMANCE,0.6158,CASE_001076,3,3.0,"['OS_UPDATE_SYSTEM_PERFORMANCE', 'OS_UPDATE_SYSTEM_PERFORMANCE', 'GENERAL_DEVICE_INQUIRY']","['OS_UPDATE_SYSTEM_PERFORMANCE', 'OS_UPDATE_SYSTEM_PERFORMANCE', 'GENERAL_DEVICE_INQUIRY', 'CONNECTIVITY_WIFI_BLUETOOTH', 'BATTERY_CHARGING_POWER']","['CASE_007147', 'CASE_006166', 'CASE_001076']","['CASE_007147', 'CASE_006166', 'CASE_001076', 'CASE_006971', 'CASE_002021']","iOS 11.1.1 broke GPS and nobody seems to be talking about it. @128511 @AppleSupport @223118 @AppleSupport GPS services no longer follow my location for Google Maps or Waze. Sometimes Apple Maps works, but not consistently. @AppleSupport A quick google search shows this is common. Already restarted, etc. @AppleSupport It has, but I brought it into the store. Thanks! 😎",@755942 What issues are you having with GPS? We can help. @755942 Let's update to 11.1.2 and see if this issue still persists. https://t.co/80YRnjDFDk
568,CASE_006125,2343757,"@AppleSupport I can’t reset my iPhone 6 to factory settings @AppleSupport Did it through iTunes. Thx @AppleSupport I solved it, and yes , there was an error message, but I did not take note of it @677842 @AppleSupport Watjapen chillout",APP_STORE_PURCHASES_BILLING,OS_UPDATE_SYSTEM_PERFORMANCE,0.6817,N/A,Missing (>10),,"['OS_UPDATE_SYSTEM_PERFORMANCE', 'OS_UPDATE_SYSTEM_PERFORMANCE', 'OS_UPDATE_SYSTEM_PERFORMANCE']","['OS_UPDATE_SYSTEM_PERFORMANCE', 'OS_UPDATE_SYSTEM_PERFORMANCE', 'OS_UPDATE_SYSTEM_PERFORMANCE', 'HOW_TO_SETTINGS_CONFIGURATION', 'KEYBOARD_TYPING_AUTOCORRECT']","['CASE_001588', 'CASE_001206', 'CASE_001294']","['CASE_001588', 'CASE_001206', 'CASE_001294', 'CASE_001362', 'CASE_007872']",@AppleSupport Could you help me restore my iPhone5 to factory settings please? You've helped me before but I forgot how to. Thanks! @AppleSupport Thank you!,@265088 Sure thing. This article will walk you through how to restore your iPhone to factory settings: https://t.co/swvuDDNFQT
569,CASE_005620,2261479,Do Not Disturb doesn’t work anymore @115858... another update in the works? @AppleSupport I just had to restart the phone. Worked good so far today. Thanks for reaching out,OS_UPDATE_SYSTEM_PERFORMANCE,GENERAL_DEVICE_INQUIRY,0.7846,CASE_004689,2,2.0,"['GENERAL_DEVICE_INQUIRY', 'OS_UPDATE_SYSTEM_PERFORMANCE', 'GENERAL_DEVICE_INQUIRY']","['GENERAL_DEVICE_INQUIRY', 'OS_UPDATE_SYSTEM_PERFORMANCE', 'GENERAL_DEVICE_INQUIRY', 'GENERAL_DEVICE_INQUIRY', 'GENERAL_DEVICE_INQUIRY']","['CASE_000078', 'CASE_004689', 'CASE_007515']","['CASE_000078', 'CASE_004689', 'CASE_007515', 'CASE_002052', 'CASE_000985']",God damn you @115858 my phone isn’t ringing out loud after the recent iOS upgrade and I’m losing business!  #pleasefix @AppleSupport Hi @AppleSupport I googled the problem and turns out do not disturb function had been activated somehow unbeknown to me.  Thank you for help,@124312 We'd like to help you! Are you experiencing sound issues with any apps besides the Phone app? @124312 We're glad you were able to get it fixed. You're very welcome!
570,CASE_006002,2306627,"Why tf did @115858 remove the talk to text feature from iPhone? That shit came in clutch.. nobody has time to be typing everything out @AppleSupport Im not talking about dictation, im talking about that little microphone 🎤 button on the keyboard that types out what you say @AppleSupport You don’t want no smoke",KEYBOARD_TYPING_AUTOCORRECT,OS_UPDATE_SYSTEM_PERFORMANCE,0.5599,CASE_000324,3,3.0,"['OS_UPDATE_SYSTEM_PERFORMANCE', 'OS_UPDATE_SYSTEM_PERFORMANCE', 'KEYBOARD_TYPING_AUTOCORRECT']","['OS_UPDATE_SYSTEM_PERFORMANCE', 'OS_UPDATE_SYSTEM_PERFORMANCE', 'KEYBOARD_TYPING_AUTOCORRECT', 'OS_UPDATE_SYSTEM_PERFORMANCE', 'OS_UPDATE_SYSTEM_PERFORMANCE']","['CASE_001942', 'CASE_003885', 'CASE_000324']","['CASE_001942', 'CASE_003885', 'CASE_000324', 'CASE_002124', 'CASE_007241']","My talk-to-text is not working with the new update and I am going crazy. #sendhelp @115858 @AppleSupport When I speak into the phone, it will only register a couple of words and then it just buffers. @AppleSupport I think the update fixed it!",@304390 We appreciate you reaching out about your talk to text function. What happens when you try to use it? @304390 Which iOS version is your device currently running? We want to make sure that you're running the latest version.
571,CASE_003075,1333746,"IOS 11.3 or whatever messed up my iMessages bro, that shit be taking days to activate wtf @115858 @AppleSupport Yes I just updated to latest IOS 11.0.3 and I have an iPhone 6s @AppleSupport It works, thanks",OS_UPDATE_SYSTEM_PERFORMANCE,CONNECTIVITY_WIFI_BLUETOOTH,0.7914,CASE_003987,2,2.0,"['CONNECTIVITY_WIFI_BLUETOOTH', 'OS_UPDATE_SYSTEM_PERFORMANCE', 'OS_UPDATE_SYSTEM_PERFORMANCE']","['CONNECTIVITY_WIFI_BLUETOOTH', 'OS_UPDATE_SYSTEM_PERFORMANCE', 'OS_UPDATE_SYSTEM_PERFORMANCE', 'OS_UPDATE_SYSTEM_PERFORMANCE', 'GENERAL_DEVICE_INQUIRY']","['CASE_000081', 'CASE_003987', 'CASE_001826']","['CASE_000081', 'CASE_003987', 'CASE_001826', 'CASE_000396', 'CASE_002773']",@AppleSupport upgraded to iOS 11.1 today from 11.03 and iMessage has stopped working and will not activate. Suggestions? @AppleSupport Fixed. Wasn’t worm king with both until I went to work and connected to a WiFi that I haven’t been remembered by,@124668 We'd like to help with your iMessage issue. Are you connected to Wi-Fi or cellular data? @124668 We're glad to hear all is well. Please let us know if there's anything else we can do.
572,CASE_005087,2041623,"@AppleSupport Something is wrong with your update verification server. Check out this message. Also I deleted and reinstalled the update and have internet. Thanks. https://t.co/hIrBmSMMLd @AppleSupport @603667 Same thing is happening to me. Can’t even update through iTunes either. @__MissVee__ @AppleSupport Try it again, their servers might be working now. @603667 @AppleSupport Yup just did it and it worked 👍🏼",APP_STORE_PURCHASES_BILLING,OS_UPDATE_SYSTEM_PERFORMANCE,0.7802,CASE_005178,2,2.0,"['OS_UPDATE_SYSTEM_PERFORMANCE', 'APP_STORE_PURCHASES_BILLING', 'OS_UPDATE_SYSTEM_PERFORMANCE']","['OS_UPDATE_SYSTEM_PERFORMANCE', 'APP_STORE_PURCHASES_BILLING', 'OS_UPDATE_SYSTEM_PERFORMANCE', 'CONNECTIVITY_WIFI_BLUETOOTH', 'ACCOUNT_APPLEID_ICLOUD']","['CASE_005208', 'CASE_005178', 'CASE_004526']","['CASE_005208', 'CASE_005178', 'CASE_004526', 'CASE_004576', 'CASE_003019']","@AppleSupport Is the update servers currently down? All of our devices will download, but can’t verify updates. @AppleSupport It’s back up and running this morning. All good now.",@623060 Things look good here: https://t.co/7NVrDovSd8 Try restarting your devices and give it another go. Let us know if it works. @623060 Great! Glad to hear it. Thanks for the update.
573,CASE_002542,1052458,@115858 Updated my IPhone 6S to IOS 11.0.03. How do I STOP the annoying pop-ups please? Thank you very much!! #NotHappy @AppleSupport e.g. Popup to offer do not disturb when driving. I don’t drive! @AppleSupport I also got this one &amp; never used it set up apple pay or wallet on my iPhone. Please help me STOP this garbage! Thanks! https://t.co/xIRaNs9afn,OS_UPDATE_SYSTEM_PERFORMANCE,APP_STORE_PURCHASES_BILLING,0.7104,CASE_003436,3,3.0,"['APP_STORE_PURCHASES_BILLING', 'GENERAL_DEVICE_INQUIRY', 'OS_UPDATE_SYSTEM_PERFORMANCE']","['APP_STORE_PURCHASES_BILLING', 'GENERAL_DEVICE_INQUIRY', 'OS_UPDATE_SYSTEM_PERFORMANCE', 'OS_UPDATE_SYSTEM_PERFORMANCE', 'BATTERY_CHARGING_POWER']","['CASE_007745', 'CASE_006398', 'CASE_003436']","['CASE_007745', 'CASE_006398', 'CASE_003436', 'CASE_002944', 'CASE_002017']",Does anyone know how to turn off the @115858 ios push updates FOREVER? Keeps downloading in the background using me space. Ill never ever update to ios 11 on iPhone 6 ever‼️,"@804168 If you don't want new updates to be downloaded automatically, you can turn this off by going to Settings &gt; iTunes &amp; App Store &gt; Turn off automatic downloads for updates.

Next, go to Settings &gt; General &gt; iPhone Storage and ensure there's no downloaded updates."
574,CASE_000071,35344,"Dear @AppleSupport I have an iPhone 7 &amp; iTunes, both genuine. So why do I always get this message when I sync? Hope you can help. Thanks. https://t.co/QgJ14liJDw @AppleSupport Thanks for getting back to me. I have Windows 10 &amp; the latest version of iTunes, which updated this morning just before I did the sync.",APP_STORE_PURCHASES_BILLING,GENERAL_DEVICE_INQUIRY,0.5831,CASE_005688,3,3.0,"['GENERAL_DEVICE_INQUIRY', 'CONNECTIVITY_WIFI_BLUETOOTH', 'APP_STORE_PURCHASES_BILLING']","['GENERAL_DEVICE_INQUIRY', 'CONNECTIVITY_WIFI_BLUETOOTH', 'APP_STORE_PURCHASES_BILLING', 'OS_UPDATE_SYSTEM_PERFORMANCE', 'APP_STORE_PURCHASES_BILLING']","['CASE_006749', 'CASE_002249', 'CASE_005688']","['CASE_006749', 'CASE_002249', 'CASE_005688', 'CASE_001760', 'CASE_001558']",@AppleSupport  I updated to the new iOS and got this message...what now? https://t.co/tKsaeAJvqm @AppleSupport I figured it out- thanks!,@717678 We're here to help. Please meet us in DM and let us know what macOS version you updated to and we'll go from there. https://t.co/GDrqU22YpT @717678 No problem at all. We're glad everything worked out.
578,CASE_004083,1648335,"Proof that my “I” changes to that. :| @AppleSupport https://t.co/7K9ikR9DkU @503562 @AppleSupport No flava you’re not the only one. When i type a capital i, with the help of autocorrect i get ... a capital A and ? in 📦.",KEYBOARD_TYPING_AUTOCORRECT,OS_UPDATE_SYSTEM_PERFORMANCE,0.763,CASE_005187,6,6.0,"['OS_UPDATE_SYSTEM_PERFORMANCE', 'GENERAL_DEVICE_INQUIRY', 'GENERAL_DEVICE_INQUIRY']","['OS_UPDATE_SYSTEM_PERFORMANCE', 'GENERAL_DEVICE_INQUIRY', 'GENERAL_DEVICE_INQUIRY', 'OS_UPDATE_SYSTEM_PERFORMANCE', 'GENERAL_DEVICE_INQUIRY']","['CASE_003743', 'CASE_003902', 'CASE_006011']","['CASE_003743', 'CASE_003902', 'CASE_006011', 'CASE_003761', 'CASE_004139']",@AppleSupport is there a reason my “i” generates a weird character when capitalized and singled out? installed newest os update too @AppleSupport that’s not a solution to the bug. that’s a shortcut that every user can access and it’s a lazy run-around,@487019 We're here for you. Check out this article for help: https://t.co/xU1AGHStV6
581,CASE_007690,2887999,@AppleSupport What’s the build number for iOS 11.1 that dropped today? Specifically for iPhone 7+. Thanks! @AppleSupport Thanks. Was on the Public Beta and didn’t know if there was like when the full point releases drop and there’s a full OS update to be done. @AppleSupport And the High Sierra build that dropped? Was beta on that as well.,OS_UPDATE_SYSTEM_PERFORMANCE,GENERAL_DEVICE_INQUIRY,0.7166,CASE_005130,2,2.0,"['GENERAL_DEVICE_INQUIRY', 'OS_UPDATE_SYSTEM_PERFORMANCE', 'OS_UPDATE_SYSTEM_PERFORMANCE']","['GENERAL_DEVICE_INQUIRY', 'OS_UPDATE_SYSTEM_PERFORMANCE', 'OS_UPDATE_SYSTEM_PERFORMANCE', 'GENERAL_DEVICE_INQUIRY', 'OS_UPDATE_SYSTEM_PERFORMANCE']","['CASE_005076', 'CASE_005130', 'CASE_000817']","['CASE_005076', 'CASE_005130', 'CASE_000817', 'CASE_000023', 'CASE_000436']","@AppleSupport Seriously considering a @117159 - iOS 11x is a disaster! #stevehadstandards @AppleSupport Thank you for response. I will, but I suspect it’s going to take a new release.",@602156 We want to help. DM us details of any issues you're having with your device on iOS 11 and we'll work with you there. https://t.co/GDrqU22YpT
582,CASE_002574,1066825,"My phone calls are being randomly cut off and I get this notification.. is it just me or.. ? @AppleSupport https://t.co/VvslxspBL4 @AppleSupport I’m using iOS 11.0.1 
it’s been happening a lot this week and it happens in many places not just one specific location @AppleSupport Will do. Thanks a lot",KEYBOARD_TYPING_AUTOCORRECT,CONNECTIVITY_WIFI_BLUETOOTH,0.6657,N/A,Missing (>10),,"['CONNECTIVITY_WIFI_BLUETOOTH', 'DISPLAY_TOUCH_SCREEN', 'OS_UPDATE_SYSTEM_PERFORMANCE']","['CONNECTIVITY_WIFI_BLUETOOTH', 'DISPLAY_TOUCH_SCREEN', 'OS_UPDATE_SYSTEM_PERFORMANCE', 'OS_UPDATE_SYSTEM_PERFORMANCE', 'OS_UPDATE_SYSTEM_PERFORMANCE']","['CASE_005852', 'CASE_006718', 'CASE_006730']","['CASE_005852', 'CASE_006718', 'CASE_006730', 'CASE_006804', 'CASE_002732']","@AppleSupport @118101 Constantly getting this message since updating to iOS 11.1.1 Help! https://t.co/R1aQcwryVO @AppleSupport Hi, I’m not trying to message anyone, that message just keeps popping up randomly on my phone every 10 minutes or so. Thanks @AppleSupport Thanks I tried this but it hasn’t solved the problem, think it’s possibly linked to EEWiFiCall? @AppleSupport Hi, It happened without trying to message anyone, just randomly appeared every so often while I was using my phone, although I realised it often coincided with opening certain apps like twitter. However switching WiFi calling off and on again seems to have solved the problem.","@666169 Thanks for contacting us about not being able to send messages on your iPhone. We'll be happy to help get this resolved. Can you tell us if this is happening with everyone you try to message? Also, check out these steps: https://t.co/2hgNQH8Vvq @666169 Thanks for letting us know for sure! Let's have you try to restart the iPhone and then see if it persists. This will help restart: https://t.co/OWRDHXa3VP If it does, force close your apps and restart once more. This will guide you: https://t.co/RqqIctJeOt @666169 This might certainly be something to reach out to the carrier about. Does this happen with all numbers? Does this occur with non-Wi-Fi calling as well? @666169 Alright, glad to hear it seems to be resolved. 

Let us know if the issue comes back, we'll troubleshoot further from there."
584,CASE_003366,1451592,@AppleSupport what s the reason for this error https://t.co/2JW8s2FHuU @AppleSupport I tried to switch the game centre account @AppleSupport Wow... thank u for ur support... it resolved.. what is the reason for this error? Will it happen again?,GENERAL_DEVICE_INQUIRY,ACCOUNT_APPLEID_ICLOUD,0.7548,CASE_005425,3,3.0,"['ACCOUNT_APPLEID_ICLOUD', 'ACCOUNT_APPLEID_ICLOUD', 'GENERAL_DEVICE_INQUIRY']","['ACCOUNT_APPLEID_ICLOUD', 'ACCOUNT_APPLEID_ICLOUD', 'GENERAL_DEVICE_INQUIRY', 'GENERAL_DEVICE_INQUIRY', 'GENERAL_DEVICE_INQUIRY']","['CASE_004186', 'CASE_007779', 'CASE_005425']","['CASE_004186', 'CASE_007779', 'CASE_005425', 'CASE_002706', 'CASE_006442']",@AppleSupport I couldn't login game center how to fix this? https://t.co/nZDzMgIaIF,@510144 Thanks for reaching out. We'd be happy to help. Which iOS version are you using? You can check in Settings &gt; General &gt; About.
586,CASE_007780,2919971,@AppleSupport Gamecenter is not working to change accounts.  Fix this please. https://t.co/rB8BGR50oq @808170 @AppleSupport I am having the same problem. Looks like a system wide issue. @AppleSupport Both also happens on my iPad. I have friends with the same issue. @AppleSupport @808170 Yes cannot connect on WiFi or cellular @AppleSupport @808170 if both ways of connecting do not work (either by Wi-Fi or mobile networks) @AppleSupport This is the type of thing that will drive me to android. Figure it out! @AppleSupport  https://t.co/DvCVI6tsck,CONNECTIVITY_WIFI_BLUETOOTH,ACCOUNT_APPLEID_ICLOUD,0.6478,CASE_001800,4,4.0,"['ACCOUNT_APPLEID_ICLOUD', 'BATTERY_CHARGING_POWER', 'ACCOUNT_APPLEID_ICLOUD']","['ACCOUNT_APPLEID_ICLOUD', 'BATTERY_CHARGING_POWER', 'ACCOUNT_APPLEID_ICLOUD', 'CONNECTIVITY_WIFI_BLUETOOTH', 'APP_STORE_PURCHASES_BILLING']","['CASE_007779', 'CASE_002290', 'CASE_001928']","['CASE_007779', 'CASE_002290', 'CASE_001928', 'CASE_001800', 'CASE_002748']","@AppleSupport Is game center down?  It's not recognizing my login! @AppleSupport @807894  https://t.co/hMTXufLbxB @AppleSupport It’s working now, give whomever fixed it a raise","@807894 We've got your back. Can you tell us the message you are seeing when trying to use Game Center or what's happening? Which device are you using? @807895 Thanks for reaching out and the screenshot. We'd like some details to assist. Which iPhone model and iOS is this occurring on? Let us know and we'll continue. @807895 Glad to hear it's working for you now.  If there's anything you need in the future, reach out. We'll be happy to help."
588,CASE_007808,2944545,"@AppleSupport hi guys my Apple Music playlists keep shuffling without being asked to, it’s REALLY annoying! Can you help please? iPhone 7+ iOS 11.2 @AppleSupport Found a solution, I wasn’t scrolling down far enough 🙄",APP_STORE_PURCHASES_BILLING,OS_UPDATE_SYSTEM_PERFORMANCE,0.6711,CASE_004361,2,2.0,"['OS_UPDATE_SYSTEM_PERFORMANCE', 'APP_STORE_PURCHASES_BILLING', 'APP_STORE_PURCHASES_BILLING']","['OS_UPDATE_SYSTEM_PERFORMANCE', 'APP_STORE_PURCHASES_BILLING', 'APP_STORE_PURCHASES_BILLING', 'APP_STORE_PURCHASES_BILLING', 'APP_STORE_PURCHASES_BILLING']","['CASE_004437', 'CASE_004361', 'CASE_000768']","['CASE_004437', 'CASE_004361', 'CASE_000768', 'CASE_002322', 'CASE_004954']","@AppleSupport @115948 yo how do I take repeat song off on iOS 11.1 smh @AppleSupport The music player in this article does not match the newest update, this article is outdated. Put some respek on my name 😷",@524833 We can help with that for sure. Check out this article for information on controls for the Music app: https://t.co/Q3ojzTGrTU
592,CASE_001409,565888,"@AppleSupport This appears whenever I’m using my phone and closes all my apps it just happend and Won’t stop from happening https://t.co/dkV5a0EC0c @AppleSupport It happens every 2 minutes and it lasts about 5 seconds, my phone has become unusable please help @AppleSupport I did the first 2 steps « turning off notifications » and surprisingly the phone didn’t reboot again, now waiting for the update to fully download, thanks for the help I’ll see if it will be fixed after updating to 11.2 https://t.co/hJyTJ2gHf4",APP_CRASH_AND_DOWNLOAD,DISPLAY_TOUCH_SCREEN,0.7562,CASE_001329,5,5.0,"['DISPLAY_TOUCH_SCREEN', 'OS_UPDATE_SYSTEM_PERFORMANCE', 'OS_UPDATE_SYSTEM_PERFORMANCE']","['DISPLAY_TOUCH_SCREEN', 'OS_UPDATE_SYSTEM_PERFORMANCE', 'OS_UPDATE_SYSTEM_PERFORMANCE', 'DISPLAY_TOUCH_SCREEN', 'APP_CRASH_AND_DOWNLOAD']","['CASE_001137', 'CASE_000238', 'CASE_005400']","['CASE_001137', 'CASE_000238', 'CASE_005400', 'CASE_001378', 'CASE_001329']","@AppleSupport Every 2 minutes this happening on my phone screen and restart everything. I did some research and so many people have the same issue. Any solve?

İphone 7 - iOs 11.1.2 @AppleSupport no and never... @AppleSupport I only update my apps on my Phone App Store last night, so far I didn't install any new app or restore anything, please advise; thank you.",@238535 We'd love to help out. Are you seeing this issue with any specific apps or usage?  Do you do anything to restore function?
593,CASE_002004,806904,Dear @115858 can another update have a feature during #facetime where I can share my screen to show my friend something on another app #Apple @AppleSupport Thank you,DISPLAY_TOUCH_SCREEN,GENERAL_DEVICE_INQUIRY,0.5228,CASE_002800,2,2.0,"['GENERAL_DEVICE_INQUIRY', 'DISPLAY_TOUCH_SCREEN', 'DISPLAY_TOUCH_SCREEN']","['GENERAL_DEVICE_INQUIRY', 'DISPLAY_TOUCH_SCREEN', 'DISPLAY_TOUCH_SCREEN', 'OS_UPDATE_SYSTEM_PERFORMANCE', 'CONNECTIVITY_WIFI_BLUETOOTH']","['CASE_002793', 'CASE_002800', 'CASE_006871']","['CASE_002793', 'CASE_002800', 'CASE_006871', 'CASE_007584', 'CASE_007371']","@AppleSupport FaceTime doesn’t work. Help me, please. @AppleSupport It is missing, I have not found the option of FaceTime since more days ago. @AppleSupport I try doing FaceTime to my contacts and the option does not appear. Before yes @AppleSupport Spain @AppleSupport Look, it is here but does not appear when I try to call someone https://t.co/KXOD2UCCBQ @AppleSupport For instance, I've always been able to use FaceTime with my brother but not now https://t.co/cDiFauVVcx @AppleSupport Already solved! I searched in the Internet (Google) and had it disabled in ""Restrictions"" https://t.co/UxlGtQqyWi @AppleSupport Thank you.","@395255 Let's look into this FaceTime issue. What happens when you attempt to use FaceTime? @395255 Which country are you located in? @395255 When searching for the FaceTime app on your device does it appear? https://t.co/C5o3PCtNd0 @395255 Fantastic!  It was our pleasure, feel free to reach out again in the future if you have any questions."
596,CASE_003248,1399395,"@115858 can you please fix the App Store. I can’t update any apps or download new ones. #ios @AppleSupport Thank you! iPhone 7 using iOS 11.0.3. And when downloading the circle spins like its thinking but then it never downloads. @AppleSupport And when trying to update apps, the update screen in the App Store is blank. @AppleSupport  https://t.co/FGmYwjoAVs @AppleSupport  https://t.co/jIXEcHvaJb",DISPLAY_TOUCH_SCREEN,APP_STORE_PURCHASES_BILLING,0.8599,N/A,Missing (>10),,"['APP_STORE_PURCHASES_BILLING', 'APP_CRASH_AND_DOWNLOAD', 'OS_UPDATE_SYSTEM_PERFORMANCE']","['APP_STORE_PURCHASES_BILLING', 'APP_CRASH_AND_DOWNLOAD', 'OS_UPDATE_SYSTEM_PERFORMANCE', 'ACCOUNT_APPLEID_ICLOUD', 'OS_UPDATE_SYSTEM_PERFORMANCE']","['CASE_002697', 'CASE_000718', 'CASE_003542']","['CASE_002697', 'CASE_000718', 'CASE_003542', 'CASE_000709', 'CASE_004427']",@AppleSupport my App Store isn’t working and won’t download new apps or updates. Constant circle as below... can you help please? https://t.co/C7ZeyCP84h @AppleSupport iPhone 8 Plus and 11.0.3 (15A432). Thanks,"@388583 We're here for you. Which iPhone do you have and what's the iOS version? Settings &gt; General &gt; About. @388583 Thank you. If you haven't done so already, restart your iPhone. Also, have you tried connecting to a Wi-Fi network?"
599,CASE_004699,1795211,@AppleSupport Hi 🍎 Since 11. 0.2 (15A421) my iphone needs at least 2 charges within 24h. How can you help me please ? Thx. @AppleSupport Ok thx,HOW_TO_SETTINGS_CONFIGURATION,APP_STORE_PURCHASES_BILLING,0.6735,N/A,Missing (>10),,"['APP_STORE_PURCHASES_BILLING', 'BATTERY_CHARGING_POWER', 'BATTERY_CHARGING_POWER']","['APP_STORE_PURCHASES_BILLING', 'BATTERY_CHARGING_POWER', 'BATTERY_CHARGING_POWER', 'BATTERY_CHARGING_POWER', 'BATTERY_CHARGING_POWER']","['CASE_002633', 'CASE_004577', 'CASE_007310']","['CASE_002633', 'CASE_004577', 'CASE_007310', 'CASE_006986', 'CASE_000156']",@AppleSupport Ipad w IOS 11.0.3 in need of way too frequent recharging. Any help ..? @AppleSupport Grt. Less than 24 hrs. @AppleSupport Thx. used to very long charge as in days. already using tips best practices.,@379043 We're here to the rescue. About how long is your iPad lasting on a full charge? @379043 Let’s see what we can do to increase that. Here are some tips to help improve it: https://t.co/bivpdfBNJ6 @379043 We'd like to look into this further. Please DM us to continue working on this. https://t.co/GDrqU22YpT
604,CASE_006617,2485805,Stupid apple you update my phone while I’m sleeping and this shits lagging now hella slower I can tell when I type it won’t read what I’m typing as fast.... @AppleSupport explain,KEYBOARD_TYPING_AUTOCORRECT,OS_UPDATE_SYSTEM_PERFORMANCE,0.6824,CASE_001435,4,4.0,"['OS_UPDATE_SYSTEM_PERFORMANCE', 'OS_UPDATE_SYSTEM_PERFORMANCE', 'OS_UPDATE_SYSTEM_PERFORMANCE']","['OS_UPDATE_SYSTEM_PERFORMANCE', 'OS_UPDATE_SYSTEM_PERFORMANCE', 'OS_UPDATE_SYSTEM_PERFORMANCE', 'KEYBOARD_TYPING_AUTOCORRECT', 'OS_UPDATE_SYSTEM_PERFORMANCE']","['CASE_006243', 'CASE_006706', 'CASE_002235']","['CASE_006243', 'CASE_006706', 'CASE_002235', 'CASE_001435', 'CASE_005952']",@AppleSupport what’s up with this lag? My phone is like 6 seconds behind my finger tap.,"@534121 We'd love to help out. What device are you using? Also, Do you know what version of the iOS is on the device?  If not, you can check under Settings &gt; General &gt; About &gt; Version. https://t.co/GDrqU22YpT"
607,CASE_000927,417288,"Hey @115858, my MacBook won’t turn on even though I’ve been charging it for a while. Any quick advice? @AppleSupport @AppleSupport Finally got it on- thanks a ton!!",BATTERY_CHARGING_POWER,GENERAL_DEVICE_INQUIRY,0.7176,CASE_002428,4,4.0,"['GENERAL_DEVICE_INQUIRY', 'GENERAL_DEVICE_INQUIRY', 'DISPLAY_TOUCH_SCREEN']","['GENERAL_DEVICE_INQUIRY', 'GENERAL_DEVICE_INQUIRY', 'DISPLAY_TOUCH_SCREEN', 'BATTERY_CHARGING_POWER', 'APP_STORE_PURCHASES_BILLING']","['CASE_005133', 'CASE_000807', 'CASE_007559']","['CASE_005133', 'CASE_000807', 'CASE_007559', 'CASE_002428', 'CASE_000710']",My MacBook won’t turn on someone kill me pls. @115858 @AppleSupport Thank you!!,@610108 Let’s team up to get this situation addressed. Could you let us know more details via a DM? We’ll continue from there. https://t.co/GDrqU22YpT
610,CASE_003171,1367643,@AppleSupport hi this is probably a stupid question would an iphone 5s connect to my apple watch series 1 @AppleSupport Thank you,CONNECTIVITY_WIFI_BLUETOOTH,GENERAL_DEVICE_INQUIRY,0.612,CASE_003040,3,3.0,"['GENERAL_DEVICE_INQUIRY', 'GENERAL_DEVICE_INQUIRY', 'CONNECTIVITY_WIFI_BLUETOOTH']","['GENERAL_DEVICE_INQUIRY', 'GENERAL_DEVICE_INQUIRY', 'CONNECTIVITY_WIFI_BLUETOOTH', 'CONNECTIVITY_WIFI_BLUETOOTH', 'KEYBOARD_TYPING_AUTOCORRECT']","['CASE_003815', 'CASE_000219', 'CASE_003040']","['CASE_003815', 'CASE_000219', 'CASE_003040', 'CASE_007764', 'CASE_003668']","@AppleSupport is the activity app made by apple available on the iPhone X? @AppleSupport Yes I synced my watch and figured it out, thank you!",@339728 We want to help. Do you mean the Activity app for the Apple Watch? @339728 We're happy to hear it! Have a great evening.
612,CASE_007193,2699111,"Was supposed to receive a call from @AppleSupport a few minutes ago, nothing...&amp; trying to connect w them from app says ""There's a problem connecting to Apple Support"". 😱 @AppleSupport Finally connected w someone, thanks!",CONNECTIVITY_WIFI_BLUETOOTH,GENERAL_DEVICE_INQUIRY,0.7701,CASE_006740,2,2.0,"['GENERAL_DEVICE_INQUIRY', 'CONNECTIVITY_WIFI_BLUETOOTH', 'CONNECTIVITY_WIFI_BLUETOOTH']","['GENERAL_DEVICE_INQUIRY', 'CONNECTIVITY_WIFI_BLUETOOTH', 'CONNECTIVITY_WIFI_BLUETOOTH', 'CONNECTIVITY_WIFI_BLUETOOTH', 'GENERAL_DEVICE_INQUIRY']","['CASE_006757', 'CASE_006740', 'CASE_001800']","['CASE_006757', 'CASE_006740', 'CASE_001800', 'CASE_002563', 'CASE_004722']",@AppleSupport can’t call anyone or receive calls 🙄,@718005 Check out this article for steps to take if you not able to make or receive calls: https://t.co/U53YusKX3z
617,CASE_003521,1528763,Cracked iPhone X already @115858 @116333 help w brother out :( https://t.co/kGih8u2qEc @AppleSupport Thank you!! I replied! @AppleSupport I responded in your dms,DISPLAY_TOUCH_SCREEN,GENERAL_DEVICE_INQUIRY,0.6644,CASE_007542,4,4.0,"['GENERAL_DEVICE_INQUIRY', 'GENERAL_DEVICE_INQUIRY', 'ACCOUNT_APPLEID_ICLOUD']","['GENERAL_DEVICE_INQUIRY', 'GENERAL_DEVICE_INQUIRY', 'ACCOUNT_APPLEID_ICLOUD', 'DISPLAY_TOUCH_SCREEN', 'GENERAL_DEVICE_INQUIRY']","['CASE_005920', 'CASE_003199', 'CASE_005602']","['CASE_005920', 'CASE_003199', 'CASE_005602', 'CASE_007542', 'CASE_004528']","@115858 my son has activation locked his phone, I’m sick of being on to support and getting no way to fix this,any advice on what I can do @AppleSupport @AppleSupport thank you I got sorted today by one of your lovely staff called Paddy Gallagher absolute credit to Apple thanks again",@667583 We're happy to look into your options. Please meet us in DM and we'll gather a few pieces of information to determine the best options to have this sorted out. https://t.co/GDrqU22YpT
618,CASE_002027,813302,@AppleSupport My iPhone 6s froze twice after closing from my messages and trying to open up Instagram. Had to hard-shut off. Any tips? @AppleSupport iOS 11.0.2 @AppleSupport Thanks! Didn’t know there was a new Update!,APP_CRASH_AND_DOWNLOAD,OS_UPDATE_SYSTEM_PERFORMANCE,0.7571,CASE_002333,3,3.0,"['OS_UPDATE_SYSTEM_PERFORMANCE', 'ACCOUNT_APPLEID_ICLOUD', 'APP_CRASH_AND_DOWNLOAD']","['OS_UPDATE_SYSTEM_PERFORMANCE', 'ACCOUNT_APPLEID_ICLOUD', 'APP_CRASH_AND_DOWNLOAD', 'APP_CRASH_AND_DOWNLOAD', 'APP_CRASH_AND_DOWNLOAD']","['CASE_003255', 'CASE_003415', 'CASE_002333']","['CASE_003255', 'CASE_003415', 'CASE_002333', 'CASE_001003', 'CASE_001158']",@AppleSupport is anyone else having problems with iPhone 6 after the last update? Phone keeps freezing on apps etc. having to switch on/off. @AppleSupport DM sent. Thank you.,@446391 We’re here to address the issues you're experiencing. Which apps are freezing? Let us know in DM. https://t.co/GDrqU22YpT
620,CASE_007329,2743056,"After updating to #ios11, I accidentally changed wallpaper. While trying to set the original back (see image), it has disappeared suddenly. Where do I find the beautiful wallpapers of ios 10? @AppleSupport https://t.co/zPKsqH5bWz @AppleSupport Thnx! I’ve seen the new ones, but I understand the ‘old’ ones aren’t available anymore. I’ll get over it :-)",OS_UPDATE_SYSTEM_PERFORMANCE,ACCOUNT_APPLEID_ICLOUD,0.5466,CASE_004087,3,3.0,"['ACCOUNT_APPLEID_ICLOUD', 'DISPLAY_TOUCH_SCREEN', 'OS_UPDATE_SYSTEM_PERFORMANCE']","['ACCOUNT_APPLEID_ICLOUD', 'DISPLAY_TOUCH_SCREEN', 'OS_UPDATE_SYSTEM_PERFORMANCE', 'OS_UPDATE_SYSTEM_PERFORMANCE', 'OS_UPDATE_SYSTEM_PERFORMANCE']","['CASE_007094', 'CASE_001204', 'CASE_004087']","['CASE_007094', 'CASE_001204', 'CASE_004087', 'CASE_005242', 'CASE_007385']","Downloaded ios 11 and lost all of my 2,000+ pics. So angry 😡 Sos @115858 @AppleSupport #ios11 @AppleSupport I deleted the phone and restored from a different icloud backup and they came back. Thanks though","@753085 We know how important photos are. Do you use iCloud Photos? If so, are your photos appearing at https://t.co/tmRhWEkIq4? @753085 We're glad to hear the issue is resolved. Let us know if you have any other issues or questions."
621,CASE_001932,769007,@115858 what is up with this software? It has a lot of glitches that need to be fixed. I would like to use my phone properly. Thanks! @AppleSupport I just updated it to the software version 11.0.3.,GENERAL_DEVICE_INQUIRY,CONNECTIVITY_WIFI_BLUETOOTH,0.7473,CASE_007326,6,6.0,"['CONNECTIVITY_WIFI_BLUETOOTH', 'KEYBOARD_TYPING_AUTOCORRECT', 'OS_UPDATE_SYSTEM_PERFORMANCE']","['CONNECTIVITY_WIFI_BLUETOOTH', 'KEYBOARD_TYPING_AUTOCORRECT', 'OS_UPDATE_SYSTEM_PERFORMANCE', 'OS_UPDATE_SYSTEM_PERFORMANCE', 'OS_UPDATE_SYSTEM_PERFORMANCE']","['CASE_003860', 'CASE_005574', 'CASE_004593']","['CASE_003860', 'CASE_005574', 'CASE_004593', 'CASE_006773', 'CASE_005231']",@115858 FIX THIS I ISSUE!!!! My god it’s annoying! I️ pay $1000 for a phone and $300 for service and it has bugs?! FIX IT!!! @AppleSupport Yeah it worked but I shouldn’t have to do that. Just send a software fix to fix everyone’s. We give you enough money. Fix the problem.,@492509 Let's see what we can do. Does this help? https://t.co/xU1AGHStV6 Let us know. https://t.co/GDrqU22YpT
623,CASE_001308,552187,"@applesupport I'm so frustrated! I have the same crashing bug as mentioned by others, but it crashes so frequently, I can't even try the fixes recommended. AWFUL! No one answering on the support line! HELP!",APP_CRASH_AND_DOWNLOAD,HOW_TO_SETTINGS_CONFIGURATION,0.7406,CASE_001481,2,2.0,"['HOW_TO_SETTINGS_CONFIGURATION', 'APP_CRASH_AND_DOWNLOAD', 'APP_CRASH_AND_DOWNLOAD']","['HOW_TO_SETTINGS_CONFIGURATION', 'APP_CRASH_AND_DOWNLOAD', 'APP_CRASH_AND_DOWNLOAD', 'APP_CRASH_AND_DOWNLOAD', 'APP_CRASH_AND_DOWNLOAD']","['CASE_006466', 'CASE_001481', 'CASE_001158']","['CASE_006466', 'CASE_001481', 'CASE_001158', 'CASE_002221', 'CASE_001199']",@AppleSupport I was with version 11.1 and my apps just crashed every time i open them @AppleSupport I have tried the special settings and the apps i was talking about work again. (The Provider Settings). Thanks for the time though,@692600 We can definitely help out. Are you seeing this issue with any specific apps or usage?  Do you do anything to restore function?
627,CASE_000454,216136,@AppleSupport Safari doesn’t work after updating MacBook Air to latest HighSierra. Tabs don’t load. @AppleSupport Yes. I also tried resetting the NVRAM. Was having zero problems with Safari until I installed 10.13.1 just now @AppleSupport I will try tomorrow. Chrome works fine. @AppleSupport I cleaned all caches and did some maintenance using Onyx and now it works,GENERAL_DEVICE_INQUIRY,OS_UPDATE_SYSTEM_PERFORMANCE,0.593,CASE_001937,7,7.0,"['OS_UPDATE_SYSTEM_PERFORMANCE', 'CONNECTIVITY_WIFI_BLUETOOTH', 'APP_CRASH_AND_DOWNLOAD']","['OS_UPDATE_SYSTEM_PERFORMANCE', 'CONNECTIVITY_WIFI_BLUETOOTH', 'APP_CRASH_AND_DOWNLOAD', 'APP_CRASH_AND_DOWNLOAD', 'OS_UPDATE_SYSTEM_PERFORMANCE']","['CASE_001095', 'CASE_002194', 'CASE_002221']","['CASE_001095', 'CASE_002194', 'CASE_002221', 'CASE_001148', 'CASE_004550']","@AppleSupport Your update now doesn’t permit Safari to open .pdfs. Just black.  Need to move to Chrome to open. Help &amp; fix Safari. @AppleSupport MacBook Pro (Retina, 13-inch, Mid 2014) Sierra 10.13.1 @AppleSupport Tried in safe mode — still black pdf. @AppleSupport Yes — just used my hubby’s MacPro and it worked. @AppleSupport I also just compared settings on both Macs. The only difference was on plug ins the Adobe Flash on mine was checked and not on his. @AppleSupport (continued..) Tried after I unchecked Flash and still getting black pdfs.","@233071 We'll be happy to provide you with our recommendations on how to proceed. First, which device model and operating system are you using? @233071 If you boot to safe mode, does the same issue occur? Find how to enter safe mode here: https://t.co/PQ4LSYhUTY @233071 Do you anyone with Safari in High Sierra who is able to open this PDF? @233071 That's definitely good information to help isolate the issue. 

To help determine if the issue is just with this specific file on your computer, are you able to open other PDF files on your computer successfully, or does the same issue occur with other files as well?"
628,CASE_007689,2876452,@AppleSupport I would like to report a spam email I just received regarding my apple account. Let me know where can I Foward the email. #Apple #Spam https://t.co/yn2f1nFIHU @AppleSupport Thanks for your quick response! 😉,HOW_TO_SETTINGS_CONFIGURATION,GENERAL_DEVICE_INQUIRY,0.8032,CASE_001927,7,7.0,"['GENERAL_DEVICE_INQUIRY', 'GENERAL_DEVICE_INQUIRY', 'GENERAL_DEVICE_INQUIRY']","['GENERAL_DEVICE_INQUIRY', 'GENERAL_DEVICE_INQUIRY', 'GENERAL_DEVICE_INQUIRY', 'ACCOUNT_APPLEID_ICLOUD', 'ACCOUNT_APPLEID_ICLOUD']","['CASE_007644', 'CASE_005430', 'CASE_002760']","['CASE_007644', 'CASE_005430', 'CASE_002760', 'CASE_007099', 'CASE_001549']","@AppleSupport I’m guessing that an email pertaining to be from Apple but from this address is spam, right? @109240.com @AppleSupport Thank you.",@793031 Yes that would be a phishing attempt. You can read more on that here: https://t.co/6Ye6EtSytB
631,CASE_000991,453871,"@AppleSupport hi my phone battery keeps dying really fast when I'm outside in the cold. Once I get back indoors it jumps back up again. @AppleSupport But this is ridiculous. My phone was on 40% and dropped down to 13% while I was charging it with my portable charger. Had it not been plugged in it would have died. It's winter and I live in the U.K., are you saying my phone is going to die every time it is below 6°C? @AppleSupport This happened a few weeks ago as well, it died within about 10 minutes of me being outside. @AppleSupport The link you sent me advises temperatures between 0°-35°C. Both of the times this has happened, the temperature has been above 0°C and this never happened on any other iPhone that I've had. @AppleSupport Thanks, I've sent a dm",BATTERY_CHARGING_POWER,GENERAL_DEVICE_INQUIRY,0.6913,CASE_002364,2,2.0,"['GENERAL_DEVICE_INQUIRY', 'BATTERY_CHARGING_POWER', 'BATTERY_CHARGING_POWER']","['GENERAL_DEVICE_INQUIRY', 'BATTERY_CHARGING_POWER', 'BATTERY_CHARGING_POWER', 'BATTERY_CHARGING_POWER', 'BATTERY_CHARGING_POWER']","['CASE_001317', 'CASE_002364', 'CASE_001700']","['CASE_001317', 'CASE_002364', 'CASE_001700', 'CASE_003185', 'CASE_005109']",@115858 @AppleSupport why does the iPhone die when it’s cold outside?,@249119 We're glad you reached out. Check out this article and let us know if you have questions: https://t.co/otCvUAaFQq
632,CASE_000305,151548,#BlackFriday @115858 should roll back #iOS updates. #iphone keeps typing all these characters for different letters I️ #ITRTG @AppleSupport https://t.co/w2sxuDydgs,KEYBOARD_TYPING_AUTOCORRECT,OS_UPDATE_SYSTEM_PERFORMANCE,0.6945,CASE_004996,3,3.0,"['OS_UPDATE_SYSTEM_PERFORMANCE', 'GENERAL_DEVICE_INQUIRY', 'KEYBOARD_TYPING_AUTOCORRECT']","['OS_UPDATE_SYSTEM_PERFORMANCE', 'GENERAL_DEVICE_INQUIRY', 'KEYBOARD_TYPING_AUTOCORRECT', 'KEYBOARD_TYPING_AUTOCORRECT', 'OS_UPDATE_SYSTEM_PERFORMANCE']","['CASE_003728', 'CASE_005359', 'CASE_004996']","['CASE_003728', 'CASE_005359', 'CASE_004996', 'CASE_000324', 'CASE_005385']",Hey @115858 what’s up with the A?When I️ text the letter “I️”? iPhone update issues again 😞 @AppleSupport Thanks. That worked!!,"@486445 We'd like to help. Check out this article for assistance: https://t.co/xU1AGHStV6 @486445 Wonderful! If you need anything else, please let us know."
633,CASE_006114,2341864,"Hi @AppleSupport, How can I buy apple care for my iPhone X I’ve already ordered? Many thanks @AppleSupport Thanks guys fixed it!",HOW_TO_SETTINGS_CONFIGURATION,GENERAL_DEVICE_INQUIRY,0.6827,CASE_003943,6,6.0,"['GENERAL_DEVICE_INQUIRY', 'GENERAL_DEVICE_INQUIRY', 'GENERAL_DEVICE_INQUIRY']","['GENERAL_DEVICE_INQUIRY', 'GENERAL_DEVICE_INQUIRY', 'GENERAL_DEVICE_INQUIRY', 'GENERAL_DEVICE_INQUIRY', 'BATTERY_CHARGING_POWER']","['CASE_006916', 'CASE_007270', 'CASE_003077']","['CASE_006916', 'CASE_007270', 'CASE_003077', 'CASE_002856', 'CASE_005634']","@AppleSupport Hi I bought an iPhone 8+ last week &amp; it’s still brand new in the box (opened) ready for my daughters birthday next week. Can I pop in the store &amp; add Apple Care to it, I’ll take the phone in store for inspection. I didn’t realise Care is for 2yrs, assumed it was 1yr @AppleSupport UK 🇬🇧London @AppleSupport It’s all sorted now ","@399425 No worries, we can help clear things up and get that device protected. So we've got the right steps in mind, could you let us know which country you are located in DM? https://t.co/GDrqU22YpT @399425 We'd like to follow up via DM so we can get this resolved. You can use this link to join us in DM: https://t.co/GDrqU22YpT"
637,CASE_004763,1846727,"Extremely annoyed by the adware malware on macOS.
Definitely not the Apple experience that I expected.
@115858 @AppleSupport @AppleSupport Thanks @AppleSupport , 2017 model. A month old Brand new laptop. I've been collaborating with Support. Since 2weeks. @AppleSupport MacBook air, 2017 model. Bought from Amazon @115850 @AppleSupport Thanks for the help. I hope to reach to a solution very soon.",GENERAL_DEVICE_INQUIRY,CONNECTIVITY_WIFI_BLUETOOTH,0.5615,CASE_003215,2,2.0,"['CONNECTIVITY_WIFI_BLUETOOTH', 'GENERAL_DEVICE_INQUIRY', 'CONNECTIVITY_WIFI_BLUETOOTH']","['CONNECTIVITY_WIFI_BLUETOOTH', 'GENERAL_DEVICE_INQUIRY', 'CONNECTIVITY_WIFI_BLUETOOTH', 'CONNECTIVITY_WIFI_BLUETOOTH', 'GENERAL_DEVICE_INQUIRY']","['CASE_005781', 'CASE_003215', 'CASE_003828']","['CASE_005781', 'CASE_003215', 'CASE_003828', 'CASE_001623', 'CASE_002656']","@115858 @AppleSupport There are many problems on my MacBook Pro. Customer service unable to help. What should I do ? 😑😑😑 @AppleSupport Thank you, l’ll write to you on DM now",@664167 We'd like to see how we can help. DM us and we'll continue with you there. https://t.co/GDrqU22YpT
640,CASE_005466,2195226,@AppleSupport I don’t know why it’s showing?how could solve it? https://t.co/QvpaKA0QGB @AppleSupport Thanks for the help.,GENERAL_DEVICE_INQUIRY,HOW_TO_SETTINGS_CONFIGURATION,0.814,CASE_004351,2,2.0,"['HOW_TO_SETTINGS_CONFIGURATION', 'GENERAL_DEVICE_INQUIRY', 'GENERAL_DEVICE_INQUIRY']","['HOW_TO_SETTINGS_CONFIGURATION', 'GENERAL_DEVICE_INQUIRY', 'GENERAL_DEVICE_INQUIRY', 'GENERAL_DEVICE_INQUIRY', 'HOW_TO_SETTINGS_CONFIGURATION']","['CASE_006179', 'CASE_004351', 'CASE_005437']","['CASE_006179', 'CASE_004351', 'CASE_005437', 'CASE_003653', 'CASE_006642']",@AppleSupport I am SO tired of seeing this. How can I fix it? https://t.co/jTRnPMsy72,@604935 We'll be happy to help with your iCloud Keychain. Check out the following article: https://t.co/mfc517ABMQ Do you get this message immediately after entering the verification code? Can you DM us what version of IOS we are working with? https://t.co/GDrqU22YpT
641,CASE_004497,1754077,@115858 say my nigga wassup with all these squares and question marks and shit?? I️ Pay good money all my shit should work y’all trippin! @AppleSupport That shit worked for 10 minutes try again,APP_STORE_PURCHASES_BILLING,GENERAL_DEVICE_INQUIRY,0.6517,N/A,Missing (>10),,"['GENERAL_DEVICE_INQUIRY', 'GENERAL_DEVICE_INQUIRY', 'GENERAL_DEVICE_INQUIRY']","['GENERAL_DEVICE_INQUIRY', 'GENERAL_DEVICE_INQUIRY', 'GENERAL_DEVICE_INQUIRY', 'GENERAL_DEVICE_INQUIRY', 'GENERAL_DEVICE_INQUIRY']","['CASE_004585', 'CASE_003741', 'CASE_003867']","['CASE_004585', 'CASE_003741', 'CASE_003867', 'CASE_006921', 'CASE_006474']",Alright @115858 can you fix this fucking I️ bullshit @AppleSupport Thanks homies,@342748 Here’s what you can do to work around the issue until it’s fixed in a future software update: https://t.co/xXaXeeSRt9 @342748 You're welcome.
642,CASE_006131,2343834,"@AppleSupport I’m having trouble with sms messages failing... 

is this a carrier problem with @122326 or with my iPhone? 

It seems if recipients are not in my contacts I can’t text them? https://t.co/3RKlo9jZq1 @AppleSupport Done all of those things already before contacting you... this has only started recently so it’s either due to an iOS update or due to my carrier as I’ve taken out a new contract recently with @122326 @AppleSupport Thanks guys 👍🏻 
I’ve been waiting most of the day to get a response from them 🤔 
How about it @121121 @122326",CONNECTIVITY_WIFI_BLUETOOTH,OS_UPDATE_SYSTEM_PERFORMANCE,0.7311,N/A,Missing (>10),,"['OS_UPDATE_SYSTEM_PERFORMANCE', 'OS_UPDATE_SYSTEM_PERFORMANCE', 'OS_UPDATE_SYSTEM_PERFORMANCE']","['OS_UPDATE_SYSTEM_PERFORMANCE', 'OS_UPDATE_SYSTEM_PERFORMANCE', 'OS_UPDATE_SYSTEM_PERFORMANCE', 'ACCOUNT_APPLEID_ICLOUD', 'GENERAL_DEVICE_INQUIRY']","['CASE_001826', 'CASE_000556', 'CASE_007723']","['CASE_001826', 'CASE_000556', 'CASE_007723', 'CASE_002464', 'CASE_001413']",@AppleSupport please fix your shit i have been dealing with problems for the entire week... @122609 here i come baby 😂 @AppleSupport None of my messages are sending unless i click send as a text message and then after a couple text messages it finally sends an iMessage @AppleSupport I have an Iphone 6s + @AppleSupport IOS 11.2 and those things never have worked for me. I have tried everything. I am about done with apple,"@290621 We'd like to team up with you to help. What's the model you have and what's happening with it currently? @290621 Which exact iOS version is installed? Have you tried any troubleshooting steps so far? @290621 Do you mean iOS 11.0.2, or iOS 11.2? Also, which exact steps did you try? Let us know in DM here: https://t.co/GDrqU22YpT"
643,CASE_000311,152894,"@AppleSupport Iphone 5S on IOS 10 keeps crashing everytime I enter the messages app. i tried resetting all settings, deleted all texts and soft reset (pressing home +power button) and still crashes :( @AppleSupport I think someone send me one of those annoying videos that makes your phone crash. However they send it via facebook's messenger not sandard message. I didnt open the link just deleted the message. This all happen yesterday. That's the only thing that I can (1) @AppleSupport (2) recall to be the thing that caused it. I also downloaded the Anomal Crossing app but i dont think that was it. After the video my phone's message app has been acting up and nothing seems to fix it. I have not tried with wifi yet as I dont have wifi today. Tomorrow I will. @AppleSupport Will let you know when I do that if it solves the problem as I'm still having issues with te phone",CONNECTIVITY_WIFI_BLUETOOTH,APP_CRASH_AND_DOWNLOAD,0.7429,CASE_003877,9,9.0,"['APP_CRASH_AND_DOWNLOAD', 'ACCOUNT_APPLEID_ICLOUD', 'APP_CRASH_AND_DOWNLOAD']","['APP_CRASH_AND_DOWNLOAD', 'ACCOUNT_APPLEID_ICLOUD', 'APP_CRASH_AND_DOWNLOAD', 'DISPLAY_TOUCH_SCREEN', 'BATTERY_CHARGING_POWER']","['CASE_005280', 'CASE_003500', 'CASE_007061']","['CASE_005280', 'CASE_003500', 'CASE_007061', 'CASE_003536', 'CASE_001354']",Anyone else having issues with the messages app crashing when opening it? @115858 #apple #iphone #helpmeLord @AppleSupport I got it. Thank you though. I’m on 11.2 beta 2. I tried hard reset and turning it off. Ended up having to reset settings.,"@627034 Let's help with your Messages. Which iOS version are you running? Any other apps crashing upon launch? Does restarting help? @627034 Glad to hear it's working. If there's anything you need in the future, reach out. We'll be happy to help."
644,CASE_007128,2684324,"Ok @AppleSupport why is the weird question mark box thing happening if you try to type just a capital letter eye @AppleSupport 7+ and it’s the newest iOS. I️ see this on here, IG, BBM https://t.co/ZPocrZlpQd @AppleSupport Oh. Snapchat too. Only place it doesn’t do it is regular text messages @AppleSupport Yes. That’s the iOS. Started today. And no I️ haven’t tried anything @AppleSupport Ok @AppleSupport That might have worked I️ I’m I’ve @AppleSupport Nope @AppleSupport How do I️ remove my iCloud account? I’m kind of nervous to do that @AppleSupport That did not work",ACCOUNT_APPLEID_ICLOUD,OS_UPDATE_SYSTEM_PERFORMANCE,0.7022,N/A,Missing (>10),,"['OS_UPDATE_SYSTEM_PERFORMANCE', 'OS_UPDATE_SYSTEM_PERFORMANCE', 'KEYBOARD_TYPING_AUTOCORRECT']","['OS_UPDATE_SYSTEM_PERFORMANCE', 'OS_UPDATE_SYSTEM_PERFORMANCE', 'KEYBOARD_TYPING_AUTOCORRECT', 'GENERAL_DEVICE_INQUIRY', 'KEYBOARD_TYPING_AUTOCORRECT']","['CASE_000787', 'CASE_003327', 'CASE_003451']","['CASE_000787', 'CASE_003327', 'CASE_003451', 'CASE_003808', 'CASE_005887']",@AppleSupport FIX YALL DAMN MESSAGING GLITCH @AppleSupport The main issue that I️ and many other people have been having is that when we try to type the letter ‘I’ it shows up as box instead @AppleSupport Essentially like that; a hashtag and question mark inside of the box instead of a letter @AppleSupport Thank you guys!,"@200410 What issue are you experiencing with your Messages? We'd like to assist in any way we can. @200410 Here’s what you can do to work around the issue until it’s fixed in a future software update: https://t.co/xXaXeeSRt9 https://t.co/GDrqU22YpT @200410 It's our pleasure. If there's anything you need in the future, reach out. We'll be happy to help."
646,CASE_000291,148222,"@AppleSupport hi there , i lost my password , how can i reset to my Email? The password you entered to unlock your iPhone backup was incorrect. Please try again. @AppleSupport Oh wow , thanks a lot. But if you can add this feature in reset for removes the encrypted backup password.
it's better,because it's boring to rebuild my screen  apps and my folders, 
Thanks again.",DISPLAY_TOUCH_SCREEN,ACCOUNT_APPLEID_ICLOUD,0.7937,N/A,Missing (>10),,"['ACCOUNT_APPLEID_ICLOUD', 'ACCOUNT_APPLEID_ICLOUD', 'ACCOUNT_APPLEID_ICLOUD']","['ACCOUNT_APPLEID_ICLOUD', 'ACCOUNT_APPLEID_ICLOUD', 'ACCOUNT_APPLEID_ICLOUD', 'ACCOUNT_APPLEID_ICLOUD', 'ACCOUNT_APPLEID_ICLOUD']","['CASE_002816', 'CASE_007363', 'CASE_002117']","['CASE_002816', 'CASE_007363', 'CASE_002117', 'CASE_007889', 'CASE_006015']",@AppleSupport forgot iPhone backup password. What do I do now?,@397343 We understand your concern! Please follow these steps with encrypted iTunes backups: https://t.co/3qND7caI7Z
649,CASE_007586,2834484,"@AppleSupport my right AirPod doesn’t charge, any idea troubleshooting tips to fix this? @AppleSupport Yes the status light comes on but the right AirPod won’t charge. The left one charges without a issue",AUDIO_SOUND_SPEAKER,BATTERY_CHARGING_POWER,0.669,CASE_005690,2,2.0,"['BATTERY_CHARGING_POWER', 'AUDIO_SOUND_SPEAKER', 'AUDIO_SOUND_SPEAKER']","['BATTERY_CHARGING_POWER', 'AUDIO_SOUND_SPEAKER', 'AUDIO_SOUND_SPEAKER', 'AUDIO_SOUND_SPEAKER', 'AUDIO_SOUND_SPEAKER']","['CASE_007741', 'CASE_005690', 'CASE_001812']","['CASE_007741', 'CASE_005690', 'CASE_001812', 'CASE_000488', 'CASE_006963']","Ipod won't charge, thanks a lot @115858 @AppleSupport Never mind, I fixed it by restarting than charging.",@803455 We can help with the iPod charging. Have you tried different chargers and outlets? @803455 That's great to hear. Thanks for contacting us. Enjoy your day.
650,CASE_007473,2783283,"@116333 My MacBook Pro 15"" Retina (Mid 2014) started crashing on macOS High Sierra but working perfectly on Win 10 Apple Service Centre unable to diagnose (all test pass) and advised Logic Board change #apple #failed @139370 will switch to Microsoft completely. @AppleSupport Sent PM with details. Looking forward for your extended support. As of now it’s at worst situation. I uninstalled MacOS today and using Windows 10. @AppleSupport I did steps you told and reinstalled High Sierra. It crashed within minutes of start. How could Windows 10 worked perfectly for 3-4 days without any issue. Something is seriously wrong with Apple. cc @116333 @AppleSupport @116333 I’m going to give opportunity to Apple to diagnose issue with MacOS as compared to Windows 10 by submitting my machine at Service Center. This is your chance to see what exactly is causing crashes which Windows is able to handle. I hope it will help you to improve. @AppleSupport @116333 Is it so, MacOS needs more graphics than Windows 10? This is reason I got from Apple Support. Whatever it is, it should support minor faults if you can’t give exact reasons. #apple #failed #bad #cx #CustomerExperience",APP_CRASH_AND_DOWNLOAD,KEYBOARD_TYPING_AUTOCORRECT,0.5773,CASE_006082,7,7.0,"['KEYBOARD_TYPING_AUTOCORRECT', 'GENERAL_DEVICE_INQUIRY', 'KEYBOARD_TYPING_AUTOCORRECT']","['KEYBOARD_TYPING_AUTOCORRECT', 'GENERAL_DEVICE_INQUIRY', 'KEYBOARD_TYPING_AUTOCORRECT', 'DISPLAY_TOUCH_SCREEN', 'GENERAL_DEVICE_INQUIRY']","['CASE_006942', 'CASE_006550', 'CASE_000975']","['CASE_006942', 'CASE_006550', 'CASE_000975', 'CASE_002532', 'CASE_005578']","Since updating my Mac computer operating system to High Sierra ... I’ve had all kinds of problems.  Suggestions? @115858 @115858 Freezing up, keyboard won’t work, very slow, programs quit. @AppleSupport Version 10.13.1 @AppleSupport Thank you.   It rebooted and seems to run fine in safe mode. @AppleSupport So far so good.  Thank you.","@733720 We're here to help. Could you please provide more details of what you're experiencing with your Mac? @733720 Please tell us which version of macOS High Sierra you're running. You'll see this by going to  &gt; About this Mac. @733720 Thank you. Let’s boot the computer into safe mode and see if the same thing happens please. Here’s a link that will tell you how to do that: https://t.co/PQ4LSYhUTY @733720 Thank you for testing that. Booting into safe mode does go through a few internal checks. Let’s test booting the computer up like normal now that we have tried safe mode and see if it is still have the same problems please. @733720 So glad to see that's working. Feel free to reach out to us if we can be of any further assistance. Our office hours are 7 days a week, from 5AM - 8PM PDT. If you contact us after business hours, rest assured we'll respond the following day. https://t.co/GDrqU22YpT"
651,CASE_003420,1473850,@115858 @AppleSupport what the heck is with this weird autocorrect every time I️ type the word “I️”??? @AppleSupport Thanks sent a DM. I️,KEYBOARD_TYPING_AUTOCORRECT,OS_UPDATE_SYSTEM_PERFORMANCE,0.8531,CASE_003647,2,2.0,"['OS_UPDATE_SYSTEM_PERFORMANCE', 'KEYBOARD_TYPING_AUTOCORRECT', 'GENERAL_DEVICE_INQUIRY']","['OS_UPDATE_SYSTEM_PERFORMANCE', 'KEYBOARD_TYPING_AUTOCORRECT', 'GENERAL_DEVICE_INQUIRY', 'KEYBOARD_TYPING_AUTOCORRECT', 'KEYBOARD_TYPING_AUTOCORRECT']","['CASE_005435', 'CASE_003647', 'CASE_003880']","['CASE_005435', 'CASE_003647', 'CASE_003880', 'CASE_004191', 'CASE_003827']",@115858 @AppleSupport are y’all going to update the “i” autocorrects?! This is annoying!,"@640019 Thanks for reaching out. This behavior has been addressed in the just released iOS 11.1.1 update.  Make sure you have a backup, then go to Settings &gt; General &gt; Software Update and tap Download and Install to get started."
654,CASE_001038,481761,"@116333 @115858 Mac shuts down when put in Sleep, High Sierra bricked Mac, AirPods DO NOT connect automatically, Mac Messages not deleted via cloud, Calculator defaults to 172, Root vulnerabilities. Is this the new Apple quality? Or, is it just about the $ and investors now? @AppleSupport NO, I am not going to waste anytime with @AppleSupport I worked in the IT sector for decades and can fix or work around #Apple issues. And, support does not offer any real solutions beside wipe systems and reinstall! My Tweet really addresses lack of leadership in Apple now...",AUDIO_SOUND_SPEAKER,GENERAL_DEVICE_INQUIRY,0.6066,N/A,Missing (>10),,"['GENERAL_DEVICE_INQUIRY', 'BATTERY_CHARGING_POWER', 'GENERAL_DEVICE_INQUIRY']","['GENERAL_DEVICE_INQUIRY', 'BATTERY_CHARGING_POWER', 'GENERAL_DEVICE_INQUIRY', 'OS_UPDATE_SYSTEM_PERFORMANCE', 'GENERAL_DEVICE_INQUIRY']","['CASE_006925', 'CASE_001589', 'CASE_004503']","['CASE_006925', 'CASE_001589', 'CASE_004503', 'CASE_001285', 'CASE_007280']",@AppleSupport and your support center has hung up on me three times now tonight. What the heck is going on at Apple? I'm questioning my allegiance.,@251809 We apologize to hear that your call was disconnected 3 times. This isn't the experience we'd expect and we're happy to help. We've received your DM and look forward to working with you there.
655,CASE_004331,1707788,@AppleSupport so are you guys going to address these question mark boxes or no @AppleSupport iPhone X. When ever I️ go to use the letter I️ @AppleSupport Thank you,KEYBOARD_TYPING_AUTOCORRECT,OS_UPDATE_SYSTEM_PERFORMANCE,0.7934,CASE_005411,4,4.0,"['OS_UPDATE_SYSTEM_PERFORMANCE', 'GENERAL_DEVICE_INQUIRY', 'GENERAL_DEVICE_INQUIRY']","['OS_UPDATE_SYSTEM_PERFORMANCE', 'GENERAL_DEVICE_INQUIRY', 'GENERAL_DEVICE_INQUIRY', 'KEYBOARD_TYPING_AUTOCORRECT', 'GENERAL_DEVICE_INQUIRY']","['CASE_004000', 'CASE_004160', 'CASE_004414']","['CASE_004000', 'CASE_004160', 'CASE_004414', 'CASE_005411', 'CASE_003808']",@AppleSupport My phone shows the “ I “ as a question mark with a box. @AppleSupport I’ll just update to 11.2 beta but thanks anyways.,@500720 Here’s what you can do to work around the issue until it’s fixed in a future software update: https://t.co/xXaXeeSRt9
656,CASE_001593,611308,"@AppleSupport live wallpapers aren’t working. I’m running 11.1.2 on my new #iPhoneX. I’ve tried restarting and also switching to a still then switching back to a live. Help, please. @AppleSupport Thx for getting back to me. Unfortunately, that's not the problem. I've checked and Reduce Motion is not turned on. Any other ideas? :) @AppleSupport I figured it out. I had to adjust the 3D Touch sensitivity. Thanks anyway!",GENERAL_DEVICE_INQUIRY,DISPLAY_TOUCH_SCREEN,0.7602,CASE_003490,2,2.0,"['DISPLAY_TOUCH_SCREEN', 'GENERAL_DEVICE_INQUIRY', 'OS_UPDATE_SYSTEM_PERFORMANCE']","['DISPLAY_TOUCH_SCREEN', 'GENERAL_DEVICE_INQUIRY', 'OS_UPDATE_SYSTEM_PERFORMANCE', 'DISPLAY_TOUCH_SCREEN', 'OS_UPDATE_SYSTEM_PERFORMANCE']","['CASE_001458', 'CASE_003490', 'CASE_006288']","['CASE_001458', 'CASE_003490', 'CASE_006288', 'CASE_002073', 'CASE_000538']",The live wallpaper isn’t working for me. How can I get it to be alive? 😂 @AppleSupport @AppleSupport We figured it out. Guess it worked only with the locked screen? Also has to be pressed to see the movement?,"@153601 Let's look into this together. How long have you been experiencing this? Which device are you using? @153601 That's the behavior that we expect. Check out our article for more info: https://t.co/hSnkM7JIIS If you have any feedback about how Live wallpapers look, please send it to us online at: https://t.co/eTPVYVFyd8"
657,CASE_007820,2947029,@AppleSupport why does it keep saying I tried to purchase “Frozen” recently and my credit card is wrong? Who can I call to fix this? @AppleSupport Thanks! All resolved. The support was perfect.,APP_STORE_PURCHASES_BILLING,DISPLAY_TOUCH_SCREEN,0.6795,CASE_002210,2,2.0,"['DISPLAY_TOUCH_SCREEN', 'APP_STORE_PURCHASES_BILLING', 'APP_STORE_PURCHASES_BILLING']","['DISPLAY_TOUCH_SCREEN', 'APP_STORE_PURCHASES_BILLING', 'APP_STORE_PURCHASES_BILLING', 'APP_STORE_PURCHASES_BILLING', 'APP_STORE_PURCHASES_BILLING']","['CASE_007338', 'CASE_002210', 'CASE_001001']","['CASE_007338', 'CASE_002210', 'CASE_001001', 'CASE_002339', 'CASE_002979']","@118721 @AppleSupport I've been having an issue with in-app purchases for over a month now. when I choose to make a purchase it will be processing for minutes &amp; then it will say an error occurred. help. @AppleSupport that doesn't necessarily address my issue
-i'll try to make a purchase.
-the screen for the purchase will pop up &amp; i'll provide my touch id.
-the purchase will start to process but does not finish. 
-it asks for my apple ID password.
-the purchase fails &amp; says an error occured",@769019 We can help! Let's have you start by taking a look at the following article for some guidance on purchases: https://t.co/U96y4MTG7k @769019 Got it. Tell us please which device and iOS you're currently using. You can check in Settings &gt; General &gt; About &gt; Version.
659,CASE_002820,1180116,okay what the fuck is up with iphone needing to “load” your camera roll/photos.. there should be no loading??? it never used to happen before idk if it came with the new ios but I am NOT here for it. @AppleSupport @AppleSupport Yes im referring to the loading symbol and my phone is already set to “optimize iphone storage”,DISPLAY_TOUCH_SCREEN,APP_STORE_PURCHASES_BILLING,0.6749,N/A,Missing (>10),,"['APP_STORE_PURCHASES_BILLING', 'CONNECTIVITY_WIFI_BLUETOOTH', 'CONNECTIVITY_WIFI_BLUETOOTH']","['APP_STORE_PURCHASES_BILLING', 'CONNECTIVITY_WIFI_BLUETOOTH', 'CONNECTIVITY_WIFI_BLUETOOTH', 'APP_CRASH_AND_DOWNLOAD', 'ACCOUNT_APPLEID_ICLOUD']","['CASE_000363', 'CASE_002345', 'CASE_007122']","['CASE_000363', 'CASE_002345', 'CASE_007122', 'CASE_007406', 'CASE_006701']","@AppleSupport I just got a new iPhone but my pictures aren’t downloading from my old one...what do I do?? @AppleSupport Ah whoops they’re actually coming through now, but thank you!!! I think they were just taking a while to load, but didn’t say was loading","@158619 You’re in the right spot and we’ll do everything we can to help you. Are you using the iCloud Photo Library? Did you restore this new iPhone from a backup of your previous iPhone? @158619 Perfect! We're glad to hear they showed up, and welcome you to tweet us anytime you have questions about your Apple products or services."
662,CASE_006767,2523404,"Hey @AppleSupport what’s with iPhones not being able to make calls?  I know 9 people who go to make calls and nothing happens. All have most recent iOS update. I don’t really like using the phone, but sometimes you have to. @AppleSupport AT&amp;T @AppleSupport I reset my phone but now some calls go right to voicemail. Others still disconnect immediately @AppleSupport DM sent. Thank you!",OS_UPDATE_SYSTEM_PERFORMANCE,GENERAL_DEVICE_INQUIRY,0.8507,CASE_006730,3,3.0,"['GENERAL_DEVICE_INQUIRY', 'GENERAL_DEVICE_INQUIRY', 'OS_UPDATE_SYSTEM_PERFORMANCE']","['GENERAL_DEVICE_INQUIRY', 'GENERAL_DEVICE_INQUIRY', 'OS_UPDATE_SYSTEM_PERFORMANCE', 'CONNECTIVITY_WIFI_BLUETOOTH', 'GENERAL_DEVICE_INQUIRY']","['CASE_006745', 'CASE_006731', 'CASE_006730']","['CASE_006745', 'CASE_006731', 'CASE_006730', 'CASE_006719', 'CASE_006755']","@115858 @AppleSupport hey Apple, shouldn’t my iphone accept and make phone calls? Because it’s not. Rings once on incoming And go straight to voicemail. It won’t even dial out @AppleSupport Works again. Thanks",@717666 We want you to be able to make and receive calls. We're here to help. Please take a look at the following article. Let us know if these steps work for you: https://t.co/U53YusKX3z @717666 We're glad the issue has been resolved. Please feel free to reach out to us in DM anytime you need assistance. https://t.co/GDrqU22YpT
665,CASE_005975,2304331,"@AppleSupport yet another bug with an Apple product. This one is the Apple TV (4th gen) and tv is 11. The device drops off the remote app @AppleSupport Every few days this happens and can only be fixed by restarting the Apple TV. See link for greater detail. very dissapointed so many of your products and operating systems in general exhibit so many bugs and shows your QA is inadequate. See link, https://t.co/r2FLSxA0Pm @AppleSupport Ok, sounds like your usual fob off. It’s a bad bug you should actually forward onto engineers to fix. Not waste my time scheduling calls. But I’ll go through the motions then, thanks.",GENERAL_DEVICE_INQUIRY,CONNECTIVITY_WIFI_BLUETOOTH,0.7268,CASE_001900,2,2.0,"['CONNECTIVITY_WIFI_BLUETOOTH', 'GENERAL_DEVICE_INQUIRY', 'BATTERY_CHARGING_POWER']","['CONNECTIVITY_WIFI_BLUETOOTH', 'GENERAL_DEVICE_INQUIRY', 'BATTERY_CHARGING_POWER', 'GENERAL_DEVICE_INQUIRY', 'GENERAL_DEVICE_INQUIRY']","['CASE_005965', 'CASE_001900', 'CASE_003985']","['CASE_005965', 'CASE_001900', 'CASE_003985', 'CASE_003434', 'CASE_000602']","@AppleSupport Not quite sure this makes sense. Watch Series 3, updated to watchOS 4.1, Apple TV updated, fast WiFi...and yet, Remote worked only on the first try yesterday. We love our watches, otherwise. But, my wife is quite disappointed Remote isn’t working. Any fix for this? https://t.co/E0URHOf9ox @AppleSupport No, it doesn’t, unfortunately. The same thing usually happens with the Remote/Apple TV remote apps on both of our iPhones. More often than not, the apps don’t connect to or even detect the TV. Only thing that works all the time is the remote that came with the Apple TV. @AppleSupport Thank you! I was able to get it to work (without their help). @AppleSupport Different issue, now. I’m trying to buy AppleCare+ for my Watch, got through all the time waiting for diagnostics testing and verification, and then...all I see is this, any time I try to actually complete my order, with any card whatsoever. What gives? https://t.co/mEGSxT8lOu","@440654 We'll do everything we can to help out. Does rebooting the Apple TV make any difference? If not, we'll want to get you to the Apple TV experts here: https://t.co/IBIY3vMgPj @440654 At this point, it would be best to get in contact with our Apple TV team here: https://t.co/IBIY3vMgPj @440654 We're glad to hear you got it sorted on your own. Reach out if we can ever be of service. @440654 Let's look into this issue together. Send us a DM and we'll get started. https://t.co/GDrqU22YpT"
666,CASE_003259,1404845,@AppleSupport trying to get some actual support and it’s a struggle online. Anyway to get help for overnight shipping that takes 3 days? @AppleSupport Thanks for sending me to the same page I was trying to get help before. Nobody can answer why I paid extra for overnight when it’s 3 days. @AppleSupport No worries. Thank you for the automated message.,GENERAL_DEVICE_INQUIRY,APP_STORE_PURCHASES_BILLING,0.6948,CASE_005521,2,2.0,"['APP_STORE_PURCHASES_BILLING', 'GENERAL_DEVICE_INQUIRY', 'APP_STORE_PURCHASES_BILLING']","['APP_STORE_PURCHASES_BILLING', 'GENERAL_DEVICE_INQUIRY', 'APP_STORE_PURCHASES_BILLING', 'GENERAL_DEVICE_INQUIRY', 'APP_STORE_PURCHASES_BILLING']","['CASE_006820', 'CASE_005521', 'CASE_004685']","['CASE_006820', 'CASE_005521', 'CASE_004685', 'CASE_005640', 'CASE_003063']","@115858 are happy to take your money, but can't sort out software issues because you are having software issues at @AppleSupport ?! @115858 @AppleSupport Can't even deliver an item on time which I've paid for the extra service!? @AppleSupport It’s Ok. I sorted it out by myself. 

Thank you for your concern.","@725337 If this is an order you've placed through our Online Store, we can provide the contact details for the Online Store team. Please DM us your country. https://t.co/GDrqU22YpT @725337 We appreciate you letting us know. Please reach out if any questions come up in the future."
668,CASE_006334,2403786,"@115858 new update on #iOS11 and difficulty attaching pics on watsapp 😣 @AppleSupport Thank you 🍎 , lemme attach a screen grab and show it to you @AppleSupport And this is what is happening , on another platform too https://t.co/1flTHia52a @AppleSupport Hope this helps ! @AppleSupport Here is the 2nd issue and also your query answered :
1. Software version 
2. App is updated also happens with another social media app
3 .Took a screengrab in the video but the blink was negligible 
4 . It saved In the photos though https://t.co/Fhk2bp3xs9 @AppleSupport Here is the screengrab attached , a no blink screen shot https://t.co/OvHcGh8s7c @AppleSupport So you mean I need to delete both the apps ? Doesn’t look like an app issue but might as well try that and also have done a manual restart on the phone sometime back . This has started to happen after my iTunes update last night @AppleSupport Will try the tricks of the trade and then get back with any issue if it persists .Thanks a tonne 🍎",DISPLAY_TOUCH_SCREEN,BATTERY_CHARGING_POWER,0.6278,N/A,Missing (>10),,"['BATTERY_CHARGING_POWER', 'BATTERY_CHARGING_POWER', 'OS_UPDATE_SYSTEM_PERFORMANCE']","['BATTERY_CHARGING_POWER', 'BATTERY_CHARGING_POWER', 'OS_UPDATE_SYSTEM_PERFORMANCE', 'OS_UPDATE_SYSTEM_PERFORMANCE', 'OS_UPDATE_SYSTEM_PERFORMANCE']","['CASE_000862', 'CASE_000600', 'CASE_003437']","['CASE_000862', 'CASE_000600', 'CASE_003437', 'CASE_002964', 'CASE_007457']","Anyone else experiencing issues with the latest @115858 #iOS 11.0.2 update? @4305 appears to be the most impacted from my side 😔 @208026 @115858 @4305 Yes - battery loses power faster, apps are crashing. @115858 needs to fix this. #ios11update is problematic. @AppleSupport Thank you so much! I have the #iPhone7 @AppleSupport iPhone 6s; IOS 11.0.2 @AppleSupport Myself, this user in the screengrab, another friend and my brother @83523 are all experiencing the same WhatsApp issues... https://t.co/x1Y8Cb89pV @218647 @AppleSupport Hey Lauren, looks like Apple fixed your iOS issue! https://t.co/ChtUaHbykE @218647 @AppleSupport When are they going to just own up to one of the buggiest #iOS updates in the longest time? Multiple users experiencing consistent issues. @218647 @AppleSupport But when you update, in the settings you'll get a tongue lashing from Apple if you had your screen replaced with a non-Apple-certified one @AppleSupport U.S. -- didn't start happening until I upgraded to iOS11 @AppleSupport Sent! @218648 @AppleSupport I would never! @218647 @AppleSupport 😉📱",@208026 We want to help. Which iPhone model do you own? @218647 We'd love to help sort it out. Certainly not expected behavior. Which device and version of iOS 11 are you using? @208026 Can you tell us more about what's happening with WhatsApp? @218647 Thanks. DM us which country you're in and which apps are under Battery Usage in Settings &gt; Battery. We'll go from there. https://t.co/GDrqU22YpT @208026 Please send us a DM so that we can focus on your issue there. https://t.co/GDrqU22YpT @218647 Thanks. DM us using the following link and we'll continue support with you there. https://t.co/GDrqU22YpT
669,CASE_001617,620093,"This is the second time this month i restore my iPhone7 to its factory settings because of your software problem. A big company like yours should not face such problem for so long. When is that problem going to be fixed???? @115858 @AppleSupport @AppleSupport after i performed the iOS 11.1 update when it was released i faced the freeze problem with the apple icon showing all the time, i restored my iPhone through iTunes then i downloaded my iCloud backup. Now the same problem happened again @AppleSupport again i restored my iPhone through iTunes and now its downloading my backup from iCloud (( taking very very very long time )) but really i would like to know when will the new update that will fix that problem once and for all will be released ?? @AppleSupport I did set the device up as new the last time, and dowloaded my backup from iCloud, it worked for sometime then again im facing the same problem. Now im going through the same procedure all over again @AppleSupport Thank you.. any news regarding the new update that will solve the whole problem?",ACCOUNT_APPLEID_ICLOUD,APP_CRASH_AND_DOWNLOAD,0.6833,N/A,Missing (>10),,"['APP_CRASH_AND_DOWNLOAD', 'DISPLAY_TOUCH_SCREEN', 'APP_CRASH_AND_DOWNLOAD']","['APP_CRASH_AND_DOWNLOAD', 'DISPLAY_TOUCH_SCREEN', 'APP_CRASH_AND_DOWNLOAD', 'OS_UPDATE_SYSTEM_PERFORMANCE', 'OS_UPDATE_SYSTEM_PERFORMANCE']","['CASE_007765', 'CASE_006115', 'CASE_006357']","['CASE_007765', 'CASE_006115', 'CASE_006357', 'CASE_004493', 'CASE_002561']",".@AppleSupport My iPhone 7 is no longer usable after the latest updates. It keeps on crashing and rebooting. Thank you @115858 for taking that page from Android too.. #Fail #Apple #iOS1112 #iPhone7 @AppleSupport It works for like 10 seconds, freezes, then i hard reset it. When it reboots it either gets stuck on Apple logo for few minutes and then boot up, or the cycle goes on. This has happened to me two weeks ago, I lost info as I recovered the phone, and it's back at it now. @AppleSupport An old backup, and it was stable at 11.1.1 until 11.1.2 was installed (today) :/ It's rebooting again. There might not be a solution at the moment, but please fix it soon in 11.1.3 or whatever. Thank you for your support :)","@806050 We'd love to get your iPhone working as expected again. Is the device unexpectedly restarting while doing anything or using any app in particular? What do you do to restore functionality when this happens or does it automatically boot back up? @806050 We know how frustrating of an experience it can be for your iPhone not to work as expected. We want it to be reliable for you. Thanks for those details. If your issues persisted after restoring your device, did you set up as new or restore from a backup? @806050 We’d like to check this out with you in more detail. DM us to continue. https://t.co/GDrqU22YpT"
671,CASE_003206,1386579,@AppleSupport why does my phone always act up every time Apple releases a new phone? Why? @AppleSupport I have an iPhone 6. My apps keep force closing. My podcast library keeps having to be restored. My text thread is out of order. @AppleSupport My calls keep deleting. Messages that I send delete from the thread. @AppleSupport And there isn't any internal damage. And I cannot figure out how to use these dang .99 storage I pay for @AppleSupport No. I haven't been able to because of storage issues. But I pay for extra storage so I don't understand. @AppleSupport What is the point of buying more storage then? @AppleSupport This is a scam lol thanks friends,HOW_TO_SETTINGS_CONFIGURATION,APP_CRASH_AND_DOWNLOAD,0.6281,N/A,Missing (>10),,"['APP_CRASH_AND_DOWNLOAD', 'GENERAL_DEVICE_INQUIRY', 'OS_UPDATE_SYSTEM_PERFORMANCE']","['APP_CRASH_AND_DOWNLOAD', 'GENERAL_DEVICE_INQUIRY', 'OS_UPDATE_SYSTEM_PERFORMANCE', 'GENERAL_DEVICE_INQUIRY', 'OS_UPDATE_SYSTEM_PERFORMANCE']","['CASE_007619', 'CASE_004904', 'CASE_003058']","['CASE_007619', 'CASE_004904', 'CASE_003058', 'CASE_004453', 'CASE_006355']","So sick of apples bullshit. Took almost 5 min to open up a podcast now. Everything lags. Apps crash more. Everything lags on the phone now @AppleSupport updates make your phone worse with each one @174135 @AppleSupport switched to android about 4 years ago, i regret/miss nothing. @601935 @AppleSupport yeah everything worked fine until the new iphone came out n new software updates. Now it works like shit",@174135 We'd love to assist you with any issues that you're having. Which device and software version are you using? Please click here to join us in DM and we'll continue there: https://t.co/GDrqU22YpT @174135 That's not the type of experience that we'd like for you to have. We'd love to look into this. Join us in DM here: https://t.co/GDrqU22YpT
672,CASE_004494,1753254,When is @115858 going to fix the autocorrect on the “i”? It’s annoying me. @AppleSupport Thanks!,KEYBOARD_TYPING_AUTOCORRECT,OS_UPDATE_SYSTEM_PERFORMANCE,0.907,CASE_004321,2,2.0,"['OS_UPDATE_SYSTEM_PERFORMANCE', 'KEYBOARD_TYPING_AUTOCORRECT', 'KEYBOARD_TYPING_AUTOCORRECT']","['OS_UPDATE_SYSTEM_PERFORMANCE', 'KEYBOARD_TYPING_AUTOCORRECT', 'KEYBOARD_TYPING_AUTOCORRECT', 'KEYBOARD_TYPING_AUTOCORRECT', 'OS_UPDATE_SYSTEM_PERFORMANCE']","['CASE_005435', 'CASE_004321', 'CASE_005048']","['CASE_005435', 'CASE_004321', 'CASE_005048', 'CASE_001067', 'CASE_004323']",@115858 @AppleSupport are y’all going to update the “i” autocorrects?! This is annoying!,"@640019 Thanks for reaching out. This behavior has been addressed in the just released iOS 11.1.1 update.  Make sure you have a backup, then go to Settings &gt; General &gt; Software Update and tap Download and Install to get started."
673,CASE_003244,1398127,50 min on the phone with @115858 .. bet you I will be told I’m screwed and just gonna have to deal with it.. #customerForever #horrible https://t.co/vO3lcE1PnH @115858 @116333 please fix this issue 😞 your company is about to tell a forever customer to move on 😡 @AppleSupport 2 hours 15min.. the rep helping me has left me on hold for 30min now.. @116333 @115858 @AppleSupport thank you. #NotWorthIt #iphoneX #help https://t.co/1IzvIt8BoA,GENERAL_DEVICE_INQUIRY,OS_UPDATE_SYSTEM_PERFORMANCE,0.7737,CASE_003199,2,2.0,"['OS_UPDATE_SYSTEM_PERFORMANCE', 'GENERAL_DEVICE_INQUIRY', 'CONNECTIVITY_WIFI_BLUETOOTH']","['OS_UPDATE_SYSTEM_PERFORMANCE', 'GENERAL_DEVICE_INQUIRY', 'CONNECTIVITY_WIFI_BLUETOOTH', 'GENERAL_DEVICE_INQUIRY', 'GENERAL_DEVICE_INQUIRY']","['CASE_005861', 'CASE_003199', 'CASE_006657']","['CASE_005861', 'CASE_003199', 'CASE_006657', 'CASE_000573', 'CASE_002776']",This I️ shit is God awful. Apparently @AppleSupport isn’t going to do shit about it🤔🤔🤔🤔🤔🤔🤔🤔🤔 @AppleSupport Yes @90061 &amp; @666417 fellow iPhone users suggested I update my phone so I did and it appears all good now. Thanks for reaching out !!! @666416 @AppleSupport @90061 Apple support hire us. We resolved the issue in a timely fashion,"@666416 We're here to help, so let's partner together and take a look together. Have you updated your device to iOS 11.1.1 yet?"
679,CASE_007801,2940377,"@116333  seriously concerned that on High Sierra, changing user to Root will allow access to my mac? Have tried it twice yesterday and once today! When will this be resolved, what a breach of my security not what i expect from Apple",GENERAL_DEVICE_INQUIRY,DISPLAY_TOUCH_SCREEN,0.5682,CASE_006550,3,3.0,"['DISPLAY_TOUCH_SCREEN', 'ACCOUNT_APPLEID_ICLOUD', 'GENERAL_DEVICE_INQUIRY']","['DISPLAY_TOUCH_SCREEN', 'ACCOUNT_APPLEID_ICLOUD', 'GENERAL_DEVICE_INQUIRY', 'OS_UPDATE_SYSTEM_PERFORMANCE', 'KEYBOARD_TYPING_AUTOCORRECT']","['CASE_007531', 'CASE_006157', 'CASE_006550']","['CASE_007531', 'CASE_006157', 'CASE_006550', 'CASE_003319', 'CASE_000975']","@AppleSupport I upgraded iMac to Sierra and now no admin passwords are accepted for login to the OS. Can you help? It's essentially bricked at this point @AppleSupport Yes. Same username and password that worked before the update. It's my Apple ID @AppleSupport I am able to sign in to a non admin account, but when I try to make changes I am prompted for my Apple ID and password, which are rejected. They are both known to be correct and working on other Apple devices @AppleSupport I cannot. Before the error was occurring when I was attempting to restart the iMac from the Apple menu. Other users were logged in, prompting for the admin Apple ID and password. Since, the iMac has been hard restarted and their are no other logged in users, thus, no prompt @AppleSupport So now, I just have an admin password screen that's not accepting the correct password with no errors. Would you like a screen shot of this DM'd?",@781516 We understand you need to get logged in. Are you using an Apple ID account to sign in? https://t.co/QnMgELDQi7 @781516 Can you send us a screenshot of the message where it asks for your password when you try to make changes? Send it in a DM with the link below. https://t.co/GDrqU22YpT @781516 Let's take a deeper look at this in DM. Let us know if you were able to log in to any user account after restarting there. https://t.co/GDrqU2kzhr
682,CASE_005795,2286464,"My phone won’t lock or turn off @115858 wtf? @AppleSupport Nothing, IPhone SE @AppleSupport The power button clicks...it’s just unresponsive @AppleSupport This issue seems to have fixed itself but, thanks for the quick response",DISPLAY_TOUCH_SCREEN,OS_UPDATE_SYSTEM_PERFORMANCE,0.735,CASE_002646,4,4.0,"['OS_UPDATE_SYSTEM_PERFORMANCE', 'GENERAL_DEVICE_INQUIRY', 'OS_UPDATE_SYSTEM_PERFORMANCE']","['OS_UPDATE_SYSTEM_PERFORMANCE', 'GENERAL_DEVICE_INQUIRY', 'OS_UPDATE_SYSTEM_PERFORMANCE', 'DISPLAY_TOUCH_SCREEN', 'GENERAL_DEVICE_INQUIRY']","['CASE_002196', 'CASE_004450', 'CASE_000069']","['CASE_002196', 'CASE_004450', 'CASE_000069', 'CASE_002646', 'CASE_000642']","@AppleSupport the locking button doesnt lock my phone&amp; if i put my finger on it without pressing, my phone locks&amp; swipe to turn off shows up @AppleSupport No i am not and i have updated to ios 11.0.3 @AppleSupport It feels normal @AppleSupport Now it works again, thanks!",@327483 We want to help you out with this! Are you using any sort of case on the device that may be covering the button? @327483 Does it feel as if the button is broken or does it feel normal? @327483 Got it. Check out this article here: https://t.co/45AlFnF6Ae Please DM us if the issue persists. https://t.co/GDrqU22YpT
687,CASE_000007,3770,@AppleSupport this is my top bar every time I open messages on my SE after updating to iOS 11.1 https://t.co/Lzge3qzc7w @AppleSupport That fixed it thanks,OS_UPDATE_SYSTEM_PERFORMANCE,KEYBOARD_TYPING_AUTOCORRECT,0.6613,CASE_000070,3,3.0,"['KEYBOARD_TYPING_AUTOCORRECT', 'GENERAL_DEVICE_INQUIRY', 'OS_UPDATE_SYSTEM_PERFORMANCE']","['KEYBOARD_TYPING_AUTOCORRECT', 'GENERAL_DEVICE_INQUIRY', 'OS_UPDATE_SYSTEM_PERFORMANCE', 'APP_CRASH_AND_DOWNLOAD', 'GENERAL_DEVICE_INQUIRY']","['CASE_005010', 'CASE_006709', 'CASE_000070']","['CASE_005010', 'CASE_006709', 'CASE_000070', 'CASE_005280', 'CASE_002649']","@AppleSupport I am having some issues on notifications page, it looks weird after I upgraded to iOS 11.1 #iOS111 https://t.co/qQcvKRNZfV @AppleSupport I am surprised with this reply. This is a software issue, how does a restart would solve this? FYI: The issue is still not resolved, I am using iOS 11.1.1 https://t.co/JjScrPlUv7",@593773 Thanks for reaching out.  Please restart the iPhone and test to see if the issue persists.  DM us your results. https://t.co/GDrqU22YpT @593773 Thank you for that information.  DO you have a recent iTunes or iCloud backup of the device?  DM us back. https://t.co/GDrqU22YpT
691,CASE_001061,486160,"Is it just me or does 4g run a lot slower on the iPhone 8? @AppleSupport @AppleSupport All over. I upgraded from the 6s and downloads, web browsing, etc all feel slower over cellular. Verizon in Lexington KY btw.",CONNECTIVITY_WIFI_BLUETOOTH,BATTERY_CHARGING_POWER,0.6539,CASE_004165,2,2.0,"['BATTERY_CHARGING_POWER', 'CONNECTIVITY_WIFI_BLUETOOTH', 'OS_UPDATE_SYSTEM_PERFORMANCE']","['BATTERY_CHARGING_POWER', 'CONNECTIVITY_WIFI_BLUETOOTH', 'OS_UPDATE_SYSTEM_PERFORMANCE', 'OS_UPDATE_SYSTEM_PERFORMANCE', 'KEYBOARD_TYPING_AUTOCORRECT']","['CASE_006254', 'CASE_004165', 'CASE_000097']","['CASE_006254', 'CASE_004165', 'CASE_000097', 'CASE_007204', 'CASE_002007']","Hey Apple quick q, why has the “better battery life” on iPhone 8 gone from v fab to worse than my iPhone 4 in less than 3 weeks? @115858 @AppleSupport","@310614 Battery life is important, and we’d like to help out. To start, can you tell us the iOS version your iPhone is on currently? This info can be found in Settings &gt; General &gt; About."
692,CASE_000909,407938,"@AppleSupport Hi, how can I check on my iPhone when the last backup was? I cannot seem to find out with the iOS 11 update.. Please assist @AppleSupport Thank you! My phone was set to backup when the device was plugged in to charge rather than manual backup. How can I check these settings? @AppleSupport Got it, thank you!",APP_STORE_PURCHASES_BILLING,ACCOUNT_APPLEID_ICLOUD,0.6347,N/A,Missing (>10),,"['ACCOUNT_APPLEID_ICLOUD', 'GENERAL_DEVICE_INQUIRY', 'ACCOUNT_APPLEID_ICLOUD']","['ACCOUNT_APPLEID_ICLOUD', 'GENERAL_DEVICE_INQUIRY', 'ACCOUNT_APPLEID_ICLOUD', 'ACCOUNT_APPLEID_ICLOUD', 'CONNECTIVITY_WIFI_BLUETOOTH']","['CASE_000248', 'CASE_004273', 'CASE_006220']","['CASE_000248', 'CASE_004273', 'CASE_006220', 'CASE_006146', 'CASE_005612']","@AppleSupport I upgraded to iPhone8 from 6s, and am wondering if I could find out how many old (6s) backups I still have on iCloud. Are backups identified by device? @AppleSupport Looking at the list of apps, I saw many which are useful (ie they tell me when a bus or subway will arrive), but have no apparent reason to be backed up.  What do I lose by turning them off from being backed up?","@143060 We’d be happy to help with iCloud. You’ll be able to see a list of your backups by device if you tap Settings &gt; [name] &gt; iCloud &gt; Manage Storage &gt; Backup. Let us know if you have any additional questions, and we'll be happy to help further. @143060 If those are apps that pull info in real time, you've not a lot to lose by not backing them up. But you'll not gain a lot of space by doing so either."
693,CASE_002268,907072,"Apple notes has become unusable on my phone. Notes haven't synced since September, I tried turning off and on iCloud and now NONE sync. I'm seriously getting to the point where I've fucking had enough of Apple. Their stuff gets worse and worse every year. iOS11==Windows Vista Memo to @AppleSupport : how do I get my iCloud notes back on my phone?!!? https://t.co/z1mZ6xcNow @AppleSupport thanks support folks. I got them to come back finally when i got back to wifi.  But https://t.co/XLg2wOY2O7 doesn't even do notes anymore! https://t.co/bXoTviFGmL",CONNECTIVITY_WIFI_BLUETOOTH,ACCOUNT_APPLEID_ICLOUD,0.7548,CASE_000130,8,8.0,"['ACCOUNT_APPLEID_ICLOUD', 'GENERAL_DEVICE_INQUIRY', 'ACCOUNT_APPLEID_ICLOUD']","['ACCOUNT_APPLEID_ICLOUD', 'GENERAL_DEVICE_INQUIRY', 'ACCOUNT_APPLEID_ICLOUD', 'GENERAL_DEVICE_INQUIRY', 'GENERAL_DEVICE_INQUIRY']","['CASE_007576', 'CASE_002239', 'CASE_001541']","['CASE_007576', 'CASE_002239', 'CASE_001541', 'CASE_002279', 'CASE_006326']",@115858 @AppleSupport After upgrading my iPhone to 11.1.2 my notes are https://t.co/es90GCKOzN can i recover them back ? @AppleSupport yup they are on icloud..Thanks for the quick https://t.co/xjTESAV394 rocks @AppleSupport no right now its turned off @AppleSupport ok got it back by turning it on again.Thanks team for the quick support appreciate it @AppleSupport So far so good team.Thanks again and have a nice day ahead.,"@257987 Thanks for reaching out. Were your notes saved to iCloud? If you go to https://t.co/MdGttkkFL9 from a desktop browser, do you see your notes there? @257987 Please go to Settings &gt; Apple ID (at the top) &gt; iCloud, is notes turned on? @257987 Glad to hear we got your Notes back. Please let us know if we can be of any other assistance."
695,CASE_000823,367493,"@AppleSupport can I watch the “files” on iCloud like movies I have on my desktop of my MacBook Pro from new Apple TV 4K lke I can on iPhone? @AppleSupport Like when I am on my phone and I can see the files that are on the desktop of my Mac and I can download them to my phone, Can I do the same on the new Apple TV? Thanks",ACCOUNT_APPLEID_ICLOUD,APP_STORE_PURCHASES_BILLING,0.5963,CASE_007275,6,6.0,"['APP_STORE_PURCHASES_BILLING', 'APP_STORE_PURCHASES_BILLING', 'APP_STORE_PURCHASES_BILLING']","['APP_STORE_PURCHASES_BILLING', 'APP_STORE_PURCHASES_BILLING', 'APP_STORE_PURCHASES_BILLING', 'APP_STORE_PURCHASES_BILLING', 'APP_STORE_PURCHASES_BILLING']","['CASE_002455', 'CASE_002621', 'CASE_000178']","['CASE_002455', 'CASE_002621', 'CASE_000178', 'CASE_000340', 'CASE_000043']","@AppleSupport Can I Get a home video I made in iMovie from my iPhone to my Moms iMac without using the cloud? Via iTunes maybe? @AppleSupport Thank you, but I don’t see a share-button in the video’s app (where my movie is located on my phone)",@357867 We're here for you. You can share your video from your iPhone to Apple devices nearby by using AirDrop. You can find instructions here: https://t.co/1sfjYKb68x @357867 We'd be happy to look into this with you further. DM us using the link below and we'll go from there. https://t.co/GDrqU22YpT
697,CASE_004844,1902422,@AppleSupport Ive an Apple watch 2 and since the last update the exercise function isn't recording. Ive tried resetting etc etc any advice? @AppleSupport thank you i have DM'd you,OS_UPDATE_SYSTEM_PERFORMANCE,APP_STORE_PURCHASES_BILLING,0.6307,CASE_004733,2,2.0,"['APP_STORE_PURCHASES_BILLING', 'OS_UPDATE_SYSTEM_PERFORMANCE', 'GENERAL_DEVICE_INQUIRY']","['APP_STORE_PURCHASES_BILLING', 'OS_UPDATE_SYSTEM_PERFORMANCE', 'GENERAL_DEVICE_INQUIRY', 'GENERAL_DEVICE_INQUIRY', 'DISPLAY_TOUCH_SCREEN']","['CASE_000617', 'CASE_004733', 'CASE_001901']","['CASE_000617', 'CASE_004733', 'CASE_001901', 'CASE_005796', 'CASE_006232']",@AppleSupport can’t seem to change my music playing on my phone via workout on the #AppleWatch anymore?! Where’s this gone? @AppleSupport But how do I make it control what’s playing on my phone instead - I wanna leave the phone on the floor at the gym &amp; change tracks on watch @AppleSupport Ignore - fixed it. Phone had to be restarted for now playing to pick up what was playing as well my health/activty data to sync 🤔,@174562 We're glad you asked. Now you can create a playlist on your Apple Watch. Check this out: https://t.co/kPrTO9IGph @174562 We're glad you were able to get it working properly. If you have any additional questions please feel free to reach out.
699,CASE_006423,2422506,@AppleSupport @115858 Got this email. I haven't logged in in months. Reported to phishing email for Apple just in case. Scammer? See screen shot below. Thanks! https://t.co/pf2nHkPNkk @AppleSupport Awesome! Thanks!,DISPLAY_TOUCH_SCREEN,GENERAL_DEVICE_INQUIRY,0.8534,N/A,Missing (>10),,"['GENERAL_DEVICE_INQUIRY', 'GENERAL_DEVICE_INQUIRY', 'ACCOUNT_APPLEID_ICLOUD']","['GENERAL_DEVICE_INQUIRY', 'GENERAL_DEVICE_INQUIRY', 'ACCOUNT_APPLEID_ICLOUD', 'GENERAL_DEVICE_INQUIRY', 'GENERAL_DEVICE_INQUIRY']","['CASE_003469', 'CASE_002130', 'CASE_007479']","['CASE_003469', 'CASE_002130', 'CASE_007479', 'CASE_002760', 'CASE_001119']",@AppleSupport this is a scam/phishing right? https://t.co/OzgkDe9Ova @AppleSupport Thanks for confirming!,"@469084 Correct. That message is not coming from us. Since it's an SMS message, please reach out to your carrier for help. @469084 You're very welcome!"
704,CASE_004432,1738668,My hotspot has not worked since I updated my ipad and iphone to iOS 11 @AppleSupport @ATT @117735,CONNECTIVITY_WIFI_BLUETOOTH,BATTERY_CHARGING_POWER,0.7976,CASE_001800,2,2.0,"['BATTERY_CHARGING_POWER', 'CONNECTIVITY_WIFI_BLUETOOTH', 'CONNECTIVITY_WIFI_BLUETOOTH']","['BATTERY_CHARGING_POWER', 'CONNECTIVITY_WIFI_BLUETOOTH', 'CONNECTIVITY_WIFI_BLUETOOTH', 'CONNECTIVITY_WIFI_BLUETOOTH', 'CONNECTIVITY_WIFI_BLUETOOTH']","['CASE_002290', 'CASE_001800', 'CASE_006800']","['CASE_002290', 'CASE_001800', 'CASE_006800', 'CASE_002379', 'CASE_001673']","@AppleSupport having issues connecting my iPad to my personal hot spot after iOS 11 @338208 @AppleSupport Was this resolved I have the same issue @AppleSupport 11.0.2 on iPhone 7 Plus. I been trying to connect my iPad to my personal hotspot. It keeps failing and it’s started after the update. @AppleSupport I have attempted to turn off and on the WiFi, personal hotspot and Bluetooth. Still no luck @338207 @AppleSupport To get mine working again, I removed my iCloud and then re-entered it. That worked for me for some reason @338208 @AppleSupport Thanks","@338207 Let's look into this together. What's the exact issue you're seeing, and the version number of iOS 11 installed on your iPad? @338207 Thanks for that information. Send us a DM, and we'll continue from there. https://t.co/GDrqU22YpT"
706,CASE_007759,2909277,@AppleSupport why this going up/down? V11.1.2 https://t.co/asATssJ34Z @AppleSupport I think that’s actually fixed it! Thanks,GENERAL_DEVICE_INQUIRY,OS_UPDATE_SYSTEM_PERFORMANCE,0.783,CASE_003953,2,2.0,"['OS_UPDATE_SYSTEM_PERFORMANCE', 'GENERAL_DEVICE_INQUIRY', 'OS_UPDATE_SYSTEM_PERFORMANCE']","['OS_UPDATE_SYSTEM_PERFORMANCE', 'GENERAL_DEVICE_INQUIRY', 'OS_UPDATE_SYSTEM_PERFORMANCE', 'GENERAL_DEVICE_INQUIRY', 'OS_UPDATE_SYSTEM_PERFORMANCE']","['CASE_004550', 'CASE_003953', 'CASE_004420']","['CASE_004550', 'CASE_003953', 'CASE_004420', 'CASE_003901', 'CASE_004710']",.@AppleSupport Waiting on that update fix... I️ I️ I️ I️ !!!! https://t.co/yZku0014qB @AppleSupport .@AppleSupport Thanks! Still don’t like the new #OS11. Looking forward to a better one with bug fixes.,@530427 Here’s what you can do to work around the issue until it’s fixed in a future software update: https://t.co/uQeXsrrlXJ
711,CASE_002710,1144259,So @115858 - I updated to iOS 11 and there doesn’t seem to be the option for hard pressing the screen to switch/close apps - is that right?,DISPLAY_TOUCH_SCREEN,OS_UPDATE_SYSTEM_PERFORMANCE,0.6918,CASE_005180,3,3.0,"['OS_UPDATE_SYSTEM_PERFORMANCE', 'GENERAL_DEVICE_INQUIRY', 'DISPLAY_TOUCH_SCREEN']","['OS_UPDATE_SYSTEM_PERFORMANCE', 'GENERAL_DEVICE_INQUIRY', 'DISPLAY_TOUCH_SCREEN', 'OS_UPDATE_SYSTEM_PERFORMANCE', 'OS_UPDATE_SYSTEM_PERFORMANCE']","['CASE_000207', 'CASE_007621', 'CASE_005180']","['CASE_000207', 'CASE_007621', 'CASE_005180', 'CASE_006977', 'CASE_006959']",Noticed a bug on my @115858 iPhone X/iOS 11.1.2 While I’m on the phone I can’t close apps.,"@138152 We can assist you. Thanks for bringing this to our attention. If you restart your device and test the issue again, does it persist?"
713,CASE_005540,2220737,Honestly @115858 this “ I️ “ scenario is really annoying. I’ve fixed It and It keeps coming back. Y’all need a hotfix/update quickly... for the love.,OS_UPDATE_SYSTEM_PERFORMANCE,GENERAL_DEVICE_INQUIRY,0.7787,CASE_003950,2,2.0,"['GENERAL_DEVICE_INQUIRY', 'OS_UPDATE_SYSTEM_PERFORMANCE', 'GENERAL_DEVICE_INQUIRY']","['GENERAL_DEVICE_INQUIRY', 'OS_UPDATE_SYSTEM_PERFORMANCE', 'GENERAL_DEVICE_INQUIRY', 'GENERAL_DEVICE_INQUIRY', 'GENERAL_DEVICE_INQUIRY']","['CASE_004337', 'CASE_003950', 'CASE_003599']","['CASE_004337', 'CASE_003950', 'CASE_003599', 'CASE_003631', 'CASE_004259']",Hey @115858 this whole “I️” issue is killing me. When can we expect a fix??? @AppleSupport I think it worked!,"@517896 Here’s what you can do to work around the issue until it’s fixed in a future software update: https://t.co/xXaXeeSRt9 @517896 Awesome! Keep your device up to date, and please let us know if you need further assistance."
718,CASE_003177,1368862,@AppleSupport please advise. Can I get my voicemail to be visible as it was before the update? How do I get voicemail notifications? https://t.co/1bx3MHBSTx @AppleSupport Thanks. Will do.,KEYBOARD_TYPING_AUTOCORRECT,GENERAL_DEVICE_INQUIRY,0.732,N/A,Missing (>10),,"['GENERAL_DEVICE_INQUIRY', 'OS_UPDATE_SYSTEM_PERFORMANCE', 'GENERAL_DEVICE_INQUIRY']","['GENERAL_DEVICE_INQUIRY', 'OS_UPDATE_SYSTEM_PERFORMANCE', 'GENERAL_DEVICE_INQUIRY', 'OS_UPDATE_SYSTEM_PERFORMANCE', 'GENERAL_DEVICE_INQUIRY']","['CASE_006196', 'CASE_007746', 'CASE_007281']","['CASE_006196', 'CASE_007746', 'CASE_007281', 'CASE_002124', 'CASE_007044']","I don’t like that now I have to call my voicemail to listen to my messages, I liked when I was able to just see my messages and could delete if I didn’t want to listen to them @AppleSupport @AppleSupport It suddenly reappeared, thanks 🙏","@681256 You've come to the right place for help with your iPhone. It sounds like you're talking about Visual Voicemail. If so, let us know if this helps: https://t.co/FaFf2KILzY @681256 You're welcome. We're glad to hear the issue is resolved. Have a wonderful day."
721,CASE_006684,2505090,"iPhone 6 randomly restarts, camera roll frequently won’t open, screen orientation issues when in messages app. #ios11 @AppleSupport @AppleSupport IOS 11 first started and I have IOS 11.1.1 Apple Care Warrantied the phone over issues already so it’s a new device. @AppleSupport Fresh iphone, clean install of apps, no restore. It’s a waste of time to troubleshoot any further. I’ll keep an eye out for more instances of software glitches...",DISPLAY_TOUCH_SCREEN,APP_STORE_PURCHASES_BILLING,0.7117,CASE_007737,7,7.0,"['APP_STORE_PURCHASES_BILLING', 'BATTERY_CHARGING_POWER', 'OS_UPDATE_SYSTEM_PERFORMANCE']","['APP_STORE_PURCHASES_BILLING', 'BATTERY_CHARGING_POWER', 'OS_UPDATE_SYSTEM_PERFORMANCE', 'OS_UPDATE_SYSTEM_PERFORMANCE', 'APP_CRASH_AND_DOWNLOAD']","['CASE_001361', 'CASE_001619', 'CASE_001286']","['CASE_001361', 'CASE_001619', 'CASE_001286', 'CASE_004574', 'CASE_001143']",Thanks @AppleSupport for the wonderful new iOS that bugs my iPhone 6 out and now it’s completely useless. Now it keeps shutting on and off every 5 mins. If I was rich maybe I could upgrade to the new iPhone. But I’m not. Stop trying to take our money. @249932 @AppleSupport I was just about to say there is an update that fixes it.. and then I saw that they responded to you lol @261514 @AppleSupport I hope it does because my ohone is useless 😭 @AppleSupport It fixed the shutting on and off. But my camera has been glitchy for a few weeks. Is that a software issue ? @AppleSupport All of them. The regular and all the apps,@249932 We're glad you reached out to us. We just released iOS 11.2 which should help with your issues. Let's go through the steps in the following article and DM us if you're still having problems: https://t.co/osZOKKTalm We'll be here for you. https://t.co/GDrqU22YpT @249932 Let us know if your issues persist after updating and we'll go from there. @249932 What issues are you experiencing with your camera? Is it only your native Camera app or also third party camera apps? @249932 Thanks. DM us what exactly is happening when you use the camera and we'll work with you there. https://t.co/GDrqU2kzhr
722,CASE_007029,2627744,Not sure the new emojis make up for my battery only lasting an hour since I upgraded my OS @AppleSupport 🦕🦖🦕🦖🦕🦖🦕,BATTERY_CHARGING_POWER,GENERAL_DEVICE_INQUIRY,0.7192,CASE_000092,2,2.0,"['GENERAL_DEVICE_INQUIRY', 'BATTERY_CHARGING_POWER', 'GENERAL_DEVICE_INQUIRY']","['GENERAL_DEVICE_INQUIRY', 'BATTERY_CHARGING_POWER', 'GENERAL_DEVICE_INQUIRY', 'AUDIO_SOUND_SPEAKER', 'BATTERY_CHARGING_POWER']","['CASE_003674', 'CASE_000092', 'CASE_007305']","['CASE_003674', 'CASE_000092', 'CASE_007305', 'CASE_000667', 'CASE_005073']",Updated my phone and still can’t see the emojis... @AppleSupport Why?,@484584 We're here for you. What is the exact version of the iOS you're running? Check by tapping Settings &gt; General &gt; About.
723,CASE_001747,671317,"I’m so confused as to how I have so many phone numbers added to my phone from my iCloud when I’ve never typed or called or added them &amp; why does this hacker continue to make my phone number public when I set it to private or friends only ? I only know 2 men by the name of Mike 
1 my cousin and the other my GM but I don’t have either of their numbers and I have no friends on my Facebook by the name of Mike so where did all of these Mikes and other men’s names appear on my phone ? https://t.co/0AqYTzMgwZ So one going through their numbers and checking them out on Facebook and some of them are women but all of them are out of state numbers or out of the country . Gezz one hour later and I’m still not even halfway done deleting investigating and deleting all of these odd numbers . In another hour I’ll probably be in bed . LOL sleepyhead . 😴 💤 🛏 lol Alright WHY DID MY PHONE JUST DO THIS ? @115858 @AppleSupport https://t.co/Hxiy0qqhUz @AppleSupport Thank you @AppleSupport I ignored it so how do I find it and update it ? @AppleSupport Thank you !!!",ACCOUNT_APPLEID_ICLOUD,GENERAL_DEVICE_INQUIRY,0.5623,CASE_007622,9,9.0,"['GENERAL_DEVICE_INQUIRY', 'HOW_TO_SETTINGS_CONFIGURATION', 'GENERAL_DEVICE_INQUIRY']","['GENERAL_DEVICE_INQUIRY', 'HOW_TO_SETTINGS_CONFIGURATION', 'GENERAL_DEVICE_INQUIRY', 'GENERAL_DEVICE_INQUIRY', 'GENERAL_DEVICE_INQUIRY']","['CASE_002924', 'CASE_001088', 'CASE_006729']","['CASE_002924', 'CASE_001088', 'CASE_006729', 'CASE_002151', 'CASE_004008']","Idk what the hell is goin on, but some random number keeps texting me to stop calling them but I have never made any calls to their #?? Not only that, that same number sent me pictures of their Nissan and when I asked who they were they said it was me who called them first? And I too got calls from them that they said they never made. Is anyone else having this weird problem with their iPhone? @AppleSupport you better fix this weird problem","@408815 Receiving unwanted call or texts? iOS 11 makes it easy put a stop to it. Check out this article:
https://t.co/rYxZGD2smZ"
727,CASE_003051,1326030,"@116333 I had the worst shoppingexperience ever at the applestore in Munich buying an iphone 8+. Losing trust in Applebrand. #switching @AppleSupport Will do later when I get home. I‘ll write it all down.
4 1/2 hours in an applestore .... the service was... BAD. @AppleSupport can‘t DM you since you don‘t follow me. Would you be so kind to follow me or give me an e-mailaddy I can write to. @AppleSupport I have written it all down and sent you a DM. Hope to hear some feedback. @AppleSupport ok, thank you. Will do later.",AUDIO_SOUND_SPEAKER,HOW_TO_SETTINGS_CONFIGURATION,0.658,N/A,Missing (>10),,"['HOW_TO_SETTINGS_CONFIGURATION', 'APP_STORE_PURCHASES_BILLING', 'GENERAL_DEVICE_INQUIRY']","['HOW_TO_SETTINGS_CONFIGURATION', 'APP_STORE_PURCHASES_BILLING', 'GENERAL_DEVICE_INQUIRY', 'DISPLAY_TOUCH_SCREEN', 'APP_STORE_PURCHASES_BILLING']","['CASE_003943', 'CASE_003931', 'CASE_001402']","['CASE_003943', 'CASE_003931', 'CASE_001402', 'CASE_007338', 'CASE_004705']",Hey @AppleSupport who/how do I contact u regarding an iPhone case that I bought from ur online store that I’m not happy with? @AppleSupport Thanks have just sent a DM,"@498170 Hi there! You can DM us about it, if you'd like. https://t.co/GDrqU22YpT"
728,CASE_006781,2532887,"Help please @AppleSupport  New iphone today, took hours for photos to download from icloud now all apps 'waiting' - what to do? Thanks. @AppleSupport Thank you for help today. Much appreciated.",ACCOUNT_APPLEID_ICLOUD,APP_STORE_PURCHASES_BILLING,0.7325,CASE_007843,2,2.0,"['APP_STORE_PURCHASES_BILLING', 'ACCOUNT_APPLEID_ICLOUD', 'ACCOUNT_APPLEID_ICLOUD']","['APP_STORE_PURCHASES_BILLING', 'ACCOUNT_APPLEID_ICLOUD', 'ACCOUNT_APPLEID_ICLOUD', 'CONNECTIVITY_WIFI_BLUETOOTH', 'ACCOUNT_APPLEID_ICLOUD']","['CASE_000363', 'CASE_007843', 'CASE_005072']","['CASE_000363', 'CASE_007843', 'CASE_005072', 'CASE_000345', 'CASE_006701']","@AppleSupport I just got a new iPhone but my pictures aren’t downloading from my old one...what do I do?? @AppleSupport Ah whoops they’re actually coming through now, but thank you!!! I think they were just taking a while to load, but didn’t say was loading","@158619 You’re in the right spot and we’ll do everything we can to help you. Are you using the iCloud Photo Library? Did you restore this new iPhone from a backup of your previous iPhone? @158619 Perfect! We're glad to hear they showed up, and welcome you to tweet us anytime you have questions about your Apple products or services."
735,CASE_002094,847037,"@AppleSupport Hey, iOS 11.0.3 has completely killed my Touch ID. No longer works on my iPhone 6s+. Already tried your troubleshooting. @AppleSupport It looks like it randomly fixed itself - I imagine the latest iOS update was having a moment. Thanks anyway!",DISPLAY_TOUCH_SCREEN,AUDIO_SOUND_SPEAKER,0.7916,CASE_000439,2,2.0,"['AUDIO_SOUND_SPEAKER', 'DISPLAY_TOUCH_SCREEN', 'DISPLAY_TOUCH_SCREEN']","['AUDIO_SOUND_SPEAKER', 'DISPLAY_TOUCH_SCREEN', 'DISPLAY_TOUCH_SCREEN', 'DISPLAY_TOUCH_SCREEN', 'DISPLAY_TOUCH_SCREEN']","['CASE_001603', 'CASE_000439', 'CASE_006505']","['CASE_001603', 'CASE_000439', 'CASE_006505', 'CASE_000655', 'CASE_004742']","@AppleSupport Hi. Please help. I have problem with my touch id. After downloading ios11.1, it is no longer working.Tried several steps. @AppleSupport Thanks ❤️. Im using iphone 6. I’ve restarted several times. This has been week from now. Triend cleaning button also. But there’s no result. @AppleSupport Ive followed the steps. But it is still not working. Ive turned off the phone and the pop up messages says unable  for touch id @266435 @AppleSupport Has this been fixed? @266434 @AppleSupport Not yet. Do you have the same issue with your phone. @266435 @AppleSupport Yeah, done the new update today and ever since I‘m unable to activate/reactivate the touch id. Might go to the store tomorrow. Thanks for the reply tho! @266434 @AppleSupport Hi. Please let me know if this has been fixed.  Thanks @266435 @AppleSupport Just had a 30min phone call with them. Couldn‘t find a solution and will come back to me in 2 days. Probably have to reinstall the new software 🙄 @266434 @AppleSupport Hopefully,there will be a solution other than reinstalling a new software. Please continue on updating me regarding with this. Thanks you.❤️ @266434 @AppleSupport Hi. Has this been fixed?? @266435 @AppleSupport No, absolute joke. Yet to hear from them, sent them a reminder every day since last Wednesday. No idea what‘s going on. @266434 @AppleSupport This is so sad. 😭 looks like no one can fix it since no one is reaching out to you. Feeling hopeless at all 😭 @266435 @AppleSupport Just done the new update. Still not working.",@266435 We're here to help. Please tell us which device you're currently using. @266435 Please let us know if you've followed all the steps in this article: https://t.co/xqiXha6yeB @266435 Let's continue working together in DM. Please meet us there. https://t.co/GDrqU22YpT @266434 We'd like to check in with you. Please send us a DM and we'll get this sorted out. https://t.co/GDrqU22YpT
736,CASE_006762,2522483,Hey @115858 can you guys fix Maps. Half the screen becomes useless while horizontal. @AppleSupport 8,DISPLAY_TOUCH_SCREEN,GENERAL_DEVICE_INQUIRY,0.6763,CASE_003194,3,3.0,"['GENERAL_DEVICE_INQUIRY', 'KEYBOARD_TYPING_AUTOCORRECT', 'DISPLAY_TOUCH_SCREEN']","['GENERAL_DEVICE_INQUIRY', 'KEYBOARD_TYPING_AUTOCORRECT', 'DISPLAY_TOUCH_SCREEN', 'OS_UPDATE_SYSTEM_PERFORMANCE', 'OS_UPDATE_SYSTEM_PERFORMANCE']","['CASE_002193', 'CASE_004580', 'CASE_003194']","['CASE_002193', 'CASE_004580', 'CASE_003194', 'CASE_005452', 'CASE_004306']","@AppleSupport I am not able to use the @115858 Maps , this is the issue I am facing as shown below ! What the hell@is happening with my phone https://t.co/wmWtKebplK @AppleSupport It is happening for all the locations ! @AppleSupport This is the first time I used the @115858  Maps , since @200998 was there so never had the scarcity , but Now when I wanted it won’t show @AppleSupport @200998 are perfectly working fine with my phone it’s @115858 maps not working",@327468 We appreciate the screen recording. Does this happen for all locations or only certain ones? @327468 Has this been going on since you've owned the device or did you get these results after making any changes? Send us a DM. https://t.co/GDrqU22YpT @327468 Is Google Maps behaving normally? We want to narrow it down to the GPS itself or to the Apple Maps app. @327468 Let's continue this conversation in DM. https://t.co/GDrqU22YpT
737,CASE_007666,2861082,@115858 #MacbookPro has been doing this on cycle none stop. Not sure what is happening. Any help? Purple ish screen @AppleSupport https://t.co/1v9926e3Vu @AppleSupport Not working. Purple screen and loading bar,DISPLAY_TOUCH_SCREEN,GENERAL_DEVICE_INQUIRY,0.6432,CASE_007559,5,5.0,"['GENERAL_DEVICE_INQUIRY', 'OS_UPDATE_SYSTEM_PERFORMANCE', 'GENERAL_DEVICE_INQUIRY']","['GENERAL_DEVICE_INQUIRY', 'OS_UPDATE_SYSTEM_PERFORMANCE', 'GENERAL_DEVICE_INQUIRY', 'APP_CRASH_AND_DOWNLOAD', 'DISPLAY_TOUCH_SCREEN']","['CASE_002415', 'CASE_006199', 'CASE_002739']","['CASE_002415', 'CASE_006199', 'CASE_002739', 'CASE_001107', 'CASE_007559']","My #MACbookpro keeps turning off by itself anyone else facing this issue? 

@AppleSupport @AppleSupport I fixed it :)",@354612 Not at all how we want you experiencing your Mac. Are you seeing anything on the screen when the shutdown happens? @354612 Glad to hear that things are working as expected again. Feel free to reach out if any questions come up.
740,CASE_000672,303545,@SpotifyCares @AppleSupport iPhone is showing wrong song when phone is locked and playing music on Spotify. Phone or Spotify issue? @AppleSupport this works. thanks!,APP_STORE_PURCHASES_BILLING,DISPLAY_TOUCH_SCREEN,0.8185,CASE_000420,5,5.0,"['DISPLAY_TOUCH_SCREEN', 'DISPLAY_TOUCH_SCREEN', 'DISPLAY_TOUCH_SCREEN']","['DISPLAY_TOUCH_SCREEN', 'DISPLAY_TOUCH_SCREEN', 'DISPLAY_TOUCH_SCREEN', 'AUDIO_SOUND_SPEAKER', 'APP_STORE_PURCHASES_BILLING']","['CASE_002833', 'CASE_003028', 'CASE_000933']","['CASE_002833', 'CASE_003028', 'CASE_000933', 'CASE_001939', 'CASE_000420']",I updated my phone and now Spotify doesn’t show up on my lock screen and my music randomly starts playing by itself wtf @115858 @AppleSupport iPhone 7 currently running iOS 11.0.3 !!! I really loved having the ability to control Spotify from my lock screen @AppleSupport It worked. 😂 thanks,"@397957 Thanks for reaching out. Which iPhone model do you have and what iOS version are you currently running? @397957 We understand your concern. Have you been able to restart yet? If not, let’s give that a try: https://t.co/OWRDHWSt4h"
742,CASE_006873,2567063,"@AppleSupport iOS 11.1.1 share connection failing on iPhone X @AppleSupport @728187 Eso Juan, explícales a esta gente a que te refieres que nos tienes en ascuas por dios bendito 🔥 @AppleSupport Sorry, I was talking about personal hotspot. For example, sometimes it appears visible at settings , but not at control center... other times turns WiFi on/off randomly. @AppleSupport I will install 11.1.2 :) thanks for the support @AppleSupport Same error on 11.1.2. Can I restart the hotspot configuration from the iPhone ? I have tried to restart from the connected devices but does not work. Thank you! ",CONNECTIVITY_WIFI_BLUETOOTH,BATTERY_CHARGING_POWER,0.7676,CASE_001800,2,2.0,"['BATTERY_CHARGING_POWER', 'CONNECTIVITY_WIFI_BLUETOOTH', 'CONNECTIVITY_WIFI_BLUETOOTH']","['BATTERY_CHARGING_POWER', 'CONNECTIVITY_WIFI_BLUETOOTH', 'CONNECTIVITY_WIFI_BLUETOOTH', 'CONNECTIVITY_WIFI_BLUETOOTH', 'CONNECTIVITY_WIFI_BLUETOOTH']","['CASE_002290', 'CASE_001800', 'CASE_005608']","['CASE_002290', 'CASE_001800', 'CASE_005608', 'CASE_007703', 'CASE_000677']","@AppleSupport having issues connecting my iPad to my personal hot spot after iOS 11 @338208 @AppleSupport Was this resolved I have the same issue @AppleSupport 11.0.2 on iPhone 7 Plus. I been trying to connect my iPad to my personal hotspot. It keeps failing and it’s started after the update. @AppleSupport I have attempted to turn off and on the WiFi, personal hotspot and Bluetooth. Still no luck @338207 @AppleSupport To get mine working again, I removed my iCloud and then re-entered it. That worked for me for some reason @338208 @AppleSupport Thanks","@338207 Let's look into this together. What's the exact issue you're seeing, and the version number of iOS 11 installed on your iPad? @338207 Thanks for that information. Send us a DM, and we'll continue from there. https://t.co/GDrqU22YpT"
746,CASE_003512,1526950,Has anyone else had to reset their iPhone 4 times in 20min and have the newest update? Or is that just me? @AppleSupport @474153 @AppleSupport No... mind just keeps sending photos 15 times to people ... it’s fine. https://t.co/yAvg08CwdC @232096 @AppleSupport I thought we were in 2017?? What’s happening?? 🤣,OS_UPDATE_SYSTEM_PERFORMANCE,CONNECTIVITY_WIFI_BLUETOOTH,0.6566,CASE_001239,2,2.0,"['CONNECTIVITY_WIFI_BLUETOOTH', 'OS_UPDATE_SYSTEM_PERFORMANCE', 'OS_UPDATE_SYSTEM_PERFORMANCE']","['CONNECTIVITY_WIFI_BLUETOOTH', 'OS_UPDATE_SYSTEM_PERFORMANCE', 'OS_UPDATE_SYSTEM_PERFORMANCE', 'DISPLAY_TOUCH_SCREEN', 'GENERAL_DEVICE_INQUIRY']","['CASE_003474', 'CASE_001239', 'CASE_001294']","['CASE_003474', 'CASE_001239', 'CASE_001294', 'CASE_001212', 'CASE_002392']","Utter insanity, @115858. Updated to iOS 11.1 a couple days ago, but just now had a kernel panic and ALL photos are gone. BOOM. Zero photos. @115858 Lucky I have wifi so iCloud Photo Library can reload them all, but it’s glacially slow. If this had happened away from wifi or LTE... 😡🤬 @115858 According to a Google search, I’m not the only victim of this today. There better be a 11.1.1 pretty damn quick 🤬 @115858 38,000+ photos on crappy hotel wifi and a flight tomorrow... you do the math. I’m not a happy camper right now. 😤 @443678 @115858 Got the same issue with 20k photos. Still on Mac and iPad, but gone from iPhone… Got any comment from Apple? @AppleSupport Négatif. All 20k of them were there this morning at 7am, then disappeared. The settings/general/iPhone storage was showing 0 @AppleSupport They have since started resyncing. And a twitter search would show I am not alone!!","@443678 We know how priceless your photos are. We're glad to hear you're able to restore them, just let us know if you run into trouble. @185505 Sounds like your pictures aren't syncing to your iPhone. In Settings &gt; your name &gt; iCloud &gt; Photos is library on? DM us. https://t.co/GDrqU22YpT @185505 Thanks for the update. We are glad to hear that your photos are now syncing back to your iPhone!"
748,CASE_005069,2028923,"Why is my phone still getting stuck in apps and freezing. I’ve been stuck in whatsapp for 50 million minutes 😤 @115858 #iphone @599989 @115858 have you done a hard reset? @599990 @115858 I’ve done everything apart from throwing it against the wall mate 😐 @AppleSupport Thanks, message sent.",APP_CRASH_AND_DOWNLOAD,OS_UPDATE_SYSTEM_PERFORMANCE,0.6944,CASE_007453,2,2.0,"['OS_UPDATE_SYSTEM_PERFORMANCE', 'APP_CRASH_AND_DOWNLOAD', 'GENERAL_DEVICE_INQUIRY']","['OS_UPDATE_SYSTEM_PERFORMANCE', 'APP_CRASH_AND_DOWNLOAD', 'GENERAL_DEVICE_INQUIRY', 'APP_CRASH_AND_DOWNLOAD', 'OS_UPDATE_SYSTEM_PERFORMANCE']","['CASE_000406', 'CASE_007453', 'CASE_003466']","['CASE_000406', 'CASE_007453', 'CASE_003466', 'CASE_004976', 'CASE_005813']",@115858 thanks for the iPhone update! NOT it’s totally buggered up my phone making it freeze and slow 😡 @AppleSupport It’s every thing from text WhatsApp to Facebook and maps @AppleSupport Thank you will do it now,"@161543 That’s a concern that we’d like to look into with you. Which apps are you using when the iPhone becomes slow? @161543 Gotcha. Let's work together via DM. Please click here to continue, then share your iOS version (Settings &gt; General &gt; About): https://t.co/GDrqU22YpT @161543 It's our please. We'll look forward to continuing and will be on the lookout for your DM."
750,CASE_000912,407985,"@AppleSupport https://t.co/eLY8qq0jUZ appears to be broken. Enter username &amp; password just redirects back to the login screen. Can’t login. @AppleSupport Not working again. Same as before, after entering login info it redirects back to login screen. @AppleSupport Tested it in both Safari 11.0.1 (12604.3.2) and Chrome 61.0.3163.100. Same device: MacBook Pro 15-inch 2016. Same result in both browsers. @AppleSupport Who should I contact? The issue is already reported in the Developer forum: https://t.co/Hw7iq1OlVc I think your site is just not working. @AppleSupport Well, it’s reported on the forums by other non-Apple developers having the problem. ;-) I don’t know that Apple’s dev team knows about it. @AppleSupport How do you file a bug on the bugreporter when it’s not working? 😉 Cheers.",DISPLAY_TOUCH_SCREEN,GENERAL_DEVICE_INQUIRY,0.7243,N/A,Missing (>10),,"['GENERAL_DEVICE_INQUIRY', 'GENERAL_DEVICE_INQUIRY', 'ACCOUNT_APPLEID_ICLOUD']","['GENERAL_DEVICE_INQUIRY', 'GENERAL_DEVICE_INQUIRY', 'ACCOUNT_APPLEID_ICLOUD', 'ACCOUNT_APPLEID_ICLOUD', 'ACCOUNT_APPLEID_ICLOUD']","['CASE_002019', 'CASE_001937', 'CASE_001928']","['CASE_002019', 'CASE_001937', 'CASE_001928', 'CASE_006261', 'CASE_001995']","Anyone else having trouble signing in to Apple’s bug reporter right now?

cc @AppleSupport @AppleSupport I give up on this support account. I can see I’ll never get a useful answer. @313081 @AppleSupport Come on, just file a Radar and the developers will get back to you. How hard can it be? @149745 @AppleSupport And as expected, the issue was indeed temporary. Today it’s working fine.",@313081 Be sure to reach out to the developer teams and let them know: https://t.co/LIrs0dB6kH
751,CASE_001736,666210,"@115858 please fix the bug when sharing locations. Can’t share location with my family anymore. Tells me it’s unable to connect to server #pleaseandthankyou @AppleSupport @115858 Yes, we have. We through all options on sharing locations but nothing. @AppleSupport  https://t.co/mjlnZn4zRu @AppleSupport It was two weeks ago. We both recently bought new phones. 8 Plus @AppleSupport We got it taken care of! Thanks a bunch! 🍎💕👍🏽",CONNECTIVITY_WIFI_BLUETOOTH,GENERAL_DEVICE_INQUIRY,0.6819,CASE_003860,4,4.0,"['GENERAL_DEVICE_INQUIRY', 'OS_UPDATE_SYSTEM_PERFORMANCE', 'ACCOUNT_APPLEID_ICLOUD']","['GENERAL_DEVICE_INQUIRY', 'OS_UPDATE_SYSTEM_PERFORMANCE', 'ACCOUNT_APPLEID_ICLOUD', 'CONNECTIVITY_WIFI_BLUETOOTH', 'CONNECTIVITY_WIFI_BLUETOOTH']","['CASE_002114', 'CASE_006773', 'CASE_000574']","['CASE_002114', 'CASE_006773', 'CASE_000574', 'CASE_003860', 'CASE_007253']","@AppleSupport Home sharing now doesn’t work at all. Well done Apple. @AppleSupport Just fix it. It’s not worked properly for a year, now it doesn’t work at all.",@322219 We're here to help. Let's take this to DM so we can better assist you. https://t.co/GDrqU22YpT
752,CASE_002701,1142085,"Since I’ve updated my iPhone, my phone will not stop freezing and then restarting. @115858 sort it out before I throw it out the window pls x @AppleSupport iOS 11.0.3 - keeps freezing and the only way to get it to work is if I restart my phone. It’s doing it like every 15/20 mins ☹️ @AppleSupport No, I actually updated my phone to this iOS after my initial tweet about the update causing my phone to freeze. But this iOS hasn’t improved",OS_UPDATE_SYSTEM_PERFORMANCE,CONNECTIVITY_WIFI_BLUETOOTH,0.8087,CASE_004493,3,3.0,"['CONNECTIVITY_WIFI_BLUETOOTH', 'APP_CRASH_AND_DOWNLOAD', 'OS_UPDATE_SYSTEM_PERFORMANCE']","['CONNECTIVITY_WIFI_BLUETOOTH', 'APP_CRASH_AND_DOWNLOAD', 'OS_UPDATE_SYSTEM_PERFORMANCE', 'OS_UPDATE_SYSTEM_PERFORMANCE', 'OS_UPDATE_SYSTEM_PERFORMANCE']","['CASE_002530', 'CASE_006357', 'CASE_004493']","['CASE_002530', 'CASE_006357', 'CASE_004493', 'CASE_000606', 'CASE_003296']","@AppleSupport @115858 Since the new iOS update my phone keeps freezing - do you know why? @AppleSupport It seems to be most apps, and just in general using the phone it freezes all the time @AppleSupport I have to keep restarting it when it freezes. It happens again though. I’m currently on 11.0 @AppleSupport Ok, I’ll try that when I am connected to WiFi . Thanks","@365418 Let's get that taken care of together. Is this behavior happening with all apps, or is it isolated to certain specific apps? @365418 Got it. Does a restart help? What's the software version number you're running in Settings &gt; General &gt; About &gt; Version? @365418 Let's get you updated to the most current version, 11.0.3. Be sure to create a backup before updating. Let us know if that helps. @365418 You're welcome. Sounds like a plan."
754,CASE_004129,1658653,fix your broken ass keybord @AppleSupport !!!!!!!!! i’m sick of my i’s turning into some weird shit @AppleSupport thanks!!!!,GENERAL_DEVICE_INQUIRY,KEYBOARD_TYPING_AUTOCORRECT,0.7403,CASE_005298,2,2.0,"['KEYBOARD_TYPING_AUTOCORRECT', 'GENERAL_DEVICE_INQUIRY', 'KEYBOARD_TYPING_AUTOCORRECT']","['KEYBOARD_TYPING_AUTOCORRECT', 'GENERAL_DEVICE_INQUIRY', 'KEYBOARD_TYPING_AUTOCORRECT', 'GENERAL_DEVICE_INQUIRY', 'GENERAL_DEVICE_INQUIRY']","['CASE_003775', 'CASE_005298', 'CASE_003781']","['CASE_003775', 'CASE_005298', 'CASE_003781', 'CASE_004022', 'CASE_004225']",@AppleSupport  can you fix my fucking keyboard. I️ am sick of my “I️”s not working @AppleSupport But when are you doing a real fix,@488154 We're here for you. Check out this article for help: https://t.co/xU1AGHStV6
759,CASE_006796,2547265,Why does my App Store do this? I can’t download anything @AppleSupport @115858 @118936 https://t.co/YhDqMzK7kO @AppleSupport Holy shit I’m dumb af lol yeah I didn’t know it was saying to double click the side button lol everything works perfect lol thanks Apple!! I love y’all,APP_STORE_PURCHASES_BILLING,CONNECTIVITY_WIFI_BLUETOOTH,0.7299,CASE_002096,2,2.0,"['CONNECTIVITY_WIFI_BLUETOOTH', 'APP_STORE_PURCHASES_BILLING', 'OS_UPDATE_SYSTEM_PERFORMANCE']","['CONNECTIVITY_WIFI_BLUETOOTH', 'APP_STORE_PURCHASES_BILLING', 'OS_UPDATE_SYSTEM_PERFORMANCE', 'APP_STORE_PURCHASES_BILLING', 'APP_STORE_PURCHASES_BILLING']","['CASE_000312', 'CASE_002096', 'CASE_006957']","['CASE_000312', 'CASE_002096', 'CASE_006957', 'CASE_003265', 'CASE_003931']","@AppleSupport I am unable to download apps from App Store. I get to the page that says ‘Double Click here,’ but am not able to double click.  Thank you. iPhone X with latest iOS. @AppleSupport Thank you. It happens on both WiFi and cellular. No other network I can try. @AppleSupport Thank you. Already restarted and prob persists. I even updated my payment info @AppleSupport I am trying to install a new app as well as in-app purchases. I get the ‘Double Click here’ prompt but it just wiggles left and right and it does nothing when I press it.","@150976 Let's work on this so you can download your apps! Does this happen on Wi-Fi or cellular data? Is there another network you can try? @150976 OK, thank you. Has your iPhone been restarted since you noticed the issue? If not, let's restart now, then try the App Store again. @150976 Does this happen with all apps you try to update? Let's force close the App Store and then retry. Check out the following article as a reference if needed: https://t.co/RqqIctrDWV @150976 Does this still occur after force closing the App Store app? If so, let us know in DM and we'll continue from there. https://t.co/GDrqU22YpT"
762,CASE_002002,806486,❤️new #iPhone updates @115858 but now you’ve shut off my CALLER ID permanently again ?!? What’s up .... 🐞 need some #debugging please!!,GENERAL_DEVICE_INQUIRY,OS_UPDATE_SYSTEM_PERFORMANCE,0.7267,CASE_002358,4,4.0,"['OS_UPDATE_SYSTEM_PERFORMANCE', 'OS_UPDATE_SYSTEM_PERFORMANCE', 'BATTERY_CHARGING_POWER']","['OS_UPDATE_SYSTEM_PERFORMANCE', 'OS_UPDATE_SYSTEM_PERFORMANCE', 'BATTERY_CHARGING_POWER', 'GENERAL_DEVICE_INQUIRY', 'APP_CRASH_AND_DOWNLOAD']","['CASE_002604', 'CASE_007418', 'CASE_000450']","['CASE_002604', 'CASE_007418', 'CASE_000450', 'CASE_002358', 'CASE_001856']",My iPhone will no longer receive or make calls. Thanks @115858 for the wonderful iOS 11 update.,"@374874 Let's work on this together. First, follow these steps and let us know how it goes: https://t.co/U53YusKX3z"
764,CASE_004644,1773669,"And can we address the issue with solitary I’s on the iPhone?! Why are they turning into a question mark emoji? What’s going on, @115858?! @AppleSupport Nice! Thanks!",GENERAL_DEVICE_INQUIRY,KEYBOARD_TYPING_AUTOCORRECT,0.7598,CASE_007305,2,2.0,"['KEYBOARD_TYPING_AUTOCORRECT', 'GENERAL_DEVICE_INQUIRY', 'GENERAL_DEVICE_INQUIRY']","['KEYBOARD_TYPING_AUTOCORRECT', 'GENERAL_DEVICE_INQUIRY', 'GENERAL_DEVICE_INQUIRY', 'HOW_TO_SETTINGS_CONFIGURATION', 'GENERAL_DEVICE_INQUIRY']","['CASE_004258', 'CASE_007305', 'CASE_006653']","['CASE_004258', 'CASE_007305', 'CASE_006653', 'CASE_005354', 'CASE_004144']","@AppleSupport how is “I️” an emoji? I think my iPhone X 11.1 is broken. Not to be confused with “I” not sure how those will appear. https://t.co/gH28EPUGzL @AppleSupport I see that once posted it no longer looks like an “I”, but does while typing using apple keyboard. First glitch? @AppleSupport Thanks for the reply.",@514848 Here’s what you can do to work around the issue until it’s fixed in a future software update: https://t.co/xXaXeeSRt9 @514848 It's our pleasure. Feel free to reach out if any questions come up.
765,CASE_005909,2299181,@115858 ummmm why are my “I️”s all fucked up?,GENERAL_DEVICE_INQUIRY,KEYBOARD_TYPING_AUTOCORRECT,0.8353,CASE_007136,2,2.0,"['KEYBOARD_TYPING_AUTOCORRECT', 'GENERAL_DEVICE_INQUIRY', 'GENERAL_DEVICE_INQUIRY']","['KEYBOARD_TYPING_AUTOCORRECT', 'GENERAL_DEVICE_INQUIRY', 'GENERAL_DEVICE_INQUIRY', 'GENERAL_DEVICE_INQUIRY', 'GENERAL_DEVICE_INQUIRY']","['CASE_007405', 'CASE_007136', 'CASE_003558']","['CASE_007405', 'CASE_007136', 'CASE_003558', 'CASE_006474', 'CASE_003633']",@115858 wtf is this i shit going on?? I️ I️I️ I️ 😡😡😡,@771895 We are here to help. Please update to iOS 11.1.1: https://t.co/qODbOsp4wz
770,CASE_004500,1754091,@AppleSupport Hi! I have a question about updating the OS on my macbook. Can you help? @AppleSupport Thank you! I just send you a DM.,GENERAL_DEVICE_INQUIRY,OS_UPDATE_SYSTEM_PERFORMANCE,0.7194,CASE_006279,3,3.0,"['OS_UPDATE_SYSTEM_PERFORMANCE', 'CONNECTIVITY_WIFI_BLUETOOTH', 'GENERAL_DEVICE_INQUIRY']","['OS_UPDATE_SYSTEM_PERFORMANCE', 'CONNECTIVITY_WIFI_BLUETOOTH', 'GENERAL_DEVICE_INQUIRY', 'OS_UPDATE_SYSTEM_PERFORMANCE', 'HOW_TO_SETTINGS_CONFIGURATION']","['CASE_000075', 'CASE_005781', 'CASE_006279']","['CASE_000075', 'CASE_005781', 'CASE_006279', 'CASE_005191', 'CASE_004863']","My husband hasn’t updated his MacBook since like 2011...🙄 do you think I could update it and be safe? @AppleSupport @AppleSupport Ok sweet. And it isn’t going to mess it up that he’s going from mountain lion to Sierra? @AppleSupport Okay, thanks for your help :)","@123974 As long as his Mac is compatible, it shouldn't be a problem. Be sure he has a backup. https://t.co/109nnHwfMC @123974 That is correct, it should not have any trouble."
771,CASE_005006,2006948,"Hey @115858 you need to fix you new update, every time ℹ️ type the letter ℹ️ it comes out like this.... I️ @AppleSupport Thanks. It worked for now. I think. But hopefully you have an update out soon to fix that.",OS_UPDATE_SYSTEM_PERFORMANCE,KEYBOARD_TYPING_AUTOCORRECT,0.8274,CASE_004041,6,6.0,"['KEYBOARD_TYPING_AUTOCORRECT', 'KEYBOARD_TYPING_AUTOCORRECT', 'KEYBOARD_TYPING_AUTOCORRECT']","['KEYBOARD_TYPING_AUTOCORRECT', 'KEYBOARD_TYPING_AUTOCORRECT', 'KEYBOARD_TYPING_AUTOCORRECT', 'KEYBOARD_TYPING_AUTOCORRECT', 'KEYBOARD_TYPING_AUTOCORRECT']","['CASE_006051', 'CASE_003841', 'CASE_004582']","['CASE_006051', 'CASE_003841', 'CASE_004582', 'CASE_005033', 'CASE_004035']","I️ can’t believe @115858 still haven’t fixed the issue with the the letter I🙄 @AppleSupport Thank you so much. I apologize, I didn’t realize that there was a new update available.","@670885 You should be able to resolve the issue by backing up, then updating to iOS 11.1.1 as shown on our page here: https://t.co/xXaXeeSRt9 Let us know in DM if you continue to experience this issue. https://t.co/GDrqU22YpT"
775,CASE_001930,768193,. @AppleSupport hallo. I got a mail a out a purchase I never made. Is this spam or? I'm not even using my 🍎ID on that email https://t.co/0O97MPapiu @AppleSupport Thank you for the response 😊,APP_STORE_PURCHASES_BILLING,GENERAL_DEVICE_INQUIRY,0.8171,CASE_006723,3,3.0,"['GENERAL_DEVICE_INQUIRY', 'GENERAL_DEVICE_INQUIRY', 'APP_STORE_PURCHASES_BILLING']","['GENERAL_DEVICE_INQUIRY', 'GENERAL_DEVICE_INQUIRY', 'APP_STORE_PURCHASES_BILLING', 'ACCOUNT_APPLEID_ICLOUD', 'APP_STORE_PURCHASES_BILLING']","['CASE_006649', 'CASE_003029', 'CASE_006723']","['CASE_006649', 'CASE_003029', 'CASE_006723', 'CASE_007099', 'CASE_001969']","@115858 @AppleSupport This looks like spam?
Can you confirm either way?
Cheers 👍 https://t.co/6NIoVeLwz4 @AppleSupport Cheers 👍",@711543 We'd be happy to help. Here's a link with more information on phishing emails: https://t.co/LNMCdqt6fD
778,CASE_003216,1392452,"Say hello to the future. Pre-order iPhone X. @115858 How about you fix my 6 Plus?  Ever since I downloaded IOS 11, and then the updates, it’s been going crazy. So close to over it. @115858 Your products suck.  Two iPhone 7s died on me within one month and all your ""geniuses"" could say was that it was ""weird."" @115858 iPhone 8 is the WORST phone I’ve ever owned. So disappointed. @115858 Fix the battery drain/slow performance on the iPhone 6, no way I buy a new one unless this gets fixed.  V11.0.3 @115858 I would just like my iPhone 7 to work like it did before IOS 11, what a horrible mess @576606 @115858 It’s the update that wrecked it.. I’ve been to the Genius Bar 2x in the last 4 Days with software issues and the entire store was filled w/ @AppleSupport @576606 The hapless end user can also find a “genius” to replace it at the local Apple store.  
During the store’s off-peak hours—it should not take any longer than checking-in/boarding an international flight with marginally sedated pets with incomplete vaccination documents. @AppleSupport @576606 These asshats told me to restore my phone and set it up as new so I’ll lose all of my personal data. Nope fuck apple getting a Samsung @576606 @115858 Thx Apple for purposely screwing up my phone... you suck! @AppleSupport No thanks.  Already switched to another company. @AppleSupport @576658 Smart move Eric. They way Apple is releasing flawed iOS makes you wonder how premium the Apple brand really is @576658 @AppleSupport Cry me a river!",BATTERY_CHARGING_POWER,AUDIO_SOUND_SPEAKER,0.7496,CASE_000066,2,2.0,"['AUDIO_SOUND_SPEAKER', 'BATTERY_CHARGING_POWER', 'OS_UPDATE_SYSTEM_PERFORMANCE']","['AUDIO_SOUND_SPEAKER', 'BATTERY_CHARGING_POWER', 'OS_UPDATE_SYSTEM_PERFORMANCE', 'AUDIO_SOUND_SPEAKER', 'OS_UPDATE_SYSTEM_PERFORMANCE']","['CASE_002205', 'CASE_000066', 'CASE_006437']","['CASE_002205', 'CASE_000066', 'CASE_006437', 'CASE_004775', 'CASE_004402']","A new generation of iPhone. Now available. @115858 Bought a new iPad tried to update to IOS 11 and it crashed... just sick over this @115858 When are you going to fix the problems with IOS 11 &amp; 11.2 my phone is still jacked up. @115858 Can’t get the 7 plus to work! Going back to android! iPhones are overrated &amp; overpriced.Prepaid phones have less static and clearer sound! @115858 Don't preorder with @115714 takes longer than walking in the store. @AppleSupport I sent a DM, hopefully y’all can do something I have been a loyal customer for years @AppleSupport @613147 I wish I could send my POS iPhone 7 back especially after iOS update. iPhones are only good til next model is released. This is my last one. @AppleSupport Thank you! I’ve already contacted🍎 .This is my 2nd 📱switched out in the 6 mos. I’ve had it! Issue still not resolved! Going back 2 Samsung! @AppleSupport @335459 It freezes up all the time!  I have owned a 4, 5, 5s, 6, 6s, and 7Plus. If you keep your pricing model, the 7Plus will be my last iPhone. @AppleSupport @335459 Your company has gotten way too greedy!  $1000 for a phone that gets replaced in 2 years?! Get a grip, and lower prices!","@615452 That's not the experience we want you to have. DM us using the link below, and let us know what's on the iPad screen right now. https://t.co/GDrqU22YpT @613147 If you are having trouble with your device, we can help. Send us a DM with details on what you're experiencing. https://t.co/GDrqU22YpT @335459 What kind of issues are you having with your iPhone 7 plus? We'd love to help out."
782,CASE_004852,1905729,"@AppleSupport In Swift 3 or 4 for macOS, is it possible to reveal hidden text field text? NSSecureTextEntryCell and .echosBullets won't work @AppleSupport Thanks very much",HOW_TO_SETTINGS_CONFIGURATION,KEYBOARD_TYPING_AUTOCORRECT,0.4879,N/A,Missing (>10),,"['KEYBOARD_TYPING_AUTOCORRECT', 'KEYBOARD_TYPING_AUTOCORRECT', 'DISPLAY_TOUCH_SCREEN']","['KEYBOARD_TYPING_AUTOCORRECT', 'KEYBOARD_TYPING_AUTOCORRECT', 'DISPLAY_TOUCH_SCREEN', 'KEYBOARD_TYPING_AUTOCORRECT', 'DISPLAY_TOUCH_SCREEN']","['CASE_004314', 'CASE_001366', 'CASE_006252']","['CASE_004314', 'CASE_001366', 'CASE_006252', 'CASE_002110', 'CASE_006202']","@AppleSupport
Predictive text is horrible in iOS 11 - worse than ever. But what the heck is this recommendation?!? iOS 11.0.3 still in beta https://t.co/lhZShDBozE @AppleSupport Thanks. This worked fine.",@212138 Here’s what you can do to work around the issue until it’s fixed in a future software update: https://t.co/xXaXeeSRt9
784,CASE_001929,768183,"Daughter just spent an hour making this apple clips video for homework and gets this every time we try and export, any ideas? @AppleSupport https://t.co/2EhiJh5Hmm @303468 @AppleSupport Stu, where you exporting to? Is clips file type supported by other apps? Like the proprietary live photos thing Apple and Google both do? @303469 @AppleSupport Haha, I just fixed it .... The solution was highly complex and involved 'restarting the ipad' exported fine now :-D",GENERAL_DEVICE_INQUIRY,ACCOUNT_APPLEID_ICLOUD,0.5678,N/A,Missing (>10),,"['ACCOUNT_APPLEID_ICLOUD', 'ACCOUNT_APPLEID_ICLOUD', 'CONNECTIVITY_WIFI_BLUETOOTH']","['ACCOUNT_APPLEID_ICLOUD', 'ACCOUNT_APPLEID_ICLOUD', 'CONNECTIVITY_WIFI_BLUETOOTH', 'DISPLAY_TOUCH_SCREEN', 'HOW_TO_SETTINGS_CONFIGURATION']","['CASE_003012', 'CASE_002123', 'CASE_000579']","['CASE_003012', 'CASE_002123', 'CASE_000579', 'CASE_003214', 'CASE_004177']","@AppleSupport hi, I can’t sync videos from Photos to the iPhone, it copies de album but not the videos, can you help me out? @AppleSupport iOS 11.0.3 
macOS high sierra 10.13 @AppleSupport It used to worked. I have iCloud connected to Photo. @AppleSupport Any suggestions? @AppleSupport Thanks!!",@420719 We'd love to help out with your sync. Can you let us know the iOS version and macOS version you have installed? @420719 Thanks. Was this working before of did this just stop working? Do you have a connection to iCloud Photo? @420719 Thanks. Our Photos team would best be able to assist you with this. You can contact them here:  https://t.co/IBIY3w3RGR
789,CASE_000898,403091,"Dear @AppleSupport: software update installed and trashed my accessibility settings beyond repair. Also I really want the old keyboard back. @AppleSupport iPad, in email,  the type size in the inbox content v. the email text is now different.  If I make the text larger, the inbox is too big.1/2 @AppleSupport 2/2 the symbols on the new keyboard are too small and the color provides no contrast for someone who is colorblind, rendering it useless @AppleSupport Not at all helpful to anyone who is 100% colorblind. While the keyboard is now harder to use, the text size is a bigger problem.",KEYBOARD_TYPING_AUTOCORRECT,DISPLAY_TOUCH_SCREEN,0.64,CASE_004656,2,2.0,"['DISPLAY_TOUCH_SCREEN', 'KEYBOARD_TYPING_AUTOCORRECT', 'GENERAL_DEVICE_INQUIRY']","['DISPLAY_TOUCH_SCREEN', 'KEYBOARD_TYPING_AUTOCORRECT', 'GENERAL_DEVICE_INQUIRY', 'KEYBOARD_TYPING_AUTOCORRECT', 'KEYBOARD_TYPING_AUTOCORRECT']","['CASE_005945', 'CASE_004656', 'CASE_004022']","['CASE_005945', 'CASE_004656', 'CASE_004022', 'CASE_003879', 'CASE_002515']",@AppleSupport Not impressed with #ios11.1.1 Due to poor eyesight I increase text size slightly so I can read texts but all other text is now FAR too big I can’t see everything on screen. Why have you increased text size in everything other than texts? Makes no sense. @AppleSupport Many thanks,@668048 This is a great subject for feedback. The best place to leave that to make sure it's seen by the right people is here: https://t.co/eTPVYVFyd8 @668048 We're always glad to assist. Reach out if we can ever be of further service.
792,CASE_003275,1407778,"How is it possible blue circle stay at zero?! 😳 #Apple #AppleWatch @AppleSupport https://t.co/xUHkg5l0b9 @AppleSupport Yes, everything is ok. It’s friend activity through sharing, not mine. @AppleSupport Thank you but I think it’s bug. With all other sharing friends, any problem. @AppleSupport No, just with one friend… @AppleSupport Ok. No problem. Thank you. @AppleSupport Thank you. Have a nice day",HOW_TO_SETTINGS_CONFIGURATION,GENERAL_DEVICE_INQUIRY,0.5883,N/A,Missing (>10),,"['GENERAL_DEVICE_INQUIRY', 'GENERAL_DEVICE_INQUIRY', 'GENERAL_DEVICE_INQUIRY']","['GENERAL_DEVICE_INQUIRY', 'GENERAL_DEVICE_INQUIRY', 'GENERAL_DEVICE_INQUIRY', 'OS_UPDATE_SYSTEM_PERFORMANCE', 'OS_UPDATE_SYSTEM_PERFORMANCE']","['CASE_002545', 'CASE_003953', 'CASE_002445']","['CASE_002545', 'CASE_003953', 'CASE_002445', 'CASE_006043', 'CASE_004388']","@AppleSupport can you pls explain?

World has gone mad with circles. 😡 What’s with blue pulses? So annoying. https://t.co/Qm94RO27hh @AppleSupport It’s pooping up randomly mostly videos. Just wondered if your were aware of it? Thx. @AppleSupport Popping up randomly; mostly videos. Just wondering if you’re aware of issue. Thx.",@347741 We're here to help. Are you seeing this blue pulse on multiple apps or a specific app?
793,CASE_001638,628025,Hey @115858 cool software update. Let me know when I️ can start sentences with “I️” again and not have it chance to hieroglyphics.,OS_UPDATE_SYSTEM_PERFORMANCE,KEYBOARD_TYPING_AUTOCORRECT,0.7403,CASE_004072,2,2.0,"['KEYBOARD_TYPING_AUTOCORRECT', 'OS_UPDATE_SYSTEM_PERFORMANCE', 'OS_UPDATE_SYSTEM_PERFORMANCE']","['KEYBOARD_TYPING_AUTOCORRECT', 'OS_UPDATE_SYSTEM_PERFORMANCE', 'OS_UPDATE_SYSTEM_PERFORMANCE', 'GENERAL_DEVICE_INQUIRY', 'GENERAL_DEVICE_INQUIRY']","['CASE_006444', 'CASE_004072', 'CASE_000266']","['CASE_006444', 'CASE_004072', 'CASE_000266', 'CASE_004657', 'CASE_000369']",@115858  when the hell are yous gonna take care of this “i” problem? Sick of it looking like i’m typing in hieroglyphics. @AppleSupport Yous are the realest. Thanks.,"@697453  We recently released an iOS update, 11.1.1, that contains a fix for autocorrect issues. Let’s be sure to back up your device prior to updating. How to back up: https://t.co/4f8hwT5to6"
795,CASE_007346,2747277,@AppleSupport When are we going to get this fixed? Happens WAYYY too often.... #iPhone7Plus https://t.co/J0Mja6kkdA @AppleSupport iPhone 7 Plus. I’m running Version 11.1.2,GENERAL_DEVICE_INQUIRY,OS_UPDATE_SYSTEM_PERFORMANCE,0.8805,CASE_007016,9,9.0,"['OS_UPDATE_SYSTEM_PERFORMANCE', 'OS_UPDATE_SYSTEM_PERFORMANCE', 'OS_UPDATE_SYSTEM_PERFORMANCE']","['OS_UPDATE_SYSTEM_PERFORMANCE', 'OS_UPDATE_SYSTEM_PERFORMANCE', 'OS_UPDATE_SYSTEM_PERFORMANCE', 'OS_UPDATE_SYSTEM_PERFORMANCE', 'OS_UPDATE_SYSTEM_PERFORMANCE']","['CASE_003132', 'CASE_007441', 'CASE_000705']","['CASE_003132', 'CASE_007441', 'CASE_000705', 'CASE_004244', 'CASE_001309']","@AppleSupport Never had this many bugs in my iPhone 7 Plus until I upgraded it to iOS 11. @AppleSupport It seems better after I upgraded it to iOS 11.1, thanks.","@435524 We'd love to help with these issues. To start, send us a DM and we'll continue together from there. https://t.co/GDrqU22YpT @435524 That is great news. Thanks for giving us a chance to work with you. Please reach out anytime!"
796,CASE_002745,1152771,"@AppleSupport Apple Maps seems to be down. I can't search or get directions on 4g on my phone, but I can on WiFi. All other apps working OK. @AppleSupport Thanks guys. I'll give that a look",CONNECTIVITY_WIFI_BLUETOOTH,GENERAL_DEVICE_INQUIRY,0.7356,CASE_006971,2,2.0,"['GENERAL_DEVICE_INQUIRY', 'CONNECTIVITY_WIFI_BLUETOOTH', 'GENERAL_DEVICE_INQUIRY']","['GENERAL_DEVICE_INQUIRY', 'CONNECTIVITY_WIFI_BLUETOOTH', 'GENERAL_DEVICE_INQUIRY', 'GENERAL_DEVICE_INQUIRY', 'AUDIO_SOUND_SPEAKER']","['CASE_002757', 'CASE_006971', 'CASE_002193']","['CASE_002757', 'CASE_006971', 'CASE_002193', 'CASE_000358', 'CASE_005940']",@AppleSupport Apple Map seems to be down. I’ve been trying to map things on my iPhone 6+ since yesterday but it won’t load anything? @AppleSupport thank you 🙏🏻,@391772 Thanks for reaching us. We are currently working on the Maps app. You can check the status here: https://t.co/7NVrDovSd8
798,CASE_001876,747632,@115858 @AppleSupport there are many bugs in your latest ios please resolve it asap. U can not use cancel button showing at right. https://t.co/VFfundq5oF,GENERAL_DEVICE_INQUIRY,OS_UPDATE_SYSTEM_PERFORMANCE,0.6221,CASE_001357,4,4.0,"['OS_UPDATE_SYSTEM_PERFORMANCE', 'OS_UPDATE_SYSTEM_PERFORMANCE', 'OS_UPDATE_SYSTEM_PERFORMANCE']","['OS_UPDATE_SYSTEM_PERFORMANCE', 'OS_UPDATE_SYSTEM_PERFORMANCE', 'OS_UPDATE_SYSTEM_PERFORMANCE', 'GENERAL_DEVICE_INQUIRY', 'KEYBOARD_TYPING_AUTOCORRECT']","['CASE_000397', 'CASE_006459', 'CASE_002178']","['CASE_000397', 'CASE_006459', 'CASE_002178', 'CASE_001357', 'CASE_004283']","@AppleSupport your iOS 11.0.2 update deleted allllllll of my @115948 😡😡 help me!!! @AppleSupport It is now, all fixed! Thanks @AppleSupport","@160275 We know how important your music is, and we'll be happy to help. Is the iCloud Music Library on under Settings &gt; Music? DM us: https://t.co/GDrqU22YpT @160275 Great, we're glad to hear that! Please reach out if you need help in the future. We'll be here for you."
802,CASE_007775,2918846,"@AppleSupport is Game Center down. I can’t switch between game accounts atm and I’m not the only one @AppleSupport I am up to date https://t.co/KTMAicPYWs @AppleSupport @807879 I'm seeing the same thing. Up to date iOS version...same error message @AppleSupport @807879 Tried using cellular but got the same thing. Tried sending restart too....didn't help @AppleSupport  https://t.co/xfChz34MO9 @AppleSupport I've tried restarting, using cellular and wifi. Nothing works @AppleSupport Thought you might ask and yes I have. Just can’t connect. I’m not the only person having these problems. Is their maybe an outage? https://t.co/iCVqW7nzlc @807879 @AppleSupport I’m getting exact same error too. Game Center worked earlier today.",CONNECTIVITY_WIFI_BLUETOOTH,ACCOUNT_APPLEID_ICLOUD,0.695,CASE_001800,2,2.0,"['ACCOUNT_APPLEID_ICLOUD', 'CONNECTIVITY_WIFI_BLUETOOTH', 'ACCOUNT_APPLEID_ICLOUD']","['ACCOUNT_APPLEID_ICLOUD', 'CONNECTIVITY_WIFI_BLUETOOTH', 'ACCOUNT_APPLEID_ICLOUD', 'CONNECTIVITY_WIFI_BLUETOOTH', 'OS_UPDATE_SYSTEM_PERFORMANCE']","['CASE_007779', 'CASE_001800', 'CASE_004186']","['CASE_007779', 'CASE_001800', 'CASE_004186', 'CASE_007286', 'CASE_005861']","@AppleSupport Is game center down?  It's not recognizing my login! @AppleSupport @807894  https://t.co/hMTXufLbxB @AppleSupport It’s working now, give whomever fixed it a raise","@807894 We've got your back. Can you tell us the message you are seeing when trying to use Game Center or what's happening? Which device are you using? @807895 Thanks for reaching out and the screenshot. We'd like some details to assist. Which iPhone model and iOS is this occurring on? Let us know and we'll continue. @807895 Glad to hear it's working for you now.  If there's anything you need in the future, reach out. We'll be happy to help."
805,CASE_003148,1360108,@AppleSupport is there a way to default off Live Photo’s that I’m just missing? #11.0.3 @AppleSupport Thx! I saw that setting but was just doing it wrong. #IOSprobs,GENERAL_DEVICE_INQUIRY,HOW_TO_SETTINGS_CONFIGURATION,0.7884,CASE_007727,5,5.0,"['HOW_TO_SETTINGS_CONFIGURATION', 'OS_UPDATE_SYSTEM_PERFORMANCE', 'OS_UPDATE_SYSTEM_PERFORMANCE']","['HOW_TO_SETTINGS_CONFIGURATION', 'OS_UPDATE_SYSTEM_PERFORMANCE', 'OS_UPDATE_SYSTEM_PERFORMANCE', 'DISPLAY_TOUCH_SCREEN', 'GENERAL_DEVICE_INQUIRY']","['CASE_006832', 'CASE_002828', 'CASE_000237']","['CASE_006832', 'CASE_002828', 'CASE_000237', 'CASE_005510', 'CASE_007727']",@AppleSupport how do I keep Live Photo turned off permanently? @AppleSupport Thanks!,@381848 Great question. You would go to Settings &gt; Camera &gt; Preserve Settings and turn on Live Photos. Then go in to the Camera app and turn off the Live Photos option. @381848 You're welcome! If you have any issues or concerns in the future please feel free to reach out. Have a great day!
806,CASE_006891,2573940,"@AppleSupport Hey. All of a sudden my playlists wont sync. This is a big problem for me. Please help. https://t.co/i0fW2kbbLN @AppleSupport Thanks, have DM'd",HOW_TO_SETTINGS_CONFIGURATION,APP_STORE_PURCHASES_BILLING,0.8013,CASE_002589,5,5.0,"['APP_STORE_PURCHASES_BILLING', 'APP_STORE_PURCHASES_BILLING', 'APP_STORE_PURCHASES_BILLING']","['APP_STORE_PURCHASES_BILLING', 'APP_STORE_PURCHASES_BILLING', 'APP_STORE_PURCHASES_BILLING', 'GENERAL_DEVICE_INQUIRY', 'HOW_TO_SETTINGS_CONFIGURATION']","['CASE_002322', 'CASE_004361', 'CASE_003219']","['CASE_002322', 'CASE_004361', 'CASE_003219', 'CASE_007245', 'CASE_002589']",@AppleSupport my playlists have disappeared off my iPod and won’t resync from iTunes?? @AppleSupport I sorted it but thanks!,"@342222 We're happy to help out with your playlists. When you attempt to sync are you getting an error? Also, which iPod model is this? @342222 No problem. Feel free to reach out to us anytime. We're always here to help."
808,CASE_007560,2814629,@AppleSupport Hello.  Been having an issue with Apple Pay since July.  Can I please DM you the case number to get this escalated so it can be fixed for once and for all? @AppleSupport @AppleSupport Thank you very much.  I just sent you a DM with the case number.,APP_STORE_PURCHASES_BILLING,DISPLAY_TOUCH_SCREEN,0.7427,CASE_001368,2,2.0,"['DISPLAY_TOUCH_SCREEN', 'APP_STORE_PURCHASES_BILLING', 'APP_STORE_PURCHASES_BILLING']","['DISPLAY_TOUCH_SCREEN', 'APP_STORE_PURCHASES_BILLING', 'APP_STORE_PURCHASES_BILLING', 'APP_STORE_PURCHASES_BILLING', 'HOW_TO_SETTINGS_CONFIGURATION']","['CASE_004786', 'CASE_001368', 'CASE_007816']","['CASE_004786', 'CASE_001368', 'CASE_007816', 'CASE_001296', 'CASE_001544']","@AppleSupport my apple pay has suddenly stopped working, try to open the wallet and I just get a blank screen. any ideas? @AppleSupport All sorted now. Turning it off and on worked a treat, somethings never change.",@555637 Thanks for reaching out. Which iPhone model do you have and what iOS version are you running? DM us the answer below. https://t.co/GDrqU22YpT @555637 We're glad to hear that's working again. Please reach out if you need help in the future. We'll be here for you.
809,CASE_004370,1713686,"Good use of real estate dear @115858 : placing the timer instead of low power mode in control center. Coz we’re all timing shit nonstop💁🏼 @AppleSupport I’m mind blown right now 😳😯 Thanks!!! @AppleSupport I do. My favourite feature is the one where the touch screen stops working, although the freezing is a serious contender.",DISPLAY_TOUCH_SCREEN,HOW_TO_SETTINGS_CONFIGURATION,0.4803,N/A,Missing (>10),,"['HOW_TO_SETTINGS_CONFIGURATION', 'GENERAL_DEVICE_INQUIRY', 'BATTERY_CHARGING_POWER']","['HOW_TO_SETTINGS_CONFIGURATION', 'GENERAL_DEVICE_INQUIRY', 'BATTERY_CHARGING_POWER', 'APP_CRASH_AND_DOWNLOAD', 'KEYBOARD_TYPING_AUTOCORRECT']","['CASE_004610', 'CASE_001194', 'CASE_007332']","['CASE_004610', 'CASE_001194', 'CASE_007332', 'CASE_001765', 'CASE_002719']",@115858 I wanna be able to turn on/off nighttime mode from the control center. Make it happen. Snap snap. @AppleSupport Thanks for making it happen. Snap snap. 👍🏻,"@532334 This is possible with iOS 11 Control Center. See section ""Turn on Night Shift"" here for directions: https://t.co/NBE76DOiEM"
813,CASE_005894,2297824,@115858 so frustrated to not be able to type I️ without it being autocorrected,GENERAL_DEVICE_INQUIRY,KEYBOARD_TYPING_AUTOCORRECT,0.8671,CASE_004519,2,2.0,"['KEYBOARD_TYPING_AUTOCORRECT', 'GENERAL_DEVICE_INQUIRY', 'KEYBOARD_TYPING_AUTOCORRECT']","['KEYBOARD_TYPING_AUTOCORRECT', 'GENERAL_DEVICE_INQUIRY', 'KEYBOARD_TYPING_AUTOCORRECT', 'GENERAL_DEVICE_INQUIRY', 'GENERAL_DEVICE_INQUIRY']","['CASE_005048', 'CASE_004519', 'CASE_007015']","['CASE_005048', 'CASE_004519', 'CASE_007015', 'CASE_005382', 'CASE_007136']","@115858 when typing “i”, oddly enough I️ don’t mean I️ @115858 Fix the autocorrect please and thanks",@596694 We're here to help. DM us what iOS version you're on and what auto corrects. https://t.co/GDrqU22YpT
814,CASE_003630,1565089,Everybody tryna type the letter I️ and the letter A and a question mark keep replacing it smh @AppleSupport @AppleSupport See whata mean @AppleSupport Thank you that’s why i love y’all,KEYBOARD_TYPING_AUTOCORRECT,GENERAL_DEVICE_INQUIRY,0.8056,CASE_004194,2,2.0,"['GENERAL_DEVICE_INQUIRY', 'KEYBOARD_TYPING_AUTOCORRECT', 'KEYBOARD_TYPING_AUTOCORRECT']","['GENERAL_DEVICE_INQUIRY', 'KEYBOARD_TYPING_AUTOCORRECT', 'KEYBOARD_TYPING_AUTOCORRECT', 'KEYBOARD_TYPING_AUTOCORRECT', 'GENERAL_DEVICE_INQUIRY']","['CASE_004406', 'CASE_004194', 'CASE_004381']","['CASE_004406', 'CASE_004194', 'CASE_004381', 'CASE_003765', 'CASE_003617']","Really hoping that @AppleSupport fixes the issue with the letter “I️” showing up as “A?” 🙏🏾 @AppleSupport Thank you 😊 @AppleSupport How long until you fix it? @AppleSupport Okay, thank you! 😁",@521813 Here’s what you can do to work around the issue until it’s fixed in a future software update: https://t.co/qODbOsp4wz @521813 No problem. Feel free to reach out if you have any other questions.
818,CASE_001681,642039,"Voice control and Siri keep activating its driving me fuckin mad someone on twitter pls help me!!! 

@AppleSupport @AppleSupport 6s and updated to latest iOS @AppleSupport ‘If you're using a headset, and it unexpectedly activates Siri or Voice Control, make sure that your headset is fully inserted into the device.’ 

Seems to happen most when headphones were in but no moisture or bad jack connection. Any suggestions? @AppleSupport Worked fine before updated to latest iOS yesterday. Phone is sat not being touched and Siri command is coming up. It’s really in its own world. Garbage after every update, every time @AppleSupport Two different sets of headphones and also without any",AUDIO_SOUND_SPEAKER,OS_UPDATE_SYSTEM_PERFORMANCE,0.7119,CASE_000471,8,8.0,"['OS_UPDATE_SYSTEM_PERFORMANCE', 'OS_UPDATE_SYSTEM_PERFORMANCE', 'OS_UPDATE_SYSTEM_PERFORMANCE']","['OS_UPDATE_SYSTEM_PERFORMANCE', 'OS_UPDATE_SYSTEM_PERFORMANCE', 'OS_UPDATE_SYSTEM_PERFORMANCE', 'OS_UPDATE_SYSTEM_PERFORMANCE', 'GENERAL_DEVICE_INQUIRY']","['CASE_001606', 'CASE_005888', 'CASE_002605']","['CASE_001606', 'CASE_005888', 'CASE_002605', 'CASE_005145', 'CASE_001112']","@115858 please fix my beloved siri!! It won’t listen to me anymore!!!!! @AppleSupport iPhone 7 Plus, iOS 11.1.2, my problem with it is just that when I say “hey Siri” it’s almost always shuts me down and never listen to me @AppleSupport It’s always been on, but the past few days it’s been acting up for some reason specially after the new update, and I never turn on the Low Power mode","@266460 Thanks for reaching out. We want to be sure you can use Siri as you'd expect to! Can you tell us which device you're using with Siri? Which iOS or macOS version are you running currently? @266460 Let's make sure ""Hey Siri"" is turned on in Settings &gt; Siri &amp; Search. Also, make sure Low Power mode is off in Settings &gt; Battery. Let us know what happens. @266460 Thank you for letting us know. We definitely want to make sure we can provide all the support needed. Please let us know if the steps in this article help: https://t.co/xOrdgHyyiA"
826,CASE_004193,1679207,Okay listen @115858 y’all need to send another fucking update out &amp; fix this shit! Got us looking like androids when they couldn’t see emojis https://t.co/uNcZrYbzzU @AppleSupport Yeah so I did that &amp; I️t worked for less than a few hours now it’s back 🙄,KEYBOARD_TYPING_AUTOCORRECT,GENERAL_DEVICE_INQUIRY,0.8248,CASE_006687,6,6.0,"['GENERAL_DEVICE_INQUIRY', 'GENERAL_DEVICE_INQUIRY', 'OS_UPDATE_SYSTEM_PERFORMANCE']","['GENERAL_DEVICE_INQUIRY', 'GENERAL_DEVICE_INQUIRY', 'OS_UPDATE_SYSTEM_PERFORMANCE', 'GENERAL_DEVICE_INQUIRY', 'GENERAL_DEVICE_INQUIRY']","['CASE_003674', 'CASE_004065', 'CASE_003932']","['CASE_003674', 'CASE_004065', 'CASE_003932', 'CASE_007305', 'CASE_000121']",Updated my phone and still can’t see the emojis... @AppleSupport Why?,@484584 We're here for you. What is the exact version of the iOS you're running? Check by tapping Settings &gt; General &gt; About.
827,CASE_001545,595773,"@AppleSupport @115858 
Do you offer a trade-in /upgrade program for Apple Watches? @AppleSupport Could pass along the comment to whomever so they possibly consider for the future? Thanks!",GENERAL_DEVICE_INQUIRY,OS_UPDATE_SYSTEM_PERFORMANCE,0.6612,CASE_004740,2,2.0,"['OS_UPDATE_SYSTEM_PERFORMANCE', 'GENERAL_DEVICE_INQUIRY', 'OS_UPDATE_SYSTEM_PERFORMANCE']","['OS_UPDATE_SYSTEM_PERFORMANCE', 'GENERAL_DEVICE_INQUIRY', 'OS_UPDATE_SYSTEM_PERFORMANCE', 'BATTERY_CHARGING_POWER', 'ACCOUNT_APPLEID_ICLOUD']","['CASE_007256', 'CASE_004740', 'CASE_002032']","['CASE_007256', 'CASE_004740', 'CASE_002032', 'CASE_006715', 'CASE_004693']","Hey @115858 stupid but important question, how do I update my Apple Watch ⌚️?","@764740 Definitely not a stupid question, and we're happy to help out! Check out this article: https://t.co/s6t9pl6tpv"
828,CASE_000791,358905,"@115858 #Maps #navigation is still not working in the #UAE even on #iOS11. @200998 navigation works on a cheap &amp; old @122609 5 device. 🤔 @AppleSupport Thank you. I have just checked and confirmed; the #Apple #Maps Directions and Turn-by-Turn Navigation are (still) not available in the #UAE. @200996 @AppleSupport Kok bisa jek disana belum ada supportnya @200997 @AppleSupport Exactly. Apple Maps on #CarPlay also doesn’t work in the #UAE. And rather than taking the feedback, the support team give a ‘helpful’ link 😅",OS_UPDATE_SYSTEM_PERFORMANCE,GENERAL_DEVICE_INQUIRY,0.6222,CASE_002231,5,5.0,"['GENERAL_DEVICE_INQUIRY', 'CONNECTIVITY_WIFI_BLUETOOTH', 'GENERAL_DEVICE_INQUIRY']","['GENERAL_DEVICE_INQUIRY', 'CONNECTIVITY_WIFI_BLUETOOTH', 'GENERAL_DEVICE_INQUIRY', 'AUDIO_SOUND_SPEAKER', 'OS_UPDATE_SYSTEM_PERFORMANCE']","['CASE_002193', 'CASE_006971', 'CASE_000358']","['CASE_002193', 'CASE_006971', 'CASE_000358', 'CASE_005940', 'CASE_002231']","@AppleSupport I am not able to use the @115858 Maps , this is the issue I am facing as shown below ! What the hell@is happening with my phone https://t.co/wmWtKebplK @AppleSupport It is happening for all the locations ! @AppleSupport This is the first time I used the @115858  Maps , since @200998 was there so never had the scarcity , but Now when I wanted it won’t show @AppleSupport @200998 are perfectly working fine with my phone it’s @115858 maps not working",@327468 We appreciate the screen recording. Does this happen for all locations or only certain ones? @327468 Has this been going on since you've owned the device or did you get these results after making any changes? Send us a DM. https://t.co/GDrqU22YpT @327468 Is Google Maps behaving normally? We want to narrow it down to the GPS itself or to the Apple Maps app. @327468 Let's continue this conversation in DM. https://t.co/GDrqU22YpT
831,CASE_001609,619404,"Since upgrading to #HighSierra, my Apple Mail no longer opens hyperlinks in the browser tab when I click them. They only open the browser Home page. Is this a known issue, please? @AppleSupport #help @AppleSupport It's happening with all links unfortunately! @AppleSupport Thank you very much! I've just sent a DM with those details. Appreciate your help ;D @AppleSupport All sorted - thanks for your support :D My links are opening fine again now. Isn't Twitter great for #CustomerCare !",GENERAL_DEVICE_INQUIRY,OS_UPDATE_SYSTEM_PERFORMANCE,0.6714,CASE_002265,2,2.0,"['OS_UPDATE_SYSTEM_PERFORMANCE', 'GENERAL_DEVICE_INQUIRY', 'GENERAL_DEVICE_INQUIRY']","['OS_UPDATE_SYSTEM_PERFORMANCE', 'GENERAL_DEVICE_INQUIRY', 'GENERAL_DEVICE_INQUIRY', 'OS_UPDATE_SYSTEM_PERFORMANCE', 'GENERAL_DEVICE_INQUIRY']","['CASE_005278', 'CASE_002265', 'CASE_005662']","['CASE_005278', 'CASE_002265', 'CASE_005662', 'CASE_000501', 'CASE_005140']","@AppleSupport Updated to High Sierra MAC OS 10.13.1 and now in Mail 11.1 when click on link in an email, it only goes to Chrome Browser (default browser) home page, NOT to actual link. What's Up? @AppleSupport I closed everything and did a reboot and seems to have corrected. Thanks for responding!","@627027 Thanks for reaching out, we'd be happy to help. Does this also happen when in Safe Mode? https://t.co/PQ4LSYhUTY @627027 You're welcome. Have a great day!"
833,CASE_006522,2448369,"Decided to update my iPhone software. A day later, never felt like a bigger idiot in my life.
Great work @AppleSupport https://t.co/tJmJhtcpoV @AppleSupport Decreased battery life, apps crashing, and phone will freeze up and shut off. Seems like the move is to revert back to an older OS and wait for another update. Agree? @AppleSupport It happens across all apps/functions, whether it's listening to music on spotify or when I'm trying to make a call. I'm getting the spinning wheel most of the time, but have had a few restarts where the logo appears. Thanks for the help",BATTERY_CHARGING_POWER,OS_UPDATE_SYSTEM_PERFORMANCE,0.6912,CASE_000401,5,5.0,"['OS_UPDATE_SYSTEM_PERFORMANCE', 'OS_UPDATE_SYSTEM_PERFORMANCE', 'APP_STORE_PURCHASES_BILLING']","['OS_UPDATE_SYSTEM_PERFORMANCE', 'OS_UPDATE_SYSTEM_PERFORMANCE', 'APP_STORE_PURCHASES_BILLING', 'APP_CRASH_AND_DOWNLOAD', 'BATTERY_CHARGING_POWER']","['CASE_001284', 'CASE_001237', 'CASE_001145']","['CASE_001284', 'CASE_001237', 'CASE_001145', 'CASE_001810', 'CASE_000401']",@AppleSupport why does my iPhone keep shutting off and restarting every minute after new software update? Advise please? Thank you,"@247989 Hey there! Thanks for reaching out to us about your iPhone restarting. iOS 11.2 should resolve this for you. Make sure you backup before updating, then follow these steps: https://t.co/osZOKKTalm"
835,CASE_007827,2948319,@AppleSupport How do I permanently switch off the ‘Live Photo’ and permanently keep on HDR? They both keep resetting after I have used my camera it’s so frustrating 😡 @AppleSupport Thank you for your help,DISPLAY_TOUCH_SCREEN,HOW_TO_SETTINGS_CONFIGURATION,0.7885,CASE_003223,4,4.0,"['HOW_TO_SETTINGS_CONFIGURATION', 'OS_UPDATE_SYSTEM_PERFORMANCE', 'HOW_TO_SETTINGS_CONFIGURATION']","['HOW_TO_SETTINGS_CONFIGURATION', 'OS_UPDATE_SYSTEM_PERFORMANCE', 'HOW_TO_SETTINGS_CONFIGURATION', 'DISPLAY_TOUCH_SCREEN', 'DISPLAY_TOUCH_SCREEN']","['CASE_006832', 'CASE_000237', 'CASE_002647']","['CASE_006832', 'CASE_000237', 'CASE_002647', 'CASE_003223', 'CASE_001527']",@AppleSupport how do I keep Live Photo turned off permanently? @AppleSupport Thanks!,@381848 Great question. You would go to Settings &gt; Camera &gt; Preserve Settings and turn on Live Photos. Then go in to the Camera app and turn off the Live Photos option. @381848 You're welcome! If you have any issues or concerns in the future please feel free to reach out. Have a great day!
837,CASE_004045,1643311,Why are my I’s turning into question marks @115858 @AppleSupport. I️ need answers. @AppleSupport Thank you. @AppleSupport Any updates on iPhone X re-ups?,GENERAL_DEVICE_INQUIRY,OS_UPDATE_SYSTEM_PERFORMANCE,0.7762,CASE_003808,2,2.0,"['OS_UPDATE_SYSTEM_PERFORMANCE', 'GENERAL_DEVICE_INQUIRY', 'KEYBOARD_TYPING_AUTOCORRECT']","['OS_UPDATE_SYSTEM_PERFORMANCE', 'GENERAL_DEVICE_INQUIRY', 'KEYBOARD_TYPING_AUTOCORRECT', 'OS_UPDATE_SYSTEM_PERFORMANCE', 'OS_UPDATE_SYSTEM_PERFORMANCE']","['CASE_003450', 'CASE_003808', 'CASE_005887']","['CASE_003450', 'CASE_003808', 'CASE_005887', 'CASE_006656', 'CASE_004322']","updated to iOS 11.1 &amp; for some strange reason I’m seeing question marks in a box on a lot of posts🤨what’s up with that @115858 @AppleSupport @AppleSupport Device being used is an iPhone 7 Plus . And thanks , I appreciate this . @AppleSupport Thanks and have done so 😃 hopefully this can be resolved as it’s some what of a mystery to me .",@465810 We're here to help. Send us a DM letting us know which device you're using. We'll go from there. https://t.co/GDrqU22YpT @465810 Thank you. Send us a Direct Message by clicking on the link below. We'll continue there. https://t.co/GDrqU22YpT
838,CASE_004807,1872293,"@AppleSupport my songs aren’t downloading, it just keeps spinning https://t.co/rRmt4q48Ud @AppleSupport Fixed, why didn’t I try that lol thank you",APP_CRASH_AND_DOWNLOAD,CONNECTIVITY_WIFI_BLUETOOTH,0.7991,N/A,Missing (>10),,"['CONNECTIVITY_WIFI_BLUETOOTH', 'APP_STORE_PURCHASES_BILLING', 'APP_STORE_PURCHASES_BILLING']","['CONNECTIVITY_WIFI_BLUETOOTH', 'APP_STORE_PURCHASES_BILLING', 'APP_STORE_PURCHASES_BILLING', 'APP_STORE_PURCHASES_BILLING', 'AUDIO_SOUND_SPEAKER']","['CASE_000008', 'CASE_001184', 'CASE_003595']","['CASE_000008', 'CASE_001184', 'CASE_003595', 'CASE_004834', 'CASE_007825']",@AppleSupport I can’t download songs. Progress icon keeps spinning. On both data + WiFi. Stream works though. Can’t add songs to playlists. https://t.co/x7uUxSqO9u @AppleSupport Restarting does resolve the issue. Thanks.,@116855 We want to help. Does restarting help at all? DM us which iOS version you're on and we'll continue support there. https://t.co/GDrqU22YpT @116855 We're glad to hear that resolved the issue. Don't hesitate to reach out to us if you have any questions. Take care.
839,CASE_004563,1764488,@AppleSupport what’s up with my Game Center? It keeps loading. Won’t finish. Not WiFi or data. @AppleSupport That did it! Thank you! 😘,CONNECTIVITY_WIFI_BLUETOOTH,ACCOUNT_APPLEID_ICLOUD,0.7144,CASE_000268,5,5.0,"['ACCOUNT_APPLEID_ICLOUD', 'ACCOUNT_APPLEID_ICLOUD', 'GENERAL_DEVICE_INQUIRY']","['ACCOUNT_APPLEID_ICLOUD', 'ACCOUNT_APPLEID_ICLOUD', 'GENERAL_DEVICE_INQUIRY', 'HOW_TO_SETTINGS_CONFIGURATION', 'CONNECTIVITY_WIFI_BLUETOOTH']","['CASE_007779', 'CASE_004186', 'CASE_003731']","['CASE_007779', 'CASE_004186', 'CASE_003731', 'CASE_005190', 'CASE_000268']","@AppleSupport Is game center down?  It's not recognizing my login! @AppleSupport @807894  https://t.co/hMTXufLbxB @AppleSupport It’s working now, give whomever fixed it a raise","@807894 We've got your back. Can you tell us the message you are seeing when trying to use Game Center or what's happening? Which device are you using? @807895 Thanks for reaching out and the screenshot. We'd like some details to assist. Which iPhone model and iOS is this occurring on? Let us know and we'll continue. @807895 Glad to hear it's working for you now.  If there's anything you need in the future, reach out. We'll be happy to help."
846,CASE_003684,1573068,@AppleSupport why can’t i️ type the letter i️ ... fix the update please. i️ look dumb @AppleSupport it worked,KEYBOARD_TYPING_AUTOCORRECT,OS_UPDATE_SYSTEM_PERFORMANCE,0.9067,CASE_003657,2,2.0,"['OS_UPDATE_SYSTEM_PERFORMANCE', 'KEYBOARD_TYPING_AUTOCORRECT', 'KEYBOARD_TYPING_AUTOCORRECT']","['OS_UPDATE_SYSTEM_PERFORMANCE', 'KEYBOARD_TYPING_AUTOCORRECT', 'KEYBOARD_TYPING_AUTOCORRECT', 'GENERAL_DEVICE_INQUIRY', 'KEYBOARD_TYPING_AUTOCORRECT']","['CASE_003707', 'CASE_003657', 'CASE_004582']","['CASE_003707', 'CASE_003657', 'CASE_004582', 'CASE_004001', 'CASE_005268']",@AppleSupport Please fix the new update so I️ can type “I️”,@389466 We're here for you. Check out this article for a workaround: https://t.co/xU1AGHStV6
850,CASE_007261,2728196,Ever since that new iPhone came out and I updated my ios my phone has been tweakin. Explain @115858 @AppleSupport My screen literally freezes all the time and is just slower overall.,DISPLAY_TOUCH_SCREEN,CONNECTIVITY_WIFI_BLUETOOTH,0.8051,CASE_006390,4,4.0,"['CONNECTIVITY_WIFI_BLUETOOTH', 'APP_CRASH_AND_DOWNLOAD', 'OS_UPDATE_SYSTEM_PERFORMANCE']","['CONNECTIVITY_WIFI_BLUETOOTH', 'APP_CRASH_AND_DOWNLOAD', 'OS_UPDATE_SYSTEM_PERFORMANCE', 'DISPLAY_TOUCH_SCREEN', 'GENERAL_DEVICE_INQUIRY']","['CASE_002530', 'CASE_006931', 'CASE_006139']","['CASE_002530', 'CASE_006931', 'CASE_006139', 'CASE_006390', 'CASE_002705']","@AppleSupport @115858 Since the new iOS update my phone keeps freezing - do you know why? @AppleSupport It seems to be most apps, and just in general using the phone it freezes all the time @AppleSupport I have to keep restarting it when it freezes. It happens again though. I’m currently on 11.0 @AppleSupport Ok, I’ll try that when I am connected to WiFi . Thanks","@365418 Let's get that taken care of together. Is this behavior happening with all apps, or is it isolated to certain specific apps? @365418 Got it. Does a restart help? What's the software version number you're running in Settings &gt; General &gt; About &gt; Version? @365418 Let's get you updated to the most current version, 11.0.3. Be sure to create a backup before updating. Let us know if that helps. @365418 You're welcome. Sounds like a plan."
853,CASE_002172,866648,Hey @AppleSupport how do I permanently turn off that ‘live’ thing on my iphones camera? It keeps turning back on and I hate it.,DISPLAY_TOUCH_SCREEN,HOW_TO_SETTINGS_CONFIGURATION,0.8046,CASE_002506,2,2.0,"['HOW_TO_SETTINGS_CONFIGURATION', 'DISPLAY_TOUCH_SCREEN', 'OS_UPDATE_SYSTEM_PERFORMANCE']","['HOW_TO_SETTINGS_CONFIGURATION', 'DISPLAY_TOUCH_SCREEN', 'OS_UPDATE_SYSTEM_PERFORMANCE', 'GENERAL_DEVICE_INQUIRY', 'DISPLAY_TOUCH_SCREEN']","['CASE_002647', 'CASE_002506', 'CASE_002828']","['CASE_002647', 'CASE_002506', 'CASE_002828', 'CASE_007727', 'CASE_005510']","@AppleSupport @115858 how do I turn off live photos? Already turned it off in settings but it keeps turning on every time I use my cam. Thnx! https://t.co/O9Uaa6t3pe @AppleSupport Yes, but it turns back on every time I open the app and wastes my phone memory when I forget to turn it off @AppleSupport That seems to have helped, thanks! @AppleSupport Hey, it’s happening again!😣any other suggestions?","@142763 Let's figure this out together. When you tap on the yellow live photo icon at the top of the camera, does it turn it off? @142763 Let's try this. In the settings turn on Camera Mode, turn off Live Photo in the Camera app, close the app, and reopen again. @142763 Perfect! So glad that we could help get that taken care of for you. Let us know if you ever need anything. @142763 We still want to help. DM us, and we'll look into this deeper. https://t.co/GDrqU2kzhr"
855,CASE_002206,876361,"@AppleSupport hello everyone , now i am facing the worst experince using iphone 6 after the ios 11 software update , thats really horrible @AppleSupport IOS 11.0.2 , i really can’t find words to describe how upset and angry i feel @AppleSupport I think that is not effective bescause i have the same errors with the iOS 11, 11.0.1 , 11.0.2 then you see that solution in iOS 11.0.3 !!!! @AppleSupport I already backed up my phone before i update to 11.0.2 so this is really not making any difference @AppleSupport @328062 IOS 11 11.0.1 11.0.2 11.0.3 are junk I have a ipad mini 4 basically the same as a 6 and it is horrid now Apple you know the truth why do @AppleSupport Ok and what if the problem is still exist after updating , so what will be your solution for that ???) @AppleSupport Here find some of what i face here , my phone switched off suddenly without any reason , (2) while am using any app and i received a call @AppleSupport The screen freeze on the app while the phone is ringing and when its allow me to answer guess what ? The phone call freeze too and drop off @AppleSupport And when find something else , while am trying to open settings its take looong time to load settings screen , really ???! @AppleSupport @328062 You keep telling people to do methods that won't work? I mean seriously @AppleSupport I really was need your help and you help me with nothing , then thank you so much for that useless and unprofessional support , @AppleSupport @AppleSupport and i will really will spread my horrible experince with you , so thank you again for being do not care about your customers!! @176402 @AppleSupport @328062 Mine works fine @328063 @AppleSupport @328062 I am glad you are not having issues kush but thousands and thousands of people are though.",DISPLAY_TOUCH_SCREEN,OS_UPDATE_SYSTEM_PERFORMANCE,0.8048,N/A,Missing (>10),,"['OS_UPDATE_SYSTEM_PERFORMANCE', 'OS_UPDATE_SYSTEM_PERFORMANCE', 'OS_UPDATE_SYSTEM_PERFORMANCE']","['OS_UPDATE_SYSTEM_PERFORMANCE', 'OS_UPDATE_SYSTEM_PERFORMANCE', 'OS_UPDATE_SYSTEM_PERFORMANCE', 'GENERAL_DEVICE_INQUIRY', 'OS_UPDATE_SYSTEM_PERFORMANCE']","['CASE_000424', 'CASE_005522', 'CASE_000536']","['CASE_000424', 'CASE_005522', 'CASE_000536', 'CASE_005013', 'CASE_000436']",@AppleSupport @115858 @116333 ios update sucks its too slow on iphone 6s plus @AppleSupport Issue started when I updated my phone to new ios 11 it sucks its not with any specific app but its with everything if use keypad to dial a p @AppleSupport Phone type a message for everything i do have friends who said same thing is their any way to revert back to my previous ios @AppleSupport Its very sad that @AppleSupport will only reply if we tag @116333 in our tweets please fix bugs in IOS 11 @AppleSupport @116333 @116333 when does #iOS11  bugs will be resolved it sucks when my iphone get hang @AppleSupport,@165241 We want to help with your iPhone. When did the issue start? Is the iPhone slow when you use specific apps? @165241 Thanks for the update. Reach us via DM to gather more information. https://t.co/GDrqU22YpT
856,CASE_006537,2452595,@AppleSupport Hello ! I have another problem : I've bought music like 2 or 3 years ago on my iTunes account but I can't find it anymore :( @AppleSupport It works ! Thanks ! @AppleSupport You too :-),ACCOUNT_APPLEID_ICLOUD,APP_STORE_PURCHASES_BILLING,0.7752,N/A,Missing (>10),,"['APP_STORE_PURCHASES_BILLING', 'APP_STORE_PURCHASES_BILLING', 'APP_STORE_PURCHASES_BILLING']","['APP_STORE_PURCHASES_BILLING', 'APP_STORE_PURCHASES_BILLING', 'APP_STORE_PURCHASES_BILLING', 'APP_STORE_PURCHASES_BILLING', 'APP_STORE_PURCHASES_BILLING']","['CASE_006024', 'CASE_005688', 'CASE_003595']","['CASE_006024', 'CASE_005688', 'CASE_003595', 'CASE_005629', 'CASE_000585']","@118721 @AppleSupport my entire music library has disappeared from my iTunes. How do you fix it?? @AppleSupport iTunes. @AppleSupport On my laptop i updated iTunes. I don’t know if it happened after that or not, it’s a pretty new laptop and I don’t really use it much so I’m not sure when all the songs went missing. But there are only maybe 10 albums worth of downloads. My other problem is I have two accounts @AppleSupport Yes. A lot were just my own files so I understand that part of the process but a TON were purchased from iTunes Store. It’s a Dell laptop. I’m not sure of model info as I’m at work. @AppleSupport Since it’s a new computer, finding a previous library wasn’t an option, just FYI. @AppleSupport THANK YOU. I hope it works","@607033 Let's look into this issue together. First, tell us what device you're experiencing this issue with, and we'll go from there. @607033 What type of computer are you having this issue with? We want to confirm the software to ensure we offer you a proper troubleshooting steps. Also, did you purchase these songs from the iTunes Store? @607033 Great info, thanks. When you have your Dell laptop available again, please try following the steps from this article here: https://t.co/I39AyMJNgb 

The article shows you some steps you can take to redownload all your purchases from the iTunes Store. @607033 We do too! If you continue to have issues or have any other questions, go ahead and meet us within DM here: https://t.co/GDrqU22YpT"
857,CASE_007514,2795472,"Alright @115858 fix the auto correct to I.T instead of it, please and thank you",KEYBOARD_TYPING_AUTOCORRECT,GENERAL_DEVICE_INQUIRY,0.8114,CASE_005048,4,4.0,"['GENERAL_DEVICE_INQUIRY', 'GENERAL_DEVICE_INQUIRY', 'GENERAL_DEVICE_INQUIRY']","['GENERAL_DEVICE_INQUIRY', 'GENERAL_DEVICE_INQUIRY', 'GENERAL_DEVICE_INQUIRY', 'KEYBOARD_TYPING_AUTOCORRECT', 'GENERAL_DEVICE_INQUIRY']","['CASE_004133', 'CASE_001559', 'CASE_007740']","['CASE_004133', 'CASE_001559', 'CASE_007740', 'CASE_005048', 'CASE_005240']",It’d be cool if @115858 could fix this ridiculous auto correcting I️ problem. @AppleSupport Thank you!,@506161 Here’s what you can do to work around the issue until it’s fixed in a future software update: https://t.co/xXaXefaskH
858,CASE_003382,1456585,"@AppleSupport I asked the watch to start a dance workout. Clicked ‘+’ at the end to start another and it’s saved the dance workout as other https://t.co/rHmGgK9vOO @AppleSupport Can I rename this workout now it has auto saved? @AppleSupport No. First time. I’m running up to date OS on both phone and watch. @AppleSupport Thanks. I know that bit, but because I clicked this (blue arrow) it just saved the workout. Didn’t realise it was “other” until after. https://t.co/lb1Wi3HG3b @AppleSupport It’d be great if next update allows you to rename after saving...",OS_UPDATE_SYSTEM_PERFORMANCE,APP_STORE_PURCHASES_BILLING,0.5764,CASE_004733,4,4.0,"['APP_STORE_PURCHASES_BILLING', 'KEYBOARD_TYPING_AUTOCORRECT', 'KEYBOARD_TYPING_AUTOCORRECT']","['APP_STORE_PURCHASES_BILLING', 'KEYBOARD_TYPING_AUTOCORRECT', 'KEYBOARD_TYPING_AUTOCORRECT', 'OS_UPDATE_SYSTEM_PERFORMANCE', 'GENERAL_DEVICE_INQUIRY']","['CASE_000617', 'CASE_004201', 'CASE_006297']","['CASE_000617', 'CASE_004201', 'CASE_006297', 'CASE_004733', 'CASE_001811']",@AppleSupport can’t seem to change my music playing on my phone via workout on the #AppleWatch anymore?! Where’s this gone? @AppleSupport But how do I make it control what’s playing on my phone instead - I wanna leave the phone on the floor at the gym &amp; change tracks on watch @AppleSupport Ignore - fixed it. Phone had to be restarted for now playing to pick up what was playing as well my health/activty data to sync 🤔,@174562 We're glad you asked. Now you can create a playlist on your Apple Watch. Check this out: https://t.co/kPrTO9IGph @174562 We're glad you were able to get it working properly. If you have any additional questions please feel free to reach out.
861,CASE_003071,1332620,"@AppleSupport Twitter does not work on Apple Watch #WatchOs4 #iOS11 @AppleSupport Yes, the twitter app does not open. @AppleSupport @430879 The app for apple watch Crash since iOS 11 GM @AppleSupport I already do everything, also i restore the Iphone and apple watch 3 times @430877 @AppleSupport What you do now?",OS_UPDATE_SYSTEM_PERFORMANCE,GENERAL_DEVICE_INQUIRY,0.7651,N/A,Missing (>10),,"['GENERAL_DEVICE_INQUIRY', 'CONNECTIVITY_WIFI_BLUETOOTH', 'GENERAL_DEVICE_INQUIRY']","['GENERAL_DEVICE_INQUIRY', 'CONNECTIVITY_WIFI_BLUETOOTH', 'GENERAL_DEVICE_INQUIRY', 'DISPLAY_TOUCH_SCREEN', 'APP_CRASH_AND_DOWNLOAD']","['CASE_002366', 'CASE_000327', 'CASE_003383']","['CASE_002366', 'CASE_000327', 'CASE_003383', 'CASE_005641', 'CASE_001841']",@AppleSupport My Twitter app for iPhone doesn't work. Could you give support? Please @AppleSupport the problem has already been solved Assistance is no longer necessary. Thank you,@346409 We’d be happy to help. Please DM us and let us know what’s happening. https://t.co/GDrqU2kzhr
863,CASE_004774,1850853,"@115858 @AppleSupport Hey, can you guys patch iOS 11 to STOP TURNING MY BLUETOOTH ON BY ITSELF?? Stop stealing my battery, damn. @AppleSupport I have, in fact, not. Did not realize there was an update, thank you. I’m currently at work but I will try that later. @AppleSupport Bit late, forgot to respond back. 

11.0.2 still turns my bluetooth on whenever i get in my car. I appreciate safety, but I dont get calls 🤣 @AppleSupport Also, when I use certain charger cables, my screen goes utterly bats***, typing and tapping by itself. Not cool, guys. Knock it off. @554044 @AppleSupport Thats called the *buy our shit* update.  😂",BATTERY_CHARGING_POWER,CONNECTIVITY_WIFI_BLUETOOTH,0.748,CASE_004829,2,2.0,"['CONNECTIVITY_WIFI_BLUETOOTH', 'BATTERY_CHARGING_POWER', 'BATTERY_CHARGING_POWER']","['CONNECTIVITY_WIFI_BLUETOOTH', 'BATTERY_CHARGING_POWER', 'BATTERY_CHARGING_POWER', 'BATTERY_CHARGING_POWER', 'BATTERY_CHARGING_POWER']","['CASE_006561', 'CASE_004829', 'CASE_005196']","['CASE_006561', 'CASE_004829', 'CASE_005196', 'CASE_005944', 'CASE_006842']","Hey, @AppleSupport can you please do an update that will stop turning my Bluetooth back on?","@707260 We can help you with this. If you would like to turn off your Bluetooth, head to Settings &gt; Bluetooth to do that. If you try to do it from the Control Center, it will immediately disconnect your device but won't turn it off: https://t.co/G7BHuQnDS6"
865,CASE_001754,679301,@AppleSupport why many song in @115948 its in grey and I can’t listen?,GENERAL_DEVICE_INQUIRY,CONNECTIVITY_WIFI_BLUETOOTH,0.699,CASE_002882,10,10.0,"['CONNECTIVITY_WIFI_BLUETOOTH', 'APP_STORE_PURCHASES_BILLING', 'APP_STORE_PURCHASES_BILLING']","['CONNECTIVITY_WIFI_BLUETOOTH', 'APP_STORE_PURCHASES_BILLING', 'APP_STORE_PURCHASES_BILLING', 'APP_STORE_PURCHASES_BILLING', 'APP_STORE_PURCHASES_BILLING']","['CASE_000244', 'CASE_000930', 'CASE_007860']","['CASE_000244', 'CASE_000930', 'CASE_007860', 'CASE_007849', 'CASE_005629']",@AppleSupport I keep getting this error message for about half the songs I try to play on @115948 what do I do? Thanks! https://t.co/MPGLNlA72u @AppleSupport Thanks so much for getting back to me so quickly. I was streaming them via WiFi and mobile data. No changes to store or region as far as I know @AppleSupport Thanks again. I can play some songs from the album but not certain ones. It’s the same on a few different albums with the same error message. Restarting my phone hasn’t fixed it @AppleSupport Thanks. I’ve done those steps and still not responded the problem,"@142507 We'll do all we can to help out. Are these songs that were downloaded to the device for offline play or are they added to your iCloud Music Library for streaming? Has there been any change in the iTunes Store region or are you not currently physically in that region? @142507 We're trying to find the common thread. Are you able, for example, to play some songs from an album but not all of them? Does this persist after you've rebooted the device? @142507 We want to make sure we don't advise any steps that might result in downloaded songs being deleted. Try going to Settings &gt; [your name] &gt; iCloud and sign out. Then reboot, sign back in and try one of the same songs. @142507 Are you able to try on a different Wi-Fi network? Let us know in DM. https://t.co/GDrqU22YpT"
871,CASE_002459,1006080,"@AppleSupport Hi, been having a lot of trouble with my iPhone lately and any help or advice u could give would really help. @AppleSupport I'm on 10.2 I haven't been able to update to the latest version of iOS because of space...and thanks for getting back to me!🙂 @AppleSupport Right now it shows zero but in an hour it could be 18, 100 or tomorrow a 1g.",OS_UPDATE_SYSTEM_PERFORMANCE,BATTERY_CHARGING_POWER,0.7206,CASE_002519,2,2.0,"['BATTERY_CHARGING_POWER', 'OS_UPDATE_SYSTEM_PERFORMANCE', 'GENERAL_DEVICE_INQUIRY']","['BATTERY_CHARGING_POWER', 'OS_UPDATE_SYSTEM_PERFORMANCE', 'GENERAL_DEVICE_INQUIRY', 'OS_UPDATE_SYSTEM_PERFORMANCE', 'OS_UPDATE_SYSTEM_PERFORMANCE']","['CASE_007728', 'CASE_002519', 'CASE_006602']","['CASE_007728', 'CASE_002519', 'CASE_006602', 'CASE_004677', 'CASE_001202']","@115858 Thank, my iPhone is totally screwed and bugged since the last update.
Maybe I must back to Android @AppleSupport Thank you very much for answer me, mostly is battery usage, since new iOS reduced 50% 
I will send a DM.
&lt;3",@802525 We can look into any issues you're experiencing with you. We want to be sure you can use your iPhone as you'd expect. Send us a DM and let us know what's happening specifically. https://t.co/GDrqU22YpT @802525 We're awaiting your DM and will continue there.
873,CASE_005765,2284467,"@AppleSupport pls fix your issues....#applebug #Apple #YouCanDoBetter @AppleSupport Hey, I’m trying the newest update. Thank you",OS_UPDATE_SYSTEM_PERFORMANCE,GENERAL_DEVICE_INQUIRY,0.903,CASE_004383,7,7.0,"['GENERAL_DEVICE_INQUIRY', 'GENERAL_DEVICE_INQUIRY', 'GENERAL_DEVICE_INQUIRY']","['GENERAL_DEVICE_INQUIRY', 'GENERAL_DEVICE_INQUIRY', 'GENERAL_DEVICE_INQUIRY', 'GENERAL_DEVICE_INQUIRY', 'GENERAL_DEVICE_INQUIRY']","['CASE_003901', 'CASE_003945', 'CASE_006663']","['CASE_003901', 'CASE_003945', 'CASE_006663', 'CASE_005672', 'CASE_006312']",@AppleSupport y’all gonna fix this?? https://t.co/n6moA1qMGx @AppleSupport It worked. Thank you.,@496071 We'd like to help! Let's try the steps outlined in this article: https://t.co/xXaXeeSRt9 @496071 You are more than welcome. Have a great day!
874,CASE_006993,2618299,"@115858 fix or replace you damned Apple TV remote. This thing has to be the WORST remote control I’ve ever used. @AppleSupport There’s nothing to be done. It’s just a TERRIBLE design. Easy to lose. Difficult to orient. Not enough buttons for the task at hand. Too small. No charge indicator. Dodgy touch interface that my cat triggers all the time. Just the absolutely WORST remote ever designed. @AppleSupport Thanks. Although since Jonny Ive didn’t come up with my ideas, I’m sure this is just a placebo.",APP_STORE_PURCHASES_BILLING,OS_UPDATE_SYSTEM_PERFORMANCE,0.6105,N/A,Missing (>10),,"['OS_UPDATE_SYSTEM_PERFORMANCE', 'GENERAL_DEVICE_INQUIRY', 'GENERAL_DEVICE_INQUIRY']","['OS_UPDATE_SYSTEM_PERFORMANCE', 'GENERAL_DEVICE_INQUIRY', 'GENERAL_DEVICE_INQUIRY', 'CONNECTIVITY_WIFI_BLUETOOTH', 'GENERAL_DEVICE_INQUIRY']","['CASE_002417', 'CASE_002961', 'CASE_001900']","['CASE_002417', 'CASE_002961', 'CASE_001900', 'CASE_005965', 'CASE_000602']","srsly wishing I could uninstall iOS 11. @115858 please fix everything about it ty @115858 I’ve been trying to connect the Apple TV remote shortcut in the control center to my receiver for weeks and nOTHING UGH @AppleSupport Thank you, but it’s actually an issue with iOS 11, not the apple tv. I have the remote app downloaded and my tv connects just fine to that.",@354779  We'd want to get you connected with Apple TV support for help.  They can be reached here:   https://t.co/IBIY3vMgPj
878,CASE_005273,2128233,"@AppleSupport Yo, all of the sudden every screenshot I take shows all black. It was working fine just yesterday @AppleSupport Iphone 7 ios 11.1 but never mind, I fixed it https://t.co/ngRaZlZQdf",OS_UPDATE_SYSTEM_PERFORMANCE,GENERAL_DEVICE_INQUIRY,0.8338,CASE_007359,3,3.0,"['GENERAL_DEVICE_INQUIRY', 'DISPLAY_TOUCH_SCREEN', 'OS_UPDATE_SYSTEM_PERFORMANCE']","['GENERAL_DEVICE_INQUIRY', 'DISPLAY_TOUCH_SCREEN', 'OS_UPDATE_SYSTEM_PERFORMANCE', 'DISPLAY_TOUCH_SCREEN', 'DISPLAY_TOUCH_SCREEN']","['CASE_003440', 'CASE_007263', 'CASE_007359']","['CASE_003440', 'CASE_007263', 'CASE_007359', 'CASE_007119', 'CASE_001242']",Is anyone else having issues screenshotting with the new IOS? Every time I screenshot something it just shows up black? @AppleSupport @AppleSupport 11.0.1! @AppleSupport On an iPhone 7 @AppleSupport ah it worked after I updated! thank you! ☺️,@464654 Hi there. What iOS Device are you using? We'd love to help out. @464654 No worries. Does that still continue after updating to iOS 11.0.3? Let us know via a DM. We’ll move from there. https://t.co/GDrqU22YpT @464654 No problem. Don’t hesitate to reach out in the future. Take care.
879,CASE_006271,2373239,"Oh thanks Siri, good morning at 5pm. 🤔 @AppleSupport https://t.co/V9PJNjuRj5",GENERAL_DEVICE_INQUIRY,HOW_TO_SETTINGS_CONFIGURATION,0.6358,CASE_003602,2,2.0,"['HOW_TO_SETTINGS_CONFIGURATION', 'GENERAL_DEVICE_INQUIRY', 'GENERAL_DEVICE_INQUIRY']","['HOW_TO_SETTINGS_CONFIGURATION', 'GENERAL_DEVICE_INQUIRY', 'GENERAL_DEVICE_INQUIRY', 'GENERAL_DEVICE_INQUIRY', 'GENERAL_DEVICE_INQUIRY']","['CASE_006770', 'CASE_003602', 'CASE_007912']","['CASE_006770', 'CASE_003602', 'CASE_007912', 'CASE_005310', 'CASE_001383']",@AppleSupport Where is my time? https://t.co/EyC3bzZhHz @AppleSupport 11.1.1,"@718631 Let's get to the bottom of this together. Have you had a chance to restart your iPhone since noticing the time missing in the status bar? In order to ensure we're on the same page, please let us know which version number of iOS you've got installed. @718631 Thank you for confirming.  Next, does restarting the device return the time to the regular location?"
883,CASE_004594,1769284,WAIT THOUGH ME WASNT TYPING I️ YESTERDAY AND ME UPDATED 4 DAYS AGO. @AppleSupport FIX THIS SO ME CAN STOP TALKING LIKE COOKIE MONSTER @AppleSupport I  want to thank you sweet people,KEYBOARD_TYPING_AUTOCORRECT,OS_UPDATE_SYSTEM_PERFORMANCE,0.767,CASE_003657,2,2.0,"['OS_UPDATE_SYSTEM_PERFORMANCE', 'KEYBOARD_TYPING_AUTOCORRECT', 'OS_UPDATE_SYSTEM_PERFORMANCE']","['OS_UPDATE_SYSTEM_PERFORMANCE', 'KEYBOARD_TYPING_AUTOCORRECT', 'OS_UPDATE_SYSTEM_PERFORMANCE', 'OS_UPDATE_SYSTEM_PERFORMANCE', 'KEYBOARD_TYPING_AUTOCORRECT']","['CASE_003707', 'CASE_003657', 'CASE_006057']","['CASE_003707', 'CASE_003657', 'CASE_006057', 'CASE_004041', 'CASE_003781']",@AppleSupport Please fix the new update so I️ can type “I️”,@389466 We're here for you. Check out this article for a workaround: https://t.co/xU1AGHStV6
890,CASE_003794,1589950,"@AppleSupport hey Apple, how do I uninstall an iMessage application?",HOW_TO_SETTINGS_CONFIGURATION,OS_UPDATE_SYSTEM_PERFORMANCE,0.6239,N/A,Missing (>10),,"['OS_UPDATE_SYSTEM_PERFORMANCE', 'GENERAL_DEVICE_INQUIRY', 'GENERAL_DEVICE_INQUIRY']","['OS_UPDATE_SYSTEM_PERFORMANCE', 'GENERAL_DEVICE_INQUIRY', 'GENERAL_DEVICE_INQUIRY', 'GENERAL_DEVICE_INQUIRY', 'OS_UPDATE_SYSTEM_PERFORMANCE']","['CASE_003987', 'CASE_007744', 'CASE_002773']","['CASE_003987', 'CASE_007744', 'CASE_002773', 'CASE_001034', 'CASE_001826']",@AppleSupport imessage not working on ios 11 @AppleSupport  https://t.co/ykOy62HlUB,"@499905 We're happy to assist. Which iOS 11 version are you currently running? Go to Settings &gt; General &gt; About for the version. @499905 Are you having issues sending iMessages, receiving iMessages or both? Are you seeing any error messages?"
891,CASE_006631,2488621,"@115858 @AppleSupport so you change my delivery date for the #iphonex to the day after thxgvg w/o contacting me 1st to see if I'm traveling, that w/end? Then you can't come up with a better plan than to delay my shipment? you don't offer me anything for my time???????? @AppleSupport thanks bot for replying. your #ai isn't quite there yet to provide real customer service, huh?",GENERAL_DEVICE_INQUIRY,HOW_TO_SETTINGS_CONFIGURATION,0.7089,CASE_007480,2,2.0,"['HOW_TO_SETTINGS_CONFIGURATION', 'GENERAL_DEVICE_INQUIRY', 'GENERAL_DEVICE_INQUIRY']","['HOW_TO_SETTINGS_CONFIGURATION', 'GENERAL_DEVICE_INQUIRY', 'GENERAL_DEVICE_INQUIRY', 'CONNECTIVITY_WIFI_BLUETOOTH', 'GENERAL_DEVICE_INQUIRY']","['CASE_007440', 'CASE_007480', 'CASE_005640']","['CASE_007440', 'CASE_007480', 'CASE_005640', 'CASE_003173', 'CASE_003104']",Hey @115858. My 27 Oct #iPhoneX order still processing w/ delivery set to 24 Nov - how can that be? When ppl around me getting theirs way ahead. @AppleSupport is very vague. Should I worry? @AppleSupport Thanks. Do you have the same for Europe? @AppleSupport I called Apple Support in Switzerland and the lady on the phone could not tell me when exactly my iPhone is going to arrive. :(,"@157664 Our Online Sales Support would be best suited to assist you, you can reach them here:   https://t.co/K0222CJgiB"
893,CASE_003920,1622132,@AppleSupport Can someone tell me how I have read-only privileges when I'm administrator of computer? All was good till I got High Sierra. https://t.co/yL1Qn4SqKQ @AppleSupport Thanks for reply. All ideas tried. Spent hours chatting w/support. Answer found in an Apple forum. Move files from hard drive to root drive. @AppleSupport Another in forum suggests disabling SIP.,GENERAL_DEVICE_INQUIRY,KEYBOARD_TYPING_AUTOCORRECT,0.4679,CASE_004926,5,5.0,"['KEYBOARD_TYPING_AUTOCORRECT', 'DISPLAY_TOUCH_SCREEN', 'ACCOUNT_APPLEID_ICLOUD']","['KEYBOARD_TYPING_AUTOCORRECT', 'DISPLAY_TOUCH_SCREEN', 'ACCOUNT_APPLEID_ICLOUD', 'OS_UPDATE_SYSTEM_PERFORMANCE', 'GENERAL_DEVICE_INQUIRY']","['CASE_000344', 'CASE_007531', 'CASE_007090']","['CASE_000344', 'CASE_007531', 'CASE_007090', 'CASE_000775', 'CASE_004926']","I have just bought a 'WD Elements' hard disk. I'm a Macintosh user so I formatted the disk. Now, I get the following notification: Disk cannot be read by Mac'. Please help!! @115858 @9691 @AppleSupport Thanks! I'm using a MacBook Air 'early 2015' with software macOS High Sierra. @AppleSupport The problem is that I can't see the hard disk on the left, where it should be exposed (--&gt; printscreen) https://t.co/4xIp1anofV @AppleSupport Before formatting I was able to see the hard drive","@155295 Thanks for contacting us, we're here for you and your hard drive issue. To get started, what Mac computer are you using and which macOS version is it running?

How to find the macOS version: https://t.co/aTSJR8BjEc @155295 Thanks for that information. Let's make sure it was formatted correctly. You can find instructions here: https://t.co/djSXc22r2z @155295 We'd be happy to look into this with you further. DM us using the link below and we'll go from there. https://t.co/GDrqU22YpT"
895,CASE_001587,610073,"Latest iOS update has rendered my US @118721-linked @115858 TV effectively unusable; with only a Hong Kong movie selection and no, uh, TV. @AppleSupport Thanks but that’s not useful",OS_UPDATE_SYSTEM_PERFORMANCE,GENERAL_DEVICE_INQUIRY,0.6485,CASE_006866,2,2.0,"['GENERAL_DEVICE_INQUIRY', 'OS_UPDATE_SYSTEM_PERFORMANCE', 'GENERAL_DEVICE_INQUIRY']","['GENERAL_DEVICE_INQUIRY', 'OS_UPDATE_SYSTEM_PERFORMANCE', 'GENERAL_DEVICE_INQUIRY', 'GENERAL_DEVICE_INQUIRY', 'HOW_TO_SETTINGS_CONFIGURATION']","['CASE_003434', 'CASE_006866', 'CASE_002961']","['CASE_003434', 'CASE_006866', 'CASE_002961', 'CASE_001900', 'CASE_005877']","Am I the only one who can’t get the @136756 app on the #AppleTV to work? It just keeps saying “Oops something went wrong try again”. Any fixes to this? @AppleSupport @AppleSupport Yes, it works on my iPhone &amp; iPad. @AppleSupport Thanks! @464205 @AppleSupport Did you get it solved? Hasn’t worked for me for two months!","@464205 Let's see what we can find today. Does the app work outside of the Apple TV app? @464205 Got it. Let's get you to the Apple TV experts. Reach out to them here: https://t.co/IBIY3vMgPj @464206 We can help. We've got a team here that Apple that can assist with your Apple TV. Click here to reach us, and we'll look into this. https://t.co/GDrqU22YpT"
898,CASE_003824,1594948,"Sooo why can’t I see emojis is it because I still have a 6plus? Is there another iOS update?@115858 @AppleSupport @AppleSupport I am using 11.0.3 @AppleSupport @118279 please don't update , it will broke your device",OS_UPDATE_SYSTEM_PERFORMANCE,GENERAL_DEVICE_INQUIRY,0.8465,CASE_007905,5,5.0,"['GENERAL_DEVICE_INQUIRY', 'DISPLAY_TOUCH_SCREEN', 'BATTERY_CHARGING_POWER']","['GENERAL_DEVICE_INQUIRY', 'DISPLAY_TOUCH_SCREEN', 'BATTERY_CHARGING_POWER', 'GENERAL_DEVICE_INQUIRY', 'OS_UPDATE_SYSTEM_PERFORMANCE']","['CASE_003674', 'CASE_005829', 'CASE_005073']","['CASE_003674', 'CASE_005829', 'CASE_005073', 'CASE_004065', 'CASE_007905']",Updated my phone and still can’t see the emojis... @AppleSupport Why?,@484584 We're here for you. What is the exact version of the iOS you're running? Check by tapping Settings &gt; General &gt; About.
900,CASE_002011,808248,First time i hot frustrated with new #macOSHighSierra its so annoying everything got stop working it make so difficult to use 😒😒@115858 @AppleSupport I cant use my ntfs hard drive and third party software are also not working i already downgrading it to #macoshighsierrainstall @AppleSupport Yeah @AppleSupport Because macos high seirra is nit stable yet there are several problems in it so i planned to downgrade it @AppleSupport Thanks for the help from my side i already did the downgrade part and i know how to handle it 😊,BATTERY_CHARGING_POWER,GENERAL_DEVICE_INQUIRY,0.6188,N/A,Missing (>10),,"['GENERAL_DEVICE_INQUIRY', 'OS_UPDATE_SYSTEM_PERFORMANCE', 'OS_UPDATE_SYSTEM_PERFORMANCE']","['GENERAL_DEVICE_INQUIRY', 'OS_UPDATE_SYSTEM_PERFORMANCE', 'OS_UPDATE_SYSTEM_PERFORMANCE', 'APP_STORE_PURCHASES_BILLING', 'HOW_TO_SETTINGS_CONFIGURATION']","['CASE_006279', 'CASE_004340', 'CASE_001921']","['CASE_006279', 'CASE_004340', 'CASE_001921', 'CASE_001898', 'CASE_004863']",@AppleSupport @115858 @115858  why is my Mac not working now that I updated it. FIX IT 🤬,@685145 We'd be happy to help. Send us a DM with a few details. https://t.co/GDrqU22YpT
901,CASE_003792,1589927,Hey @AppleSupport @115858  since the last update every time I️ type the letter “I️” I️ get this *please see pic* https://t.co/k5SbJKOzsk,OS_UPDATE_SYSTEM_PERFORMANCE,HOW_TO_SETTINGS_CONFIGURATION,0.8194,CASE_003707,2,2.0,"['HOW_TO_SETTINGS_CONFIGURATION', 'OS_UPDATE_SYSTEM_PERFORMANCE', 'KEYBOARD_TYPING_AUTOCORRECT']","['HOW_TO_SETTINGS_CONFIGURATION', 'OS_UPDATE_SYSTEM_PERFORMANCE', 'KEYBOARD_TYPING_AUTOCORRECT', 'GENERAL_DEVICE_INQUIRY', 'GENERAL_DEVICE_INQUIRY']","['CASE_003592', 'CASE_003707', 'CASE_003657']","['CASE_003592', 'CASE_003707', 'CASE_003657', 'CASE_007425', 'CASE_005377']",@AppleSupport how can I️ fix this?! Every time I️ try and type the letter “i” this pops up https://t.co/JE94JPDPzU,"@480180 We're glad to hear that is working for you. If you have any other questions, let us know in DM. https://t.co/GDrqU22YpT"
903,CASE_001910,761916,"@AppleSupport 

I assume this email was not from you ? https://t.co/DkP3Sa5nzc @AppleSupport Thanks for a really quick reply :)
Will now delete my twitter post
Email forwarded as requested",GENERAL_DEVICE_INQUIRY,ACCOUNT_APPLEID_ICLOUD,0.6433,CASE_000826,2,2.0,"['ACCOUNT_APPLEID_ICLOUD', 'GENERAL_DEVICE_INQUIRY', 'GENERAL_DEVICE_INQUIRY']","['ACCOUNT_APPLEID_ICLOUD', 'GENERAL_DEVICE_INQUIRY', 'GENERAL_DEVICE_INQUIRY', 'GENERAL_DEVICE_INQUIRY', 'GENERAL_DEVICE_INQUIRY']","['CASE_002918', 'CASE_000826', 'CASE_000745']","['CASE_002918', 'CASE_000826', 'CASE_000745', 'CASE_002362', 'CASE_007644']",Is this a legit email from @115858? Please help! @AppleSupport 😟🙏🏻 https://t.co/DGMYBsWRmN @AppleSupport Thanks for confirming and quick reply 😊 How do I get rid of these emails? I once used that email before to create an Apple ID. @AppleSupport Is there a way for you guys to remove my email address since I'm using a new email address for my Apple ID? @AppleSupport Thanks a bunch! 😊,"@408260 Good eye! Thanks for the screenshot. This doesn't appear to be from us. Check out this link: https://t.co/LNMCdqt6fD @408260 You're very welcome. We want to be sure to answer all of your questions. Let's meet up in DM to continue, please. https://t.co/GDrqU2kzhr"
906,CASE_003292,1414574,"Hey @115858 - love the new emojis but my phone is acting super slow and delayed since I updated. Help!! @AppleSupport Updated all of my apps, but haven’t restarted my phone! I’ll try that. Thank you!",OS_UPDATE_SYSTEM_PERFORMANCE,GENERAL_DEVICE_INQUIRY,0.7907,CASE_004992,4,4.0,"['GENERAL_DEVICE_INQUIRY', 'BATTERY_CHARGING_POWER', 'GENERAL_DEVICE_INQUIRY']","['GENERAL_DEVICE_INQUIRY', 'BATTERY_CHARGING_POWER', 'GENERAL_DEVICE_INQUIRY', 'OS_UPDATE_SYSTEM_PERFORMANCE', 'GENERAL_DEVICE_INQUIRY']","['CASE_003674', 'CASE_005073', 'CASE_004065']","['CASE_003674', 'CASE_005073', 'CASE_004065', 'CASE_004992', 'CASE_000121']",Updated my phone and still can’t see the emojis... @AppleSupport Why?,@484584 We're here for you. What is the exact version of the iOS you're running? Check by tapping Settings &gt; General &gt; About.
907,CASE_000546,249325,So my phone glitched and apple this is a idea u should do in the next update make that black glitched screen into the home screen so I can do two things at ones @115858 https://t.co/KzV1KIRSzt @AppleSupport No it all I had to do was click the home screen just super cool if u made a two screen @AppleSupport Ok thanks,DISPLAY_TOUCH_SCREEN,GENERAL_DEVICE_INQUIRY,0.7509,N/A,Missing (>10),,"['GENERAL_DEVICE_INQUIRY', 'OS_UPDATE_SYSTEM_PERFORMANCE', 'OS_UPDATE_SYSTEM_PERFORMANCE']","['GENERAL_DEVICE_INQUIRY', 'OS_UPDATE_SYSTEM_PERFORMANCE', 'OS_UPDATE_SYSTEM_PERFORMANCE', 'OS_UPDATE_SYSTEM_PERFORMANCE', 'OS_UPDATE_SYSTEM_PERFORMANCE']","['CASE_004395', 'CASE_005360', 'CASE_007471']","['CASE_004395', 'CASE_005360', 'CASE_007471', 'CASE_005333', 'CASE_005528']",This is the worst my phone has ever glitched since the new phone releases and I need some answers @115858 @AppleSupport Thanks I just dmed you,@520797 We'd love to help. What sort of glitches are you experiencing on your iPhone? Let us know in DM and we'll get started. https://t.co/GDrqU22YpT
908,CASE_001314,553544,"Seriously, @115858? I have to manually disable notifications for all apps, with the phone resetting every 4 seconds, in order to get my phone working again? It's like a really annoying game of race the clock. iOS 11 broke my iPhone X overnight. What a pain! https://t.co/dwtZImORJr @AppleSupport Thanks for the reply! Yes, I will turn them back on now then.",OS_UPDATE_SYSTEM_PERFORMANCE,APP_CRASH_AND_DOWNLOAD,0.7545,CASE_001431,2,2.0,"['APP_CRASH_AND_DOWNLOAD', 'OS_UPDATE_SYSTEM_PERFORMANCE', 'OS_UPDATE_SYSTEM_PERFORMANCE']","['APP_CRASH_AND_DOWNLOAD', 'OS_UPDATE_SYSTEM_PERFORMANCE', 'OS_UPDATE_SYSTEM_PERFORMANCE', 'OS_UPDATE_SYSTEM_PERFORMANCE', 'BATTERY_CHARGING_POWER']","['CASE_001329', 'CASE_001431', 'CASE_001228']","['CASE_001329', 'CASE_001431', 'CASE_001228', 'CASE_001408', 'CASE_002017']","What has happened to @115858?
My #iPhone keeps crashing and restarting automatically almost every 10 minutes since a few hours ago. @115858 And now I just found this on Apple's website:
https://t.co/LaqrzQfPCI @AppleSupport Yes I was able to update to 11.2 and the issue is resolved; but it was a painful process to disable and later enable notifications for every single app.",@249484 Those are exactly the steps we will need to take with your iPhone to solve this restart issue. Have you been able to update to iOS 11.2?
911,CASE_007729,2896167,@applesupport @115858 iPhone 6s becomes unresponsive when I try to enter an address in location on a calendar event https://t.co/BxyGScu6xU @AppleSupport version 11.1.1  restarting now.,DISPLAY_TOUCH_SCREEN,OS_UPDATE_SYSTEM_PERFORMANCE,0.6779,N/A,Missing (>10),,"['OS_UPDATE_SYSTEM_PERFORMANCE', 'GENERAL_DEVICE_INQUIRY', 'HOW_TO_SETTINGS_CONFIGURATION']","['OS_UPDATE_SYSTEM_PERFORMANCE', 'GENERAL_DEVICE_INQUIRY', 'HOW_TO_SETTINGS_CONFIGURATION', 'APP_CRASH_AND_DOWNLOAD', 'OS_UPDATE_SYSTEM_PERFORMANCE']","['CASE_003255', 'CASE_001508', 'CASE_001362']","['CASE_003255', 'CASE_001508', 'CASE_001362', 'CASE_001158', 'CASE_005861']",@AppleSupport is anyone else having problems with iPhone 6 after the last update? Phone keeps freezing on apps etc. having to switch on/off. @AppleSupport DM sent. Thank you.,@446391 We’re here to address the issues you're experiencing. Which apps are freezing? Let us know in DM. https://t.co/GDrqU22YpT
912,CASE_006983,2616572,"Is there an @AppleSupport chat online? I'm stuck and I need help. The sooner the better :-) @AppleSupport Thanks for the reply. My school’s ID belongs to an email that’s now closed. I need to set new apple Id’s for anew mail. I’ll try the chat. @AppleSupport I tried the link, but since I'm in Israel I don't have the option to start a chat. @AppleSupport Thanks! But there's not a phone for Israel.... :-( @AppleSupport Isn't there an online chat that I can reach out to in another country?",ACCOUNT_APPLEID_ICLOUD,CONNECTIVITY_WIFI_BLUETOOTH,0.549,CASE_006920,2,2.0,"['CONNECTIVITY_WIFI_BLUETOOTH', 'ACCOUNT_APPLEID_ICLOUD', 'ACCOUNT_APPLEID_ICLOUD']","['CONNECTIVITY_WIFI_BLUETOOTH', 'ACCOUNT_APPLEID_ICLOUD', 'ACCOUNT_APPLEID_ICLOUD', 'HOW_TO_SETTINGS_CONFIGURATION', 'GENERAL_DEVICE_INQUIRY']","['CASE_000922', 'CASE_006920', 'CASE_006138']","['CASE_000922', 'CASE_006920', 'CASE_006138', 'CASE_007023', 'CASE_002079']","@AppleSupport  I can not add pictures in Twitter or WhatsApp versions 11.02 
6S @AppleSupport wi-fi @AppleSupport I can not talk fluently. Do you have anyone who knows Arabic? 
:) @AppleSupport Thanks for help",@213390 We’ll do everything we can to help. Are you connected to the internet via Wi-Fi or cellular? @213390 Let's take a closer look at this in DM. Use this link to get started. https://t.co/GDrqU22YpT @213390 We offer support via Twitter in English. Contact us for help in your preferred language here: https://t.co/IBIY3vMgPj
913,CASE_006817,2552497,"@AppleSupport hello, with the recent app updates, names of couple apps have been wrongly changed(see facebook as Bayer, Tunein as Gmail etc.) Is there a way to manually change the names? https://t.co/jO8f5C2TT1 @AppleSupport Thank you, it's fixed",GENERAL_DEVICE_INQUIRY,OS_UPDATE_SYSTEM_PERFORMANCE,0.5788,CASE_006953,7,7.0,"['OS_UPDATE_SYSTEM_PERFORMANCE', 'KEYBOARD_TYPING_AUTOCORRECT', 'APP_STORE_PURCHASES_BILLING']","['OS_UPDATE_SYSTEM_PERFORMANCE', 'KEYBOARD_TYPING_AUTOCORRECT', 'APP_STORE_PURCHASES_BILLING', 'KEYBOARD_TYPING_AUTOCORRECT', 'OS_UPDATE_SYSTEM_PERFORMANCE']","['CASE_004034', 'CASE_003451', 'CASE_005541']","['CASE_004034', 'CASE_003451', 'CASE_005541', 'CASE_007518', 'CASE_007798']",@AppleSupport I’m trying to update my apps and it keeps saying my bank details are incorrect when they clearly aren’t. Any advice?,@502023 Follow these steps: https://t.co/U96y4MTG7k Still having issues? Reach out to our iTunes Store team: https://t.co/SDIe7UiyJN
914,CASE_002353,947794,"@AppleSupport the new iOS update makes my wifi turn on when i turned it off so its burning my battery, help? @AppleSupport This is literally the stupidest thing ever but thanks.",BATTERY_CHARGING_POWER,CONNECTIVITY_WIFI_BLUETOOTH,0.7808,CASE_004866,9,9.0,"['CONNECTIVITY_WIFI_BLUETOOTH', 'CONNECTIVITY_WIFI_BLUETOOTH', 'CONNECTIVITY_WIFI_BLUETOOTH']","['CONNECTIVITY_WIFI_BLUETOOTH', 'CONNECTIVITY_WIFI_BLUETOOTH', 'CONNECTIVITY_WIFI_BLUETOOTH', 'CONNECTIVITY_WIFI_BLUETOOTH', 'CONNECTIVITY_WIFI_BLUETOOTH']","['CASE_001845', 'CASE_002137', 'CASE_002185']","['CASE_001845', 'CASE_002137', 'CASE_002185', 'CASE_005608', 'CASE_000867']","@AppleSupport Hi, after updating to iOS 11 the WiFi on my iPhone 7 keeps turning itself on, even after I turn it off again. Known issue? @AppleSupport Yeah, from control centre. Looks like that doesn’t turn it off in settings &gt; WiFi, am I correct? Thanks. @AppleSupport Thanks. Wow, that is really misleading. Basically trying to trick people into keeping WiFi and Bluetooth on.","@293645 Are you turning the Wi-Fi off from the Control Center? Let us know, we'd like to help. @293645 You're correct. Control Center just temporarily disables it. You can learn more here: https://t.co/G7BHuQnDS6"
915,CASE_005953,2302700,"Hey @115858— this new update just auto correct capitalizes random words. Like Tour. Ugh. Can you please get the whole of your capitalization issues resolved please? @AppleSupport Thanks! Yes, I’m currently on iOS 11.1.1.",KEYBOARD_TYPING_AUTOCORRECT,OS_UPDATE_SYSTEM_PERFORMANCE,0.7582,CASE_007518,2,2.0,"['OS_UPDATE_SYSTEM_PERFORMANCE', 'KEYBOARD_TYPING_AUTOCORRECT', 'KEYBOARD_TYPING_AUTOCORRECT']","['OS_UPDATE_SYSTEM_PERFORMANCE', 'KEYBOARD_TYPING_AUTOCORRECT', 'KEYBOARD_TYPING_AUTOCORRECT', 'OS_UPDATE_SYSTEM_PERFORMANCE', 'KEYBOARD_TYPING_AUTOCORRECT']","['CASE_006188', 'CASE_007518', 'CASE_004996']","['CASE_006188', 'CASE_007518', 'CASE_004996', 'CASE_006195', 'CASE_006306']",Why is iOS trying to capitalize it in my text messages? @115858 fix this wonky update please. @AppleSupport I just installed the iOS 11.1 update. Problem has been fixed. Thanks.,"@680801 We'd like to help. Send us a DM. https://t.co/GDrqU22YpT @680801 Fantastic! If you have any other questions or concerns, we're here every day from 5am-8pm Pacific."
918,CASE_005239,2119458,"If @115858 does not fix this weird iOS bug soon, I️ am going to freak. @AppleSupport Thanks",GENERAL_DEVICE_INQUIRY,OS_UPDATE_SYSTEM_PERFORMANCE,0.8771,CASE_001357,9,9.0,"['OS_UPDATE_SYSTEM_PERFORMANCE', 'OS_UPDATE_SYSTEM_PERFORMANCE', 'OS_UPDATE_SYSTEM_PERFORMANCE']","['OS_UPDATE_SYSTEM_PERFORMANCE', 'OS_UPDATE_SYSTEM_PERFORMANCE', 'OS_UPDATE_SYSTEM_PERFORMANCE', 'OS_UPDATE_SYSTEM_PERFORMANCE', 'OS_UPDATE_SYSTEM_PERFORMANCE']","['CASE_006459', 'CASE_005235', 'CASE_005131']","['CASE_006459', 'CASE_005235', 'CASE_005131', 'CASE_000070', 'CASE_003736']","Hmm. Something is wrong, @115858 🤔#apple #iOS #bug https://t.co/LSly3aE5DN @AppleSupport Thanks. Yes, a restart helped.","@698763 We want to help. Have you tried re-starting your device? Are you updated to iOS 11.0.3? @698763 That's great to see. If you do see it return, please send us a DM so we may better assist you. https://t.co/GDrqU22YpT"
920,CASE_006863,2564168,"@AppleSupport Please fix sign in issue with @118721. Had to log in four times, to get it to work! @AppleSupport It was a few minutes ago. I was using my HP laptop. It did finally go through. @AppleSupport It didn't tell me it was. The log in screen kept popping up. @AppleSupport Nope @AppleSupport Thanks.",DISPLAY_TOUCH_SCREEN,ACCOUNT_APPLEID_ICLOUD,0.786,N/A,Missing (>10),,"['ACCOUNT_APPLEID_ICLOUD', 'ACCOUNT_APPLEID_ICLOUD', 'ACCOUNT_APPLEID_ICLOUD']","['ACCOUNT_APPLEID_ICLOUD', 'ACCOUNT_APPLEID_ICLOUD', 'ACCOUNT_APPLEID_ICLOUD', 'GENERAL_DEVICE_INQUIRY', 'ACCOUNT_APPLEID_ICLOUD']","['CASE_005590', 'CASE_001928', 'CASE_006261']","['CASE_005590', 'CASE_001928', 'CASE_006261', 'CASE_006768', 'CASE_002062']",@AppleSupport what is this can't log in https://t.co/TPsDdJEL35 @AppleSupport thanks for the reply - sends me back to the log in - no progress,"@629703 Thanks for reaching out. We understand the importance of getting into your Mac. It looks like while you're seeing the unexpected text display, there's also a progress bar in the center. Does the progress bar move, and if so, is there any change when it's complete? @629703 Thanks for clarifying. It sounds like you power your Mac on, see the login screen, and the issue begins after logging in, while the system loads. Let's try booting your Mac into safe mode; this page explains what it does, and how to use it: https://t.co/PQ4LSYhUTY"
926,CASE_007614,2838641,"My Apple Watch tripping. How’d i do an intense 60 min spin class and it says I burned 27 calories and worked out for 3 min?!?! I need answers @115858 @AppleSupport @AppleSupport First time this has happened. I reset it yesterday bc it wouldn’t pair with my new iPhone. It says version 4.1 @AppleSupport I already set it up. When I worked out for an hour today, the calories didn’t track nor did the time. Even though I kept checking it",OS_UPDATE_SYSTEM_PERFORMANCE,GENERAL_DEVICE_INQUIRY,0.6167,CASE_004733,9,9.0,"['GENERAL_DEVICE_INQUIRY', 'GENERAL_DEVICE_INQUIRY', 'GENERAL_DEVICE_INQUIRY']","['GENERAL_DEVICE_INQUIRY', 'GENERAL_DEVICE_INQUIRY', 'GENERAL_DEVICE_INQUIRY', 'GENERAL_DEVICE_INQUIRY', 'GENERAL_DEVICE_INQUIRY']","['CASE_005993', 'CASE_001120', 'CASE_005796']","['CASE_005993', 'CASE_001120', 'CASE_005796', 'CASE_005991', 'CASE_007217']","@AppleSupport I did the workout yesterday with my Apple Watch and didn’t get the Veteran’s Day Acheivement. Any recommendations? https://t.co/TkqEM9AtPg @AppleSupport Strange, but thank you! Much appreciated. @AppleSupport @668815 Nine days?! Isn’t the Watch supposed to be in frequent contact with the iPhone? This seems crazy.",@668815 Thanks for reaching out.  We want to help.  Awards can take up to nine days to apply.  Here is more information:  https://t.co/xwf6lrIgzJ
929,CASE_007593,2835862,@AppleSupport am I able to cancel this? I not sure why but I can’t cancel it https://t.co/np3A52ISK6 @AppleSupport Ok thanks for the help 👍,GENERAL_DEVICE_INQUIRY,APP_STORE_PURCHASES_BILLING,0.7649,CASE_004430,3,3.0,"['APP_STORE_PURCHASES_BILLING', 'APP_STORE_PURCHASES_BILLING', 'GENERAL_DEVICE_INQUIRY']","['APP_STORE_PURCHASES_BILLING', 'APP_STORE_PURCHASES_BILLING', 'GENERAL_DEVICE_INQUIRY', 'GENERAL_DEVICE_INQUIRY', 'APP_STORE_PURCHASES_BILLING']","['CASE_007816', 'CASE_000174', 'CASE_004430']","['CASE_007816', 'CASE_000174', 'CASE_004430', 'CASE_000377', 'CASE_005667']",@AppleSupport can you please follow me I want to raise an issue. I can't cancel a payment that you just debited @AppleSupport Thanks,@813687 We can help you with this. DM us and let us know what the payment is for and we can look into it. https://t.co/GDrqU22YpT
930,CASE_007750,2905217,@115858  @AppleSupport what is this? It literally won’t let me go on anything thing else in my safari. https://t.co/mHrBbHZupr @AppleSupport I called the actual support # and they told me what to do to fix it! Thanks though!,GENERAL_DEVICE_INQUIRY,KEYBOARD_TYPING_AUTOCORRECT,0.7275,CASE_004503,2,2.0,"['KEYBOARD_TYPING_AUTOCORRECT', 'GENERAL_DEVICE_INQUIRY', 'HOW_TO_SETTINGS_CONFIGURATION']","['KEYBOARD_TYPING_AUTOCORRECT', 'GENERAL_DEVICE_INQUIRY', 'HOW_TO_SETTINGS_CONFIGURATION', 'GENERAL_DEVICE_INQUIRY', 'GENERAL_DEVICE_INQUIRY']","['CASE_004369', 'CASE_004503', 'CASE_004080']","['CASE_004369', 'CASE_004503', 'CASE_004080', 'CASE_002445', 'CASE_005261']",@AppleSupport @115858  what is this please fix I️t now https://t.co/laKuLeTsRM @AppleSupport @115858 See can’t even type and I️ without I️t popping up @AppleSupport Thank you,@518978 Here’s what you can do to work around the issue until it’s fixed in a future software update: https://t.co/xXaXeeSRt9
931,CASE_000982,451376,@AppleSupport I need to downgrade a storage plan for an Apple ID that I don’t use any more. How do I do that without it being complicated? Thanks in advance! :-) @AppleSupport Ok thank you!,ACCOUNT_APPLEID_ICLOUD,GENERAL_DEVICE_INQUIRY,0.6938,CASE_003154,2,2.0,"['GENERAL_DEVICE_INQUIRY', 'ACCOUNT_APPLEID_ICLOUD', 'APP_STORE_PURCHASES_BILLING']","['GENERAL_DEVICE_INQUIRY', 'ACCOUNT_APPLEID_ICLOUD', 'APP_STORE_PURCHASES_BILLING', 'ACCOUNT_APPLEID_ICLOUD', 'ACCOUNT_APPLEID_ICLOUD']","['CASE_001511', 'CASE_003154', 'CASE_005292']","['CASE_001511', 'CASE_003154', 'CASE_005292', 'CASE_006007', 'CASE_001936']",@115858 @AppleSupport trying to downgrade my storage plan and it won't let me - please help! @AppleSupport When I try to select the 79p option it doesn't let me select 'done.' https://t.co/FT7OeGMKp3,@258994 Making sure you have the right amount storage is important. What's happening when you try to change your plan? @258994 How long has this been going on? What other steps have you tried to resolve this?
932,CASE_005184,2109780,@AppleSupport ya’ll need to have this software figured out these glitches are about to have this iPhone thrown out the window!,GENERAL_DEVICE_INQUIRY,KEYBOARD_TYPING_AUTOCORRECT,0.8008,CASE_006602,5,5.0,"['KEYBOARD_TYPING_AUTOCORRECT', 'OS_UPDATE_SYSTEM_PERFORMANCE', 'OS_UPDATE_SYSTEM_PERFORMANCE']","['KEYBOARD_TYPING_AUTOCORRECT', 'OS_UPDATE_SYSTEM_PERFORMANCE', 'OS_UPDATE_SYSTEM_PERFORMANCE', 'OS_UPDATE_SYSTEM_PERFORMANCE', 'GENERAL_DEVICE_INQUIRY']","['CASE_005574', 'CASE_005917', 'CASE_006780']","['CASE_005574', 'CASE_005917', 'CASE_006780', 'CASE_005720', 'CASE_006602']",Wtf I️s  going on with  I️os @115858 @AppleSupport? iPhone is all wonky! Fix the glitches please? @AppleSupport 11.1 and thank you!,"@652652 We want to assist. Can you let us know what iOS software version you are currently running? You can check by going to Settings &gt; General &gt; About. @652652 The latest version of our software is iOS 11.1.1. Let’s update the iOS version first. We recommend backing up your iPhone before updating.  For instructions on how to back up, please see: https://t.co/4f8hwTn4fE Please DM us if issues continue after updating: https://t.co/GDrqU2kzhr"
934,CASE_007164,2691767,"@AppleSupport #iPhoneX new. Have experienced intermittent situations where swiping stops working except swapping between apps. If in 3rd party app I force close app &amp; restart. If in #iOS phone restart required. #ReportingBug #frustrated @AppleSupport #iOS version 11.0.1. @AppleSupport Next chance I get to backup my phone using #iTunes I will do just that. Still, it’s a touch screen with no buttons. Very disconcerting that it would suddenly become almost completely without response.",DISPLAY_TOUCH_SCREEN,OS_UPDATE_SYSTEM_PERFORMANCE,0.7279,CASE_007875,3,3.0,"['OS_UPDATE_SYSTEM_PERFORMANCE', 'AUDIO_SOUND_SPEAKER', 'DISPLAY_TOUCH_SCREEN']","['OS_UPDATE_SYSTEM_PERFORMANCE', 'AUDIO_SOUND_SPEAKER', 'DISPLAY_TOUCH_SCREEN', 'OS_UPDATE_SYSTEM_PERFORMANCE', 'DISPLAY_TOUCH_SCREEN']","['CASE_002196', 'CASE_006127', 'CASE_007875']","['CASE_002196', 'CASE_006127', 'CASE_007875', 'CASE_001561', 'CASE_003370']","@AppleSupport the locking button doesnt lock my phone&amp; if i put my finger on it without pressing, my phone locks&amp; swipe to turn off shows up @AppleSupport No i am not and i have updated to ios 11.0.3 @AppleSupport It feels normal @AppleSupport Now it works again, thanks!",@327483 We want to help you out with this! Are you using any sort of case on the device that may be covering the button? @327483 Does it feel as if the button is broken or does it feel normal? @327483 Got it. Check out this article here: https://t.co/45AlFnF6Ae Please DM us if the issue persists. https://t.co/GDrqU22YpT
935,CASE_004914,1948372,@AppleSupport I’ve spent 3+hrs on the phone with you AND citizensone yet no acknowledgement you screwed up &amp; no assistance to rectify it @AppleSupport Thank you for the reply. I would like to change my shipping information that I entered correctly but YOUR website changed AFTER checkout.,GENERAL_DEVICE_INQUIRY,CONNECTIVITY_WIFI_BLUETOOTH,0.614,CASE_000316,2,2.0,"['CONNECTIVITY_WIFI_BLUETOOTH', 'GENERAL_DEVICE_INQUIRY', 'GENERAL_DEVICE_INQUIRY']","['CONNECTIVITY_WIFI_BLUETOOTH', 'GENERAL_DEVICE_INQUIRY', 'GENERAL_DEVICE_INQUIRY', 'ACCOUNT_APPLEID_ICLOUD', 'GENERAL_DEVICE_INQUIRY']","['CASE_003173', 'CASE_000316', 'CASE_007480']","['CASE_003173', 'CASE_000316', 'CASE_007480', 'CASE_007815', 'CASE_005640']","@AppleSupport 800 number still not taking calls, chat service can’t help. When can I change the shipping address for my iPhone X order? Thx @AppleSupport Thank you. I am required to call 800 MYAPPLE to make the change, but they are not taking calls. DM me to change the address","@438522 We know your time is valuable. Our Apple Online Store team are the ones to assist ordering issues: https://t.co/8yjRd1Xo0i @438522 Send us a DM with the country you're located in, we want to be sure to provide you with the correct contact information. https://t.co/GDrqU2kzhr"
939,CASE_000974,449530,my phone has so kindly decided to crash i currently have to use my laptop for all until i restore it to factory settings. I am pissed off not happy @115858 @AppleSupport  not happy at all. @AppleSupport I'm going to be late for work and I @AppleSupport Need this phone for work is it worth taking into the phone store? Because iTunes clearly doesn't work @AppleSupport It is ok I think now thank you I just can’t get any apps to download but I think that’s to do with my lack of WiFi connection. I got there in the end sorry to be a bother,CONNECTIVITY_WIFI_BLUETOOTH,APP_CRASH_AND_DOWNLOAD,0.6459,N/A,Missing (>10),,"['APP_CRASH_AND_DOWNLOAD', 'GENERAL_DEVICE_INQUIRY', 'OS_UPDATE_SYSTEM_PERFORMANCE']","['APP_CRASH_AND_DOWNLOAD', 'GENERAL_DEVICE_INQUIRY', 'OS_UPDATE_SYSTEM_PERFORMANCE', 'APP_CRASH_AND_DOWNLOAD', 'GENERAL_DEVICE_INQUIRY']","['CASE_004708', 'CASE_003199', 'CASE_004717']","['CASE_004708', 'CASE_003199', 'CASE_004717', 'CASE_000116', 'CASE_007389']",@AppleSupport my phone crashes due to the update and I have to pay $30 to get it fixed???? Nice @AppleSupport Thanks for getting back to me! Great customer support 👍🏼,"@541531 Thanks for reaching out to us. Send us a DM with more details about your issue, and we'll look into it with you there. https://t.co/GDrqU22YpT"
944,CASE_001406,565014,"@AppleSupport Can you help with this invite? It came up as if the phone was ringing and is now on every single day in my calendar https://t.co/iEoB9Smykr @AppleSupport great, that was simple! Thanks 👍",GENERAL_DEVICE_INQUIRY,HOW_TO_SETTINGS_CONFIGURATION,0.5775,CASE_005027,2,2.0,"['HOW_TO_SETTINGS_CONFIGURATION', 'GENERAL_DEVICE_INQUIRY', 'GENERAL_DEVICE_INQUIRY']","['HOW_TO_SETTINGS_CONFIGURATION', 'GENERAL_DEVICE_INQUIRY', 'GENERAL_DEVICE_INQUIRY', 'KEYBOARD_TYPING_AUTOCORRECT', 'GENERAL_DEVICE_INQUIRY']","['CASE_004817', 'CASE_005027', 'CASE_000315']","['CASE_004817', 'CASE_005027', 'CASE_000315', 'CASE_004325', 'CASE_002776']","@AppleSupport I’m trying to make an appointment online but it’s not letting me, how do I go about that? @AppleSupport Okay thank you",@561491 We want to help. DM us what country you are in and what happens when you are trying to set up the appointment. https://t.co/GDrqU22YpT
945,CASE_000323,156006,@AppleSupport hi just had this text message I presume this is not from apple ? https://t.co/uFte3G858Q @AppleSupport Thank you,GENERAL_DEVICE_INQUIRY,ACCOUNT_APPLEID_ICLOUD,0.7348,CASE_004846,2,2.0,"['ACCOUNT_APPLEID_ICLOUD', 'GENERAL_DEVICE_INQUIRY', 'GENERAL_DEVICE_INQUIRY']","['ACCOUNT_APPLEID_ICLOUD', 'GENERAL_DEVICE_INQUIRY', 'GENERAL_DEVICE_INQUIRY', 'GENERAL_DEVICE_INQUIRY', 'GENERAL_DEVICE_INQUIRY']","['CASE_002125', 'CASE_004846', 'CASE_004300']","['CASE_002125', 'CASE_004846', 'CASE_004300', 'CASE_002963', 'CASE_002038']","@AppleSupport Is this text message genuine, please? I didn't think my Apple ID would expire! https://t.co/SQAhghvarL @AppleSupport Many thanks - will do!",@307954 This does not appear to be from us. Please visit: https://t.co/LNMCdqt6fD for information on how to spot phishing attempts.
946,CASE_005567,2237233,"@156470 I recently got an iphone 8+ and touch id doesn’t work. Are you having this problem? @115858 FIX THIS! @AppleSupport When I am charging the device and I put my finger on the home button it tells me to try again, but when I’m not charging my 8+ the fingerprint scanner works perfectly. I’ve tried restarting the device in addition to-adding new fingerprints.",BATTERY_CHARGING_POWER,DISPLAY_TOUCH_SCREEN,0.6934,CASE_005243,10,10.0,"['DISPLAY_TOUCH_SCREEN', 'DISPLAY_TOUCH_SCREEN', 'DISPLAY_TOUCH_SCREEN']","['DISPLAY_TOUCH_SCREEN', 'DISPLAY_TOUCH_SCREEN', 'DISPLAY_TOUCH_SCREEN', 'DISPLAY_TOUCH_SCREEN', 'AUDIO_SOUND_SPEAKER']","['CASE_002948', 'CASE_000439', 'CASE_006505']","['CASE_002948', 'CASE_000439', 'CASE_006505', 'CASE_000655', 'CASE_001603']","@115858 what was the point of creating fingerprint ID on iPhone if it never works?! #Frustrating @AppleSupport I haven’t, no. I will now and let you know if I still have issues. Thanks!",@410629 We'd like to help with this. Have you checked out the steps here for Touch ID issues: https://t.co/xqiXha6yeB Let us know. @410629 You're very welcome. We look forward to hearing back from you with the outcome.
948,CASE_006055,2314198,"I need to reconsider who I️ follow on here. My timeline was full of assholes and pussy. @671055 I️ blame this on you. @671055 Fucking @115858 with the I glitch @AppleSupport I fixed it by buying a new phone. Thank you though. Never thought apple would reply hahaha. Hey could you put our podcast in the new and noteworthy? Thanks in advance lol @671055 @353620 @AppleSupport  https://t.co/fEjAl7ByZ4 @671055 @353620 @AppleSupport Putin is such a confusing cat. I want to like the guy, even though he is a Bond villain. I still want his autograph",OS_UPDATE_SYSTEM_PERFORMANCE,GENERAL_DEVICE_INQUIRY,0.4729,CASE_001778,2,2.0,"['GENERAL_DEVICE_INQUIRY', 'OS_UPDATE_SYSTEM_PERFORMANCE', 'OS_UPDATE_SYSTEM_PERFORMANCE']","['GENERAL_DEVICE_INQUIRY', 'OS_UPDATE_SYSTEM_PERFORMANCE', 'OS_UPDATE_SYSTEM_PERFORMANCE', 'BATTERY_CHARGING_POWER', 'GENERAL_DEVICE_INQUIRY']","['CASE_004538', 'CASE_001778', 'CASE_006639']","['CASE_004538', 'CASE_001778', 'CASE_006639', 'CASE_004962', 'CASE_006282']","Dear Apple, 
         I’m tired of seeing I️ on my news feed and in my texts 🙄🙄 fix it @115858 @AppleSupport Thank you",@530195 Here’s what you can do to work around the issue until it’s fixed in a future software update: https://t.co/xXaXeeSRt9
954,CASE_007223,2709142,"Hey @AppleSupport, my #iphone volume is off, mute button muted, do not disturb on, so why make a loud ping &amp; vibrate when i make a purchase? #MuteMeansMute @AppleSupport Iphone SE, latest ios update, made purchase within anagramsolver app. @AppleSupport Thx for response, but look, when phone is on silent, it should #never make a noise, no matter which app, apart from (a) alarm clock, and (b) contacts i’ve allowed.",AUDIO_SOUND_SPEAKER,KEYBOARD_TYPING_AUTOCORRECT,0.6138,CASE_006088,3,3.0,"['KEYBOARD_TYPING_AUTOCORRECT', 'GENERAL_DEVICE_INQUIRY', 'AUDIO_SOUND_SPEAKER']","['KEYBOARD_TYPING_AUTOCORRECT', 'GENERAL_DEVICE_INQUIRY', 'AUDIO_SOUND_SPEAKER', 'KEYBOARD_TYPING_AUTOCORRECT', 'AUDIO_SOUND_SPEAKER']","['CASE_007841', 'CASE_000078', 'CASE_006088']","['CASE_007841', 'CASE_000078', 'CASE_006088', 'CASE_007620', 'CASE_005597']","@AppleSupport When I'm actively using my phone (phone call, browsing instagram... etc) is there a setting to stop vibrations for notifications? I still want it to vibrate when the phone is asleep. @AppleSupport @411834 He’s trying to get a raise. Help him! :)",@411834 We'd be happy to see what we can find for you to have the iPhone only vibrate when you want it to. Which iPhone and iOS version are you using? You can find the version by going to Settings &gt; General &gt; About &gt; Version.
955,CASE_003534,1536979,"@AppleSupport I'm trying to sync the music from iTunes onto my iPod and every time it's almost done it cancels the sync?? @AppleSupport I've sorted it, thank you :)",APP_STORE_PURCHASES_BILLING,CONNECTIVITY_WIFI_BLUETOOTH,0.7266,CASE_002322,2,2.0,"['CONNECTIVITY_WIFI_BLUETOOTH', 'APP_STORE_PURCHASES_BILLING', 'GENERAL_DEVICE_INQUIRY']","['CONNECTIVITY_WIFI_BLUETOOTH', 'APP_STORE_PURCHASES_BILLING', 'GENERAL_DEVICE_INQUIRY', 'APP_STORE_PURCHASES_BILLING', 'OS_UPDATE_SYSTEM_PERFORMANCE']","['CASE_002068', 'CASE_002322', 'CASE_004069']","['CASE_002068', 'CASE_002322', 'CASE_004069', 'CASE_006801', 'CASE_004437']","I hate @115858. My iPod no longer adds my newly purchased songs and my music won't pull up at all now, only this: https://t.co/EwsYujeIKr @AppleSupport Nothing whatsoever. Finally got rid of it by turning it off in settings, disconnecting Wi-Fi, and restarting. Stupid. @AppleSupport But I still can't get my music synced. MY music. @AppleSupport Yes, it does, but when I sync, the new songs don't get added. @AppleSupport My new iTunes songs finally added when I linked to my computer over WiFi (hate that), but I had to manually adjust playlists. @AppleSupport Meanwhile, the new album download I added which came with a vinyl will not sync no matter what I try. @AppleSupport There needs to be a way to plug in and sync EVERYTHING that's checked like has always worked before. @AppleSupport Tried again. Still didn't work and removed the tracks I'd previously synced over WiFi. https://t.co/xgz5PpZXov @AppleSupport https://t.co/UzJzbr4zK3","@317131 We're happy to help you out with this. What happens when you tap Go To My Music under Try It Now? @317131 When you connect your iPod to iTunes, does the screen show Sync Music like in step 5 of this article?  https://t.co/biks8MpbiM @317131 Send us a DM. We'll work with you from there. https://t.co/GDrqU22YpT @317131 Hello Amanda, thanks for sending those screenshots, we'd like to continue working with you on this. DM us. https://t.co/GDrqU22YpT"
957,CASE_006488,2442829,My phone is tripping @AppleSupport https://t.co/lTUMCbKcDn @AppleSupport It eventually went back after I left the message and went back to it. It started today after I updated to 11.1.1 last night. @AppleSupport Thanks,GENERAL_DEVICE_INQUIRY,OS_UPDATE_SYSTEM_PERFORMANCE,0.8038,CASE_003007,5,5.0,"['OS_UPDATE_SYSTEM_PERFORMANCE', 'BATTERY_CHARGING_POWER', 'OS_UPDATE_SYSTEM_PERFORMANCE']","['OS_UPDATE_SYSTEM_PERFORMANCE', 'BATTERY_CHARGING_POWER', 'OS_UPDATE_SYSTEM_PERFORMANCE', 'OS_UPDATE_SYSTEM_PERFORMANCE', 'GENERAL_DEVICE_INQUIRY']","['CASE_005817', 'CASE_002182', 'CASE_002228']","['CASE_005817', 'CASE_002182', 'CASE_002228', 'CASE_005275', 'CASE_003007']","@115858 can you fix my I️ please? @AppleSupport The phone is already updated, and I didn’t have the issue until after the update. @AppleSupport  https://t.co/EbgJUpNcu7 @AppleSupport I have 11.1.1 as shown in the screenshot but thanks for nothing","@664742 Sure thing! Just go to Settings&gt;General&gt;Software Update and download the latest version. @664742 If you don't mind, we'd like to confirm the exact iOS version running on your iPhone. We recently released iOS 11.1.1 to address autocorrect issues. What appears next to Settings &gt; General &gt; About &gt; Version? @664742 Thanks for the screenshot. It looks like your iPhone isn't quite up to date. The next best step is to connect to a Wi-Fi network, then backup and update to iOS 11.1.1. Learn more here: https://t.co/soeXTHWFdK Don't hesitate to let us know if you have any questions. @664742 Let's take a closer look at this issue together in DM. https://t.co/GDrqU22YpT"
959,CASE_005998,2305939,"Texts not working, phone telling me I don’t have FaceTime set up, call log keeps disappearing. If y’all are going to do all of this, you need to expedite my iPhone X order. @AppleSupport @115858 @AppleSupport 11.1.1 @AppleSupport The text box isn’t present and yes I have",GENERAL_DEVICE_INQUIRY,OS_UPDATE_SYSTEM_PERFORMANCE,0.7095,CASE_003995,3,3.0,"['OS_UPDATE_SYSTEM_PERFORMANCE', 'OS_UPDATE_SYSTEM_PERFORMANCE', 'GENERAL_DEVICE_INQUIRY']","['OS_UPDATE_SYSTEM_PERFORMANCE', 'OS_UPDATE_SYSTEM_PERFORMANCE', 'GENERAL_DEVICE_INQUIRY', 'CONNECTIVITY_WIFI_BLUETOOTH', 'GENERAL_DEVICE_INQUIRY']","['CASE_001774', 'CASE_005369', 'CASE_003995']","['CASE_001774', 'CASE_005369', 'CASE_003995', 'CASE_000258', 'CASE_001647']","@AppleSupport i love how my iphone suddenly starts acting all glitchy as soon as the new iphone comes out, care to explain? 🤨 @AppleSupport WHEVER i restart my phone i get notifications for very old text messages that i’ve already received, they can be from like 160 days ago. and that’s extremely annoying @AppleSupport and facetime has started bugging out, like sometimes it says “reconnecting” and it does it for like 5 minutes then the facetime fails and when i go to text the person the text doesn’t deliver, and if i facetime them back the facetime doesn’t work, and when i asked them about it @AppleSupport they say i never facetimed them back, and they tried facetiming me back and i didn’t get a facetime either, so it’s like facetime sometimes doesn’t go through @AppleSupport it does it for all kinds of text mesaages, and for facetime it does it for all contacts @AppleSupport i’m on ios 11.1.2","@284335 We are here to help. Let’s work together to get your iPhone back to normal. To start, can you tell us a bit about what is going on? @284335 For the message notifications, are these just for iMessages or are they for iMessage and SMS messages? For the Facetime issue, does this happen with all contacts or just certain ones? Which iOS is on the iPhone? You can check by going to Settings &gt; General &gt; About."
960,CASE_005246,2121653,"macOS High Sierra could not be installed on your computer. OSInstall.mpkg appears to be missing or damaged. Excellent @AppleSupport and now what? https://t.co/B6obYN5YRp @AppleSupport Yeah. Finally, after a few recovery mode reboots, it ended up getting installed correctly. However, I did waste a few hours for that... which it isn't cool @AppleSupport @625087 I'm stuck on it?  Help? @AppleSupport However, screen flickers as any video is being played, this didn't happen before High Sierra @625088 @AppleSupport Have you tried to reboot in recovery mode, open terminal and, after mounting main disk, ""find / -name OSInstall.mpkg | grep OSInstall.mpkg"" and found it with success? https://t.co/AwzTZyum5K @625087 @AppleSupport Thx, I did an NVRAM (ALT+CMND+P+R) then got these 4 options...

Didn't know which to go for - except pretty sure I don't have time-machine set up yet &amp; 4 scares me:

1. restore from Time Maxhine
2. reinstall macOS
3. get help on Safari
4. disk utility erase or repair @625088 @AppleSupport What I just did, and work (and I'm not the only one) was rebooting a few times and then wait and got installed directly. In case it helps. @625087 @AppleSupport Thx will keep trying... @625088 @AppleSupport The other way I know it works consists on reinstalling Mac OS - doesn't cause data lost - in the option you saw. The other consists on downloading the High Sierra, and dumping it in a bootable USB stick so you install it from there (more difficult) @625087 @AppleSupport Does the reinstalling MacOSX happen internally or does it need an external start-up CD or web-download? @625088 @AppleSupport Internally. It creates an ""internal recovery disk"" so it manages it all by itself - anyway double check first and access in recovery mode to backup first your data. The other solution is just using TimeMachine to restore it back - must work @625087 @AppleSupport Brill, thx!",DISPLAY_TOUCH_SCREEN,GENERAL_DEVICE_INQUIRY,0.6924,CASE_003577,5,5.0,"['GENERAL_DEVICE_INQUIRY', 'OS_UPDATE_SYSTEM_PERFORMANCE', 'GENERAL_DEVICE_INQUIRY']","['GENERAL_DEVICE_INQUIRY', 'OS_UPDATE_SYSTEM_PERFORMANCE', 'GENERAL_DEVICE_INQUIRY', 'KEYBOARD_TYPING_AUTOCORRECT', 'DISPLAY_TOUCH_SCREEN']","['CASE_006550', 'CASE_007876', 'CASE_005578']","['CASE_006550', 'CASE_007876', 'CASE_005578', 'CASE_006942', 'CASE_003577']","@AppleSupport @27417 I’ve done all steps to fix getting past this stage, even used a bootable flash... #PLEASEHELP https://t.co/Gh9pRu137K @AppleSupport Hi. Yes, it’s an installed version of High Sierra OS @AppleSupport Thanks a lot! I have popped you a DM with the steps I’ve already taken","@705839 You've come to the right place. When you say a bootable drive, was it an installer or installed version of the OS? Thanks. @705839 Shoot us a DM and let us know what steps you've already taken. https://t.co/GDrqU22YpT"
961,CASE_003812,1592824,"@AppleSupport #iOS11
So I have the 5s and I updated my phone but I can’t see the new emojis when people text me. Why?",OS_UPDATE_SYSTEM_PERFORMANCE,GENERAL_DEVICE_INQUIRY,0.8641,CASE_007905,4,4.0,"['GENERAL_DEVICE_INQUIRY', 'DISPLAY_TOUCH_SCREEN', 'GENERAL_DEVICE_INQUIRY']","['GENERAL_DEVICE_INQUIRY', 'DISPLAY_TOUCH_SCREEN', 'GENERAL_DEVICE_INQUIRY', 'OS_UPDATE_SYSTEM_PERFORMANCE', 'BATTERY_CHARGING_POWER']","['CASE_003674', 'CASE_005829', 'CASE_004065']","['CASE_003674', 'CASE_005829', 'CASE_004065', 'CASE_007905', 'CASE_005073']",Updated my phone and still can’t see the emojis... @AppleSupport Why?,@484584 We're here for you. What is the exact version of the iOS you're running? Check by tapping Settings &gt; General &gt; About.
962,CASE_003134,1353877,"@AppleSupport just entered in a calendar date but by doing so it has deleted my whole years calendars dates, how can I retrieve these? @AppleSupport Great, thank you. I have DM'd you . Look forward to hearing from you",HOW_TO_SETTINGS_CONFIGURATION,ACCOUNT_APPLEID_ICLOUD,0.6744,N/A,Missing (>10),,"['ACCOUNT_APPLEID_ICLOUD', 'OS_UPDATE_SYSTEM_PERFORMANCE', 'GENERAL_DEVICE_INQUIRY']","['ACCOUNT_APPLEID_ICLOUD', 'OS_UPDATE_SYSTEM_PERFORMANCE', 'GENERAL_DEVICE_INQUIRY', 'ACCOUNT_APPLEID_ICLOUD', 'GENERAL_DEVICE_INQUIRY']","['CASE_002426', 'CASE_003638', 'CASE_000183']","['CASE_002426', 'CASE_003638', 'CASE_000183', 'CASE_003053', 'CASE_006495']","@applesupport Hey out there. Why does Calendars (not in iCloud) delete history? I need that info and now it’s all gone. Why? @AppleSupport Yes. I also do not sync my calendars between my devices b/c iTunes wanted to delete ALL events from my computer. @AppleSupport MacBook Pro 15” ’12
Updates always current on devices. Genius Bar told me they couldn’t help. I’ve done so many things, I can’t list them! @AppleSupport Sent. Thank you.","@355556 We'll be happy to help in any way we can. Just so we understand, do you mean previous events in your Calendar? @355556 Which model do you have and is iOS 11.0.3 the version installed? Have you tried any steps and if yes, which ones? @355556 Got it, thanks! So we can look closer into this with you, reach out to us in DM and we'll continue from there. https://t.co/GDrqU22YpT"
963,CASE_004753,1836640,@AppleSupport I have a spinning wheel running nonstop since upgrading to ios11. Apps are closed and I shut off all background app refresh?! @AppleSupport I executed a “hard reset” and that seems to have fixed the issue. Not sure if that is common knowledge. @AppleSupport A simple restart did not fix it.,APP_CRASH_AND_DOWNLOAD,BATTERY_CHARGING_POWER,0.7039,CASE_000386,7,7.0,"['BATTERY_CHARGING_POWER', 'APP_STORE_PURCHASES_BILLING', 'OS_UPDATE_SYSTEM_PERFORMANCE']","['BATTERY_CHARGING_POWER', 'APP_STORE_PURCHASES_BILLING', 'OS_UPDATE_SYSTEM_PERFORMANCE', 'DISPLAY_TOUCH_SCREEN', 'BATTERY_CHARGING_POWER']","['CASE_001147', 'CASE_006471', 'CASE_000249']","['CASE_001147', 'CASE_006471', 'CASE_000249', 'CASE_001187', 'CASE_000732']","@AppleSupport big bug in iOS 11.1.2 crashing every two minutes iPhone extremely hot too @AppleSupport Hard reset didn’t solve the problem.. doesn’t have anything to do with apps @239538 @AppleSupport Same with me. WTF! @AppleSupport iPhone SE btw.. :-( Hope you solve this fast!! @AppleSupport What everyone else is saying. 11.1.2 iPhone X constantly goes to black screen with spinner.
Even after restore @AppleSupport Located in the Netherlands. Updates was done via iTunes... @AppleSupport Problem solved after updating to 11.2","@239805 We're here to help. DM us some additional details of what's going on and we'll help. https://t.co/GDrqU2kzhr @239538 Happy to assist. Let us know where you are located and how the update on the iPhone was completed. @239538 OK, thank you. We're glad to hear your iPhone is working normally after the update.

If you should need us in the future we're avaialble here 5am to 8pm Pacific time, 7 days a week."
964,CASE_000034,23086,@AppleSupport I decided to download IOS 11. Now I can’t download anything from the App Store. Is this problem being fixed soon? I’ve tried all the options to make it work. #worstdecisionever @AppleSupport I have tried it on different WiFi and cell data. It seems to not work. Then quite some time after I have tired to download it will pop up multiple times to allow it to download then later it downloads out of no where. So it’s strange. @AppleSupport The problem has seemed to resolve itself. Thanks so much for replying. If I have any further problems I will message.,CONNECTIVITY_WIFI_BLUETOOTH,APP_STORE_PURCHASES_BILLING,0.8405,CASE_007207,2,2.0,"['APP_STORE_PURCHASES_BILLING', 'CONNECTIVITY_WIFI_BLUETOOTH', 'OS_UPDATE_SYSTEM_PERFORMANCE']","['APP_STORE_PURCHASES_BILLING', 'CONNECTIVITY_WIFI_BLUETOOTH', 'OS_UPDATE_SYSTEM_PERFORMANCE', 'ACCOUNT_APPLEID_ICLOUD', 'APP_STORE_PURCHASES_BILLING']","['CASE_004933', 'CASE_007207', 'CASE_006319']","['CASE_004933', 'CASE_007207', 'CASE_006319', 'CASE_000709', 'CASE_002697']","Why can’t I download anything from the AppStore? Man if this is all iOS 11, then this sucks. @AppleSupport @AppleSupport It’s just loading but nothing happens. Can’t even agree that I want to purchase the app. @AppleSupport It’s like this the whole time. https://t.co/8n7RnPYWAb @AppleSupport It worked. Thanks. Was thinking about trying that but you ended up replying. Sorry for bothering. 😅 @AppleSupport Ok I do have another question. Does this keep happening because of iOS11? https://t.co/1m0n3CWYhW @AppleSupport I’ve only noticed it on WhatsApp so far. But it’s been happening since the first iOS11 update","@580925 We'd like to take a look at what's going on with your App Store. What happens when you try and download? Do you get an error? @580925 Got it. Let's have you try restarting your iPhone and let us know how that goes: https://t.co/OWRDHWSt4h @580925 We're glad to hear that worked! That new screenshot you're sharing with us, does that happen in all apps, or just some? @580925 Since the issue seems to be isolated to WhatsApp, let's ensure it's fully up-to-date. If issues continue, DM us here: https://t.co/GDrqU22YpT"
967,CASE_003141,1357325,"Dear @AppleSupport @115858 hmmm are you gonna fix the AppStore or what? #AppStore #Apple 🤷‍♀️ @AppleSupport Thank you. When I open the AppStore I just get a blank screen. Even if the updates show up, they won’t download!",DISPLAY_TOUCH_SCREEN,APP_STORE_PURCHASES_BILLING,0.8264,N/A,Missing (>10),,"['APP_STORE_PURCHASES_BILLING', 'OS_UPDATE_SYSTEM_PERFORMANCE', 'APP_STORE_PURCHASES_BILLING']","['APP_STORE_PURCHASES_BILLING', 'OS_UPDATE_SYSTEM_PERFORMANCE', 'APP_STORE_PURCHASES_BILLING', 'APP_STORE_PURCHASES_BILLING', 'APP_STORE_PURCHASES_BILLING']","['CASE_006594', 'CASE_006957', 'CASE_002811']","['CASE_006594', 'CASE_006957', 'CASE_002811', 'CASE_001863', 'CASE_002697']","@AppleSupport my app store isn’t working, i cant download or update anything, what do i do? @AppleSupport Now it’s working, thanks https://t.co/pyLMdW0T17",@316611 Downloading and updating apps are important. What type of device do you have? Does this still happen after restarting it? @316611 Great. Let us know if you have any further trouble. We're here to help.
972,CASE_003493,1516647,@AppleSupport  Watch on os4 does not change time to reflect local time zone after coming off airplane mode. Phone adjusts. They do connect. @AppleSupport No. Right now watch show east coast time but phone shows central time @AppleSupport It has worked regularly in the past. First trip since update to os4 @AppleSupport 4.0 (15R372) @AppleSupport Phone loaded 11.0.3 update after I got home. Watch went to correct local time without restarting watch @AppleSupport Given how seamlessly this worked before I’m not sure restarting devices every time I cross time zones is a long-term answer,CONNECTIVITY_WIFI_BLUETOOTH,OS_UPDATE_SYSTEM_PERFORMANCE,0.6023,CASE_005519,2,2.0,"['OS_UPDATE_SYSTEM_PERFORMANCE', 'CONNECTIVITY_WIFI_BLUETOOTH', 'GENERAL_DEVICE_INQUIRY']","['OS_UPDATE_SYSTEM_PERFORMANCE', 'CONNECTIVITY_WIFI_BLUETOOTH', 'GENERAL_DEVICE_INQUIRY', 'HOW_TO_SETTINGS_CONFIGURATION', 'OS_UPDATE_SYSTEM_PERFORMANCE']","['CASE_003432', 'CASE_005519', 'CASE_005098']","['CASE_003432', 'CASE_005519', 'CASE_005098', 'CASE_002571', 'CASE_001252']","@AppleSupport since 4.1 upg series 1 Watch lost calendar and weather app but both visible on phone and watch app, &amp; no sharing since day 1 https://t.co/f7X22qeliX @AppleSupport 6s+64gb 11.4 &amp; series 1 Watch 4.1,  I unpaired and and pairing again restoring earlier backup Watch 4.0 @AppleSupport 1/2 I’ve restored Watch 4.0 all is working again. Doesn’t fix the sharing problem since day 1 tho. I paired w SE16gb and diff phone # @AppleSupport 2/2 even with diff number/phone Watch doesn’t share. Was a apple care repair unit. Body serial doesn’t match serial on Watch app. @AppleSupport Restore shows version 4.1 and seems okay at moment weather and calendar apps working again. No sharing problem still persists.",@224478 We're happy to help. Which iPhone and iOS version are you using? Have you done any steps to try to resolve this issue? @224478 Thanks for that information. DM us and tell us which iOS version you're using on your iPhone? We'll go from there. https://t.co/GDrqU2kzhr
973,CASE_002997,1276326,"@116333  system say my membership already expired , but I am sure my membership is still alive , I can’t listen to any music right now😭 https://t.co/LCrbfV6clz @AppleSupport iphone6s+ and iphone 7, yesterday AM still working fine !
Today all my music is dead !
This is a disaster!😭
Tried login and out and restart",ACCOUNT_APPLEID_ICLOUD,APP_STORE_PURCHASES_BILLING,0.7579,N/A,Missing (>10),,"['APP_STORE_PURCHASES_BILLING', 'CONNECTIVITY_WIFI_BLUETOOTH', 'APP_STORE_PURCHASES_BILLING']","['APP_STORE_PURCHASES_BILLING', 'CONNECTIVITY_WIFI_BLUETOOTH', 'APP_STORE_PURCHASES_BILLING', 'APP_STORE_PURCHASES_BILLING', 'APP_STORE_PURCHASES_BILLING']","['CASE_003004', 'CASE_005733', 'CASE_002984']","['CASE_003004', 'CASE_005733', 'CASE_002984', 'CASE_003458', 'CASE_001775']",@AppleSupport I cant download anymore music and says my membership expired even though I still have a month left. It was ok until today. https://t.co/qG0Ipptlpi @AppleSupport Ok thank you,@420009 Thank you. We’re investigating and will update our System Status page as more info becomes available: https://t.co/Fcu0biZf0L
974,CASE_005734,2281162,"So many bugs with my iPhoneX: Photos, iCloud, hours with @AppleSupport. Blech. @AppleSupport Thanks! I’ve been in touch with a few senior advisors already and will probably call back",ACCOUNT_APPLEID_ICLOUD,GENERAL_DEVICE_INQUIRY,0.7315,N/A,Missing (>10),,"['GENERAL_DEVICE_INQUIRY', 'GENERAL_DEVICE_INQUIRY', 'OS_UPDATE_SYSTEM_PERFORMANCE']","['GENERAL_DEVICE_INQUIRY', 'GENERAL_DEVICE_INQUIRY', 'OS_UPDATE_SYSTEM_PERFORMANCE', 'OS_UPDATE_SYSTEM_PERFORMANCE', 'OS_UPDATE_SYSTEM_PERFORMANCE']","['CASE_003820', 'CASE_003092', 'CASE_005861']","['CASE_003820', 'CASE_003092', 'CASE_005861', 'CASE_007005', 'CASE_007651']",Looks like I got a faulty one... @AppleSupport #iPhoneX https://t.co/NaExEn2IOm,@490072 Thank you for reaching out to us. Check out this article for help with Face ID on your iPhone X: https://t.co/V5aWSz5xXV
975,CASE_001123,512495,@115858 what’s going on with 11.1.2 and the grey spinning wheel! #brokeniphone @AppleSupport iPhone X. iOS 11.1.2. It goes to a black screen grey spinning wheel every two minutes or so. Terrible! @AppleSupport It’s especially bad when there are floods on in Melbourne! @AppleSupport How many people are effected by crashing iPhones? #vicstorm @237862 @AppleSupport I’m having this problem too. It’s absolutely awful and unusable. Definitely some new bug here affecting multiple users @237863 @AppleSupport I fixed it by deleting an app that was sending me a reminder as a notification! Also apparently moving the date back to before 2 Dec is a temp fix,DISPLAY_TOUCH_SCREEN,BATTERY_CHARGING_POWER,0.7421,CASE_001187,2,2.0,"['BATTERY_CHARGING_POWER', 'DISPLAY_TOUCH_SCREEN', 'APP_CRASH_AND_DOWNLOAD']","['BATTERY_CHARGING_POWER', 'DISPLAY_TOUCH_SCREEN', 'APP_CRASH_AND_DOWNLOAD', 'DISPLAY_TOUCH_SCREEN', 'BATTERY_CHARGING_POWER']","['CASE_001147', 'CASE_001187', 'CASE_001199']","['CASE_001147', 'CASE_001187', 'CASE_001199', 'CASE_001122', 'CASE_001141']","@AppleSupport big bug in iOS 11.1.2 crashing every two minutes iPhone extremely hot too @AppleSupport Hard reset didn’t solve the problem.. doesn’t have anything to do with apps @239538 @AppleSupport Same with me. WTF! @AppleSupport iPhone SE btw.. :-( Hope you solve this fast!! @AppleSupport What everyone else is saying. 11.1.2 iPhone X constantly goes to black screen with spinner.
Even after restore @AppleSupport Located in the Netherlands. Updates was done via iTunes... @AppleSupport Problem solved after updating to 11.2","@239805 We're here to help. DM us some additional details of what's going on and we'll help. https://t.co/GDrqU2kzhr @239538 Happy to assist. Let us know where you are located and how the update on the iPhone was completed. @239538 OK, thank you. We're glad to hear your iPhone is working normally after the update.

If you should need us in the future we're avaialble here 5am to 8pm Pacific time, 7 days a week."
979,CASE_005794,2286446,"As much as I love @115858 . I fucking hate #iTunes. It literally ruined my day and almost gave me a heart attack today. @AppleSupport I accidentally restored my new iPhone 8 to a configuration of an old one from 2016 via iTunes. So now I have erased the phone and started from the beginning. How should I proceded next time I connect it with my Mac? Should I choose ""new iPhone"" intead restore, right? @AppleSupport Thank you. :) One last question: how can I get videos I made with my iPhone downloaded in my Mac? I use Photos for the pictures, but I can't access the videos.",APP_STORE_PURCHASES_BILLING,HOW_TO_SETTINGS_CONFIGURATION,0.6272,CASE_003557,5,5.0,"['HOW_TO_SETTINGS_CONFIGURATION', 'OS_UPDATE_SYSTEM_PERFORMANCE', 'ACCOUNT_APPLEID_ICLOUD']","['HOW_TO_SETTINGS_CONFIGURATION', 'OS_UPDATE_SYSTEM_PERFORMANCE', 'ACCOUNT_APPLEID_ICLOUD', 'GENERAL_DEVICE_INQUIRY', 'APP_STORE_PURCHASES_BILLING']","['CASE_006086', 'CASE_001588', 'CASE_002117']","['CASE_006086', 'CASE_001588', 'CASE_002117', 'CASE_007202', 'CASE_003557']",@AppleSupport I accidentally restored a very old back up to my new iPhone how do I get back my current stuff back??,"@672827 Great question!  Follow these steps to restore, and choose the restore date you want to use: https://t.co/OZqPAHfBRU"
985,CASE_007674,2866189,"@AppleSupport the iOS stock app has been glitching for months now, When turned to landscape it.",GENERAL_DEVICE_INQUIRY,OS_UPDATE_SYSTEM_PERFORMANCE,0.7209,CASE_001357,3,3.0,"['OS_UPDATE_SYSTEM_PERFORMANCE', 'APP_CRASH_AND_DOWNLOAD', 'GENERAL_DEVICE_INQUIRY']","['OS_UPDATE_SYSTEM_PERFORMANCE', 'APP_CRASH_AND_DOWNLOAD', 'GENERAL_DEVICE_INQUIRY', 'DISPLAY_TOUCH_SCREEN', 'KEYBOARD_TYPING_AUTOCORRECT']","['CASE_002378', 'CASE_003009', 'CASE_001357']","['CASE_002378', 'CASE_003009', 'CASE_001357', 'CASE_002073', 'CASE_005574']","Ever since the update my phone gets stuck in landscape mode all the time! Fix this shit, @AppleSupport",@346918 We're happy to assist. Which iOS 11 version are you currently running? Go to Settings &gt; General &gt; About for the version.
987,CASE_005082,2040376,@AppleSupport attempting to verify for 11.1 update on a 6+S - several attempts tell me I am not connected to the internet. Yet I am? @AppleSupport It’s all good now and thank the powers that Be for this - 🏴󠁧󠁢󠁳󠁣󠁴󠁿,OS_UPDATE_SYSTEM_PERFORMANCE,CONNECTIVITY_WIFI_BLUETOOTH,0.8026,CASE_004600,2,2.0,"['CONNECTIVITY_WIFI_BLUETOOTH', 'OS_UPDATE_SYSTEM_PERFORMANCE', 'OS_UPDATE_SYSTEM_PERFORMANCE']","['CONNECTIVITY_WIFI_BLUETOOTH', 'OS_UPDATE_SYSTEM_PERFORMANCE', 'OS_UPDATE_SYSTEM_PERFORMANCE', 'OS_UPDATE_SYSTEM_PERFORMANCE', 'APP_STORE_PURCHASES_BILLING']","['CASE_004576', 'CASE_004600', 'CASE_004526']","['CASE_004576', 'CASE_004600', 'CASE_004526', 'CASE_005208', 'CASE_005178']","@AppleSupport I keep trying to update to 11.1 and it says I am not connected to the internet...  I am at home on my WiFi...  please advise.. @AppleSupport @531103 I'm having the same issue and I already tried all those things, I even tried going through itunes and it's still not working @AppleSupport @531103 i’m having the same problem also @AppleSupport Just tried another network and still the same issue.. https://t.co/OHzF9EhJct @AppleSupport I waited and tried it again just a few mins ago and it worked, thank you so much for taking the time to respond to me :)","@531103 We want to help for sure. When you try to update, have you tried to use a different Wi-Fi network or through iTunes? @531105 We'd like to continue working with you on this issue in a DM. Send us one using the link below. https://t.co/GDrqU22YpT @531103 Were you able to try out that update in iTunes by chance? If not, try that out. This will help: https://t.co/80YRnjDFDk @531105 You're more than welcome, anytime. Have a great day."
989,CASE_001238,543757,@AppleSupport my phone is restarting every few seconds ios 11.1.2 iphone 7,OS_UPDATE_SYSTEM_PERFORMANCE,HOW_TO_SETTINGS_CONFIGURATION,0.8964,CASE_001182,2,2.0,"['HOW_TO_SETTINGS_CONFIGURATION', 'OS_UPDATE_SYSTEM_PERFORMANCE', 'OS_UPDATE_SYSTEM_PERFORMANCE']","['HOW_TO_SETTINGS_CONFIGURATION', 'OS_UPDATE_SYSTEM_PERFORMANCE', 'OS_UPDATE_SYSTEM_PERFORMANCE', 'OS_UPDATE_SYSTEM_PERFORMANCE', 'GENERAL_DEVICE_INQUIRY']","['CASE_001536', 'CASE_001182', 'CASE_006533']","['CASE_001536', 'CASE_001182', 'CASE_006533', 'CASE_000856', 'CASE_001283']","@AppleSupport my iPhone keeps restarting itself every few minutes, any suggestions on how to fix it? @AppleSupport It worked. Thanks.","@260175 We're glad you reached out to us. We just released iOS 11.2 which should help with your issues. Let's go through the steps in the following article: https://t.co/osZOKKTalm 

Keep us posted on the results. @260175 Brilliant! Let us know if we can ever be of further service."
990,CASE_003799,1591463,"WHY is my iphone and ipad autocorrecting ""I"" to ""A [?]""
?!?!!?!?!?!?!?!?!
@AppleSupport #iPhone #iPad #autocorrectfail @AppleSupport thanks. i did this, but it keeps erasing and i keep having to program it all over again. and it didn't work in instagram. don't know why! @AppleSupport thanks. just did.",GENERAL_DEVICE_INQUIRY,KEYBOARD_TYPING_AUTOCORRECT,0.7889,CASE_005169,5,5.0,"['KEYBOARD_TYPING_AUTOCORRECT', 'OS_UPDATE_SYSTEM_PERFORMANCE', 'KEYBOARD_TYPING_AUTOCORRECT']","['KEYBOARD_TYPING_AUTOCORRECT', 'OS_UPDATE_SYSTEM_PERFORMANCE', 'KEYBOARD_TYPING_AUTOCORRECT', 'KEYBOARD_TYPING_AUTOCORRECT', 'GENERAL_DEVICE_INQUIRY']","['CASE_003669', 'CASE_004323', 'CASE_003548']","['CASE_003669', 'CASE_004323', 'CASE_003548', 'CASE_003127', 'CASE_005169']",Why does an “I️” autocorrect to this suddenly on my iPhone? #help @AppleSupport https://t.co/y5DgkCLj3p,@311627 We're here for you. Check out this article for help: https://t.co/xU1AGHStV6
991,CASE_006481,2441850,"@AppleSupport Can we make our Safari Favorites page our home page?  Seems natural that someone might want that. Thanks. @AppleSupport Thanks, your instructions worked.  For some reason, my home page got switched to Yahoo.  Ick.",GENERAL_DEVICE_INQUIRY,OS_UPDATE_SYSTEM_PERFORMANCE,0.5219,CASE_000155,2,2.0,"['OS_UPDATE_SYSTEM_PERFORMANCE', 'GENERAL_DEVICE_INQUIRY', 'GENERAL_DEVICE_INQUIRY']","['OS_UPDATE_SYSTEM_PERFORMANCE', 'GENERAL_DEVICE_INQUIRY', 'GENERAL_DEVICE_INQUIRY', 'GENERAL_DEVICE_INQUIRY', 'DISPLAY_TOUCH_SCREEN']","['CASE_000389', 'CASE_000155', 'CASE_000442']","['CASE_000389', 'CASE_000155', 'CASE_000442', 'CASE_003266', 'CASE_002892']",My least favourite #iOS11 bug. Takes two tries to get favourites displaying. @115858 https://t.co/Mc9g5rKQIP @AppleSupport 11.0.2 seems to have fixed it.,@131211 Let's take a look into this together. Is this the only app that you notice things not loading correctly with 3D Touch?
995,CASE_000422,206662,@AppleSupport VM is full and can't delete them help please. @AppleSupport iOS 10.3.3. When I delete them they come right back @AppleSupport I am not ready to update yet. @AppleSupport Yes I have.,OS_UPDATE_SYSTEM_PERFORMANCE,ACCOUNT_APPLEID_ICLOUD,0.6661,CASE_002964,4,4.0,"['ACCOUNT_APPLEID_ICLOUD', 'GENERAL_DEVICE_INQUIRY', 'HOW_TO_SETTINGS_CONFIGURATION']","['ACCOUNT_APPLEID_ICLOUD', 'GENERAL_DEVICE_INQUIRY', 'HOW_TO_SETTINGS_CONFIGURATION', 'OS_UPDATE_SYSTEM_PERFORMANCE', 'HOW_TO_SETTINGS_CONFIGURATION']","['CASE_006808', 'CASE_001387', 'CASE_001982']","['CASE_006808', 'CASE_001387', 'CASE_001982', 'CASE_002964', 'CASE_002558']",@AppleSupport why is my phone showing device storage full when I deleted everything @AppleSupport 9.3.2 @AppleSupport 0,"@724660 We're happy to assist. Which iOS version are you currently running? Go to Settings &gt; General &gt; About for the version. @724660 Restart the device, and check your Storage again for us."
996,CASE_004583,1767411,hi @AppleSupport @115858 whenever i️ type and “i️” it changes fix it please thanks xoxoxo @AppleSupport thanks! it happening with everyone’s phone btw,GENERAL_DEVICE_INQUIRY,KEYBOARD_TYPING_AUTOCORRECT,0.8654,CASE_005382,2,2.0,"['KEYBOARD_TYPING_AUTOCORRECT', 'GENERAL_DEVICE_INQUIRY', 'OS_UPDATE_SYSTEM_PERFORMANCE']","['KEYBOARD_TYPING_AUTOCORRECT', 'GENERAL_DEVICE_INQUIRY', 'OS_UPDATE_SYSTEM_PERFORMANCE', 'GENERAL_DEVICE_INQUIRY', 'HOW_TO_SETTINGS_CONFIGURATION']","['CASE_003569', 'CASE_005382', 'CASE_003645']","['CASE_003569', 'CASE_005382', 'CASE_003645', 'CASE_007364', 'CASE_007493']",@AppleSupport why is my phone doing this?! Whenever I type “I” it changes to this. Made the keyboard change and it’s still happening. https://t.co/KkbUFzDjte @AppleSupport That didn’t work but the update did.,@478318 This might help sort that out: https://t.co/xU1AGHStV6 Let us know if it does in DM. https://t.co/GDrqU22YpT @478318 We're glad to hear the update helped. Reach us back if you have any other questions or concerns.
1000,CASE_005203,2112781,help @AppleSupport https://t.co/hN5Pfvb4bl @AppleSupport i soft reset my phone and it is working now,OS_UPDATE_SYSTEM_PERFORMANCE,GENERAL_DEVICE_INQUIRY,0.8429,CASE_000832,4,4.0,"['GENERAL_DEVICE_INQUIRY', 'GENERAL_DEVICE_INQUIRY', 'GENERAL_DEVICE_INQUIRY']","['GENERAL_DEVICE_INQUIRY', 'GENERAL_DEVICE_INQUIRY', 'GENERAL_DEVICE_INQUIRY', 'OS_UPDATE_SYSTEM_PERFORMANCE', 'GENERAL_DEVICE_INQUIRY']","['CASE_003007', 'CASE_003951', 'CASE_005453']","['CASE_003007', 'CASE_003951', 'CASE_005453', 'CASE_000832', 'CASE_000841']","@AppleSupport having so many problems with my phone, Not sure what to do 😕 https://t.co/4SwbJzp1cK @AppleSupport Trying again, thank you so much 😊",@420345 Hi there! Let's work through the steps here: https://t.co/Ui1yTnOCUz DM if it continues
1003,CASE_004810,1875701,@AppleSupport can import audio from Memos to a Photos moments movie ? @AppleSupport Thanks,AUDIO_SOUND_SPEAKER,OS_UPDATE_SYSTEM_PERFORMANCE,0.4821,CASE_000810,4,4.0,"['OS_UPDATE_SYSTEM_PERFORMANCE', 'APP_STORE_PURCHASES_BILLING', 'GENERAL_DEVICE_INQUIRY']","['OS_UPDATE_SYSTEM_PERFORMANCE', 'APP_STORE_PURCHASES_BILLING', 'GENERAL_DEVICE_INQUIRY', 'AUDIO_SOUND_SPEAKER', 'OS_UPDATE_SYSTEM_PERFORMANCE']","['CASE_001474', 'CASE_000178', 'CASE_003321']","['CASE_001474', 'CASE_000178', 'CASE_003321', 'CASE_000810', 'CASE_000037']","Help please??! @126 @AppleSupport https://t.co/0oINfU56xK @AppleSupport iOS 11.1.2 
Photos app","@258026 We'd be happy to help.  Which iPhone and iOS version are you using?  Are you experiencing issues with any other apps, besides Instagram? @258026 Got it.  Let's start with an iOS update then.  First, please back your phone up following these steps:  https://t.co/4f8hwT5to6  Then, you can update by going to Settings &gt; General &gt; Software Update.  Once that is completed, please test."
1008,CASE_007160,2690862,Why is it so hard to watch movies that I download from the Apple store? I’ve paid for it and yet phone can never seem to download it. Now it’s ‘does not support format’...... @AppleSupport @AppleSupport I don’t know. I rented it on my iPhone this morning and now when I try and watch it just shows this screen https://t.co/vA081OmWSK,DISPLAY_TOUCH_SCREEN,APP_STORE_PURCHASES_BILLING,0.7631,CASE_007632,4,4.0,"['APP_STORE_PURCHASES_BILLING', 'APP_STORE_PURCHASES_BILLING', 'CONNECTIVITY_WIFI_BLUETOOTH']","['APP_STORE_PURCHASES_BILLING', 'APP_STORE_PURCHASES_BILLING', 'CONNECTIVITY_WIFI_BLUETOOTH', 'DISPLAY_TOUCH_SCREEN', 'CONNECTIVITY_WIFI_BLUETOOTH']","['CASE_000340', 'CASE_000043', 'CASE_000579']","['CASE_000340', 'CASE_000043', 'CASE_000579', 'CASE_007632', 'CASE_006834']","hi @AppleSupport i have a fully upgraded iphone SE.  why can’t i download or use the video app to watch even SD videos (on this device) that i already own?  why can i only watch them on my pc laptop *that cost less than this phone did*? @AppleSupport it says that the app is no longer supported on my device.  it appears nowhere on my phone and is unavailable for download in the app store - the cloud-download symbol is present, but ""faded"" and cannot be clicked.  i'll respond with a screenshot in a second @AppleSupport  https://t.co/QJcKrhVP3V @AppleSupport ahhhhh thrown off because i was trying to watch a downloaded movie, not show.  thanks for the clarification! @AppleSupport will do.  happy holidays, hope people aren’t too rough on you guys this season!","@154486 What type of issue are you running into when you attempt to use the TV app for videos? We'll offer all the help we can in getting you back to video enjoyment. @154486 That's correct. The Videos app has been replaced with the TV app. In the App Store search for 'Apple TV'. Then download that app. @154486 No worries! We're glad it's all taken care of. If any questions come up, feel free to reach out."
1009,CASE_003484,1512187,"Hmmm. I've updated to iOS 11.1 but my emojis haven't updated. Any bright sparks know why? @AppleSupport? @AppleSupport It's OK, I fixed it! SwiftKey hasn't updated with the new emojis and that's my primary keyboard. All good! 🙂",KEYBOARD_TYPING_AUTOCORRECT,GENERAL_DEVICE_INQUIRY,0.7292,CASE_003580,3,3.0,"['GENERAL_DEVICE_INQUIRY', 'OS_UPDATE_SYSTEM_PERFORMANCE', 'KEYBOARD_TYPING_AUTOCORRECT']","['GENERAL_DEVICE_INQUIRY', 'OS_UPDATE_SYSTEM_PERFORMANCE', 'KEYBOARD_TYPING_AUTOCORRECT', 'KEYBOARD_TYPING_AUTOCORRECT', 'GENERAL_DEVICE_INQUIRY']","['CASE_003674', 'CASE_007905', 'CASE_003580']","['CASE_003674', 'CASE_007905', 'CASE_003580', 'CASE_004258', 'CASE_004065']",Updated my phone and still can’t see the emojis... @AppleSupport Why?,@484584 We're here for you. What is the exact version of the iOS you're running? Check by tapping Settings &gt; General &gt; About.
1010,CASE_003114,1344584,@AppleSupport How do I update my shipping address for my iPhone X order? @AppleSupport Gee thanks. I was already on the phone with them for an hour. Then disconnected! Not happy!!! @AppleSupport Now I’m being told “Due to high volume...” and hung up on. Not good @115858!!,AUDIO_SOUND_SPEAKER,CONNECTIVITY_WIFI_BLUETOOTH,0.7724,N/A,Missing (>10),,"['CONNECTIVITY_WIFI_BLUETOOTH', 'GENERAL_DEVICE_INQUIRY', 'GENERAL_DEVICE_INQUIRY']","['CONNECTIVITY_WIFI_BLUETOOTH', 'GENERAL_DEVICE_INQUIRY', 'GENERAL_DEVICE_INQUIRY', 'ACCOUNT_APPLEID_ICLOUD', 'CONNECTIVITY_WIFI_BLUETOOTH']","['CASE_003173', 'CASE_003137', 'CASE_005640']","['CASE_003173', 'CASE_003137', 'CASE_005640', 'CASE_007815', 'CASE_000303']","@AppleSupport 800 number still not taking calls, chat service can’t help. When can I change the shipping address for my iPhone X order? Thx @AppleSupport Thank you. I am required to call 800 MYAPPLE to make the change, but they are not taking calls. DM me to change the address","@438522 We know your time is valuable. Our Apple Online Store team are the ones to assist ordering issues: https://t.co/8yjRd1Xo0i @438522 Send us a DM with the country you're located in, we want to be sure to provide you with the correct contact information. https://t.co/GDrqU2kzhr"
1012,CASE_001436,570157,Okay @115858 I get that the new IPhone X is out now but my 6s should not be glitching this fucking bad. It took me 3 times to open up twitter to tweet this. @AppleSupport K https://t.co/aw2AoGI3FZ,GENERAL_DEVICE_INQUIRY,KEYBOARD_TYPING_AUTOCORRECT,0.7107,CASE_006712,6,6.0,"['KEYBOARD_TYPING_AUTOCORRECT', 'BATTERY_CHARGING_POWER', 'OS_UPDATE_SYSTEM_PERFORMANCE']","['KEYBOARD_TYPING_AUTOCORRECT', 'BATTERY_CHARGING_POWER', 'OS_UPDATE_SYSTEM_PERFORMANCE', 'OS_UPDATE_SYSTEM_PERFORMANCE', 'BATTERY_CHARGING_POWER']","['CASE_007872', 'CASE_003300', 'CASE_004402']","['CASE_007872', 'CASE_003300', 'CASE_004402', 'CASE_004771', 'CASE_006601']","@115858 @AppleSupport  FIX THIS SHIT right Fucking now pretty please dang 
I
I️m
I.T @AppleSupport Iphone 6s and sorry i said a bad word","@817858 Thank you for reaching out to us. Let’s work together to find the best course of action for this issue. To start, what device model and software version are you using? @817858 Thank you for that information. What software version are you using? If you're unsure, go to Settings &gt; General &gt; About."
1017,CASE_005476,2202124,".@AppleSupport-consecutive updates have affected screen display. Device opens in horizontal mode. Flips to vertical when opening apps. 😡 @AppleSupport Will do. 7plus 11.0.3 @AppleSupport Thx @AppleSupport No need, all fixed. Thanks for your help. Very responsive. 👍🏻",DISPLAY_TOUCH_SCREEN,OS_UPDATE_SYSTEM_PERFORMANCE,0.6852,CASE_003330,2,2.0,"['OS_UPDATE_SYSTEM_PERFORMANCE', 'DISPLAY_TOUCH_SCREEN', 'OS_UPDATE_SYSTEM_PERFORMANCE']","['OS_UPDATE_SYSTEM_PERFORMANCE', 'DISPLAY_TOUCH_SCREEN', 'OS_UPDATE_SYSTEM_PERFORMANCE', 'OS_UPDATE_SYSTEM_PERFORMANCE', 'DISPLAY_TOUCH_SCREEN']","['CASE_007359', 'CASE_003330', 'CASE_004158']","['CASE_007359', 'CASE_003330', 'CASE_004158', 'CASE_002228', 'CASE_002073']",@AppleSupport Since the last update when I double click Home to switch between or close apps the screens are all black except the most recent one I had open. iPhone 7 @AppleSupport Yes using 11.1.2 and the restart seemed to clear it up. Thank you!,"@680608 We'd like to help. Are you running iOS 11.1.2? Also, let's try a restart. This article will help with the steps: https://t.co/OWRDHWSt4h @680608 We're glad that helped. Reach out and let us know if we can help again. We're here for you."
1018,CASE_002166,865900,"@AppleSupport I have a problem with a print product I ordered through Photos for Mac OS, what’s the best point of contact? @AppleSupport I’m aware of this page, which option do I chose for print products? @AppleSupport Thank you very much.",GENERAL_DEVICE_INQUIRY,OS_UPDATE_SYSTEM_PERFORMANCE,0.5768,CASE_003878,5,5.0,"['OS_UPDATE_SYSTEM_PERFORMANCE', 'OS_UPDATE_SYSTEM_PERFORMANCE', 'DISPLAY_TOUCH_SCREEN']","['OS_UPDATE_SYSTEM_PERFORMANCE', 'OS_UPDATE_SYSTEM_PERFORMANCE', 'DISPLAY_TOUCH_SCREEN', 'OS_UPDATE_SYSTEM_PERFORMANCE', 'GENERAL_DEVICE_INQUIRY']","['CASE_004855', 'CASE_007142', 'CASE_005906']","['CASE_004855', 'CASE_007142', 'CASE_005906', 'CASE_001474', 'CASE_003878']","@AppleSupport my printer is printing tiny images in the corner of the page since I changed to ISO11
Please help 
Desperate @AppleSupport iOS 11.0.3 and the printer is HP Officejet Pro 8600 thank you so much @AppleSupport No , it has only happened to my devices that I have up dated","@567885 We can help! Could you let us know which type of printer you are working with? Also, which version of iOS 11 is installed? @567885 We are glad to help. Are there any updates available for the printer? The HP support page would be a good place to check first. @567885 Let's meet up in DM to discuss this further. https://t.co/GDrqU22YpT @567885 Let's meet up in DM to discuss this further. You can do that here: https://t.co/GDrqU22YpT"
1020,CASE_004887,1925550,@115858 iOS 11.0.3 update is terrible. Phone battery not lasting plus phone spontaneously mutes itself! Any help please?!?,BATTERY_CHARGING_POWER,AUDIO_SOUND_SPEAKER,0.7581,CASE_007399,2,2.0,"['AUDIO_SOUND_SPEAKER', 'BATTERY_CHARGING_POWER', 'BATTERY_CHARGING_POWER']","['AUDIO_SOUND_SPEAKER', 'BATTERY_CHARGING_POWER', 'BATTERY_CHARGING_POWER', 'APP_CRASH_AND_DOWNLOAD', 'BATTERY_CHARGING_POWER']","['CASE_005682', 'CASE_007399', 'CASE_000874']","['CASE_005682', 'CASE_007399', 'CASE_000874', 'CASE_000880', 'CASE_000002']",@AppleSupport care to explain why the latest update has ruined my phone? Can’t hear anybody that I call and my battery vanishes after 4 hours or so. Phone was fine before the update... @AppleSupport Right. I updated to iOS 11.1.1 and it’s fixed my phone ringing issue. But my battery has got even worse and my phone will freeze about 5 times a day when I click an app.,"@662356 We’re excited to work together toward a fix. To begin, which iPhone model and iOS 11 version are you using? Additionally, let’s run through each step in this support article for issues with not being able to hear your callers: https://t.co/XlmCP2gCtj @662356 Let's take a closer look in DM. Does restarting help at all? https://t.co/GDrqU22YpT"
1021,CASE_003347,1445695,"Oh here we go again, @AppleSupport, 1GB+ of iOS update being pushed to my phone over and over, forcing manual deletion. Same for 11 as 10. @AppleSupport I don't want the update. That was my whole point. @AppleSupport Hi, you asked if you can help. So... How do I stop iOS updates from automatically downloading? Deleted two so far: 2.6GB of unwanted data.",OS_UPDATE_SYSTEM_PERFORMANCE,APP_STORE_PURCHASES_BILLING,0.7115,CASE_002640,2,2.0,"['APP_STORE_PURCHASES_BILLING', 'OS_UPDATE_SYSTEM_PERFORMANCE', 'CONNECTIVITY_WIFI_BLUETOOTH']","['APP_STORE_PURCHASES_BILLING', 'OS_UPDATE_SYSTEM_PERFORMANCE', 'CONNECTIVITY_WIFI_BLUETOOTH', 'CONNECTIVITY_WIFI_BLUETOOTH', 'CONNECTIVITY_WIFI_BLUETOOTH']","['CASE_007745', 'CASE_002640', 'CASE_006949']","['CASE_007745', 'CASE_002640', 'CASE_006949', 'CASE_006875', 'CASE_000433']",Does anyone know how to turn off the @115858 ios push updates FOREVER? Keeps downloading in the background using me space. Ill never ever update to ios 11 on iPhone 6 ever‼️,"@804168 If you don't want new updates to be downloaded automatically, you can turn this off by going to Settings &gt; iTunes &amp; App Store &gt; Turn off automatic downloads for updates.

Next, go to Settings &gt; General &gt; iPhone Storage and ensure there's no downloaded updates."
1022,CASE_002047,820691,"@AppleSupport I have an i7+ and os11 is the buggiest software ever!  Jurkey, battery sucking, mess!  Stop move to  palace and kill bugs. @AppleSupport Thank you for the response. Yes, it is up to date. All apps with updates done.  Heavy user for years. iPhone locked up today. Need reboot. @AppleSupport Updated the morning it was released.  No specific app. Lockup today was leaving Messages. @AppleSupport Waited a very few minutes than restarted.  Can wait if it locks again and report. @AppleSupport Thanks! 📱",BATTERY_CHARGING_POWER,KEYBOARD_TYPING_AUTOCORRECT,0.6988,N/A,Missing (>10),,"['KEYBOARD_TYPING_AUTOCORRECT', 'DISPLAY_TOUCH_SCREEN', 'OS_UPDATE_SYSTEM_PERFORMANCE']","['KEYBOARD_TYPING_AUTOCORRECT', 'DISPLAY_TOUCH_SCREEN', 'OS_UPDATE_SYSTEM_PERFORMANCE', 'APP_CRASH_AND_DOWNLOAD', 'ACCOUNT_APPLEID_ICLOUD']","['CASE_004633', 'CASE_001229', 'CASE_006849']","['CASE_004633', 'CASE_001229', 'CASE_006849', 'CASE_006063', 'CASE_002153']","@AppleSupport iOS 11 horrible.  Screens lock up, keyboard types in slow mo, apps freeze, can’t type letter “I️”. Apple used to = no glitch @AppleSupport Thanks.  Not a problem with my phone,  problem with the latest iOS update.  Installed 11.1 and it seems even glitchier than 11.0",@532935 We know how much your iPhone means to you. Let's work on it together. Join us in DM. https://t.co/GDrqU22YpT @532935 We'd like to review this further for you. Please DM us to get started. https://t.co/GDrqU22YpT
1026,CASE_004520,1758726,👁’m gonna use 👁 when 👁 got tweet some shit that start with 👁 til @115858 get they shit together,GENERAL_DEVICE_INQUIRY,KEYBOARD_TYPING_AUTOCORRECT,0.5847,CASE_007871,2,2.0,"['KEYBOARD_TYPING_AUTOCORRECT', 'GENERAL_DEVICE_INQUIRY', 'GENERAL_DEVICE_INQUIRY']","['KEYBOARD_TYPING_AUTOCORRECT', 'GENERAL_DEVICE_INQUIRY', 'GENERAL_DEVICE_INQUIRY', 'GENERAL_DEVICE_INQUIRY', 'GENERAL_DEVICE_INQUIRY']","['CASE_007405', 'CASE_007871', 'CASE_007059']","['CASE_007405', 'CASE_007871', 'CASE_007059', 'CASE_006223', 'CASE_005838']",@115858 wtf is this i shit going on?? I️ I️I️ I️ 😡😡😡,@771895 We are here to help. Please update to iOS 11.1.1: https://t.co/qODbOsp4wz
1029,CASE_006902,2577051,Plus This Is My 3rd iPhone In 3 Months I’m Seriously Fed Up With @115858 x @AppleSupport @AppleSupport MY PHONE WONT CHARGE. IT FREEZES. GLITCHES. THE WIFI WONT TURN OFF. ALL. @ ONCE. 3rd PHONE SINCE SEPTEMBER 😴😴,CONNECTIVITY_WIFI_BLUETOOTH,GENERAL_DEVICE_INQUIRY,0.7431,N/A,Missing (>10),,"['GENERAL_DEVICE_INQUIRY', 'BATTERY_CHARGING_POWER', 'GENERAL_DEVICE_INQUIRY']","['GENERAL_DEVICE_INQUIRY', 'BATTERY_CHARGING_POWER', 'GENERAL_DEVICE_INQUIRY', 'GENERAL_DEVICE_INQUIRY', 'GENERAL_DEVICE_INQUIRY']","['CASE_000292', 'CASE_003185', 'CASE_007389']","['CASE_000292', 'CASE_003185', 'CASE_007389', 'CASE_000637', 'CASE_003199']","I just want to say... Iphone is a racket... I'm very disappointed in @115858, this glitchy SE is the worst 📱➡️🗑 @AppleSupport Constantly freezing... camera won't works... claims to be full even after removal of photos and several apps... etc etc @AppleSupport I dm'd you","@149726 We'd be glad to assist in any way we can. Can you give us some details of what you mean by your iPhone SE being ""glitchy""? @149726 Do you know what version of the iOS is on the device?  You can check under Settings &gt; General &gt; About &gt; Version. 

Let us know in Direct Message so we can take a closer look. https://t.co/GDrqU22YpT"
1031,CASE_004135,1659077,@AppleSupport everytime I️ type an “I️” it corrects it to this and I️ can’t stop it?? https://t.co/vrW7TTBcwx @AppleSupport thank you!,GENERAL_DEVICE_INQUIRY,HOW_TO_SETTINGS_CONFIGURATION,0.9018,CASE_004639,2,2.0,"['HOW_TO_SETTINGS_CONFIGURATION', 'GENERAL_DEVICE_INQUIRY', 'GENERAL_DEVICE_INQUIRY']","['HOW_TO_SETTINGS_CONFIGURATION', 'GENERAL_DEVICE_INQUIRY', 'GENERAL_DEVICE_INQUIRY', 'GENERAL_DEVICE_INQUIRY', 'GENERAL_DEVICE_INQUIRY']","['CASE_007493', 'CASE_004639', 'CASE_006011']","['CASE_007493', 'CASE_004639', 'CASE_006011', 'CASE_003701', 'CASE_004229']",@applesupport everytime I️ type the word “I️” this happens. How do I️ fix this? @AppleSupport That worked thank you!,"@777951 Thanks for reaching out. We recently released iOS 11.1.2, so let’s go ahead and upgrade to that latest version, then let us know how things go from there. This article will guide you: https://t.co/80YRnjDFDk @777951 Great. We’re glad everything is working as expected. If you ever need us in the future, feel free to reach out. We're here to help."
1034,CASE_002091,845855,"@AppleSupport just me or is Display Calibrator Assistant broken in 10.13, skips past ""Set Up"" stage so you can only alter the white point? @AppleSupport Thanks, I hadn't tried turning off ""Automatically adjust brightness"" before, but I have now and I'm afraid the problem remains. https://t.co/deU8cUyXWe",DISPLAY_TOUCH_SCREEN,GENERAL_DEVICE_INQUIRY,0.6384,CASE_006077,2,2.0,"['GENERAL_DEVICE_INQUIRY', 'DISPLAY_TOUCH_SCREEN', 'DISPLAY_TOUCH_SCREEN']","['GENERAL_DEVICE_INQUIRY', 'DISPLAY_TOUCH_SCREEN', 'DISPLAY_TOUCH_SCREEN', 'DISPLAY_TOUCH_SCREEN', 'DISPLAY_TOUCH_SCREEN']","['CASE_002695', 'CASE_006077', 'CASE_002044']","['CASE_002695', 'CASE_006077', 'CASE_002044', 'CASE_003492', 'CASE_000876']",HEY @AppleSupport LET ME BE ABLE TO TURN OFF THE DAMN AUTOBRIGHTNESS. #problemswithios11 @AppleSupport THANK YOU 😊,@388048 Certainly. Tap Settings &gt; General &gt; Accessibility &gt; Display Accommodations &gt; Auto-Brightness. @388048 You're most welcome!
1036,CASE_005764,2284456,Am I️ the only idiot that didn’t know the iCloud app won’t work if you update your iOS and don’t have the new phone? @115858 🤔 @AppleSupport I see now it’s been changed to the “FILES” app. Thx.,ACCOUNT_APPLEID_ICLOUD,DISPLAY_TOUCH_SCREEN,0.6295,CASE_007275,2,2.0,"['DISPLAY_TOUCH_SCREEN', 'ACCOUNT_APPLEID_ICLOUD', 'ACCOUNT_APPLEID_ICLOUD']","['DISPLAY_TOUCH_SCREEN', 'ACCOUNT_APPLEID_ICLOUD', 'ACCOUNT_APPLEID_ICLOUD', 'ACCOUNT_APPLEID_ICLOUD', 'ACCOUNT_APPLEID_ICLOUD']","['CASE_001064', 'CASE_007275', 'CASE_000771']","['CASE_001064', 'CASE_007275', 'CASE_000771', 'CASE_007566', 'CASE_006616']","@AppleSupport Hi, I can't seem to access any of my iCloud Drive files in the Files app. It just shows an empty screen :( @AppleSupport Yep, the files show up on https://t.co/XMAsUC9iD2 -- just not on iPhone @AppleSupport Just updated to iOS 11.2 beta 6 (15C114) and it solves my problem. Thanks","@230691 We use Files all the time, so we've got your back and would love to help. When you log into the iCloud website - https://t.co/MdGttkkFL9 - do you see your files there? Are these Pages files or documents that you uploaded by computer? Let us know in DM. https://t.co/GDrqU22YpT @230691 That's great. Let's go into Settings &gt; Apple ID &gt; iCloud and make sure that iCloud Drive is turned on. If it is, join us in DM using the following link and we'll dig in deeper. https://t.co/GDrqU22YpT @230691 Fantastic! We're glad to hear that you were able to get that resolved. If you need anything else, or if the issue returns, let us know. We love to help! Have a great day!"
1037,CASE_000370,184406,@115858 Videos in my photos are not playing ..I am using iPhone SE .. please help me playing my videos ! Thanks.,GENERAL_DEVICE_INQUIRY,OS_UPDATE_SYSTEM_PERFORMANCE,0.6508,CASE_006158,4,4.0,"['OS_UPDATE_SYSTEM_PERFORMANCE', 'OS_UPDATE_SYSTEM_PERFORMANCE', 'OS_UPDATE_SYSTEM_PERFORMANCE']","['OS_UPDATE_SYSTEM_PERFORMANCE', 'OS_UPDATE_SYSTEM_PERFORMANCE', 'OS_UPDATE_SYSTEM_PERFORMANCE', 'GENERAL_DEVICE_INQUIRY', 'CONNECTIVITY_WIFI_BLUETOOTH']","['CASE_007685', 'CASE_001798', 'CASE_001940']","['CASE_007685', 'CASE_001798', 'CASE_001940', 'CASE_006158', 'CASE_001689']","@AppleSupport I’ve been having trouble playing videos they play but then it goes back and plays the last couple seconds @AppleSupport Its the latest version ios 11.1.2 and on safari @AppleSupport Well i just tried watching videos on ither websited and it worked fine im guessing its just on that website. But it started on Friday after I did the software update. I just Updated to ios 11 version @AppleSupport Well i just tried watching videos on other websites and it worked fine, So im guessing its just on that website. But it started on Friday after I did the software update. I just Updated to ios 11 version @AppleSupport Thanks i actually found the app for the website amd it work fine didnt have problems but thank you anyways!","@797134 We're happy to look into this with you. What is your current iOS version? What app is this happening in? @797134 Thanks, does it happen with all videos, or just those on a particular website? @797134 If videos on other sites are working as expected, it does seem to be the site itself. We recommend reaching out to the web developers of the site itself. @797134 Glad to hear that things are working properly once again. Let us know if we can be of any other assistance."
1038,CASE_003967,1629832,"@AppleSupport WHY CANT I️ TYPE THE LETTER “I️” WYD ?!,!,!!?!,!, @AppleSupport GOD FUCKING DAMMIT HDJHXHAJS https://t.co/6Frb6EulW6",GENERAL_DEVICE_INQUIRY,KEYBOARD_TYPING_AUTOCORRECT,0.8355,CASE_005056,3,3.0,"['KEYBOARD_TYPING_AUTOCORRECT', 'KEYBOARD_TYPING_AUTOCORRECT', 'GENERAL_DEVICE_INQUIRY']","['KEYBOARD_TYPING_AUTOCORRECT', 'KEYBOARD_TYPING_AUTOCORRECT', 'GENERAL_DEVICE_INQUIRY', 'GENERAL_DEVICE_INQUIRY', 'GENERAL_DEVICE_INQUIRY']","['CASE_003720', 'CASE_004381', 'CASE_005056']","['CASE_003720', 'CASE_004381', 'CASE_005056', 'CASE_003374', 'CASE_006011']",. @AppleSupport why are some of us having problem typing the letter I️?,@486267 We'd like to help. Check out this article for assistance: https://t.co/xU1AGHStV6
1039,CASE_006227,2367742,@115858 😡 damn you - your stupid update wiped out my AppleMusic playlists...frustrated!!,OS_UPDATE_SYSTEM_PERFORMANCE,APP_STORE_PURCHASES_BILLING,0.7805,CASE_005706,7,7.0,"['APP_STORE_PURCHASES_BILLING', 'APP_STORE_PURCHASES_BILLING', 'APP_STORE_PURCHASES_BILLING']","['APP_STORE_PURCHASES_BILLING', 'APP_STORE_PURCHASES_BILLING', 'APP_STORE_PURCHASES_BILLING', 'ACCOUNT_APPLEID_ICLOUD', 'APP_STORE_PURCHASES_BILLING']","['CASE_003405', 'CASE_001775', 'CASE_006198']","['CASE_003405', 'CASE_001775', 'CASE_006198', 'CASE_003019', 'CASE_003979']",I lost all my music with this update @115948 @AppleSupport,@461035 We'd be happy to help out with your music. Is iCloud Music Library toggled ON in Settings &gt; Music?
1041,CASE_002348,945656,"Help! @AppleSupport iMovie keeps crashing! On forums I read people face same issues… can’t edit, export, whatever… re-install did not work. @AppleSupport The software iMovie keeps crashing… following the link it ends saying its not free to get phone support. And ends. @AppleSupport This is wierd! I reinstalled imovie. Appears to be 10.1.7 but bug report only offers 10.1.6? https://t.co/QSGDDyNx1L @AppleSupport Anyway, i want to edit a simple 15 min video and for days I am struggling to get at least iMovie working. Not my normal @115858 experience 😥 @AppleSupport In the App store you see many people complaining it crashes and can not be used anymore. Since 5 Oct orso. I can not edit movies anymore. @AppleSupport Submit bug report. Following url for ""discussion "", get a ""page not found"". You might want to test the user experience end2end here too 😉🤔😥 https://t.co/O2C3Tp33ZX @AppleSupport thanks Seems phoning is only step left. I will schedule a phonecall with support. thanks for reply.",APP_STORE_PURCHASES_BILLING,APP_CRASH_AND_DOWNLOAD,0.7548,N/A,Missing (>10),,"['APP_CRASH_AND_DOWNLOAD', 'OS_UPDATE_SYSTEM_PERFORMANCE', 'OS_UPDATE_SYSTEM_PERFORMANCE']","['APP_CRASH_AND_DOWNLOAD', 'OS_UPDATE_SYSTEM_PERFORMANCE', 'OS_UPDATE_SYSTEM_PERFORMANCE', 'HOW_TO_SETTINGS_CONFIGURATION', 'OS_UPDATE_SYSTEM_PERFORMANCE']","['CASE_006998', 'CASE_006368', 'CASE_001528']","['CASE_006998', 'CASE_006368', 'CASE_001528', 'CASE_006932', 'CASE_005820']","Anyone facing iMovie crashes with Mac OS Sierra update? Please help me with any fix? Cc: @115858 @AppleSupport @AppleSupport Sure, appreciate it!","@739964 Thanks for reaching out. Let's get you connected to our iMovie team. Please use this link to get in contact with them: https://t.co/IBIY3vMgPj
Select Apps &amp; Software &gt; Mac apps"
1043,CASE_003473,1507359,@AppleSupport 2/2 My name is there but not the apps I've purchased. We were able to share apps in iOS 10. @AppleSupport Thanks!,GENERAL_DEVICE_INQUIRY,OS_UPDATE_SYSTEM_PERFORMANCE,0.6482,CASE_003030,10,10.0,"['OS_UPDATE_SYSTEM_PERFORMANCE', 'OS_UPDATE_SYSTEM_PERFORMANCE', 'OS_UPDATE_SYSTEM_PERFORMANCE']","['OS_UPDATE_SYSTEM_PERFORMANCE', 'OS_UPDATE_SYSTEM_PERFORMANCE', 'OS_UPDATE_SYSTEM_PERFORMANCE', 'APP_STORE_PURCHASES_BILLING', 'OS_UPDATE_SYSTEM_PERFORMANCE']","['CASE_005633', 'CASE_007234', 'CASE_007262']","['CASE_005633', 'CASE_007234', 'CASE_007262', 'CASE_003931', 'CASE_000416']",@118936 need iOS 11 update to this app. How to contact the developer? #SriLanka #Sinhala @AppleSupport https://t.co/mxqJlquADC @AppleSupport Can’t search for developer contact @AppleSupport Thank you. Will check.,"@622403 We want to help with your iOS apps. Take a look at this link to help you contact the app developer: https://t.co/qNWT6DwJgw @622403 If an app you've previously installed is no longer available in the App Store, look for the app in your past purchases to find the app description and developer contact information. Here's a guide with the steps to see your past purchases: https://t.co/aI2ywuA300 @622403 You're welcome. Make sure to let us know if you need us again."
1047,CASE_002162,864406,@AppleSupport y’all updatesbe messing up a sista’s phone 😤😩😫 @AppleSupport I went to the apple store and they fixed the issue,GENERAL_DEVICE_INQUIRY,OS_UPDATE_SYSTEM_PERFORMANCE,0.7929,N/A,Missing (>10),,"['OS_UPDATE_SYSTEM_PERFORMANCE', 'OS_UPDATE_SYSTEM_PERFORMANCE', 'OS_UPDATE_SYSTEM_PERFORMANCE']","['OS_UPDATE_SYSTEM_PERFORMANCE', 'OS_UPDATE_SYSTEM_PERFORMANCE', 'OS_UPDATE_SYSTEM_PERFORMANCE', 'OS_UPDATE_SYSTEM_PERFORMANCE', 'OS_UPDATE_SYSTEM_PERFORMANCE']","['CASE_002228', 'CASE_007005', 'CASE_005902']","['CASE_002228', 'CASE_007005', 'CASE_005902', 'CASE_000832', 'CASE_004839']",Dear @115858 @AppleSupport please fix this shit update bug! I have to turn my phone off &amp; on to get it back normal. 🙄 https://t.co/fcebRsOYhW @AppleSupport  https://t.co/J7PlLSZhpx @AppleSupport The issue occurred when I updated with the update last week. It doesn’t allow me to update with the new update @AppleSupport Updated finally to newest update let’s see if that helps thanks,"@205411 You've come to the right place for help. To begin, can you tell us what iOS version you're currently using? @205411 iOS 11.0.3 is available. Does the issue persist if you update the iOS? Steps can be found here: https://t.co/80YRnjDFDk @205411 Do you get an error when you try to update?  Have you tried updating via iTunes on a computer? @205411 No problem. If that behavior still continues, just let us know via a DM. We’ll keep moving forward from there. https://t.co/GDrqU22YpT"
1049,CASE_007546,2805993,Hey @AppleSupport the new version of iTunes has erased all the special ring tones from my iPhone and there's no way to get them back! Please fix this terrible change!,APP_STORE_PURCHASES_BILLING,HOW_TO_SETTINGS_CONFIGURATION,0.7636,CASE_006396,4,4.0,"['HOW_TO_SETTINGS_CONFIGURATION', 'AUDIO_SOUND_SPEAKER', 'GENERAL_DEVICE_INQUIRY']","['HOW_TO_SETTINGS_CONFIGURATION', 'AUDIO_SOUND_SPEAKER', 'GENERAL_DEVICE_INQUIRY', 'APP_STORE_PURCHASES_BILLING', 'AUDIO_SOUND_SPEAKER']","['CASE_002119', 'CASE_006338', 'CASE_004987']","['CASE_002119', 'CASE_006338', 'CASE_004987', 'CASE_006396', 'CASE_000638']",@AppleSupport Why aren’t my ring tones under downloaded? How do I get them back? @AppleSupport thx,@322325 We can help. You can find purchased ringtones by following the instructions here: https://t.co/Pm4DavkQln @322325 You're welcome. We're happy to help.
1050,CASE_004595,1769295,"I️ vote like someone who is concerned that the bands they like to listen to are popular among too large a group. By the way, Twitter, I️ see what you did with the character counter. Clever to hide numerals. I️ so enjoy being part of your experiment. Oh now it says 12 left. 3. Oh and @115858 please fix this I️ bug it’s driving everyone insane @AppleSupport Thanks. I’ve just made the change and I am now eager to see whether I have fixed the problem with the I️. @AppleSupport Apparently not! @AppleSupport It’s okay. I’ll just suffer with what dignity I have left until the bug is fixed.",GENERAL_DEVICE_INQUIRY,OS_UPDATE_SYSTEM_PERFORMANCE,0.5207,CASE_001751,2,2.0,"['OS_UPDATE_SYSTEM_PERFORMANCE', 'GENERAL_DEVICE_INQUIRY', 'GENERAL_DEVICE_INQUIRY']","['OS_UPDATE_SYSTEM_PERFORMANCE', 'GENERAL_DEVICE_INQUIRY', 'GENERAL_DEVICE_INQUIRY', 'KEYBOARD_TYPING_AUTOCORRECT', 'GENERAL_DEVICE_INQUIRY']","['CASE_005895', 'CASE_001751', 'CASE_000131']","['CASE_005895', 'CASE_001751', 'CASE_000131', 'CASE_006361', 'CASE_004506']",@115858 needs to get it together here. This glitch where you can’t use the letter “i” is infuriating. @AppleSupport so far that seems to work. Thank you,@667096 We're glad you reached out! This issue has been fixed with the latest iOS 11.1.1 update. You can find out more information here: https://t.co/xXaXeeSRt9 Be sure to back up your iPhone before updating.
1051,CASE_005421,2178041,"@AppleSupport Hi! Apparently Numbers will export .csv with commas or semicolons as separators depending on your language settings. Why can’t it be consistent worldwide?
I opened a topic. https://t.co/Kx29Vl0Cq2 @AppleSupport Thanks.",HOW_TO_SETTINGS_CONFIGURATION,OS_UPDATE_SYSTEM_PERFORMANCE,0.4445,N/A,Missing (>10),,"['OS_UPDATE_SYSTEM_PERFORMANCE', 'KEYBOARD_TYPING_AUTOCORRECT', 'GENERAL_DEVICE_INQUIRY']","['OS_UPDATE_SYSTEM_PERFORMANCE', 'KEYBOARD_TYPING_AUTOCORRECT', 'GENERAL_DEVICE_INQUIRY', 'GENERAL_DEVICE_INQUIRY', 'GENERAL_DEVICE_INQUIRY']","['CASE_006377', 'CASE_006297', 'CASE_004414']","['CASE_006377', 'CASE_006297', 'CASE_004414', 'CASE_003954', 'CASE_005256']","@AppleSupport why are all my saved numbers doing this? https://t.co/evKeoCAZRw @AppleSupport No changes at all, it just happened when I woke up and checked my texts this morning. Restarted my phone twice but nothing happened, but I did fix it by using the “import SIM contacts” option, I guess my phone just forgot the contacts for some reason? @AppleSupport Seems like a glitch because I didn’t change any options in the beginning to cause this.",@117660 Thanks for bringing this to our attention. How long have you had this issue? Did this occur after making any changes to your phone such as updating the software? @117660 We're glad to hear that the issue has been resolved. Let's go to Settings&gt; General&gt; About and let us know which software version is running on your phone. https://t.co/GDrqU22YpT
1052,CASE_002167,865932,"@AppleSupport how to get rid of familyshare setting_it’s upsetting me every time when I try to update any app from my one iPhone, and it asks me password of my other itune account_I changed passwords too but it’s same. @AppleSupport Family share is not ON in any of my iPhones but it’s still keep asking me wrong Apple ID @AppleSupport Yes I did and it’s ok now but I downloaded these apps in every new apple account...so each of my account has these apps...I don’t want to mix them... @AppleSupport Thanks apple",ACCOUNT_APPLEID_ICLOUD,APP_STORE_PURCHASES_BILLING,0.5882,CASE_004755,4,4.0,"['APP_STORE_PURCHASES_BILLING', 'OS_UPDATE_SYSTEM_PERFORMANCE', 'APP_STORE_PURCHASES_BILLING']","['APP_STORE_PURCHASES_BILLING', 'OS_UPDATE_SYSTEM_PERFORMANCE', 'APP_STORE_PURCHASES_BILLING', 'ACCOUNT_APPLEID_ICLOUD', 'APP_STORE_PURCHASES_BILLING']","['CASE_002821', 'CASE_003409', 'CASE_001707']","['CASE_002821', 'CASE_003409', 'CASE_001707', 'CASE_004755', 'CASE_000366']",@AppleSupport : How do I upgrade my Apple Music subscription to Family sharing? @AppleSupport Thanks... That worked.,@263299 We'd like to help! Check out this article: https://t.co/Axn8d2wJz2 @263299 Awesome. Have a great day!
1056,CASE_005616,2261443,@115858 please fix the I️ am issue it’s driving me nuts. @AppleSupport 🙏🏼 thank you!!!,GENERAL_DEVICE_INQUIRY,HOW_TO_SETTINGS_CONFIGURATION,0.9208,CASE_006686,2,2.0,"['HOW_TO_SETTINGS_CONFIGURATION', 'GENERAL_DEVICE_INQUIRY', 'GENERAL_DEVICE_INQUIRY']","['HOW_TO_SETTINGS_CONFIGURATION', 'GENERAL_DEVICE_INQUIRY', 'GENERAL_DEVICE_INQUIRY', 'GENERAL_DEVICE_INQUIRY', 'GENERAL_DEVICE_INQUIRY']","['CASE_004093', 'CASE_006686', 'CASE_007229']","['CASE_004093', 'CASE_006686', 'CASE_007229', 'CASE_005263', 'CASE_004167']",@115858 fix this stupid I️ issue. It’s driving me crazy @AppleSupport Someone else told me how to fix it! Thank you though,@503744 Here’s what you can do to work around the issue until it’s fixed in a future software update: https://t.co/xXaXeeSRt9
1058,CASE_006201,2360337,@AppleSupport the activity feature on my watch has been acting up since daylight savings time ended on nov 5. I️ already tried restarting it. Any suggestions?,HOW_TO_SETTINGS_CONFIGURATION,GENERAL_DEVICE_INQUIRY,0.6795,CASE_002571,2,2.0,"['GENERAL_DEVICE_INQUIRY', 'HOW_TO_SETTINGS_CONFIGURATION', 'KEYBOARD_TYPING_AUTOCORRECT']","['GENERAL_DEVICE_INQUIRY', 'HOW_TO_SETTINGS_CONFIGURATION', 'KEYBOARD_TYPING_AUTOCORRECT', 'GENERAL_DEVICE_INQUIRY', 'GENERAL_DEVICE_INQUIRY']","['CASE_005991', 'CASE_002571', 'CASE_003165']","['CASE_005991', 'CASE_002571', 'CASE_003165', 'CASE_001901', 'CASE_003383']",".@AppleSupport you still haven’t fixed it. I’m about to return my Apple Watch because I’m not down to pay $15?/month for something that doesn’t work. Just like the first Apple Watch I bought, another half baked product. https://t.co/WzY8PKAk47","@668811 We'd love to look into this with you. Please join us in DM and let us know which version of iOS is installed on your iPhone, as well as which version of watchOS is installed on your Watch. https://t.co/GDrqU22YpT"
1062,CASE_000379,187425,"@AppleSupport My phone came back from Apple service centre and now, I can’t find any of my Apple Music songs or playlist even after log in. @AppleSupport Ok, you just fixed this. Thank you!
Maybe you can streamline this process.",ACCOUNT_APPLEID_ICLOUD,APP_STORE_PURCHASES_BILLING,0.7372,CASE_003422,5,5.0,"['APP_STORE_PURCHASES_BILLING', 'APP_STORE_PURCHASES_BILLING', 'APP_STORE_PURCHASES_BILLING']","['APP_STORE_PURCHASES_BILLING', 'APP_STORE_PURCHASES_BILLING', 'APP_STORE_PURCHASES_BILLING', 'APP_STORE_PURCHASES_BILLING', 'ACCOUNT_APPLEID_ICLOUD']","['CASE_006121', 'CASE_007393', 'CASE_001775']","['CASE_006121', 'CASE_007393', 'CASE_001775', 'CASE_000768', 'CASE_003422']","@AppleSupport can you guys just fix the music app,this is very embarrassing considering how much we pay for your services 👎🏾 @AppleSupport After my update my Apple Music didn’t work,I had reset and restore so it’s sorted now",@677809 Thanks for reaching out to us. We are always happy to help. Can you tell us what's going on with your Music app? @677809 Thanks for following up. Let us know if anything else comes up.
1064,CASE_007495,2787848,"@AppleSupport so, iPhone X and Watch 3 - my Nike and Nokia Health apps won’t sign in - I use both daily, please help I’ve tried everything. @77189 @129913 @AppleSupport @77189 @129913  https://t.co/VZUJphdsvR @AppleSupport Sure - both the latest updates @AppleSupport  https://t.co/IB7bcsnhvv @AppleSupport  https://t.co/cBJnV2gWmK @AppleSupport I’ve updated from iPhone 8 Plus recently -
Something may have happened during the upgrade to the X @AppleSupport Disagree. Why are loads of apps all doing the same since I upgraded to iPhone X - all worked fine before. @AppleSupport You want me to contact a dozen App developers... odd suggestion. @AppleSupport All these apps can not connect to iPhone https://t.co/emQ0rHCZrj @AppleSupport It’s a Watch / iPhone X problem. @AppleSupport All apps with a log in won’t log in to iPhone https://t.co/oTMpqjIKWb @AppleSupport Even your own https://t.co/9WQPEzafnZ @AppleSupport Done - when will I get a reply ? (Been waiting 15mins on DM)",ACCOUNT_APPLEID_ICLOUD,APP_STORE_PURCHASES_BILLING,0.6736,CASE_000163,5,5.0,"['APP_STORE_PURCHASES_BILLING', 'DISPLAY_TOUCH_SCREEN', 'OS_UPDATE_SYSTEM_PERFORMANCE']","['APP_STORE_PURCHASES_BILLING', 'DISPLAY_TOUCH_SCREEN', 'OS_UPDATE_SYSTEM_PERFORMANCE', 'APP_STORE_PURCHASES_BILLING', 'ACCOUNT_APPLEID_ICLOUD']","['CASE_004621', 'CASE_000127', 'CASE_005861']","['CASE_004621', 'CASE_000127', 'CASE_005861', 'CASE_003265', 'CASE_000163']",Anyone else having issues with Apples App Store? I’ve tried signing out and in but still not updating any apps they just keep loading 😭 @AppleSupport @AppleSupport 11.1 and the iPhone X @AppleSupport Ok turning the phone off and on worked thanks,@532636 Let's look at this together! Which software version and device are you using? @532636 Are you using Cellular Data or Wi-Fi? Does the issue continue if you restart the device?
1069,CASE_001767,686911,MY IPHONE JUST GAVE ME A DAMN HEART ATTACK BY DELETING EVERYTHING IN MY CAMERA ROLL! Now it’s trying to restore everything. Omg fuck @115858. You’re hopeless. @115858 Oh my god thank you so much for restoring my photos after you deleted them @115858. But now they’re all out of order &amp; I have to sort through over 3000+ pics &amp; videos. THANK YOU. Fanfuckingtastic. https://t.co/Qh66GqJxFN,DISPLAY_TOUCH_SCREEN,GENERAL_DEVICE_INQUIRY,0.7186,N/A,Missing (>10),,"['GENERAL_DEVICE_INQUIRY', 'ACCOUNT_APPLEID_ICLOUD', 'GENERAL_DEVICE_INQUIRY']","['GENERAL_DEVICE_INQUIRY', 'ACCOUNT_APPLEID_ICLOUD', 'GENERAL_DEVICE_INQUIRY', 'GENERAL_DEVICE_INQUIRY', 'ACCOUNT_APPLEID_ICLOUD']","['CASE_003782', 'CASE_000355', 'CASE_006158']","['CASE_003782', 'CASE_000355', 'CASE_006158', 'CASE_006544', 'CASE_002809']",Is @115858 having a bad day because my photos hav been deleted off my #iphone ???? @AppleSupport Thank you for your response. DM sent and have a good morning,@488587 Let's look into that. Send us a DM and we'll go from there. https://t.co/GDrqU22YpT
1070,CASE_002241,889528,"@AppleSupport i have an iphone 8 plus and my reachability has stopped working. should i restart the phone? @AppleSupport thanks, it helped! any reason on why it would do that??",OS_UPDATE_SYSTEM_PERFORMANCE,GENERAL_DEVICE_INQUIRY,0.6685,CASE_002732,7,7.0,"['GENERAL_DEVICE_INQUIRY', 'HOW_TO_SETTINGS_CONFIGURATION', 'GENERAL_DEVICE_INQUIRY']","['GENERAL_DEVICE_INQUIRY', 'HOW_TO_SETTINGS_CONFIGURATION', 'GENERAL_DEVICE_INQUIRY', 'GENERAL_DEVICE_INQUIRY', 'GENERAL_DEVICE_INQUIRY']","['CASE_004767', 'CASE_002871', 'CASE_006732']","['CASE_004767', 'CASE_002871', 'CASE_006732', 'CASE_003462', 'CASE_003951']","why does my phone always do this dumb shit https://t.co/FFlBuwY7yO @AppleSupport what the fuck is up apple, step the fuck up @AppleSupport what does reach ability mean","@450805 You may have invoked Reachability. You can disable that by going to Settings &gt; General &gt; Accessibility &gt; Reachability. @450805 On supported models, Reachability brings items at the top of the screen down to the lower half of the screen."
1071,CASE_001152,520199,"Dear @115858, 

My six-year old son Just asked Siri, (on my locked phone) whilst holding down the ‘home bottom’ to call his mum, and she did! 

Apple, update Siri before katakata (consult 🇳🇬-lingo dictionary) will blow! 

Very concerned iPhone 7-plus user",OS_UPDATE_SYSTEM_PERFORMANCE,GENERAL_DEVICE_INQUIRY,0.6807,CASE_005888,2,2.0,"['GENERAL_DEVICE_INQUIRY', 'OS_UPDATE_SYSTEM_PERFORMANCE', 'GENERAL_DEVICE_INQUIRY']","['GENERAL_DEVICE_INQUIRY', 'OS_UPDATE_SYSTEM_PERFORMANCE', 'GENERAL_DEVICE_INQUIRY', 'OS_UPDATE_SYSTEM_PERFORMANCE', 'GENERAL_DEVICE_INQUIRY']","['CASE_007595', 'CASE_005888', 'CASE_001858']","['CASE_007595', 'CASE_005888', 'CASE_001858', 'CASE_001606', 'CASE_007273']","@AppleSupport hi, for some reason Siri isn’t available on my iphone7 anymore! Please support https://t.co/AJgMcL5MH0 @AppleSupport It’s On https://t.co/yEqOokCLDI @AppleSupport It’s 11.1.2 - Siri is now appeared after I turn on and off the restrictions. Thanks a lot Apple support team I really appreciate your kind support. https://t.co/TQAFy2xEIm","@789356 Hey, we can help you figure out what's going on with Siri. First, let's check Restrictions. Go to Settings &gt; General &gt; Restrictions, and make sure that Siri &amp; Dictation isn't off. @789356 Which iOS is on your iPhone? You can find out by going to Settings &gt; General &gt; About. Have there been any changes in your iPhone or new apps downloaded recently? @789356 Great. We are glad everything is back to normal. If you ever need us in the future, feel free to reach out. We're here to help."
1073,CASE_005807,2286963,@115858 why your update mess my phone up? Always replacing my I’s with this. https://t.co/iP51he7zwl,OS_UPDATE_SYSTEM_PERFORMANCE,GENERAL_DEVICE_INQUIRY,0.8355,CASE_000468,3,3.0,"['GENERAL_DEVICE_INQUIRY', 'GENERAL_DEVICE_INQUIRY', 'OS_UPDATE_SYSTEM_PERFORMANCE']","['GENERAL_DEVICE_INQUIRY', 'GENERAL_DEVICE_INQUIRY', 'OS_UPDATE_SYSTEM_PERFORMANCE', 'OS_UPDATE_SYSTEM_PERFORMANCE', 'OS_UPDATE_SYSTEM_PERFORMANCE']","['CASE_002434', 'CASE_007081', 'CASE_000468']","['CASE_002434', 'CASE_007081', 'CASE_000468', 'CASE_006924', 'CASE_001659']",@115858 Your updates screwed my phone up. Dummies.,@356259 Let's work together and see what's going on with your iPhone. Which iOS version is in Settings &gt; General &gt; About?
1075,CASE_001110,505106,@115858 please fix this auto brightness. Drains my battery @AppleSupport Thank You!,BATTERY_CHARGING_POWER,DISPLAY_TOUCH_SCREEN,0.8423,CASE_005564,3,3.0,"['DISPLAY_TOUCH_SCREEN', 'DISPLAY_TOUCH_SCREEN', 'BATTERY_CHARGING_POWER']","['DISPLAY_TOUCH_SCREEN', 'DISPLAY_TOUCH_SCREEN', 'BATTERY_CHARGING_POWER', 'BATTERY_CHARGING_POWER', 'DISPLAY_TOUCH_SCREEN']","['CASE_001712', 'CASE_007645', 'CASE_005564']","['CASE_001712', 'CASE_007645', 'CASE_005564', 'CASE_001962', 'CASE_002830']",@115858 did you get rid of the option for me to turn off auto brightness? #annoying @AppleSupport Thank you! Before it was so much easier tho,"@275666 We appreciate wanting to control the brightness of your screen. Are you using an iOS 11 device? If so, go to Settings &gt; General &gt; Accessibility &gt; Display Accommodations to adjust Auto-Brightness. Here's more details: https://t.co/bkqEVCrK2l @275666 You're most welcome! If you ever need any help, please let us know. Have a great day!"
1078,CASE_002715,1146032,"Hola @AppleSupport para cuando #applepay compatible con tarjetas ING? @48556 
Gracias. @AppleSupport Ah okey, dont worry i can in english. Question: When will it be available #applepay for ING Bank ? @48556 
Thanks!",GENERAL_DEVICE_INQUIRY,OS_UPDATE_SYSTEM_PERFORMANCE,0.5787,CASE_002079,3,3.0,"['OS_UPDATE_SYSTEM_PERFORMANCE', 'HOW_TO_SETTINGS_CONFIGURATION', 'GENERAL_DEVICE_INQUIRY']","['OS_UPDATE_SYSTEM_PERFORMANCE', 'HOW_TO_SETTINGS_CONFIGURATION', 'GENERAL_DEVICE_INQUIRY', 'ACCOUNT_APPLEID_ICLOUD', 'CONNECTIVITY_WIFI_BLUETOOTH']","['CASE_001440', 'CASE_001557', 'CASE_002079']","['CASE_001440', 'CASE_001557', 'CASE_002079', 'CASE_006920', 'CASE_001513']",On #iOS 11.2 and can’t find #Applepay cash in settings? @AppleSupport @115858 #iphonex @AppleSupport Ok! I thought it was going to be available right away after updating. Thank you so much!,"@254347 We're excited for Apple Pay Cash too! If you're in the US, those features will require iOS 11.2 and will begin rolling out early next week. @254347 You're very welcome! If you need us down the road, we're here daily from 5am until 8pm Pacific time. Enjoy the rest of the weekend."
1079,CASE_001079,489687,"@123765 @115858 Well, so I write this nice tweet about our favorite Japanese restaurant. I decide to geo-locate. Twitter wants permission to locate the phone, pops up the keyboard at the same time. Now the app is locked. Only way out is closing Twitter altogether. https://t.co/Q9KEKfOSIH @AppleSupport Yes. @AppleSupport one-time issue",KEYBOARD_TYPING_AUTOCORRECT,GENERAL_DEVICE_INQUIRY,0.5986,N/A,Missing (>10),,"['GENERAL_DEVICE_INQUIRY', 'GENERAL_DEVICE_INQUIRY', 'OS_UPDATE_SYSTEM_PERFORMANCE']","['GENERAL_DEVICE_INQUIRY', 'GENERAL_DEVICE_INQUIRY', 'OS_UPDATE_SYSTEM_PERFORMANCE', 'GENERAL_DEVICE_INQUIRY', 'OS_UPDATE_SYSTEM_PERFORMANCE']","['CASE_002366', 'CASE_002066', 'CASE_004014']","['CASE_002366', 'CASE_002066', 'CASE_004014', 'CASE_005157', 'CASE_003955']",@AppleSupport My Twitter app for iPhone doesn't work. Could you give support? Please @AppleSupport the problem has already been solved Assistance is no longer necessary. Thank you,@346409 We’d be happy to help. Please DM us and let us know what’s happening. https://t.co/GDrqU2kzhr
1083,CASE_003228,1395110,"@AppleSupport hi, I can’t get any apps to download. I’ve tried a forced restart, changing and resetting the language etc - any suggestions? @AppleSupport Thanks - when I try to click to download it the wee circle just spins and nothing happens other than that.",OS_UPDATE_SYSTEM_PERFORMANCE,APP_STORE_PURCHASES_BILLING,0.8322,CASE_006957,2,2.0,"['APP_STORE_PURCHASES_BILLING', 'OS_UPDATE_SYSTEM_PERFORMANCE', 'APP_STORE_PURCHASES_BILLING']","['APP_STORE_PURCHASES_BILLING', 'OS_UPDATE_SYSTEM_PERFORMANCE', 'APP_STORE_PURCHASES_BILLING', 'APP_STORE_PURCHASES_BILLING', 'APP_STORE_PURCHASES_BILLING']","['CASE_005741', 'CASE_006957', 'CASE_002096']","['CASE_005741', 'CASE_006957', 'CASE_002096', 'CASE_002697', 'CASE_006594']",Hey @115858 I can’t seem to download apps from the App Store since yesterday. After I hit “get” it spins but never initiated @AppleSupport It worked! Thanks so much. Could have sworn I have since the problem started but oh well. Thanks!,"@663342 Thank you for reaching out. We know how important it is to be able to download and update apps. To start, have you tried to restart the iPhone since this started happening? @663342 No worries, we're just glad that worked for you. If you have any other questions or concerns, don't hesitate to let us know."
1084,CASE_000623,286211,Getting distorted outgoing Voice msg quality w the last update to #iPhone &amp; #WhatsApp @4305 @AppleSupport Bluetooth is off but sounds on @AppleSupport Seems like the update that just came out from both @AppleSupport &amp; @4305 fixed my issue. Thanks for listening &amp; caring. #iPhoneUpdate 👏🏻,CONNECTIVITY_WIFI_BLUETOOTH,AUDIO_SOUND_SPEAKER,0.6837,CASE_000586,9,9.0,"['AUDIO_SOUND_SPEAKER', 'AUDIO_SOUND_SPEAKER', 'AUDIO_SOUND_SPEAKER']","['AUDIO_SOUND_SPEAKER', 'AUDIO_SOUND_SPEAKER', 'AUDIO_SOUND_SPEAKER', 'AUDIO_SOUND_SPEAKER', 'AUDIO_SOUND_SPEAKER']","['CASE_000471', 'CASE_000906', 'CASE_001108']","['CASE_000471', 'CASE_000906', 'CASE_001108', 'CASE_002404', 'CASE_004725']","@AppleSupport ever since updating my iOS, nobody can hear my voice on calls. What’s the fix?? Work phone, urgent.",@170649 What version of iOS are you currently running? That can be found in Settings &gt; General &gt; About.
1085,CASE_007045,2633098,Ae @115858 que diabo é isso que geral inclusive eu com BUG na hora de digitar I’m ou I️ ou sei lá q caralho é esse que aparece uma interrogação dentro de um quadrado CONSERTA ESSA MERDA EU TENHO TOC @115858 @115858 PLEASE JUST FIX THIS SHIT IS ACTUALLY DRIVING ME CRAZY THANK YOU VERY MUCH,GENERAL_DEVICE_INQUIRY,KEYBOARD_TYPING_AUTOCORRECT,0.5709,CASE_004465,3,3.0,"['KEYBOARD_TYPING_AUTOCORRECT', 'OS_UPDATE_SYSTEM_PERFORMANCE', 'GENERAL_DEVICE_INQUIRY']","['KEYBOARD_TYPING_AUTOCORRECT', 'OS_UPDATE_SYSTEM_PERFORMANCE', 'GENERAL_DEVICE_INQUIRY', 'GENERAL_DEVICE_INQUIRY', 'GENERAL_DEVICE_INQUIRY']","['CASE_006375', 'CASE_002187', 'CASE_004465']","['CASE_006375', 'CASE_002187', 'CASE_004465', 'CASE_007006', 'CASE_006095']",How has @115858 still not fixed this I️m fiasco,"@692990 Great news. The issue was fixed in iOS 11.1.1. To update to the latest version of iOS, go to Settings &gt; General &gt; Software Update and tap Download and Install. We recommend having a current backup prior to updating. If you have any questions, just let us know."
1087,CASE_003766,1585326,Hey @115858 ... fix your operating system and fire the incompetent people that made it. #iOS #iOS11 I️ I️ I️ I️ I️,OS_UPDATE_SYSTEM_PERFORMANCE,GENERAL_DEVICE_INQUIRY,0.7496,CASE_002175,3,3.0,"['GENERAL_DEVICE_INQUIRY', 'HOW_TO_SETTINGS_CONFIGURATION', 'OS_UPDATE_SYSTEM_PERFORMANCE']","['GENERAL_DEVICE_INQUIRY', 'HOW_TO_SETTINGS_CONFIGURATION', 'OS_UPDATE_SYSTEM_PERFORMANCE', 'OS_UPDATE_SYSTEM_PERFORMANCE', 'OS_UPDATE_SYSTEM_PERFORMANCE']","['CASE_002092', 'CASE_006034', 'CASE_002175']","['CASE_002092', 'CASE_006034', 'CASE_002175', 'CASE_003146', 'CASE_005716']",#ios1103 won't install... Congrats @115858,@321047 We can help with the iOS 11.0.3 installation. Check out this article for things to try: https://t.co/Ui1yTnOCUz
1088,CASE_005833,2292783,"Clemens finds Marcus McCoy for a 36-yard touchdown. The two-point attempt is good, but I️t didn’t look like I️t. Refs are horrible today. 31-15 BU with 55 seconds left in the third quarter. Hey @115858 can we get this stupid glitch fixed please?",KEYBOARD_TYPING_AUTOCORRECT,OS_UPDATE_SYSTEM_PERFORMANCE,0.4637,N/A,Missing (>10),,"['OS_UPDATE_SYSTEM_PERFORMANCE', 'OS_UPDATE_SYSTEM_PERFORMANCE', 'OS_UPDATE_SYSTEM_PERFORMANCE']","['OS_UPDATE_SYSTEM_PERFORMANCE', 'OS_UPDATE_SYSTEM_PERFORMANCE', 'OS_UPDATE_SYSTEM_PERFORMANCE', 'OS_UPDATE_SYSTEM_PERFORMANCE', 'OS_UPDATE_SYSTEM_PERFORMANCE']","['CASE_004272', 'CASE_004280', 'CASE_005324']","['CASE_004272', 'CASE_004280', 'CASE_005324', 'CASE_005774', 'CASE_003549']",Can someone explain to me why @115858 still hasn’t fixed this glitch? @AppleSupport Thanks!,@515187 Here’s what you can do to work around the issue until it’s fixed in a future software update: https://t.co/xXaXeeSRt9 @515187 You're quite welcome. Let us know if you have additional questions. Take care.
1089,CASE_006272,2373260,"@115858  @AppleSupport why haven’t you done anything about this “I️ “ @AppleSupport Great! I’m on the public beta, see there’s an update ready, hopefully that will do the trick!",OS_UPDATE_SYSTEM_PERFORMANCE,GENERAL_DEVICE_INQUIRY,0.87,CASE_005042,4,4.0,"['GENERAL_DEVICE_INQUIRY', 'GENERAL_DEVICE_INQUIRY', 'GENERAL_DEVICE_INQUIRY']","['GENERAL_DEVICE_INQUIRY', 'GENERAL_DEVICE_INQUIRY', 'GENERAL_DEVICE_INQUIRY', 'OS_UPDATE_SYSTEM_PERFORMANCE', 'GENERAL_DEVICE_INQUIRY']","['CASE_004263', 'CASE_006219', 'CASE_003753']","['CASE_004263', 'CASE_006219', 'CASE_003753', 'CASE_005042', 'CASE_005509']",@115858 please fix my I’s @AppleSupport That worked! Thank you😱😇,@514896 Here’s what you can do to work around the issue until it’s fixed in a future software update: https://t.co/xXaXeeSRt9
1092,CASE_002048,821146,@AppleSupport Is there to set up a Genius Bar appointment through the Apple Store app? Or is it through the website? @AppleSupport I didn't know there was an Apple Support app! Thanks for letting me know! 😁,GENERAL_DEVICE_INQUIRY,ACCOUNT_APPLEID_ICLOUD,0.5887,CASE_002079,4,4.0,"['ACCOUNT_APPLEID_ICLOUD', 'HOW_TO_SETTINGS_CONFIGURATION', 'APP_STORE_PURCHASES_BILLING']","['ACCOUNT_APPLEID_ICLOUD', 'HOW_TO_SETTINGS_CONFIGURATION', 'APP_STORE_PURCHASES_BILLING', 'GENERAL_DEVICE_INQUIRY', 'GENERAL_DEVICE_INQUIRY']","['CASE_006920', 'CASE_004817', 'CASE_003931']","['CASE_006920', 'CASE_004817', 'CASE_003931', 'CASE_002079', 'CASE_004779']","@AppleSupport I reaaaaalllly need to make an appointment tomorrow in Germantown. I don't have my apple id handy. Anyway you can help me? @AppleSupport I got someone on the phone, thank you! @AppleSupport Thank you!","@732049 We can help with this. Meet us in DM with details, and we'll see what we can do. https://t.co/GDrqU22YpT @732049 You’re welcome! If you have any other issues, let us know. We’re available every day from 5 a.m. to 8 p.m. Pacific time. @732049 You're welcome."
1093,CASE_006609,2485686,@115858 would I be asked to verify my bank details and personal details suddenly? Is this legitimately @AppleSupport how do I know it’s not a #hack? @AppleSupport Thank you.,HOW_TO_SETTINGS_CONFIGURATION,GENERAL_DEVICE_INQUIRY,0.7485,N/A,Missing (>10),,"['GENERAL_DEVICE_INQUIRY', 'GENERAL_DEVICE_INQUIRY', 'GENERAL_DEVICE_INQUIRY']","['GENERAL_DEVICE_INQUIRY', 'GENERAL_DEVICE_INQUIRY', 'GENERAL_DEVICE_INQUIRY', 'GENERAL_DEVICE_INQUIRY', 'ACCOUNT_APPLEID_ICLOUD']","['CASE_002721', 'CASE_005883', 'CASE_007716']","['CASE_002721', 'CASE_005883', 'CASE_007716', 'CASE_000341', 'CASE_007753']","this is a scam right? @AppleSupport https://t.co/ghBmFQ362b @AppleSupport Last time I entered my details to verify my account, someone in Europe tried to use my bank account to pay for hotel lodgings. @AppleSupport And I concluded to this reason because verifying my Apple account through this email WAS the only time I have entered my card details- @AppleSupport Somewhere online. So you tell me @AppleSupport ? 🤔😒 @AppleSupport Thanks for the reply, I will report this email asap.",@389949 We'll do everything we can to help! That looks like it may be a phishing attempt. See this article: https://t.co/LNMCdqbuR3
1094,CASE_006965,2606711,"For whatever reason, my iPhone doesn't want me to type the letter ""I"" without this popping up. Idk why. https://t.co/mjFa72Sgqp And this is apparently happening for other folks, too. But listen, @AppleSupport, y'all ain't getting my coin for iPhone 8 until I'm ready. @AppleSupport So let's figure this out. 🙂 @AppleSupport All of them, including texts. @AppleSupport This issue started a few hours ago. And I️ did. I️ did a master reset, which fixed the issue, but didn't give me the option to restore @AppleSupport what I'd backed up. So a representative had me do *another* reset which led to me having everything, but gave me this issue again.",OS_UPDATE_SYSTEM_PERFORMANCE,GENERAL_DEVICE_INQUIRY,0.7732,CASE_003645,2,2.0,"['GENERAL_DEVICE_INQUIRY', 'OS_UPDATE_SYSTEM_PERFORMANCE', 'KEYBOARD_TYPING_AUTOCORRECT']","['GENERAL_DEVICE_INQUIRY', 'OS_UPDATE_SYSTEM_PERFORMANCE', 'KEYBOARD_TYPING_AUTOCORRECT', 'OS_UPDATE_SYSTEM_PERFORMANCE', 'OS_UPDATE_SYSTEM_PERFORMANCE']","['CASE_005342', 'CASE_003645', 'CASE_004635']","['CASE_005342', 'CASE_003645', 'CASE_004635', 'CASE_003756', 'CASE_005032']","What’s up with the iPhone and the letter “I️.” Everytime I️ type “I️” this comes up. @115858 @AppleSupport help!! https://t.co/FsBNcN9SPZ @115858 @AppleSupport Apple, what’s up?? https://t.co/BeeBEYpXxT @AppleSupport Great. Thank you!",@629938 Here’s what you can do to work around the issue until it’s fixed in a future software update: https://t.co/xXaXeeSRt9
1098,CASE_007791,2923663,"@116333 @AppleSupport It seems like Game Center issues are not being escalated. More users reporting issues, no statement about what has happened in the last 24hours that would cause it. @116333 @AppleSupport Fixed. Cheers",GENERAL_DEVICE_INQUIRY,ACCOUNT_APPLEID_ICLOUD,0.7521,CASE_006925,4,4.0,"['ACCOUNT_APPLEID_ICLOUD', 'ACCOUNT_APPLEID_ICLOUD', 'HOW_TO_SETTINGS_CONFIGURATION']","['ACCOUNT_APPLEID_ICLOUD', 'ACCOUNT_APPLEID_ICLOUD', 'HOW_TO_SETTINGS_CONFIGURATION', 'GENERAL_DEVICE_INQUIRY', 'OS_UPDATE_SYSTEM_PERFORMANCE']","['CASE_007779', 'CASE_004186', 'CASE_005190']","['CASE_007779', 'CASE_004186', 'CASE_005190', 'CASE_006925', 'CASE_005042']","@AppleSupport Is game center down?  It's not recognizing my login! @AppleSupport @807894  https://t.co/hMTXufLbxB @AppleSupport It’s working now, give whomever fixed it a raise","@807894 We've got your back. Can you tell us the message you are seeing when trying to use Game Center or what's happening? Which device are you using? @807895 Thanks for reaching out and the screenshot. We'd like some details to assist. Which iPhone model and iOS is this occurring on? Let us know and we'll continue. @807895 Glad to hear it's working for you now.  If there's anything you need in the future, reach out. We'll be happy to help."
1099,CASE_004588,1768832,Let's try this again. @AppleSupport my iPod is stuck on this screen. It won't update or restore through iTunes. Please help https://t.co/IRVcpha3Rf @AppleSupport That worked thank you!,DISPLAY_TOUCH_SCREEN,BATTERY_CHARGING_POWER,0.653,N/A,Missing (>10),,"['BATTERY_CHARGING_POWER', 'GENERAL_DEVICE_INQUIRY', 'OS_UPDATE_SYSTEM_PERFORMANCE']","['BATTERY_CHARGING_POWER', 'GENERAL_DEVICE_INQUIRY', 'OS_UPDATE_SYSTEM_PERFORMANCE', 'BATTERY_CHARGING_POWER', 'CONNECTIVITY_WIFI_BLUETOOTH']","['CASE_001547', 'CASE_002252', 'CASE_000752']","['CASE_001547', 'CASE_002252', 'CASE_000752', 'CASE_007741', 'CASE_002277']",@AppleSupport My ipod 5th gen can charge but it always gets stuck on the apple logo and the recovery steps have not worked. It's also not being recognised by my laptop or itunes. It'a been like this for a few months. What do I do? @AppleSupport Thank you. I own a PC and I have the 12.7.1 version of iTunes. @AppleSupport Maybe around July/August. And no I don't think so. @AppleSupport I have an Apple-Certified cable and I have not used any other cable.,"@261183 We’d love to assist. To begin, which computer do you own, Mac or PC? Also, which iTunes version do you have installed on it? @261183 When was the last time your PC recognized your iPod? Also, are there any software updates on your PC? @261183 Next, are you using an Apple-Certified cable when connecting it to your computer? If so, does the same thing happen when using another Apple cable?"
1100,CASE_007068,2642268,"hey @AppleSupport why does my phone keep showing i️ when i️ type the letter that comes after h in the alphabet plz fix @AppleSupport 11.0.3, it’s happening on twitter, snapchat, FB and is also auto suggesting it in imessages. @AppleSupport i️ just did that and it worked for the first text i️ sent then it showed up again https://t.co/d9tHa39dl2",GENERAL_DEVICE_INQUIRY,KEYBOARD_TYPING_AUTOCORRECT,0.7603,CASE_005399,2,2.0,"['KEYBOARD_TYPING_AUTOCORRECT', 'GENERAL_DEVICE_INQUIRY', 'GENERAL_DEVICE_INQUIRY']","['KEYBOARD_TYPING_AUTOCORRECT', 'GENERAL_DEVICE_INQUIRY', 'GENERAL_DEVICE_INQUIRY', 'KEYBOARD_TYPING_AUTOCORRECT', 'GENERAL_DEVICE_INQUIRY']","['CASE_005683', 'CASE_005399', 'CASE_003786']","['CASE_005683', 'CASE_005399', 'CASE_003786', 'CASE_004385', 'CASE_005157']","@AppleSupport @115858 anytime I️ type the letter I️ in mail I️ get the characters in the screenshot attached, any suggestions? https://t.co/L6rzgRlua7 @AppleSupport @115858 Apparently it happens when typing a tweet as well; iiiiiiiii @AppleSupport Thanks, the problem with the “I” appears to be fixed. @AppleSupport Thanks, the problem with the “I” appears to be fixed. @AppleSupport Thanks, enjoy the rest of the weekend as well.","@662407 An update has been released to assist with this issue. If you haven’t yet, please back up your device and update it to iOS 11.1.1. For more info, check out: https://t.co/4f8hwT5to6 @662407 iOS 11.1.1 was recently released and it includes a fix for autocorrect issues. Be sure to back up your device prior to updating, and let us know if the issue persists afterwards. How to back up: https://t.co/4f8hwT5to6 @662407 Thanks for getting back to us and letting us know the issue has been resolved. Enjoy the rest of the weekend."
1101,CASE_005455,2193310,I wonder what these random ? marks mean. I can’t see the emoji but i definitely dont trust @AppleSupport &amp; @115858 to do another awful update,OS_UPDATE_SYSTEM_PERFORMANCE,GENERAL_DEVICE_INQUIRY,0.791,CASE_003831,9,9.0,"['GENERAL_DEVICE_INQUIRY', 'GENERAL_DEVICE_INQUIRY', 'GENERAL_DEVICE_INQUIRY']","['GENERAL_DEVICE_INQUIRY', 'GENERAL_DEVICE_INQUIRY', 'GENERAL_DEVICE_INQUIRY', 'GENERAL_DEVICE_INQUIRY', 'KEYBOARD_TYPING_AUTOCORRECT']","['CASE_007565', 'CASE_007305', 'CASE_004969']","['CASE_007565', 'CASE_007305', 'CASE_004969', 'CASE_003840', 'CASE_003606']",@115858 @applesupport what is going on? What’s that emoji for? https://t.co/Nil9VJzZzG @AppleSupport Thanks!,"@165018 We’ve recently released iOS 11.1.1, with a fix for autocorrect issues. Be sure to back up your device before updating.  Here’s how to back up: https://t.co/ui8Itz8ESg
Keep in mind, Frequently Used emojis may still contain ""I"", but will drop off eventually."
1104,CASE_005501,2207014,"RUS phishing for my Apple ID. @AppleSupport #scam https://t.co/fOnIw7vTaL @AppleSupport Perfect, sent you what I had. Thank you.",ACCOUNT_APPLEID_ICLOUD,GENERAL_DEVICE_INQUIRY,0.8485,CASE_007479,2,2.0,"['GENERAL_DEVICE_INQUIRY', 'ACCOUNT_APPLEID_ICLOUD', 'GENERAL_DEVICE_INQUIRY']","['GENERAL_DEVICE_INQUIRY', 'ACCOUNT_APPLEID_ICLOUD', 'GENERAL_DEVICE_INQUIRY', 'GENERAL_DEVICE_INQUIRY', 'GENERAL_DEVICE_INQUIRY']","['CASE_003469', 'CASE_007479', 'CASE_007317']","['CASE_003469', 'CASE_007479', 'CASE_007317', 'CASE_002130', 'CASE_003049']",@AppleSupport this is a scam/phishing right? https://t.co/OzgkDe9Ova @AppleSupport Thanks for confirming!,"@469084 Correct. That message is not coming from us. Since it's an SMS message, please reach out to your carrier for help. @469084 You're very welcome!"
1107,CASE_003724,1579729,@115858 you guys need to fix texts. I’m tired of typing “i” and getting this I️ @AppleSupport That worked!! Thank you so much!!!,KEYBOARD_TYPING_AUTOCORRECT,OS_UPDATE_SYSTEM_PERFORMANCE,0.8534,CASE_005823,9,9.0,"['OS_UPDATE_SYSTEM_PERFORMANCE', 'OS_UPDATE_SYSTEM_PERFORMANCE', 'GENERAL_DEVICE_INQUIRY']","['OS_UPDATE_SYSTEM_PERFORMANCE', 'OS_UPDATE_SYSTEM_PERFORMANCE', 'GENERAL_DEVICE_INQUIRY', 'GENERAL_DEVICE_INQUIRY', 'GENERAL_DEVICE_INQUIRY']","['CASE_005302', 'CASE_004474', 'CASE_005509']","['CASE_005302', 'CASE_004474', 'CASE_005509', 'CASE_005382', 'CASE_004076']","@115858 needs to fix these stupid ass bugs, I’ve had enough🤬 @AppleSupport OR instead of me having to program my phone to properly allow me to type the letter “I️” y’all could just release an update to fix the problem🤷🏼‍♀️ I’ll be waiting for that, thanks.",@628085 Here’s what you can do to work around the issue until it’s fixed in a future software update: https://t.co/xXaXeeSRt9
1109,CASE_003559,1540629,Hey @115858 why is everyone having issues with the capital I️? and it’s happening on twitter and now I’ve seen it on Facebook. @AppleSupport Thanks @477468 @AppleSupport I like that their solution is they have this weird ass problem so you have to do some work to fix I️t until they figure I️t out. @477468 @AppleSupport Also when I type “it” it looks normal in the text box but then gets fucked up when I send the text. Love this @477469 @AppleSupport I️ know right? @477469 @AppleSupport I don’t know if I️ fixed the problem but I did do all the steps. Won’t know until I hit reply @477469 @AppleSupport 🤷🏻‍♂️,KEYBOARD_TYPING_AUTOCORRECT,OS_UPDATE_SYSTEM_PERFORMANCE,0.7891,CASE_004003,2,2.0,"['OS_UPDATE_SYSTEM_PERFORMANCE', 'KEYBOARD_TYPING_AUTOCORRECT', 'OS_UPDATE_SYSTEM_PERFORMANCE']","['OS_UPDATE_SYSTEM_PERFORMANCE', 'KEYBOARD_TYPING_AUTOCORRECT', 'OS_UPDATE_SYSTEM_PERFORMANCE', 'KEYBOARD_TYPING_AUTOCORRECT', 'OS_UPDATE_SYSTEM_PERFORMANCE']","['CASE_005405', 'CASE_004003', 'CASE_003743']","['CASE_005405', 'CASE_004003', 'CASE_003743', 'CASE_005683', 'CASE_004072']","Hey @115858 , I️ haven’t even done an update and my capital I️ is messed up too. Suggestions?  I️ would show you... but Twitter autocorrected for me. 🤔 #fixplease @AppleSupport Thanks for the prompt feedback!",@632737 Here’s what you can do to work around the issue until it’s fixed in a future software update: https://t.co/xXaXeeSRt9 @632737 You're welcome.
1115,CASE_004856,1905794,"@AppleSupport Hi.Updated from iPhone 5 to 8 &amp; now cannot connect headphones 🎧 to 8 via Bluetooth never had probs on 5. What’s gone wrong? @AppleSupport hi I worked from this menu b4 I contacted you. All up to date, turned off/on Btooth phone on/off even did network reset @AppleSupport 
Current version iOS 11.0.3",AUDIO_SOUND_SPEAKER,CONNECTIVITY_WIFI_BLUETOOTH,0.764,CASE_007512,3,3.0,"['CONNECTIVITY_WIFI_BLUETOOTH', 'CONNECTIVITY_WIFI_BLUETOOTH', 'AUDIO_SOUND_SPEAKER']","['CONNECTIVITY_WIFI_BLUETOOTH', 'CONNECTIVITY_WIFI_BLUETOOTH', 'AUDIO_SOUND_SPEAKER', 'CONNECTIVITY_WIFI_BLUETOOTH', 'CONNECTIVITY_WIFI_BLUETOOTH']","['CASE_007615', 'CASE_003876', 'CASE_007512']","['CASE_007615', 'CASE_003876', 'CASE_007512', 'CASE_004486', 'CASE_001381']","@AppleSupport my iPhone 8 won’t show Bluetooth devices, just says connected and spins. It’s updated, I’ve restarted it, help please. https://t.co/freYapBkYn @AppleSupport It’s the phone, it’s just not pulling up anything to connect. @790011 @AppleSupport Mine goes like that but it will show up when there’s an Bluetooth device near it that can be connected . @246772 @AppleSupport I just completed wiped out those saved settings and it seems to be working now. Thanks 🙃🙃🙃","@790011 We're here to help. Have you tried connecting to another Bluetooth enabled device to check and see if this issue is happening with all Bluetooth connections? @790011 Thanks for checking that out. Let's move to DM and continue there. https://t.co/GDrqU22YpT @790011 Great! We're glad it's working for you now. If you need anything else, please let us know. Thanks."
1118,CASE_001510,588165,@AppleSupport correct family sharing but your saying we can’t update apps cause payment details are wrong? @AppleSupport Think the issue has been sorted now. Thanks anyway.,APP_STORE_PURCHASES_BILLING,OS_UPDATE_SYSTEM_PERFORMANCE,0.669,CASE_005541,2,2.0,"['OS_UPDATE_SYSTEM_PERFORMANCE', 'APP_STORE_PURCHASES_BILLING', 'ACCOUNT_APPLEID_ICLOUD']","['OS_UPDATE_SYSTEM_PERFORMANCE', 'APP_STORE_PURCHASES_BILLING', 'ACCOUNT_APPLEID_ICLOUD', 'APP_STORE_PURCHASES_BILLING', 'APP_STORE_PURCHASES_BILLING']","['CASE_004034', 'CASE_005541', 'CASE_007773']","['CASE_004034', 'CASE_005541', 'CASE_007773', 'CASE_002821', 'CASE_006148']",@AppleSupport I’m trying to update my apps and it keeps saying my bank details are incorrect when they clearly aren’t. Any advice?,@502023 Follow these steps: https://t.co/U96y4MTG7k Still having issues? Reach out to our iTunes Store team: https://t.co/SDIe7UiyJN
1119,CASE_002510,1023839,@AppleSupport any way to disable the unified media keys on High Sierra? Thanks @AppleSupport Okay thanks you,GENERAL_DEVICE_INQUIRY,APP_STORE_PURCHASES_BILLING,0.5759,CASE_004022,4,4.0,"['APP_STORE_PURCHASES_BILLING', 'KEYBOARD_TYPING_AUTOCORRECT', 'KEYBOARD_TYPING_AUTOCORRECT']","['APP_STORE_PURCHASES_BILLING', 'KEYBOARD_TYPING_AUTOCORRECT', 'KEYBOARD_TYPING_AUTOCORRECT', 'GENERAL_DEVICE_INQUIRY', 'GENERAL_DEVICE_INQUIRY']","['CASE_006323', 'CASE_001578', 'CASE_004656']","['CASE_006323', 'CASE_001578', 'CASE_004656', 'CASE_004022', 'CASE_004225']","@applesupport With HighSierra the f7 f8 f9 keys don't work to control iTunes if I'm on a page watching other media, it controls the media player on the page I'm on. Is there a fix for that? THANK YOU! @AppleSupport Will do.  So there isn't a fix for that, is there?","@691427 Thanks for reaching out about those recent changes. If you have a moment, we would also appreciate your suggestions and recommendations via our website: https://t.co/eTPVYVFyd8"
1120,CASE_005580,2241160,@115858 wtf I️ this damn question box I️ keep typing 🙄🙄 https://t.co/6lZ2Icyavf,KEYBOARD_TYPING_AUTOCORRECT,GENERAL_DEVICE_INQUIRY,0.7611,CASE_007405,2,2.0,"['GENERAL_DEVICE_INQUIRY', 'KEYBOARD_TYPING_AUTOCORRECT', 'GENERAL_DEVICE_INQUIRY']","['GENERAL_DEVICE_INQUIRY', 'KEYBOARD_TYPING_AUTOCORRECT', 'GENERAL_DEVICE_INQUIRY', 'KEYBOARD_TYPING_AUTOCORRECT', 'GENERAL_DEVICE_INQUIRY']","['CASE_005661', 'CASE_007405', 'CASE_007170']","['CASE_005661', 'CASE_007405', 'CASE_007170', 'CASE_004655', 'CASE_006223']",@115858 wtf is up with this shit I️,@661421 We'd like to help. Please tell us which version of iOS you have installed on your device. You'll see this in Settings &gt; General &gt; About.
1123,CASE_007714,2892105,"Is this a bug, @115858? Or have @118936 buttons learned how to dance? @AppleSupport https://t.co/N8OHkRrJKQ @AppleSupport Hey! It’s on iOS 11.1.2 on an iPhone 8 Plus and only happens after updates have completed. @AppleSupport Yup! Everything works fine. Force quitting the App Store makes it stop. It doesn’t impact functionality, it’s just an odd UI glitch.",APP_STORE_PURCHASES_BILLING,OS_UPDATE_SYSTEM_PERFORMANCE,0.6741,N/A,Missing (>10),,"['OS_UPDATE_SYSTEM_PERFORMANCE', 'OS_UPDATE_SYSTEM_PERFORMANCE', 'OS_UPDATE_SYSTEM_PERFORMANCE']","['OS_UPDATE_SYSTEM_PERFORMANCE', 'OS_UPDATE_SYSTEM_PERFORMANCE', 'OS_UPDATE_SYSTEM_PERFORMANCE', 'OS_UPDATE_SYSTEM_PERFORMANCE', 'DISPLAY_TOUCH_SCREEN']","['CASE_000070', 'CASE_002178', 'CASE_003981']","['CASE_000070', 'CASE_002178', 'CASE_003981', 'CASE_005235', 'CASE_005924']","new iOS 11.1 bug? @AppleSupport https://t.co/EPcqhcyxPd @123693 @AppleSupport it's been happening to me for a while and it's driving me bananas @AppleSupport Thanks, will do",@123693 We'll be happy to look into this. DM us which iPhone you're using and we'll go from there. https://t.co/GDrqU22YpT @584620 Let's look into this together. Send us a DM telling us which iPhone you have and the iOS version it's running. We're happy to help. https://t.co/GDrqU22YpT
1124,CASE_001217,542386,@AppleSupport what’s happening to iPhone resetting back to lock screens??? 🤬,GENERAL_DEVICE_INQUIRY,OS_UPDATE_SYSTEM_PERFORMANCE,0.7396,CASE_001347,6,6.0,"['OS_UPDATE_SYSTEM_PERFORMANCE', 'DISPLAY_TOUCH_SCREEN', 'DISPLAY_TOUCH_SCREEN']","['OS_UPDATE_SYSTEM_PERFORMANCE', 'DISPLAY_TOUCH_SCREEN', 'DISPLAY_TOUCH_SCREEN', 'DISPLAY_TOUCH_SCREEN', 'DISPLAY_TOUCH_SCREEN']","['CASE_000069', 'CASE_001246', 'CASE_000816']","['CASE_000069', 'CASE_001246', 'CASE_000816', 'CASE_002929', 'CASE_004830']","@AppleSupport WHY will my phone not stop locking itself when I’m in the middle of doing things??? @AppleSupport iPhone 8, iOS 11 @AppleSupport  https://t.co/yvu10fymce",@123687 We want to help get your iPhone working properly. Which exact iOS version and iPhone are you using? @123687 Thanks.  Please take look under Settings &gt; General &gt; About and let us know the exact iOS version. @123687 Thank you. Please check to see if you have an update available under Settings &gt; General &gt; Software Update.
1125,CASE_005017,2010079,"A todos se les traba horrible el iPhone con el nuevo iOS, o solo a mi? 😰😡 @AppleSupport qué pasa? @AppleSupport Thanks!! 🙏🏼🙌🏼",GENERAL_DEVICE_INQUIRY,OS_UPDATE_SYSTEM_PERFORMANCE,0.6903,CASE_000525,2,2.0,"['OS_UPDATE_SYSTEM_PERFORMANCE', 'GENERAL_DEVICE_INQUIRY', 'CONNECTIVITY_WIFI_BLUETOOTH']","['OS_UPDATE_SYSTEM_PERFORMANCE', 'GENERAL_DEVICE_INQUIRY', 'CONNECTIVITY_WIFI_BLUETOOTH', 'GENERAL_DEVICE_INQUIRY', 'GENERAL_DEVICE_INQUIRY']","['CASE_007106', 'CASE_000525', 'CASE_005910']","['CASE_007106', 'CASE_000525', 'CASE_005910', 'CASE_006346', 'CASE_001752']","Querido @115858 , horrible su última actualización de #iOS (11.03), mas lento mi teléfono no puede estar. Ya ni los #Samsung me cae de amadre @AppleSupport Thanks @AppleSupport since I put the new iOS in my phone every app I have takes a lot of time to start and freezes even Siri doesn’t work 😞",@753805 We offer support via Twitter in English. Get help in Spanish here: https://t.co/IBIY3vMgPj or join https://t.co/OczyRx7IOs @753805 We'd like to help! Send us a DM with the country that you are located in to continue. https://t.co/GDrqU22YpT
1128,CASE_006853,2562299,"hey uh @115858 can u pls make it so that I don't have to see gd notifications for ppl reacting to things in the group chat 😩I have never once needed to see a banner telling me someone 'liked' a text @AppleSupport thanks! I specifically meant notifications for effects/reactions rather than actual texts, but I appreciate the response regardless",KEYBOARD_TYPING_AUTOCORRECT,GENERAL_DEVICE_INQUIRY,0.5604,CASE_006180,5,5.0,"['GENERAL_DEVICE_INQUIRY', 'GENERAL_DEVICE_INQUIRY', 'GENERAL_DEVICE_INQUIRY']","['GENERAL_DEVICE_INQUIRY', 'GENERAL_DEVICE_INQUIRY', 'GENERAL_DEVICE_INQUIRY', 'GENERAL_DEVICE_INQUIRY', 'KEYBOARD_TYPING_AUTOCORRECT']","['CASE_005575', 'CASE_004880', 'CASE_002905']","['CASE_005575', 'CASE_004880', 'CASE_002905', 'CASE_002549', 'CASE_006180']",I sent a text to my friend and everyone else got it?????????? TELL ME IM NOT THE ONLY ONE AHATS UP @115858 @AppleSupport I realised I sent the text message to a group chat that didn’t have iMessage so I hadn’t noticed earlier 😬 thank you though! :) @AppleSupport Thank you :),@652737 We're here to help. Which device is it that you are using and which iOS or macOS is installed on it? @652737 You're very welcome. Don't hesitate to reach out to us if you run into any other issues. @652737 You're welcome.
1130,CASE_000531,245969,"Anyone having issues sending iMessages over Cellular Data after going to 11.0.2 @AppleSupport @AppleSupport @174420 Mine or my bf’s won’t work either! @174419 @AppleSupport It took some time then it started to work @174420 @AppleSupport Ok good! Ours are still down @AppleSupport They’re working today, thank you!",CONNECTIVITY_WIFI_BLUETOOTH,OS_UPDATE_SYSTEM_PERFORMANCE,0.7591,CASE_007785,5,5.0,"['OS_UPDATE_SYSTEM_PERFORMANCE', 'GENERAL_DEVICE_INQUIRY', 'GENERAL_DEVICE_INQUIRY']","['OS_UPDATE_SYSTEM_PERFORMANCE', 'GENERAL_DEVICE_INQUIRY', 'GENERAL_DEVICE_INQUIRY', 'OS_UPDATE_SYSTEM_PERFORMANCE', 'CONNECTIVITY_WIFI_BLUETOOTH']","['CASE_001826', 'CASE_007180', 'CASE_001413']","['CASE_001826', 'CASE_007180', 'CASE_001413', 'CASE_003987', 'CASE_007785']",@AppleSupport please fix your shit i have been dealing with problems for the entire week... @122609 here i come baby 😂 @AppleSupport None of my messages are sending unless i click send as a text message and then after a couple text messages it finally sends an iMessage @AppleSupport I have an Iphone 6s + @AppleSupport IOS 11.2 and those things never have worked for me. I have tried everything. I am about done with apple,"@290621 We'd like to team up with you to help. What's the model you have and what's happening with it currently? @290621 Which exact iOS version is installed? Have you tried any troubleshooting steps so far? @290621 Do you mean iOS 11.0.2, or iOS 11.2? Also, which exact steps did you try? Let us know in DM here: https://t.co/GDrqU22YpT"
1134,CASE_001011,458404,"All of a sudden at the 24 month mark🤔 my @AppleSupport #iphone6 started to freeze &amp; shut off randomly even when fully charged. I cant use it for more than 10 minutes without it totally dying. It could shut off at 70%, and when I plug it in, it’s at 12%. What is going on? #apple",BATTERY_CHARGING_POWER,GENERAL_DEVICE_INQUIRY,0.7118,CASE_005109,3,3.0,"['GENERAL_DEVICE_INQUIRY', 'GENERAL_DEVICE_INQUIRY', 'BATTERY_CHARGING_POWER']","['GENERAL_DEVICE_INQUIRY', 'GENERAL_DEVICE_INQUIRY', 'BATTERY_CHARGING_POWER', 'OS_UPDATE_SYSTEM_PERFORMANCE', 'APP_CRASH_AND_DOWNLOAD']","['CASE_001484', 'CASE_001248', 'CASE_005109']","['CASE_001484', 'CASE_001248', 'CASE_005109', 'CASE_003255', 'CASE_001481']","Hi @AppleSupport my old iPhone 6s is shutting down and bugging me out every 20 seconds 😞 please help https://t.co/Fxaxn1qwSU @AppleSupport This morning :( @AppleSupport Thank you so much, I will do 👍🏻 @AppleSupport Hiya, yeah thanks a lot, that seems to have fixed the issue completely! I am so happy 😀👍🏻","@258337 We're sorry to hear this. Let's see what we can do to get it resolved. When did you start seeing these unexpected shutdowns? @258337 Let's get this resolved! This article goes over the steps that we'd like to start with: https://t.co/osZOKKTalm

Give those a shot and keep us posted with your results. @258337 No problem. Feel free to reach out if you have any other questions. @258337 We're glad to hear this! We'll be here if you need us."
1137,CASE_003959,1628899,haaate this new update. @AppleSupport when are we getting a new update to fix this? @AppleSupport The letter “i” doesn’t show up @AppleSupport when it’s capitalized @AppleSupport OMG THANKS IT WORKED,OS_UPDATE_SYSTEM_PERFORMANCE,GENERAL_DEVICE_INQUIRY,0.8548,CASE_003707,2,2.0,"['GENERAL_DEVICE_INQUIRY', 'OS_UPDATE_SYSTEM_PERFORMANCE', 'GENERAL_DEVICE_INQUIRY']","['GENERAL_DEVICE_INQUIRY', 'OS_UPDATE_SYSTEM_PERFORMANCE', 'GENERAL_DEVICE_INQUIRY', 'GENERAL_DEVICE_INQUIRY', 'GENERAL_DEVICE_INQUIRY']","['CASE_004406', 'CASE_003707', 'CASE_004575']","['CASE_004406', 'CASE_003707', 'CASE_004575', 'CASE_004001', 'CASE_004213']","Really hoping that @AppleSupport fixes the issue with the letter “I️” showing up as “A?” 🙏🏾 @AppleSupport Thank you 😊 @AppleSupport How long until you fix it? @AppleSupport Okay, thank you! 😁",@521813 Here’s what you can do to work around the issue until it’s fixed in a future software update: https://t.co/qODbOsp4wz @521813 No problem. Feel free to reach out if you have any other questions.
1138,CASE_002844,1187745,Hi i'm having a hard time with my account how do i solve this? @AppleSupport @115858 https://t.co/xEajRoSzXu @AppleSupport Solved. Thank you so much! 💪🏻 @AppleSupport Ay you're a real guvna. Bump my fist. 👊🏻,HOW_TO_SETTINGS_CONFIGURATION,ACCOUNT_APPLEID_ICLOUD,0.6904,N/A,Missing (>10),,"['ACCOUNT_APPLEID_ICLOUD', 'ACCOUNT_APPLEID_ICLOUD', 'ACCOUNT_APPLEID_ICLOUD']","['ACCOUNT_APPLEID_ICLOUD', 'ACCOUNT_APPLEID_ICLOUD', 'ACCOUNT_APPLEID_ICLOUD', 'GENERAL_DEVICE_INQUIRY', 'ACCOUNT_APPLEID_ICLOUD']","['CASE_002893', 'CASE_002685', 'CASE_005876']","['CASE_002893', 'CASE_002685', 'CASE_005876', 'CASE_000489', 'CASE_000980']","@115858 Please I forgot my security question and answer,tried resetting it but this is what I got in return...can you help me out https://t.co/oKKe47LUVK @AppleSupport Thanks","@406242 For support with your account, reach out to our Account Support here: https://t.co/UJm15vmMM2"
1139,CASE_003208,1386589,@AppleSupport why since the latest iOS update does my phone continuously #freeze #crash #havetoreset 😡😡,OS_UPDATE_SYSTEM_PERFORMANCE,CONNECTIVITY_WIFI_BLUETOOTH,0.7944,CASE_006139,4,4.0,"['CONNECTIVITY_WIFI_BLUETOOTH', 'APP_CRASH_AND_DOWNLOAD', 'APP_CRASH_AND_DOWNLOAD']","['CONNECTIVITY_WIFI_BLUETOOTH', 'APP_CRASH_AND_DOWNLOAD', 'APP_CRASH_AND_DOWNLOAD', 'OS_UPDATE_SYSTEM_PERFORMANCE', 'OS_UPDATE_SYSTEM_PERFORMANCE']","['CASE_002530', 'CASE_001810', 'CASE_006612']","['CASE_002530', 'CASE_001810', 'CASE_006612', 'CASE_006139', 'CASE_006849']","@AppleSupport @115858 Since the new iOS update my phone keeps freezing - do you know why? @AppleSupport It seems to be most apps, and just in general using the phone it freezes all the time @AppleSupport I have to keep restarting it when it freezes. It happens again though. I’m currently on 11.0 @AppleSupport Ok, I’ll try that when I am connected to WiFi . Thanks","@365418 Let's get that taken care of together. Is this behavior happening with all apps, or is it isolated to certain specific apps? @365418 Got it. Does a restart help? What's the software version number you're running in Settings &gt; General &gt; About &gt; Version? @365418 Let's get you updated to the most current version, 11.0.3. Be sure to create a backup before updating. Let us know if that helps. @365418 You're welcome. Sounds like a plan."
1142,CASE_002298,925370,"Ever since I updated my phone, it’s been sooo slow and keeps crashing! @AppleSupport @AppleSupport Yes 11",OS_UPDATE_SYSTEM_PERFORMANCE,BATTERY_CHARGING_POWER,0.8472,CASE_003601,3,3.0,"['BATTERY_CHARGING_POWER', 'APP_CRASH_AND_DOWNLOAD', 'OS_UPDATE_SYSTEM_PERFORMANCE']","['BATTERY_CHARGING_POWER', 'APP_CRASH_AND_DOWNLOAD', 'OS_UPDATE_SYSTEM_PERFORMANCE', 'OS_UPDATE_SYSTEM_PERFORMANCE', 'APP_CRASH_AND_DOWNLOAD']","['CASE_002182', 'CASE_001810', 'CASE_003601']","['CASE_002182', 'CASE_001810', 'CASE_003601', 'CASE_004839', 'CASE_006612']",@AppleSupport since my update my phone has been dying faster. 😡How y’all gonna fix it? @AppleSupport 11.0.2,@326562 We'd be delighted to take a look at this with you. Which iOS version are we working with? That's in Settings &gt; General &gt; About. @326562 Let's backup the iPhone and update to iOS 11.0.3. Update the iOS software on your iPhone: https://t.co/80YRnjDFDk
1144,CASE_003317,1434178,Does anyone want to tell me why I just got a call from my own number? It’s not October anymore @AppleSupport stop tryna be spooky @AppleSupport Update: they called me again and I answered but they hung up,OS_UPDATE_SYSTEM_PERFORMANCE,GENERAL_DEVICE_INQUIRY,0.7348,N/A,Missing (>10),,"['GENERAL_DEVICE_INQUIRY', 'GENERAL_DEVICE_INQUIRY', 'GENERAL_DEVICE_INQUIRY']","['GENERAL_DEVICE_INQUIRY', 'GENERAL_DEVICE_INQUIRY', 'GENERAL_DEVICE_INQUIRY', 'GENERAL_DEVICE_INQUIRY', 'GENERAL_DEVICE_INQUIRY']","['CASE_000315', 'CASE_006716', 'CASE_004722']","['CASE_000315', 'CASE_006716', 'CASE_004722', 'CASE_006731', 'CASE_006757']","Spent an hour waiting on hold with @AppleSupport this morning, only to have them disconnect the call before I could talk with anyone. Frustrating. @AppleSupport Thank you, just sent over the details.","@150990 We're sorry to hear about your phone call; this is unexpected. If you'd like, we're happy to work with you here. Just DM us details of the issue you're experiencing, your device model and iOS version and we'll get started sorting things out. https://t.co/GDrqU22YpT"
1148,CASE_007665,2860047,"@AppleSupport @115948 ☹️☹️ https://t.co/byLnUWjYaI @AppleSupport No, I didn’t restart it and everything else seems to be working fine.
I’ll slide in the DMs ☺️",OS_UPDATE_SYSTEM_PERFORMANCE,GENERAL_DEVICE_INQUIRY,0.8784,N/A,Missing (>10),,"['GENERAL_DEVICE_INQUIRY', 'GENERAL_DEVICE_INQUIRY', 'GENERAL_DEVICE_INQUIRY']","['GENERAL_DEVICE_INQUIRY', 'GENERAL_DEVICE_INQUIRY', 'GENERAL_DEVICE_INQUIRY', 'GENERAL_DEVICE_INQUIRY', 'GENERAL_DEVICE_INQUIRY']","['CASE_003901', 'CASE_001154', 'CASE_006663']","['CASE_003901', 'CASE_001154', 'CASE_006663', 'CASE_001250', 'CASE_003156']",@AppleSupport y’all gonna fix this?? https://t.co/n6moA1qMGx @AppleSupport It worked. Thank you.,@496071 We'd like to help! Let's try the steps outlined in this article: https://t.co/xXaXeeSRt9 @496071 You are more than welcome. Have a great day!
1152,CASE_002029,813324,"Oi, @AppleSupport ...where are my Email &amp; phone icons?.... https://t.co/orwoVC1gNO @AppleSupport Splendid...had 11.0.3 to update...worked the magic. Thanks. X",OS_UPDATE_SYSTEM_PERFORMANCE,GENERAL_DEVICE_INQUIRY,0.6974,CASE_004109,3,3.0,"['GENERAL_DEVICE_INQUIRY', 'BATTERY_CHARGING_POWER', 'OS_UPDATE_SYSTEM_PERFORMANCE']","['GENERAL_DEVICE_INQUIRY', 'BATTERY_CHARGING_POWER', 'OS_UPDATE_SYSTEM_PERFORMANCE', 'OS_UPDATE_SYSTEM_PERFORMANCE', 'GENERAL_DEVICE_INQUIRY']","['CASE_004591', 'CASE_002182', 'CASE_004109']","['CASE_004591', 'CASE_002182', 'CASE_004109', 'CASE_000832', 'CASE_005527']","@AppleSupport I need help with my email app @AppleSupport I may have resolved my issue; updating my phone now, brb. Thanks","@531881 We'd love to help. Could you give us a few details such as the issue, the device, and software version?"
1153,CASE_003814,1593238,@115858 what are your service hours? I have an issue with billing. @AppleSupport It's iTunes. @AppleSupport What's the reply time? I sent an email on Friday. Thanks.,CONNECTIVITY_WIFI_BLUETOOTH,APP_STORE_PURCHASES_BILLING,0.6965,CASE_006657,7,7.0,"['APP_STORE_PURCHASES_BILLING', 'APP_STORE_PURCHASES_BILLING', 'APP_STORE_PURCHASES_BILLING']","['APP_STORE_PURCHASES_BILLING', 'APP_STORE_PURCHASES_BILLING', 'APP_STORE_PURCHASES_BILLING', 'BATTERY_CHARGING_POWER', 'APP_STORE_PURCHASES_BILLING']","['CASE_006820', 'CASE_004813', 'CASE_002339']","['CASE_006820', 'CASE_004813', 'CASE_002339', 'CASE_005307', 'CASE_002210']","@115858 are happy to take your money, but can't sort out software issues because you are having software issues at @AppleSupport ?! @115858 @AppleSupport Can't even deliver an item on time which I've paid for the extra service!? @AppleSupport It’s Ok. I sorted it out by myself. 

Thank you for your concern.","@725337 If this is an order you've placed through our Online Store, we can provide the contact details for the Online Store team. Please DM us your country. https://t.co/GDrqU22YpT @725337 We appreciate you letting us know. Please reach out if any questions come up in the future."
1154,CASE_004674,1780253,"Sweet update, @AppleSupport 😠 https://t.co/uqfZaPKsjw @AppleSupport I’ve restarted it. It comes and goes since I downloaded the new update",OS_UPDATE_SYSTEM_PERFORMANCE,APP_STORE_PURCHASES_BILLING,0.8008,CASE_005042,2,2.0,"['APP_STORE_PURCHASES_BILLING', 'OS_UPDATE_SYSTEM_PERFORMANCE', 'OS_UPDATE_SYSTEM_PERFORMANCE']","['APP_STORE_PURCHASES_BILLING', 'OS_UPDATE_SYSTEM_PERFORMANCE', 'OS_UPDATE_SYSTEM_PERFORMANCE', 'GENERAL_DEVICE_INQUIRY', 'GENERAL_DEVICE_INQUIRY']","['CASE_004169', 'CASE_005042', 'CASE_004383']","['CASE_004169', 'CASE_005042', 'CASE_004383', 'CASE_006663', 'CASE_006312']","Please help this! Ever since downloading the update, this is happening everywhere for me. Does anyone know how to fix this?! @AppleSupport https://t.co/ff6pMCCLAA @AppleSupport Thank you, Apple! I appreciate it",@509369 Here’s what you can do to work around the issue until it’s fixed in a future software update: https://t.co/xXaXeeSRt9
1161,CASE_001884,751766,@AppleSupport can I get rid of the new update? It has seriously messed up my phone. It freezes every few minutes and I cant hear phone calls @AppleSupport I have an iphone 6 and yes I have the latest version of the iOS 11 update.,AUDIO_SOUND_SPEAKER,OS_UPDATE_SYSTEM_PERFORMANCE,0.8328,CASE_004775,8,8.0,"['OS_UPDATE_SYSTEM_PERFORMANCE', 'OS_UPDATE_SYSTEM_PERFORMANCE', 'OS_UPDATE_SYSTEM_PERFORMANCE']","['OS_UPDATE_SYSTEM_PERFORMANCE', 'OS_UPDATE_SYSTEM_PERFORMANCE', 'OS_UPDATE_SYSTEM_PERFORMANCE', 'OS_UPDATE_SYSTEM_PERFORMANCE', 'BATTERY_CHARGING_POWER']","['CASE_002946', 'CASE_000702', 'CASE_002361']","['CASE_002946', 'CASE_000702', 'CASE_002361', 'CASE_000424', 'CASE_005475']",@AppleSupport please can I undo the new update? My iPhone is constantly freezing and all of my apps are slow #iphoneproblems #apple @AppleSupport Thank you I have message,@410444 We'd be happy to look into these issues with you. Send us a DM and we'll continue there. https://t.co/GDrqU2kzhr
1162,CASE_001051,484562,"@AppleSupport iphone8 works fine, Series 2 Watch works fine, everything’s perfect apart from my activity and workouts aren’t syncing since Tuesday! WiFi, data and Bluetooth all on and working too! Help!!! @AppleSupport Yep done all that eventually I reset the watch completely and set up as a new device and it’s working again. Thanks anyway",CONNECTIVITY_WIFI_BLUETOOTH,OS_UPDATE_SYSTEM_PERFORMANCE,0.7087,CASE_000327,3,3.0,"['OS_UPDATE_SYSTEM_PERFORMANCE', 'APP_STORE_PURCHASES_BILLING', 'CONNECTIVITY_WIFI_BLUETOOTH']","['OS_UPDATE_SYSTEM_PERFORMANCE', 'APP_STORE_PURCHASES_BILLING', 'CONNECTIVITY_WIFI_BLUETOOTH', 'GENERAL_DEVICE_INQUIRY', 'GENERAL_DEVICE_INQUIRY']","['CASE_000942', 'CASE_000837', 'CASE_000327']","['CASE_000942', 'CASE_000837', 'CASE_000327', 'CASE_005993', 'CASE_000219']","@AppleSupport I just got a new iPhone 8+ but I can’t get it to pair with my 1st gen Apple Watch. Help? @AppleSupport That worked. Thanks! Now, 2nd issue: I'm getting an error message trying to check for a software update (current version is 11.0) @AppleSupport  https://t.co/FdpY3aOyBo @AppleSupport Thanks! You're 2 for 2!",@217992 Congratulations on your new iPhone! Let's look into this together. Let us know if this article helps: https://t.co/6fnV3HF4R3 @217992 We can help with that! Follow the steps here to get your iPhone updated: https://t.co/p76Gaa97kg Let us know how that goes. @217992 Fantastic! We've got your back if you have any other concerns.
1164,CASE_005960,2303171,Sure wish @AppleSupport would fix the letter change problem when the I️’s 😒 it should turn into this I️ @AppleSupport I’ll do that thanks 👌🏽,GENERAL_DEVICE_INQUIRY,KEYBOARD_TYPING_AUTOCORRECT,0.8038,CASE_004406,2,2.0,"['KEYBOARD_TYPING_AUTOCORRECT', 'GENERAL_DEVICE_INQUIRY', 'HOW_TO_SETTINGS_CONFIGURATION']","['KEYBOARD_TYPING_AUTOCORRECT', 'GENERAL_DEVICE_INQUIRY', 'HOW_TO_SETTINGS_CONFIGURATION', 'KEYBOARD_TYPING_AUTOCORRECT', 'KEYBOARD_TYPING_AUTOCORRECT']","['CASE_004582', 'CASE_004406', 'CASE_003846']","['CASE_004582', 'CASE_004406', 'CASE_003846', 'CASE_006540', 'CASE_004446']",@AppleSupport any plans to fix this bug so I can get back to using the letter I️ without trouble @AppleSupport Thanks,@531298 Here’s what you can do to work around the issue until it’s fixed in a future software update: https://t.co/xXaXeeSRt9
1165,CASE_006083,2321415,I’ve grown so much in the past 8 months and it feels SO DAMN GOOD to be a better version of myself  than I️ was just a year ago 🖤 Lol thanks for messing up my tweet stupid @115858 glitch,OS_UPDATE_SYSTEM_PERFORMANCE,GENERAL_DEVICE_INQUIRY,0.5032,CASE_006914,5,5.0,"['GENERAL_DEVICE_INQUIRY', 'GENERAL_DEVICE_INQUIRY', 'GENERAL_DEVICE_INQUIRY']","['GENERAL_DEVICE_INQUIRY', 'GENERAL_DEVICE_INQUIRY', 'GENERAL_DEVICE_INQUIRY', 'GENERAL_DEVICE_INQUIRY', 'OS_UPDATE_SYSTEM_PERFORMANCE']","['CASE_007871', 'CASE_005472', 'CASE_006066']","['CASE_007871', 'CASE_005472', 'CASE_006066', 'CASE_005872', 'CASE_006914']",@115858 fix ur glitches ur ruining my tweets. Every time “I” is autocorrected to “A ⍰” I️ want to scream,"@817656 We want to help you with this. Which iOS version are you currently running on your device? Check here: Settings &gt; General &gt; About &gt; Version. If you are not on iOS 11.1.1, we recommend updating. Let us know how that goes: https://t.co/80YRnjDFDk"
1166,CASE_001017,461992,@AppleSupport Is iMessage currently down in canada @AppleSupport Cannot send an iMessage from my iMac. Happened suddenly worked earlier today @AppleSupport The status bar goes 3/4 of the way and then stops. Icon says message not delivered,GENERAL_DEVICE_INQUIRY,CONNECTIVITY_WIFI_BLUETOOTH,0.7465,CASE_001413,2,2.0,"['CONNECTIVITY_WIFI_BLUETOOTH', 'GENERAL_DEVICE_INQUIRY', 'GENERAL_DEVICE_INQUIRY']","['CONNECTIVITY_WIFI_BLUETOOTH', 'GENERAL_DEVICE_INQUIRY', 'GENERAL_DEVICE_INQUIRY', 'CONNECTIVITY_WIFI_BLUETOOTH', 'OS_UPDATE_SYSTEM_PERFORMANCE']","['CASE_007785', 'CASE_001413', 'CASE_001034']","['CASE_007785', 'CASE_001413', 'CASE_001034', 'CASE_002875', 'CASE_001826']","@AppleSupport imessage on my macbook pro is not delivering/receiving messages @AppleSupport 10.12.6 @AppleSupport No error messages. Messages just say “Not Delivered”. Issue started about 5 hours ago @AppleSupport Yes I’ve restarted both the app and my mac. I am using my home network @AppleSupport yes @AppleSupport @808823 I can't send any message, please help @AppleSupport no just the mac @AppleSupport The error its message not delivery, I have the same problem on both my MacBook Pro high sierra and iPhone 5s iOS 10.3.3 
Thanks @AppleSupport Yeah, same error if I use the cellular service, I've tried to reset my MacBook and iPhone but the problem stills there, I hope it will be resolved by itself","@808823 Happy to help. Can you tell us which macOS version you are using please? @808823 Are you receiving any error messages? How long have you experienced this issue? @808823 Got it, thanks. Have you tried a restart of the app or your Mac? Also, are you connected to a home, business or public network when this occurs? @808823 Thank you. Let’s open Messages and then go to the top left corner. Click on Messages and then click on preferences then accounts. Does it show that your account is still logged in? @808823 Are you having issues with iMessages on any other devices? Let us know in DM. https://t.co/GDrqU22YpT @808824 We're here for you. Which device and software version are you using? What happens when you try to send messages? Do the steps in this article help? https://t.co/2hgNQH8Vvq Let us know in DM here: https://t.co/GDrqU22YpT @808823 Let's continue via DM and we can go over some options. https://t.co/GDrqU22YpT @808824 Got it. We also checked the System Status and an outage has not been reported. That being said, have you been connected to the same Wi-Fi network? When you disable Wi-Fi on your iPhone to use only the cellular service, do you receive the same error? @808824 We can continue looking in to this with you. Send us a DM and we'll continue there. https://t.co/GDrqU22YpT"
1172,CASE_002608,1081530,"@AppleSupport didn’t receive my MacBook order today, it was delivered to wrong add apparently. Not what you expect after spending £1k do ya? https://t.co/wpu7Vym07b @AppleSupport I contacted Apple support by phone to complain someone will be in touch with me in next 48 hours! Not good enough is it? @AppleSupport Any advice @AppleSupport on this? @AppleSupport You mean online chat service which is not available outside USA? Because I can see my order that it is still in transit, didn’t deliver 2day https://t.co/NcNBxh7QHx @AppleSupport UK @AppleSupport Cheers 👀 https://t.co/vCWSVRPkdj",GENERAL_DEVICE_INQUIRY,APP_STORE_PURCHASES_BILLING,0.6814,CASE_001548,2,2.0,"['APP_STORE_PURCHASES_BILLING', 'GENERAL_DEVICE_INQUIRY', 'APP_STORE_PURCHASES_BILLING']","['APP_STORE_PURCHASES_BILLING', 'GENERAL_DEVICE_INQUIRY', 'APP_STORE_PURCHASES_BILLING', 'APP_STORE_PURCHASES_BILLING', 'GENERAL_DEVICE_INQUIRY']","['CASE_006820', 'CASE_001548', 'CASE_004685']","['CASE_006820', 'CASE_001548', 'CASE_004685', 'CASE_003063', 'CASE_005640']","@115858 are happy to take your money, but can't sort out software issues because you are having software issues at @AppleSupport ?! @115858 @AppleSupport Can't even deliver an item on time which I've paid for the extra service!? @AppleSupport It’s Ok. I sorted it out by myself. 

Thank you for your concern.","@725337 If this is an order you've placed through our Online Store, we can provide the contact details for the Online Store team. Please DM us your country. https://t.co/GDrqU22YpT @725337 We appreciate you letting us know. Please reach out if any questions come up in the future."
1174,CASE_000931,428377,"@115858 @AppleSupport when i search contact on imessage, there some trouble. Like stuck on keyboard and going so heavy to choice anycontact @AppleSupport Like this video, this is normal ? Slow when i searching? https://t.co/fx1ecIeuU8 @AppleSupport Thank you for understanding what i mean. iMessage normally on ipad air, this happen on iOS 11.0 on iphone 7+ and little on iphone 5 10.3.3",KEYBOARD_TYPING_AUTOCORRECT,OS_UPDATE_SYSTEM_PERFORMANCE,0.717,CASE_001435,6,6.0,"['OS_UPDATE_SYSTEM_PERFORMANCE', 'CONNECTIVITY_WIFI_BLUETOOTH', 'OS_UPDATE_SYSTEM_PERFORMANCE']","['OS_UPDATE_SYSTEM_PERFORMANCE', 'CONNECTIVITY_WIFI_BLUETOOTH', 'OS_UPDATE_SYSTEM_PERFORMANCE', 'OS_UPDATE_SYSTEM_PERFORMANCE', 'OS_UPDATE_SYSTEM_PERFORMANCE']","['CASE_000396', 'CASE_004375', 'CASE_006395']","['CASE_000396', 'CASE_004375', 'CASE_006395', 'CASE_002235', 'CASE_003987']","Hey @AppleSupport you’re new iOS 11 is HORRIBLE. Even the new update is awful. My iMessages has lots of delays, freezes and is slow. #fail @AppleSupport 11.0.2 @AppleSupport Nope. I did it 3 tines.",@160272 We're happy to assist. Which iOS 11 version are you currently running? Go to Settings &gt; General &gt; About for the version @160272 Does restarting your iPhone help at all?
1175,CASE_002486,1014394,"@AppleSupport after update to ios 11, i don’t get notif for new posts, and receive the notif only after opening WhatsApp, plese fix it ASAP! @AppleSupport @360029 Do you frequently swipe up on WhatsApp to clear it? This prevents WhatsApp from showing notifications on iOS 11. @AppleSupport i rarely use other chat app,but for game notif it run normally.when i google it,not just me have same problem like this after updat to ios11 @360030 @AppleSupport I swipe down and swipe up just for check my notif, not to clear it, it is effect to my whatsapp notification? @360029 @AppleSupport Oh I was referring to swiping up to make the app go away after you tap the Home button twice. @AppleSupport not yet. i try to write a review about whatsapp on app store, but after fill my nickname, i cant send it and my review not show up @360030 @AppleSupport you suggest to let whatsapp on my backgroundapp,dont close it(with swipe up)? if i doing like that,my whatsappnotif will be normal as usual? @360029 @AppleSupport Yes please try that (don’t close it) and see if notifications go back to normal. I think battery usage will go down too. :) @360030 @AppleSupport oke. thanks.",BATTERY_CHARGING_POWER,KEYBOARD_TYPING_AUTOCORRECT,0.7414,CASE_000862,9,9.0,"['KEYBOARD_TYPING_AUTOCORRECT', 'KEYBOARD_TYPING_AUTOCORRECT', 'KEYBOARD_TYPING_AUTOCORRECT']","['KEYBOARD_TYPING_AUTOCORRECT', 'KEYBOARD_TYPING_AUTOCORRECT', 'KEYBOARD_TYPING_AUTOCORRECT', 'OS_UPDATE_SYSTEM_PERFORMANCE', 'GENERAL_DEVICE_INQUIRY']","['CASE_001912', 'CASE_001909', 'CASE_002242']","['CASE_001912', 'CASE_001909', 'CASE_002242', 'CASE_002118', 'CASE_003466']","Since updating my phone I don’t receive WhatsApp notifications until I open the app. @AppleSupport, sort it out. Annoying af. 😒 @AppleSupport Thanks. Yeah, since I first upgraded to iOS11 I receive one or two notifications and when I actually open my WhatsApp I’ve several msgs. @AppleSupport It’s also similar with iMessage but the WhatsApp issue is consistently bad. @AppleSupport 11.0.3 @AppleSupport It’s WhatsApp I’m having issues with but yes, they’re all correct both in iPhone settings and the app itself.",@302194 We'd be happy to assist you with this. Can you provide us which iOS version you're using? @302194 Thanks for providing that information. Can you confirm which version of iOS 11 you're using? https://t.co/ZTw54HL4Rm @302194 Are your notifications set properly as shown here: https://t.co/2txgOv5s2M for SnapChat? @302194 Let's take a closer look. Please DM us and we can go from there. https://t.co/GDrqU22YpT
1176,CASE_006050,2313536,"@AppleSupport 
i have aproplem in both devices ( iphon 7 &amp; 6s plus ) after last update .
The devices stuck black screen and apple logo . 
ISO 11.1.1 @AppleSupport I did those steps before and it’s working fine now .
My concern why it’s happen ?",DISPLAY_TOUCH_SCREEN,OS_UPDATE_SYSTEM_PERFORMANCE,0.5756,CASE_003330,4,4.0,"['OS_UPDATE_SYSTEM_PERFORMANCE', 'OS_UPDATE_SYSTEM_PERFORMANCE', 'OS_UPDATE_SYSTEM_PERFORMANCE']","['OS_UPDATE_SYSTEM_PERFORMANCE', 'OS_UPDATE_SYSTEM_PERFORMANCE', 'OS_UPDATE_SYSTEM_PERFORMANCE', 'DISPLAY_TOUCH_SCREEN', 'OS_UPDATE_SYSTEM_PERFORMANCE']","['CASE_006016', 'CASE_006246', 'CASE_001662']","['CASE_006016', 'CASE_006246', 'CASE_001662', 'CASE_003330', 'CASE_007168']","Any @115858 guru friends out there know what to do with this? Was updating to the new OS, tried to reboot and got these screens... https://t.co/thO4NtloEd @AppleSupport Update: We’re back in action. Thanks Apple Support 🤘🏼 https://t.co/XcxDgfPkRh","@669606 We want to help you. Check out this great article that goes over several different steps you can take to resolve kernel panic issue: https://t.co/rsZPgzeabD @669606 You're very welcome! If you need any help in the future, don't hesitate to reach back out to us."
1180,CASE_002413,989648,"@AppleSupport my touch bar isn't working! https://t.co/Exw41Bcg2p @AppleSupport yes it works in my other programs @AppleSupport ok that settled it for now. Thank you for your assistance 🤳🏾 @AppleSupport hey my touch bar isn't working again. In iTunes this time https://t.co/5GCRIP35Gw @AppleSupport not working in any app. I have sierra 10.12.3 @AppleSupport the text reactions aren't working in iMessage. also when I FacetTme from my MacBook, the person I'm talking to can't see me @AppleSupport when I click on a message, the options do not appear on touch bar. And yes the FaceTime doesn't work for any contact https://t.co/oqFWccxWAI @AppleSupport the SMC took care of both problems thank you for the information! @AppleSupport Hey @AppleSupport the touch bar is not working in google chrome watching TV! Is it normal to have so many bugs with this https://t.co/yq6P4dWskq @AppleSupport Hello again. having camera difficulty when facetiming or using photobooth. The latest software is downloaded. what could this be? https://t.co/ZT2ZqntCP3 @AppleSupport Hello again, this screen froze over the video playing underneath. This happens sometimes, do you know what it’s about https://t.co/HircLHHwik @AppleSupport macOS Sierra Version 10.12.6 Yes I’ve reset it too. I can never predict when it will happen https://t.co/Hqb7iIRSO3 @AppleSupport Google Chrome and Safari. Yes videos, but the screen wavers and flickers sometimes just on the desktop or non-video apps",DISPLAY_TOUCH_SCREEN,GENERAL_DEVICE_INQUIRY,0.6805,CASE_004816,7,7.0,"['GENERAL_DEVICE_INQUIRY', 'OS_UPDATE_SYSTEM_PERFORMANCE', 'CONNECTIVITY_WIFI_BLUETOOTH']","['GENERAL_DEVICE_INQUIRY', 'OS_UPDATE_SYSTEM_PERFORMANCE', 'CONNECTIVITY_WIFI_BLUETOOTH', 'GENERAL_DEVICE_INQUIRY', 'ACCOUNT_APPLEID_ICLOUD']","['CASE_002793', 'CASE_003987', 'CASE_007371']","['CASE_002793', 'CASE_003987', 'CASE_007371', 'CASE_002773', 'CASE_003361']","@AppleSupport FaceTime doesn’t work. Help me, please. @AppleSupport It is missing, I have not found the option of FaceTime since more days ago. @AppleSupport I try doing FaceTime to my contacts and the option does not appear. Before yes @AppleSupport Spain @AppleSupport Look, it is here but does not appear when I try to call someone https://t.co/KXOD2UCCBQ @AppleSupport For instance, I've always been able to use FaceTime with my brother but not now https://t.co/cDiFauVVcx @AppleSupport Already solved! I searched in the Internet (Google) and had it disabled in ""Restrictions"" https://t.co/UxlGtQqyWi @AppleSupport Thank you.","@395255 Let's look into this FaceTime issue. What happens when you attempt to use FaceTime? @395255 Which country are you located in? @395255 When searching for the FaceTime app on your device does it appear? https://t.co/C5o3PCtNd0 @395255 Fantastic!  It was our pleasure, feel free to reach out again in the future if you have any questions."
1182,CASE_006465,2438532,"@AppleSupport How do you play , recent bought songs in a row?? It seams impossible, on iPhone.  In iTunes , Please just tell me straight forward, Please again. Thanks in advance. @AppleSupport Thanks! @AppleSupport …When doing this, it just play on song and then stops?? I want it to continue play all recent songs!!",APP_STORE_PURCHASES_BILLING,OS_UPDATE_SYSTEM_PERFORMANCE,0.6749,CASE_006218,2,2.0,"['OS_UPDATE_SYSTEM_PERFORMANCE', 'APP_STORE_PURCHASES_BILLING', 'APP_STORE_PURCHASES_BILLING']","['OS_UPDATE_SYSTEM_PERFORMANCE', 'APP_STORE_PURCHASES_BILLING', 'APP_STORE_PURCHASES_BILLING', 'APP_STORE_PURCHASES_BILLING', 'APP_STORE_PURCHASES_BILLING']","['CASE_004437', 'CASE_006218', 'CASE_003595']","['CASE_004437', 'CASE_006218', 'CASE_003595', 'CASE_005629', 'CASE_007248']","@AppleSupport @115948 yo how do I take repeat song off on iOS 11.1 smh @AppleSupport The music player in this article does not match the newest update, this article is outdated. Put some respek on my name 😷",@524833 We can help with that for sure. Check out this article for information on controls for the Music app: https://t.co/Q3ojzTGrTU
1184,CASE_004668,1776825,"Also, impatiently waiting for @115858 to fix this annoying glitch shit @533924 @115858 complaining about it isn't gonna fix it, just sayin' @533925 @115858 Well if I️ was smart enough to fix I️t, it’d already be fixed @AppleSupport Thanks I already did that",KEYBOARD_TYPING_AUTOCORRECT,OS_UPDATE_SYSTEM_PERFORMANCE,0.8416,N/A,Missing (>10),,"['OS_UPDATE_SYSTEM_PERFORMANCE', 'GENERAL_DEVICE_INQUIRY', 'OS_UPDATE_SYSTEM_PERFORMANCE']","['OS_UPDATE_SYSTEM_PERFORMANCE', 'GENERAL_DEVICE_INQUIRY', 'OS_UPDATE_SYSTEM_PERFORMANCE', 'OS_UPDATE_SYSTEM_PERFORMANCE', 'OS_UPDATE_SYSTEM_PERFORMANCE']","['CASE_004272', 'CASE_003774', 'CASE_006286']","['CASE_004272', 'CASE_003774', 'CASE_006286', 'CASE_006287', 'CASE_004388']",Can someone explain to me why @115858 still hasn’t fixed this glitch? @AppleSupport Thanks!,@515187 Here’s what you can do to work around the issue until it’s fixed in a future software update: https://t.co/xXaXeeSRt9 @515187 You're quite welcome. Let us know if you have additional questions. Take care.
